ARM GAS  /tmp/ccdzNYOe.s 			page 1


   1              		.cpu cortex-m3
   2              		.arch armv7-m
   3              		.fpu softvfp
   4              		.eabi_attribute 20, 1
   5              		.eabi_attribute 21, 1
   6              		.eabi_attribute 23, 3
   7              		.eabi_attribute 24, 1
   8              		.eabi_attribute 25, 1
   9              		.eabi_attribute 26, 1
  10              		.eabi_attribute 30, 1
  11              		.eabi_attribute 34, 1
  12              		.eabi_attribute 18, 4
  13              		.file	"stm32f1xx_hal_pcd.c"
  14              		.text
  15              	.Ltext0:
  16              		.cfi_sections	.debug_frame
  17              		.file 1 "Drivers/STM32F1xx_HAL_Driver/Src/stm32f1xx_hal_pcd.c"
  18              		.section	.text.HAL_PCD_EP_DB_Receive,"ax",%progbits
  19              		.align	1
  20              		.syntax unified
  21              		.thumb
  22              		.thumb_func
  24              	HAL_PCD_EP_DB_Receive:
  25              	.LVL0:
  26              	.LFB99:
   1:Drivers/STM32F1xx_HAL_Driver/Src/stm32f1xx_hal_pcd.c **** /**
   2:Drivers/STM32F1xx_HAL_Driver/Src/stm32f1xx_hal_pcd.c ****   ******************************************************************************
   3:Drivers/STM32F1xx_HAL_Driver/Src/stm32f1xx_hal_pcd.c ****   * @file    stm32f1xx_hal_pcd.c
   4:Drivers/STM32F1xx_HAL_Driver/Src/stm32f1xx_hal_pcd.c ****   * @author  MCD Application Team
   5:Drivers/STM32F1xx_HAL_Driver/Src/stm32f1xx_hal_pcd.c ****   * @brief   PCD HAL module driver.
   6:Drivers/STM32F1xx_HAL_Driver/Src/stm32f1xx_hal_pcd.c ****   *          This file provides firmware functions to manage the following
   7:Drivers/STM32F1xx_HAL_Driver/Src/stm32f1xx_hal_pcd.c ****   *          functionalities of the USB Peripheral Controller:
   8:Drivers/STM32F1xx_HAL_Driver/Src/stm32f1xx_hal_pcd.c ****   *           + Initialization and de-initialization functions
   9:Drivers/STM32F1xx_HAL_Driver/Src/stm32f1xx_hal_pcd.c ****   *           + IO operation functions
  10:Drivers/STM32F1xx_HAL_Driver/Src/stm32f1xx_hal_pcd.c ****   *           + Peripheral Control functions
  11:Drivers/STM32F1xx_HAL_Driver/Src/stm32f1xx_hal_pcd.c ****   *           + Peripheral State functions
  12:Drivers/STM32F1xx_HAL_Driver/Src/stm32f1xx_hal_pcd.c ****   *
  13:Drivers/STM32F1xx_HAL_Driver/Src/stm32f1xx_hal_pcd.c ****   @verbatim
  14:Drivers/STM32F1xx_HAL_Driver/Src/stm32f1xx_hal_pcd.c ****   ==============================================================================
  15:Drivers/STM32F1xx_HAL_Driver/Src/stm32f1xx_hal_pcd.c ****                     ##### How to use this driver #####
  16:Drivers/STM32F1xx_HAL_Driver/Src/stm32f1xx_hal_pcd.c ****   ==============================================================================
  17:Drivers/STM32F1xx_HAL_Driver/Src/stm32f1xx_hal_pcd.c ****     [..]
  18:Drivers/STM32F1xx_HAL_Driver/Src/stm32f1xx_hal_pcd.c ****       The PCD HAL driver can be used as follows:
  19:Drivers/STM32F1xx_HAL_Driver/Src/stm32f1xx_hal_pcd.c **** 
  20:Drivers/STM32F1xx_HAL_Driver/Src/stm32f1xx_hal_pcd.c ****      (#) Declare a PCD_HandleTypeDef handle structure, for example:
  21:Drivers/STM32F1xx_HAL_Driver/Src/stm32f1xx_hal_pcd.c ****          PCD_HandleTypeDef  hpcd;
  22:Drivers/STM32F1xx_HAL_Driver/Src/stm32f1xx_hal_pcd.c **** 
  23:Drivers/STM32F1xx_HAL_Driver/Src/stm32f1xx_hal_pcd.c ****      (#) Fill parameters of Init structure in HCD handle
  24:Drivers/STM32F1xx_HAL_Driver/Src/stm32f1xx_hal_pcd.c **** 
  25:Drivers/STM32F1xx_HAL_Driver/Src/stm32f1xx_hal_pcd.c ****      (#) Call HAL_PCD_Init() API to initialize the PCD peripheral (Core, Device core, ...)
  26:Drivers/STM32F1xx_HAL_Driver/Src/stm32f1xx_hal_pcd.c **** 
  27:Drivers/STM32F1xx_HAL_Driver/Src/stm32f1xx_hal_pcd.c ****      (#) Initialize the PCD low level resources through the HAL_PCD_MspInit() API:
  28:Drivers/STM32F1xx_HAL_Driver/Src/stm32f1xx_hal_pcd.c ****          (##) Enable the PCD/USB Low Level interface clock using
  29:Drivers/STM32F1xx_HAL_Driver/Src/stm32f1xx_hal_pcd.c ****               (+++) __HAL_RCC_USB_CLK_ENABLE(); For USB Device only FS peripheral
  30:Drivers/STM32F1xx_HAL_Driver/Src/stm32f1xx_hal_pcd.c **** 
  31:Drivers/STM32F1xx_HAL_Driver/Src/stm32f1xx_hal_pcd.c ****          (##) Initialize the related GPIO clocks
  32:Drivers/STM32F1xx_HAL_Driver/Src/stm32f1xx_hal_pcd.c ****          (##) Configure PCD pin-out
ARM GAS  /tmp/ccdzNYOe.s 			page 2


  33:Drivers/STM32F1xx_HAL_Driver/Src/stm32f1xx_hal_pcd.c ****          (##) Configure PCD NVIC interrupt
  34:Drivers/STM32F1xx_HAL_Driver/Src/stm32f1xx_hal_pcd.c **** 
  35:Drivers/STM32F1xx_HAL_Driver/Src/stm32f1xx_hal_pcd.c ****      (#)Associate the Upper USB device stack to the HAL PCD Driver:
  36:Drivers/STM32F1xx_HAL_Driver/Src/stm32f1xx_hal_pcd.c ****          (##) hpcd.pData = pdev;
  37:Drivers/STM32F1xx_HAL_Driver/Src/stm32f1xx_hal_pcd.c **** 
  38:Drivers/STM32F1xx_HAL_Driver/Src/stm32f1xx_hal_pcd.c ****      (#)Enable PCD transmission and reception:
  39:Drivers/STM32F1xx_HAL_Driver/Src/stm32f1xx_hal_pcd.c ****          (##) HAL_PCD_Start();
  40:Drivers/STM32F1xx_HAL_Driver/Src/stm32f1xx_hal_pcd.c **** 
  41:Drivers/STM32F1xx_HAL_Driver/Src/stm32f1xx_hal_pcd.c ****   @endverbatim
  42:Drivers/STM32F1xx_HAL_Driver/Src/stm32f1xx_hal_pcd.c ****   ******************************************************************************
  43:Drivers/STM32F1xx_HAL_Driver/Src/stm32f1xx_hal_pcd.c ****   * @attention
  44:Drivers/STM32F1xx_HAL_Driver/Src/stm32f1xx_hal_pcd.c ****   *
  45:Drivers/STM32F1xx_HAL_Driver/Src/stm32f1xx_hal_pcd.c ****   * <h2><center>&copy; Copyright (c) 2016 STMicroelectronics.
  46:Drivers/STM32F1xx_HAL_Driver/Src/stm32f1xx_hal_pcd.c ****   * All rights reserved.</center></h2>
  47:Drivers/STM32F1xx_HAL_Driver/Src/stm32f1xx_hal_pcd.c ****   *
  48:Drivers/STM32F1xx_HAL_Driver/Src/stm32f1xx_hal_pcd.c ****   * This software component is licensed by ST under BSD 3-Clause license,
  49:Drivers/STM32F1xx_HAL_Driver/Src/stm32f1xx_hal_pcd.c ****   * the "License"; You may not use this file except in compliance with the
  50:Drivers/STM32F1xx_HAL_Driver/Src/stm32f1xx_hal_pcd.c ****   * License. You may obtain a copy of the License at:
  51:Drivers/STM32F1xx_HAL_Driver/Src/stm32f1xx_hal_pcd.c ****   *                        opensource.org/licenses/BSD-3-Clause
  52:Drivers/STM32F1xx_HAL_Driver/Src/stm32f1xx_hal_pcd.c ****   *
  53:Drivers/STM32F1xx_HAL_Driver/Src/stm32f1xx_hal_pcd.c ****   ******************************************************************************
  54:Drivers/STM32F1xx_HAL_Driver/Src/stm32f1xx_hal_pcd.c ****   */
  55:Drivers/STM32F1xx_HAL_Driver/Src/stm32f1xx_hal_pcd.c **** 
  56:Drivers/STM32F1xx_HAL_Driver/Src/stm32f1xx_hal_pcd.c **** /* Includes ------------------------------------------------------------------*/
  57:Drivers/STM32F1xx_HAL_Driver/Src/stm32f1xx_hal_pcd.c **** #include "stm32f1xx_hal.h"
  58:Drivers/STM32F1xx_HAL_Driver/Src/stm32f1xx_hal_pcd.c **** 
  59:Drivers/STM32F1xx_HAL_Driver/Src/stm32f1xx_hal_pcd.c **** /** @addtogroup STM32F1xx_HAL_Driver
  60:Drivers/STM32F1xx_HAL_Driver/Src/stm32f1xx_hal_pcd.c ****   * @{
  61:Drivers/STM32F1xx_HAL_Driver/Src/stm32f1xx_hal_pcd.c ****   */
  62:Drivers/STM32F1xx_HAL_Driver/Src/stm32f1xx_hal_pcd.c **** 
  63:Drivers/STM32F1xx_HAL_Driver/Src/stm32f1xx_hal_pcd.c **** /** @defgroup PCD PCD
  64:Drivers/STM32F1xx_HAL_Driver/Src/stm32f1xx_hal_pcd.c ****   * @brief PCD HAL module driver
  65:Drivers/STM32F1xx_HAL_Driver/Src/stm32f1xx_hal_pcd.c ****   * @{
  66:Drivers/STM32F1xx_HAL_Driver/Src/stm32f1xx_hal_pcd.c ****   */
  67:Drivers/STM32F1xx_HAL_Driver/Src/stm32f1xx_hal_pcd.c **** 
  68:Drivers/STM32F1xx_HAL_Driver/Src/stm32f1xx_hal_pcd.c **** #ifdef HAL_PCD_MODULE_ENABLED
  69:Drivers/STM32F1xx_HAL_Driver/Src/stm32f1xx_hal_pcd.c **** 
  70:Drivers/STM32F1xx_HAL_Driver/Src/stm32f1xx_hal_pcd.c **** #if defined (USB) || defined (USB_OTG_FS)
  71:Drivers/STM32F1xx_HAL_Driver/Src/stm32f1xx_hal_pcd.c **** 
  72:Drivers/STM32F1xx_HAL_Driver/Src/stm32f1xx_hal_pcd.c **** /* Private types -------------------------------------------------------------*/
  73:Drivers/STM32F1xx_HAL_Driver/Src/stm32f1xx_hal_pcd.c **** /* Private variables ---------------------------------------------------------*/
  74:Drivers/STM32F1xx_HAL_Driver/Src/stm32f1xx_hal_pcd.c **** /* Private constants ---------------------------------------------------------*/
  75:Drivers/STM32F1xx_HAL_Driver/Src/stm32f1xx_hal_pcd.c **** /* Private macros ------------------------------------------------------------*/
  76:Drivers/STM32F1xx_HAL_Driver/Src/stm32f1xx_hal_pcd.c **** /** @defgroup PCD_Private_Macros PCD Private Macros
  77:Drivers/STM32F1xx_HAL_Driver/Src/stm32f1xx_hal_pcd.c ****   * @{
  78:Drivers/STM32F1xx_HAL_Driver/Src/stm32f1xx_hal_pcd.c ****   */
  79:Drivers/STM32F1xx_HAL_Driver/Src/stm32f1xx_hal_pcd.c **** #define PCD_MIN(a, b)  (((a) < (b)) ? (a) : (b))
  80:Drivers/STM32F1xx_HAL_Driver/Src/stm32f1xx_hal_pcd.c **** #define PCD_MAX(a, b)  (((a) > (b)) ? (a) : (b))
  81:Drivers/STM32F1xx_HAL_Driver/Src/stm32f1xx_hal_pcd.c **** /**
  82:Drivers/STM32F1xx_HAL_Driver/Src/stm32f1xx_hal_pcd.c ****   * @}
  83:Drivers/STM32F1xx_HAL_Driver/Src/stm32f1xx_hal_pcd.c ****   */
  84:Drivers/STM32F1xx_HAL_Driver/Src/stm32f1xx_hal_pcd.c **** 
  85:Drivers/STM32F1xx_HAL_Driver/Src/stm32f1xx_hal_pcd.c **** /* Private functions prototypes ----------------------------------------------*/
  86:Drivers/STM32F1xx_HAL_Driver/Src/stm32f1xx_hal_pcd.c **** /** @defgroup PCD_Private_Functions PCD Private Functions
  87:Drivers/STM32F1xx_HAL_Driver/Src/stm32f1xx_hal_pcd.c ****   * @{
  88:Drivers/STM32F1xx_HAL_Driver/Src/stm32f1xx_hal_pcd.c ****   */
  89:Drivers/STM32F1xx_HAL_Driver/Src/stm32f1xx_hal_pcd.c **** #if defined (USB_OTG_FS)
ARM GAS  /tmp/ccdzNYOe.s 			page 3


  90:Drivers/STM32F1xx_HAL_Driver/Src/stm32f1xx_hal_pcd.c **** static HAL_StatusTypeDef PCD_WriteEmptyTxFifo(PCD_HandleTypeDef *hpcd, uint32_t epnum);
  91:Drivers/STM32F1xx_HAL_Driver/Src/stm32f1xx_hal_pcd.c **** static HAL_StatusTypeDef PCD_EP_OutXfrComplete_int(PCD_HandleTypeDef *hpcd, uint32_t epnum);
  92:Drivers/STM32F1xx_HAL_Driver/Src/stm32f1xx_hal_pcd.c **** static HAL_StatusTypeDef PCD_EP_OutSetupPacket_int(PCD_HandleTypeDef *hpcd, uint32_t epnum);
  93:Drivers/STM32F1xx_HAL_Driver/Src/stm32f1xx_hal_pcd.c **** #endif /* defined (USB_OTG_FS) */
  94:Drivers/STM32F1xx_HAL_Driver/Src/stm32f1xx_hal_pcd.c **** 
  95:Drivers/STM32F1xx_HAL_Driver/Src/stm32f1xx_hal_pcd.c **** #if defined (USB)
  96:Drivers/STM32F1xx_HAL_Driver/Src/stm32f1xx_hal_pcd.c **** static HAL_StatusTypeDef PCD_EP_ISR_Handler(PCD_HandleTypeDef *hpcd);
  97:Drivers/STM32F1xx_HAL_Driver/Src/stm32f1xx_hal_pcd.c **** static HAL_StatusTypeDef HAL_PCD_EP_DB_Transmit(PCD_HandleTypeDef *hpcd, PCD_EPTypeDef *ep, uint16_
  98:Drivers/STM32F1xx_HAL_Driver/Src/stm32f1xx_hal_pcd.c **** static uint16_t HAL_PCD_EP_DB_Receive(PCD_HandleTypeDef *hpcd, PCD_EPTypeDef *ep, uint16_t wEPVal);
  99:Drivers/STM32F1xx_HAL_Driver/Src/stm32f1xx_hal_pcd.c **** #endif /* defined (USB) */
 100:Drivers/STM32F1xx_HAL_Driver/Src/stm32f1xx_hal_pcd.c **** /**
 101:Drivers/STM32F1xx_HAL_Driver/Src/stm32f1xx_hal_pcd.c ****   * @}
 102:Drivers/STM32F1xx_HAL_Driver/Src/stm32f1xx_hal_pcd.c ****   */
 103:Drivers/STM32F1xx_HAL_Driver/Src/stm32f1xx_hal_pcd.c **** 
 104:Drivers/STM32F1xx_HAL_Driver/Src/stm32f1xx_hal_pcd.c **** /* Exported functions --------------------------------------------------------*/
 105:Drivers/STM32F1xx_HAL_Driver/Src/stm32f1xx_hal_pcd.c **** /** @defgroup PCD_Exported_Functions PCD Exported Functions
 106:Drivers/STM32F1xx_HAL_Driver/Src/stm32f1xx_hal_pcd.c ****   * @{
 107:Drivers/STM32F1xx_HAL_Driver/Src/stm32f1xx_hal_pcd.c ****   */
 108:Drivers/STM32F1xx_HAL_Driver/Src/stm32f1xx_hal_pcd.c **** 
 109:Drivers/STM32F1xx_HAL_Driver/Src/stm32f1xx_hal_pcd.c **** /** @defgroup PCD_Exported_Functions_Group1 Initialization and de-initialization functions
 110:Drivers/STM32F1xx_HAL_Driver/Src/stm32f1xx_hal_pcd.c ****   *  @brief    Initialization and Configuration functions
 111:Drivers/STM32F1xx_HAL_Driver/Src/stm32f1xx_hal_pcd.c ****   *
 112:Drivers/STM32F1xx_HAL_Driver/Src/stm32f1xx_hal_pcd.c **** @verbatim
 113:Drivers/STM32F1xx_HAL_Driver/Src/stm32f1xx_hal_pcd.c ****  ===============================================================================
 114:Drivers/STM32F1xx_HAL_Driver/Src/stm32f1xx_hal_pcd.c ****             ##### Initialization and de-initialization functions #####
 115:Drivers/STM32F1xx_HAL_Driver/Src/stm32f1xx_hal_pcd.c ****  ===============================================================================
 116:Drivers/STM32F1xx_HAL_Driver/Src/stm32f1xx_hal_pcd.c ****     [..]  This section provides functions allowing to:
 117:Drivers/STM32F1xx_HAL_Driver/Src/stm32f1xx_hal_pcd.c **** 
 118:Drivers/STM32F1xx_HAL_Driver/Src/stm32f1xx_hal_pcd.c **** @endverbatim
 119:Drivers/STM32F1xx_HAL_Driver/Src/stm32f1xx_hal_pcd.c ****   * @{
 120:Drivers/STM32F1xx_HAL_Driver/Src/stm32f1xx_hal_pcd.c ****   */
 121:Drivers/STM32F1xx_HAL_Driver/Src/stm32f1xx_hal_pcd.c **** 
 122:Drivers/STM32F1xx_HAL_Driver/Src/stm32f1xx_hal_pcd.c **** /**
 123:Drivers/STM32F1xx_HAL_Driver/Src/stm32f1xx_hal_pcd.c ****   * @brief  Initializes the PCD according to the specified
 124:Drivers/STM32F1xx_HAL_Driver/Src/stm32f1xx_hal_pcd.c ****   *         parameters in the PCD_InitTypeDef and initialize the associated handle.
 125:Drivers/STM32F1xx_HAL_Driver/Src/stm32f1xx_hal_pcd.c ****   * @param  hpcd PCD handle
 126:Drivers/STM32F1xx_HAL_Driver/Src/stm32f1xx_hal_pcd.c ****   * @retval HAL status
 127:Drivers/STM32F1xx_HAL_Driver/Src/stm32f1xx_hal_pcd.c ****   */
 128:Drivers/STM32F1xx_HAL_Driver/Src/stm32f1xx_hal_pcd.c **** HAL_StatusTypeDef HAL_PCD_Init(PCD_HandleTypeDef *hpcd)
 129:Drivers/STM32F1xx_HAL_Driver/Src/stm32f1xx_hal_pcd.c **** {
 130:Drivers/STM32F1xx_HAL_Driver/Src/stm32f1xx_hal_pcd.c **** #if defined (USB_OTG_FS)
 131:Drivers/STM32F1xx_HAL_Driver/Src/stm32f1xx_hal_pcd.c ****   USB_OTG_GlobalTypeDef *USBx;
 132:Drivers/STM32F1xx_HAL_Driver/Src/stm32f1xx_hal_pcd.c **** #endif /* defined (USB_OTG_FS) */
 133:Drivers/STM32F1xx_HAL_Driver/Src/stm32f1xx_hal_pcd.c ****   uint8_t i;
 134:Drivers/STM32F1xx_HAL_Driver/Src/stm32f1xx_hal_pcd.c **** 
 135:Drivers/STM32F1xx_HAL_Driver/Src/stm32f1xx_hal_pcd.c ****   /* Check the PCD handle allocation */
 136:Drivers/STM32F1xx_HAL_Driver/Src/stm32f1xx_hal_pcd.c ****   if (hpcd == NULL)
 137:Drivers/STM32F1xx_HAL_Driver/Src/stm32f1xx_hal_pcd.c ****   {
 138:Drivers/STM32F1xx_HAL_Driver/Src/stm32f1xx_hal_pcd.c ****     return HAL_ERROR;
 139:Drivers/STM32F1xx_HAL_Driver/Src/stm32f1xx_hal_pcd.c ****   }
 140:Drivers/STM32F1xx_HAL_Driver/Src/stm32f1xx_hal_pcd.c **** 
 141:Drivers/STM32F1xx_HAL_Driver/Src/stm32f1xx_hal_pcd.c ****   /* Check the parameters */
 142:Drivers/STM32F1xx_HAL_Driver/Src/stm32f1xx_hal_pcd.c ****   assert_param(IS_PCD_ALL_INSTANCE(hpcd->Instance));
 143:Drivers/STM32F1xx_HAL_Driver/Src/stm32f1xx_hal_pcd.c **** 
 144:Drivers/STM32F1xx_HAL_Driver/Src/stm32f1xx_hal_pcd.c **** #if defined (USB_OTG_FS)
 145:Drivers/STM32F1xx_HAL_Driver/Src/stm32f1xx_hal_pcd.c ****   USBx = hpcd->Instance;
 146:Drivers/STM32F1xx_HAL_Driver/Src/stm32f1xx_hal_pcd.c **** #endif /* defined (USB_OTG_FS) */
ARM GAS  /tmp/ccdzNYOe.s 			page 4


 147:Drivers/STM32F1xx_HAL_Driver/Src/stm32f1xx_hal_pcd.c **** 
 148:Drivers/STM32F1xx_HAL_Driver/Src/stm32f1xx_hal_pcd.c ****   if (hpcd->State == HAL_PCD_STATE_RESET)
 149:Drivers/STM32F1xx_HAL_Driver/Src/stm32f1xx_hal_pcd.c ****   {
 150:Drivers/STM32F1xx_HAL_Driver/Src/stm32f1xx_hal_pcd.c ****     /* Allocate lock resource and initialize it */
 151:Drivers/STM32F1xx_HAL_Driver/Src/stm32f1xx_hal_pcd.c ****     hpcd->Lock = HAL_UNLOCKED;
 152:Drivers/STM32F1xx_HAL_Driver/Src/stm32f1xx_hal_pcd.c **** 
 153:Drivers/STM32F1xx_HAL_Driver/Src/stm32f1xx_hal_pcd.c **** #if (USE_HAL_PCD_REGISTER_CALLBACKS == 1U)
 154:Drivers/STM32F1xx_HAL_Driver/Src/stm32f1xx_hal_pcd.c ****     hpcd->SOFCallback = HAL_PCD_SOFCallback;
 155:Drivers/STM32F1xx_HAL_Driver/Src/stm32f1xx_hal_pcd.c ****     hpcd->SetupStageCallback = HAL_PCD_SetupStageCallback;
 156:Drivers/STM32F1xx_HAL_Driver/Src/stm32f1xx_hal_pcd.c ****     hpcd->ResetCallback = HAL_PCD_ResetCallback;
 157:Drivers/STM32F1xx_HAL_Driver/Src/stm32f1xx_hal_pcd.c ****     hpcd->SuspendCallback = HAL_PCD_SuspendCallback;
 158:Drivers/STM32F1xx_HAL_Driver/Src/stm32f1xx_hal_pcd.c ****     hpcd->ResumeCallback = HAL_PCD_ResumeCallback;
 159:Drivers/STM32F1xx_HAL_Driver/Src/stm32f1xx_hal_pcd.c ****     hpcd->ConnectCallback = HAL_PCD_ConnectCallback;
 160:Drivers/STM32F1xx_HAL_Driver/Src/stm32f1xx_hal_pcd.c ****     hpcd->DisconnectCallback = HAL_PCD_DisconnectCallback;
 161:Drivers/STM32F1xx_HAL_Driver/Src/stm32f1xx_hal_pcd.c ****     hpcd->DataOutStageCallback = HAL_PCD_DataOutStageCallback;
 162:Drivers/STM32F1xx_HAL_Driver/Src/stm32f1xx_hal_pcd.c ****     hpcd->DataInStageCallback = HAL_PCD_DataInStageCallback;
 163:Drivers/STM32F1xx_HAL_Driver/Src/stm32f1xx_hal_pcd.c ****     hpcd->ISOOUTIncompleteCallback = HAL_PCD_ISOOUTIncompleteCallback;
 164:Drivers/STM32F1xx_HAL_Driver/Src/stm32f1xx_hal_pcd.c ****     hpcd->ISOINIncompleteCallback = HAL_PCD_ISOINIncompleteCallback;
 165:Drivers/STM32F1xx_HAL_Driver/Src/stm32f1xx_hal_pcd.c **** 
 166:Drivers/STM32F1xx_HAL_Driver/Src/stm32f1xx_hal_pcd.c ****     if (hpcd->MspInitCallback == NULL)
 167:Drivers/STM32F1xx_HAL_Driver/Src/stm32f1xx_hal_pcd.c ****     {
 168:Drivers/STM32F1xx_HAL_Driver/Src/stm32f1xx_hal_pcd.c ****       hpcd->MspInitCallback = HAL_PCD_MspInit;
 169:Drivers/STM32F1xx_HAL_Driver/Src/stm32f1xx_hal_pcd.c ****     }
 170:Drivers/STM32F1xx_HAL_Driver/Src/stm32f1xx_hal_pcd.c **** 
 171:Drivers/STM32F1xx_HAL_Driver/Src/stm32f1xx_hal_pcd.c ****     /* Init the low level hardware */
 172:Drivers/STM32F1xx_HAL_Driver/Src/stm32f1xx_hal_pcd.c ****     hpcd->MspInitCallback(hpcd);
 173:Drivers/STM32F1xx_HAL_Driver/Src/stm32f1xx_hal_pcd.c **** #else
 174:Drivers/STM32F1xx_HAL_Driver/Src/stm32f1xx_hal_pcd.c ****     /* Init the low level hardware : GPIO, CLOCK, NVIC... */
 175:Drivers/STM32F1xx_HAL_Driver/Src/stm32f1xx_hal_pcd.c ****     HAL_PCD_MspInit(hpcd);
 176:Drivers/STM32F1xx_HAL_Driver/Src/stm32f1xx_hal_pcd.c **** #endif /* (USE_HAL_PCD_REGISTER_CALLBACKS) */
 177:Drivers/STM32F1xx_HAL_Driver/Src/stm32f1xx_hal_pcd.c ****   }
 178:Drivers/STM32F1xx_HAL_Driver/Src/stm32f1xx_hal_pcd.c **** 
 179:Drivers/STM32F1xx_HAL_Driver/Src/stm32f1xx_hal_pcd.c ****   hpcd->State = HAL_PCD_STATE_BUSY;
 180:Drivers/STM32F1xx_HAL_Driver/Src/stm32f1xx_hal_pcd.c **** 
 181:Drivers/STM32F1xx_HAL_Driver/Src/stm32f1xx_hal_pcd.c **** #if defined (USB_OTG_FS)
 182:Drivers/STM32F1xx_HAL_Driver/Src/stm32f1xx_hal_pcd.c ****   /* Disable DMA mode for FS instance */
 183:Drivers/STM32F1xx_HAL_Driver/Src/stm32f1xx_hal_pcd.c ****   if ((USBx->CID & (0x1U << 8)) == 0U)
 184:Drivers/STM32F1xx_HAL_Driver/Src/stm32f1xx_hal_pcd.c ****   {
 185:Drivers/STM32F1xx_HAL_Driver/Src/stm32f1xx_hal_pcd.c ****     hpcd->Init.dma_enable = 0U;
 186:Drivers/STM32F1xx_HAL_Driver/Src/stm32f1xx_hal_pcd.c ****   }
 187:Drivers/STM32F1xx_HAL_Driver/Src/stm32f1xx_hal_pcd.c **** #endif /* defined (USB_OTG_FS) */
 188:Drivers/STM32F1xx_HAL_Driver/Src/stm32f1xx_hal_pcd.c **** 
 189:Drivers/STM32F1xx_HAL_Driver/Src/stm32f1xx_hal_pcd.c ****   /* Disable the Interrupts */
 190:Drivers/STM32F1xx_HAL_Driver/Src/stm32f1xx_hal_pcd.c ****   __HAL_PCD_DISABLE(hpcd);
 191:Drivers/STM32F1xx_HAL_Driver/Src/stm32f1xx_hal_pcd.c **** 
 192:Drivers/STM32F1xx_HAL_Driver/Src/stm32f1xx_hal_pcd.c ****   /*Init the Core (common init.) */
 193:Drivers/STM32F1xx_HAL_Driver/Src/stm32f1xx_hal_pcd.c ****   if (USB_CoreInit(hpcd->Instance, hpcd->Init) != HAL_OK)
 194:Drivers/STM32F1xx_HAL_Driver/Src/stm32f1xx_hal_pcd.c ****   {
 195:Drivers/STM32F1xx_HAL_Driver/Src/stm32f1xx_hal_pcd.c ****     hpcd->State = HAL_PCD_STATE_ERROR;
 196:Drivers/STM32F1xx_HAL_Driver/Src/stm32f1xx_hal_pcd.c ****     return HAL_ERROR;
 197:Drivers/STM32F1xx_HAL_Driver/Src/stm32f1xx_hal_pcd.c ****   }
 198:Drivers/STM32F1xx_HAL_Driver/Src/stm32f1xx_hal_pcd.c **** 
 199:Drivers/STM32F1xx_HAL_Driver/Src/stm32f1xx_hal_pcd.c ****   /* Force Device Mode*/
 200:Drivers/STM32F1xx_HAL_Driver/Src/stm32f1xx_hal_pcd.c ****   (void)USB_SetCurrentMode(hpcd->Instance, USB_DEVICE_MODE);
 201:Drivers/STM32F1xx_HAL_Driver/Src/stm32f1xx_hal_pcd.c **** 
 202:Drivers/STM32F1xx_HAL_Driver/Src/stm32f1xx_hal_pcd.c ****   /* Init endpoints structures */
 203:Drivers/STM32F1xx_HAL_Driver/Src/stm32f1xx_hal_pcd.c ****   for (i = 0U; i < hpcd->Init.dev_endpoints; i++)
ARM GAS  /tmp/ccdzNYOe.s 			page 5


 204:Drivers/STM32F1xx_HAL_Driver/Src/stm32f1xx_hal_pcd.c ****   {
 205:Drivers/STM32F1xx_HAL_Driver/Src/stm32f1xx_hal_pcd.c ****     /* Init ep structure */
 206:Drivers/STM32F1xx_HAL_Driver/Src/stm32f1xx_hal_pcd.c ****     hpcd->IN_ep[i].is_in = 1U;
 207:Drivers/STM32F1xx_HAL_Driver/Src/stm32f1xx_hal_pcd.c ****     hpcd->IN_ep[i].num = i;
 208:Drivers/STM32F1xx_HAL_Driver/Src/stm32f1xx_hal_pcd.c ****     hpcd->IN_ep[i].tx_fifo_num = i;
 209:Drivers/STM32F1xx_HAL_Driver/Src/stm32f1xx_hal_pcd.c ****     /* Control until ep is activated */
 210:Drivers/STM32F1xx_HAL_Driver/Src/stm32f1xx_hal_pcd.c ****     hpcd->IN_ep[i].type = EP_TYPE_CTRL;
 211:Drivers/STM32F1xx_HAL_Driver/Src/stm32f1xx_hal_pcd.c ****     hpcd->IN_ep[i].maxpacket = 0U;
 212:Drivers/STM32F1xx_HAL_Driver/Src/stm32f1xx_hal_pcd.c ****     hpcd->IN_ep[i].xfer_buff = 0U;
 213:Drivers/STM32F1xx_HAL_Driver/Src/stm32f1xx_hal_pcd.c ****     hpcd->IN_ep[i].xfer_len = 0U;
 214:Drivers/STM32F1xx_HAL_Driver/Src/stm32f1xx_hal_pcd.c ****   }
 215:Drivers/STM32F1xx_HAL_Driver/Src/stm32f1xx_hal_pcd.c **** 
 216:Drivers/STM32F1xx_HAL_Driver/Src/stm32f1xx_hal_pcd.c ****   for (i = 0U; i < hpcd->Init.dev_endpoints; i++)
 217:Drivers/STM32F1xx_HAL_Driver/Src/stm32f1xx_hal_pcd.c ****   {
 218:Drivers/STM32F1xx_HAL_Driver/Src/stm32f1xx_hal_pcd.c ****     hpcd->OUT_ep[i].is_in = 0U;
 219:Drivers/STM32F1xx_HAL_Driver/Src/stm32f1xx_hal_pcd.c ****     hpcd->OUT_ep[i].num = i;
 220:Drivers/STM32F1xx_HAL_Driver/Src/stm32f1xx_hal_pcd.c ****     /* Control until ep is activated */
 221:Drivers/STM32F1xx_HAL_Driver/Src/stm32f1xx_hal_pcd.c ****     hpcd->OUT_ep[i].type = EP_TYPE_CTRL;
 222:Drivers/STM32F1xx_HAL_Driver/Src/stm32f1xx_hal_pcd.c ****     hpcd->OUT_ep[i].maxpacket = 0U;
 223:Drivers/STM32F1xx_HAL_Driver/Src/stm32f1xx_hal_pcd.c ****     hpcd->OUT_ep[i].xfer_buff = 0U;
 224:Drivers/STM32F1xx_HAL_Driver/Src/stm32f1xx_hal_pcd.c ****     hpcd->OUT_ep[i].xfer_len = 0U;
 225:Drivers/STM32F1xx_HAL_Driver/Src/stm32f1xx_hal_pcd.c ****   }
 226:Drivers/STM32F1xx_HAL_Driver/Src/stm32f1xx_hal_pcd.c **** 
 227:Drivers/STM32F1xx_HAL_Driver/Src/stm32f1xx_hal_pcd.c ****   /* Init Device */
 228:Drivers/STM32F1xx_HAL_Driver/Src/stm32f1xx_hal_pcd.c ****   if (USB_DevInit(hpcd->Instance, hpcd->Init) != HAL_OK)
 229:Drivers/STM32F1xx_HAL_Driver/Src/stm32f1xx_hal_pcd.c ****   {
 230:Drivers/STM32F1xx_HAL_Driver/Src/stm32f1xx_hal_pcd.c ****     hpcd->State = HAL_PCD_STATE_ERROR;
 231:Drivers/STM32F1xx_HAL_Driver/Src/stm32f1xx_hal_pcd.c ****     return HAL_ERROR;
 232:Drivers/STM32F1xx_HAL_Driver/Src/stm32f1xx_hal_pcd.c ****   }
 233:Drivers/STM32F1xx_HAL_Driver/Src/stm32f1xx_hal_pcd.c **** 
 234:Drivers/STM32F1xx_HAL_Driver/Src/stm32f1xx_hal_pcd.c ****   hpcd->USB_Address = 0U;
 235:Drivers/STM32F1xx_HAL_Driver/Src/stm32f1xx_hal_pcd.c ****   hpcd->State = HAL_PCD_STATE_READY;
 236:Drivers/STM32F1xx_HAL_Driver/Src/stm32f1xx_hal_pcd.c ****   (void)USB_DevDisconnect(hpcd->Instance);
 237:Drivers/STM32F1xx_HAL_Driver/Src/stm32f1xx_hal_pcd.c **** 
 238:Drivers/STM32F1xx_HAL_Driver/Src/stm32f1xx_hal_pcd.c ****   return HAL_OK;
 239:Drivers/STM32F1xx_HAL_Driver/Src/stm32f1xx_hal_pcd.c **** }
 240:Drivers/STM32F1xx_HAL_Driver/Src/stm32f1xx_hal_pcd.c **** 
 241:Drivers/STM32F1xx_HAL_Driver/Src/stm32f1xx_hal_pcd.c **** /**
 242:Drivers/STM32F1xx_HAL_Driver/Src/stm32f1xx_hal_pcd.c ****   * @brief  DeInitializes the PCD peripheral.
 243:Drivers/STM32F1xx_HAL_Driver/Src/stm32f1xx_hal_pcd.c ****   * @param  hpcd PCD handle
 244:Drivers/STM32F1xx_HAL_Driver/Src/stm32f1xx_hal_pcd.c ****   * @retval HAL status
 245:Drivers/STM32F1xx_HAL_Driver/Src/stm32f1xx_hal_pcd.c ****   */
 246:Drivers/STM32F1xx_HAL_Driver/Src/stm32f1xx_hal_pcd.c **** HAL_StatusTypeDef HAL_PCD_DeInit(PCD_HandleTypeDef *hpcd)
 247:Drivers/STM32F1xx_HAL_Driver/Src/stm32f1xx_hal_pcd.c **** {
 248:Drivers/STM32F1xx_HAL_Driver/Src/stm32f1xx_hal_pcd.c ****   /* Check the PCD handle allocation */
 249:Drivers/STM32F1xx_HAL_Driver/Src/stm32f1xx_hal_pcd.c ****   if (hpcd == NULL)
 250:Drivers/STM32F1xx_HAL_Driver/Src/stm32f1xx_hal_pcd.c ****   {
 251:Drivers/STM32F1xx_HAL_Driver/Src/stm32f1xx_hal_pcd.c ****     return HAL_ERROR;
 252:Drivers/STM32F1xx_HAL_Driver/Src/stm32f1xx_hal_pcd.c ****   }
 253:Drivers/STM32F1xx_HAL_Driver/Src/stm32f1xx_hal_pcd.c **** 
 254:Drivers/STM32F1xx_HAL_Driver/Src/stm32f1xx_hal_pcd.c ****   hpcd->State = HAL_PCD_STATE_BUSY;
 255:Drivers/STM32F1xx_HAL_Driver/Src/stm32f1xx_hal_pcd.c **** 
 256:Drivers/STM32F1xx_HAL_Driver/Src/stm32f1xx_hal_pcd.c ****   /* Stop Device */
 257:Drivers/STM32F1xx_HAL_Driver/Src/stm32f1xx_hal_pcd.c ****   if (USB_StopDevice(hpcd->Instance) != HAL_OK)
 258:Drivers/STM32F1xx_HAL_Driver/Src/stm32f1xx_hal_pcd.c ****   {
 259:Drivers/STM32F1xx_HAL_Driver/Src/stm32f1xx_hal_pcd.c ****     return HAL_ERROR;
 260:Drivers/STM32F1xx_HAL_Driver/Src/stm32f1xx_hal_pcd.c ****   }
ARM GAS  /tmp/ccdzNYOe.s 			page 6


 261:Drivers/STM32F1xx_HAL_Driver/Src/stm32f1xx_hal_pcd.c **** 
 262:Drivers/STM32F1xx_HAL_Driver/Src/stm32f1xx_hal_pcd.c **** #if (USE_HAL_PCD_REGISTER_CALLBACKS == 1U)
 263:Drivers/STM32F1xx_HAL_Driver/Src/stm32f1xx_hal_pcd.c ****   if (hpcd->MspDeInitCallback == NULL)
 264:Drivers/STM32F1xx_HAL_Driver/Src/stm32f1xx_hal_pcd.c ****   {
 265:Drivers/STM32F1xx_HAL_Driver/Src/stm32f1xx_hal_pcd.c ****     hpcd->MspDeInitCallback = HAL_PCD_MspDeInit; /* Legacy weak MspDeInit  */
 266:Drivers/STM32F1xx_HAL_Driver/Src/stm32f1xx_hal_pcd.c ****   }
 267:Drivers/STM32F1xx_HAL_Driver/Src/stm32f1xx_hal_pcd.c **** 
 268:Drivers/STM32F1xx_HAL_Driver/Src/stm32f1xx_hal_pcd.c ****   /* DeInit the low level hardware */
 269:Drivers/STM32F1xx_HAL_Driver/Src/stm32f1xx_hal_pcd.c ****   hpcd->MspDeInitCallback(hpcd);
 270:Drivers/STM32F1xx_HAL_Driver/Src/stm32f1xx_hal_pcd.c **** #else
 271:Drivers/STM32F1xx_HAL_Driver/Src/stm32f1xx_hal_pcd.c ****   /* DeInit the low level hardware: CLOCK, NVIC.*/
 272:Drivers/STM32F1xx_HAL_Driver/Src/stm32f1xx_hal_pcd.c ****   HAL_PCD_MspDeInit(hpcd);
 273:Drivers/STM32F1xx_HAL_Driver/Src/stm32f1xx_hal_pcd.c **** #endif /* USE_HAL_PCD_REGISTER_CALLBACKS */
 274:Drivers/STM32F1xx_HAL_Driver/Src/stm32f1xx_hal_pcd.c **** 
 275:Drivers/STM32F1xx_HAL_Driver/Src/stm32f1xx_hal_pcd.c ****   hpcd->State = HAL_PCD_STATE_RESET;
 276:Drivers/STM32F1xx_HAL_Driver/Src/stm32f1xx_hal_pcd.c **** 
 277:Drivers/STM32F1xx_HAL_Driver/Src/stm32f1xx_hal_pcd.c ****   return HAL_OK;
 278:Drivers/STM32F1xx_HAL_Driver/Src/stm32f1xx_hal_pcd.c **** }
 279:Drivers/STM32F1xx_HAL_Driver/Src/stm32f1xx_hal_pcd.c **** 
 280:Drivers/STM32F1xx_HAL_Driver/Src/stm32f1xx_hal_pcd.c **** /**
 281:Drivers/STM32F1xx_HAL_Driver/Src/stm32f1xx_hal_pcd.c ****   * @brief  Initializes the PCD MSP.
 282:Drivers/STM32F1xx_HAL_Driver/Src/stm32f1xx_hal_pcd.c ****   * @param  hpcd PCD handle
 283:Drivers/STM32F1xx_HAL_Driver/Src/stm32f1xx_hal_pcd.c ****   * @retval None
 284:Drivers/STM32F1xx_HAL_Driver/Src/stm32f1xx_hal_pcd.c ****   */
 285:Drivers/STM32F1xx_HAL_Driver/Src/stm32f1xx_hal_pcd.c **** __weak void HAL_PCD_MspInit(PCD_HandleTypeDef *hpcd)
 286:Drivers/STM32F1xx_HAL_Driver/Src/stm32f1xx_hal_pcd.c **** {
 287:Drivers/STM32F1xx_HAL_Driver/Src/stm32f1xx_hal_pcd.c ****   /* Prevent unused argument(s) compilation warning */
 288:Drivers/STM32F1xx_HAL_Driver/Src/stm32f1xx_hal_pcd.c ****   UNUSED(hpcd);
 289:Drivers/STM32F1xx_HAL_Driver/Src/stm32f1xx_hal_pcd.c **** 
 290:Drivers/STM32F1xx_HAL_Driver/Src/stm32f1xx_hal_pcd.c ****   /* NOTE : This function should not be modified, when the callback is needed,
 291:Drivers/STM32F1xx_HAL_Driver/Src/stm32f1xx_hal_pcd.c ****             the HAL_PCD_MspInit could be implemented in the user file
 292:Drivers/STM32F1xx_HAL_Driver/Src/stm32f1xx_hal_pcd.c ****    */
 293:Drivers/STM32F1xx_HAL_Driver/Src/stm32f1xx_hal_pcd.c **** }
 294:Drivers/STM32F1xx_HAL_Driver/Src/stm32f1xx_hal_pcd.c **** 
 295:Drivers/STM32F1xx_HAL_Driver/Src/stm32f1xx_hal_pcd.c **** /**
 296:Drivers/STM32F1xx_HAL_Driver/Src/stm32f1xx_hal_pcd.c ****   * @brief  DeInitializes PCD MSP.
 297:Drivers/STM32F1xx_HAL_Driver/Src/stm32f1xx_hal_pcd.c ****   * @param  hpcd PCD handle
 298:Drivers/STM32F1xx_HAL_Driver/Src/stm32f1xx_hal_pcd.c ****   * @retval None
 299:Drivers/STM32F1xx_HAL_Driver/Src/stm32f1xx_hal_pcd.c ****   */
 300:Drivers/STM32F1xx_HAL_Driver/Src/stm32f1xx_hal_pcd.c **** __weak void HAL_PCD_MspDeInit(PCD_HandleTypeDef *hpcd)
 301:Drivers/STM32F1xx_HAL_Driver/Src/stm32f1xx_hal_pcd.c **** {
 302:Drivers/STM32F1xx_HAL_Driver/Src/stm32f1xx_hal_pcd.c ****   /* Prevent unused argument(s) compilation warning */
 303:Drivers/STM32F1xx_HAL_Driver/Src/stm32f1xx_hal_pcd.c ****   UNUSED(hpcd);
 304:Drivers/STM32F1xx_HAL_Driver/Src/stm32f1xx_hal_pcd.c **** 
 305:Drivers/STM32F1xx_HAL_Driver/Src/stm32f1xx_hal_pcd.c ****   /* NOTE : This function should not be modified, when the callback is needed,
 306:Drivers/STM32F1xx_HAL_Driver/Src/stm32f1xx_hal_pcd.c ****             the HAL_PCD_MspDeInit could be implemented in the user file
 307:Drivers/STM32F1xx_HAL_Driver/Src/stm32f1xx_hal_pcd.c ****    */
 308:Drivers/STM32F1xx_HAL_Driver/Src/stm32f1xx_hal_pcd.c **** }
 309:Drivers/STM32F1xx_HAL_Driver/Src/stm32f1xx_hal_pcd.c **** 
 310:Drivers/STM32F1xx_HAL_Driver/Src/stm32f1xx_hal_pcd.c **** #if (USE_HAL_PCD_REGISTER_CALLBACKS == 1U)
 311:Drivers/STM32F1xx_HAL_Driver/Src/stm32f1xx_hal_pcd.c **** /**
 312:Drivers/STM32F1xx_HAL_Driver/Src/stm32f1xx_hal_pcd.c ****   * @brief  Register a User USB PCD Callback
 313:Drivers/STM32F1xx_HAL_Driver/Src/stm32f1xx_hal_pcd.c ****   *         To be used instead of the weak predefined callback
 314:Drivers/STM32F1xx_HAL_Driver/Src/stm32f1xx_hal_pcd.c ****   * @param  hpcd USB PCD handle
 315:Drivers/STM32F1xx_HAL_Driver/Src/stm32f1xx_hal_pcd.c ****   * @param  CallbackID ID of the callback to be registered
 316:Drivers/STM32F1xx_HAL_Driver/Src/stm32f1xx_hal_pcd.c ****   *         This parameter can be one of the following values:
 317:Drivers/STM32F1xx_HAL_Driver/Src/stm32f1xx_hal_pcd.c ****   *          @arg @ref HAL_PCD_SOF_CB_ID USB PCD SOF callback ID
ARM GAS  /tmp/ccdzNYOe.s 			page 7


 318:Drivers/STM32F1xx_HAL_Driver/Src/stm32f1xx_hal_pcd.c ****   *          @arg @ref HAL_PCD_SETUPSTAGE_CB_ID USB PCD Setup callback ID
 319:Drivers/STM32F1xx_HAL_Driver/Src/stm32f1xx_hal_pcd.c ****   *          @arg @ref HAL_PCD_RESET_CB_ID USB PCD Reset callback ID
 320:Drivers/STM32F1xx_HAL_Driver/Src/stm32f1xx_hal_pcd.c ****   *          @arg @ref HAL_PCD_SUSPEND_CB_ID USB PCD Suspend callback ID
 321:Drivers/STM32F1xx_HAL_Driver/Src/stm32f1xx_hal_pcd.c ****   *          @arg @ref HAL_PCD_RESUME_CB_ID USB PCD Resume callback ID
 322:Drivers/STM32F1xx_HAL_Driver/Src/stm32f1xx_hal_pcd.c ****   *          @arg @ref HAL_PCD_CONNECT_CB_ID USB PCD Connect callback ID
 323:Drivers/STM32F1xx_HAL_Driver/Src/stm32f1xx_hal_pcd.c ****   *          @arg @ref HAL_PCD_DISCONNECT_CB_ID OTG PCD Disconnect callback ID
 324:Drivers/STM32F1xx_HAL_Driver/Src/stm32f1xx_hal_pcd.c ****   *          @arg @ref HAL_PCD_MSPINIT_CB_ID MspDeInit callback ID
 325:Drivers/STM32F1xx_HAL_Driver/Src/stm32f1xx_hal_pcd.c ****   *          @arg @ref HAL_PCD_MSPDEINIT_CB_ID MspDeInit callback ID
 326:Drivers/STM32F1xx_HAL_Driver/Src/stm32f1xx_hal_pcd.c ****   * @param  pCallback pointer to the Callback function
 327:Drivers/STM32F1xx_HAL_Driver/Src/stm32f1xx_hal_pcd.c ****   * @retval HAL status
 328:Drivers/STM32F1xx_HAL_Driver/Src/stm32f1xx_hal_pcd.c ****   */
 329:Drivers/STM32F1xx_HAL_Driver/Src/stm32f1xx_hal_pcd.c **** HAL_StatusTypeDef HAL_PCD_RegisterCallback(PCD_HandleTypeDef *hpcd,
 330:Drivers/STM32F1xx_HAL_Driver/Src/stm32f1xx_hal_pcd.c ****                                            HAL_PCD_CallbackIDTypeDef CallbackID,
 331:Drivers/STM32F1xx_HAL_Driver/Src/stm32f1xx_hal_pcd.c ****                                            pPCD_CallbackTypeDef pCallback)
 332:Drivers/STM32F1xx_HAL_Driver/Src/stm32f1xx_hal_pcd.c **** {
 333:Drivers/STM32F1xx_HAL_Driver/Src/stm32f1xx_hal_pcd.c ****   HAL_StatusTypeDef status = HAL_OK;
 334:Drivers/STM32F1xx_HAL_Driver/Src/stm32f1xx_hal_pcd.c **** 
 335:Drivers/STM32F1xx_HAL_Driver/Src/stm32f1xx_hal_pcd.c ****   if (pCallback == NULL)
 336:Drivers/STM32F1xx_HAL_Driver/Src/stm32f1xx_hal_pcd.c ****   {
 337:Drivers/STM32F1xx_HAL_Driver/Src/stm32f1xx_hal_pcd.c ****     /* Update the error code */
 338:Drivers/STM32F1xx_HAL_Driver/Src/stm32f1xx_hal_pcd.c ****     hpcd->ErrorCode |= HAL_PCD_ERROR_INVALID_CALLBACK;
 339:Drivers/STM32F1xx_HAL_Driver/Src/stm32f1xx_hal_pcd.c ****     return HAL_ERROR;
 340:Drivers/STM32F1xx_HAL_Driver/Src/stm32f1xx_hal_pcd.c ****   }
 341:Drivers/STM32F1xx_HAL_Driver/Src/stm32f1xx_hal_pcd.c ****   /* Process locked */
 342:Drivers/STM32F1xx_HAL_Driver/Src/stm32f1xx_hal_pcd.c ****   __HAL_LOCK(hpcd);
 343:Drivers/STM32F1xx_HAL_Driver/Src/stm32f1xx_hal_pcd.c **** 
 344:Drivers/STM32F1xx_HAL_Driver/Src/stm32f1xx_hal_pcd.c ****   if (hpcd->State == HAL_PCD_STATE_READY)
 345:Drivers/STM32F1xx_HAL_Driver/Src/stm32f1xx_hal_pcd.c ****   {
 346:Drivers/STM32F1xx_HAL_Driver/Src/stm32f1xx_hal_pcd.c ****     switch (CallbackID)
 347:Drivers/STM32F1xx_HAL_Driver/Src/stm32f1xx_hal_pcd.c ****     {
 348:Drivers/STM32F1xx_HAL_Driver/Src/stm32f1xx_hal_pcd.c ****       case HAL_PCD_SOF_CB_ID :
 349:Drivers/STM32F1xx_HAL_Driver/Src/stm32f1xx_hal_pcd.c ****         hpcd->SOFCallback = pCallback;
 350:Drivers/STM32F1xx_HAL_Driver/Src/stm32f1xx_hal_pcd.c ****         break;
 351:Drivers/STM32F1xx_HAL_Driver/Src/stm32f1xx_hal_pcd.c **** 
 352:Drivers/STM32F1xx_HAL_Driver/Src/stm32f1xx_hal_pcd.c ****       case HAL_PCD_SETUPSTAGE_CB_ID :
 353:Drivers/STM32F1xx_HAL_Driver/Src/stm32f1xx_hal_pcd.c ****         hpcd->SetupStageCallback = pCallback;
 354:Drivers/STM32F1xx_HAL_Driver/Src/stm32f1xx_hal_pcd.c ****         break;
 355:Drivers/STM32F1xx_HAL_Driver/Src/stm32f1xx_hal_pcd.c **** 
 356:Drivers/STM32F1xx_HAL_Driver/Src/stm32f1xx_hal_pcd.c ****       case HAL_PCD_RESET_CB_ID :
 357:Drivers/STM32F1xx_HAL_Driver/Src/stm32f1xx_hal_pcd.c ****         hpcd->ResetCallback = pCallback;
 358:Drivers/STM32F1xx_HAL_Driver/Src/stm32f1xx_hal_pcd.c ****         break;
 359:Drivers/STM32F1xx_HAL_Driver/Src/stm32f1xx_hal_pcd.c **** 
 360:Drivers/STM32F1xx_HAL_Driver/Src/stm32f1xx_hal_pcd.c ****       case HAL_PCD_SUSPEND_CB_ID :
 361:Drivers/STM32F1xx_HAL_Driver/Src/stm32f1xx_hal_pcd.c ****         hpcd->SuspendCallback = pCallback;
 362:Drivers/STM32F1xx_HAL_Driver/Src/stm32f1xx_hal_pcd.c ****         break;
 363:Drivers/STM32F1xx_HAL_Driver/Src/stm32f1xx_hal_pcd.c **** 
 364:Drivers/STM32F1xx_HAL_Driver/Src/stm32f1xx_hal_pcd.c ****       case HAL_PCD_RESUME_CB_ID :
 365:Drivers/STM32F1xx_HAL_Driver/Src/stm32f1xx_hal_pcd.c ****         hpcd->ResumeCallback = pCallback;
 366:Drivers/STM32F1xx_HAL_Driver/Src/stm32f1xx_hal_pcd.c ****         break;
 367:Drivers/STM32F1xx_HAL_Driver/Src/stm32f1xx_hal_pcd.c **** 
 368:Drivers/STM32F1xx_HAL_Driver/Src/stm32f1xx_hal_pcd.c ****       case HAL_PCD_CONNECT_CB_ID :
 369:Drivers/STM32F1xx_HAL_Driver/Src/stm32f1xx_hal_pcd.c ****         hpcd->ConnectCallback = pCallback;
 370:Drivers/STM32F1xx_HAL_Driver/Src/stm32f1xx_hal_pcd.c ****         break;
 371:Drivers/STM32F1xx_HAL_Driver/Src/stm32f1xx_hal_pcd.c **** 
 372:Drivers/STM32F1xx_HAL_Driver/Src/stm32f1xx_hal_pcd.c ****       case HAL_PCD_DISCONNECT_CB_ID :
 373:Drivers/STM32F1xx_HAL_Driver/Src/stm32f1xx_hal_pcd.c ****         hpcd->DisconnectCallback = pCallback;
 374:Drivers/STM32F1xx_HAL_Driver/Src/stm32f1xx_hal_pcd.c ****         break;
ARM GAS  /tmp/ccdzNYOe.s 			page 8


 375:Drivers/STM32F1xx_HAL_Driver/Src/stm32f1xx_hal_pcd.c **** 
 376:Drivers/STM32F1xx_HAL_Driver/Src/stm32f1xx_hal_pcd.c ****       case HAL_PCD_MSPINIT_CB_ID :
 377:Drivers/STM32F1xx_HAL_Driver/Src/stm32f1xx_hal_pcd.c ****         hpcd->MspInitCallback = pCallback;
 378:Drivers/STM32F1xx_HAL_Driver/Src/stm32f1xx_hal_pcd.c ****         break;
 379:Drivers/STM32F1xx_HAL_Driver/Src/stm32f1xx_hal_pcd.c **** 
 380:Drivers/STM32F1xx_HAL_Driver/Src/stm32f1xx_hal_pcd.c ****       case HAL_PCD_MSPDEINIT_CB_ID :
 381:Drivers/STM32F1xx_HAL_Driver/Src/stm32f1xx_hal_pcd.c ****         hpcd->MspDeInitCallback = pCallback;
 382:Drivers/STM32F1xx_HAL_Driver/Src/stm32f1xx_hal_pcd.c ****         break;
 383:Drivers/STM32F1xx_HAL_Driver/Src/stm32f1xx_hal_pcd.c **** 
 384:Drivers/STM32F1xx_HAL_Driver/Src/stm32f1xx_hal_pcd.c ****       default :
 385:Drivers/STM32F1xx_HAL_Driver/Src/stm32f1xx_hal_pcd.c ****         /* Update the error code */
 386:Drivers/STM32F1xx_HAL_Driver/Src/stm32f1xx_hal_pcd.c ****         hpcd->ErrorCode |= HAL_PCD_ERROR_INVALID_CALLBACK;
 387:Drivers/STM32F1xx_HAL_Driver/Src/stm32f1xx_hal_pcd.c ****         /* Return error status */
 388:Drivers/STM32F1xx_HAL_Driver/Src/stm32f1xx_hal_pcd.c ****         status =  HAL_ERROR;
 389:Drivers/STM32F1xx_HAL_Driver/Src/stm32f1xx_hal_pcd.c ****         break;
 390:Drivers/STM32F1xx_HAL_Driver/Src/stm32f1xx_hal_pcd.c ****     }
 391:Drivers/STM32F1xx_HAL_Driver/Src/stm32f1xx_hal_pcd.c ****   }
 392:Drivers/STM32F1xx_HAL_Driver/Src/stm32f1xx_hal_pcd.c ****   else if (hpcd->State == HAL_PCD_STATE_RESET)
 393:Drivers/STM32F1xx_HAL_Driver/Src/stm32f1xx_hal_pcd.c ****   {
 394:Drivers/STM32F1xx_HAL_Driver/Src/stm32f1xx_hal_pcd.c ****     switch (CallbackID)
 395:Drivers/STM32F1xx_HAL_Driver/Src/stm32f1xx_hal_pcd.c ****     {
 396:Drivers/STM32F1xx_HAL_Driver/Src/stm32f1xx_hal_pcd.c ****       case HAL_PCD_MSPINIT_CB_ID :
 397:Drivers/STM32F1xx_HAL_Driver/Src/stm32f1xx_hal_pcd.c ****         hpcd->MspInitCallback = pCallback;
 398:Drivers/STM32F1xx_HAL_Driver/Src/stm32f1xx_hal_pcd.c ****         break;
 399:Drivers/STM32F1xx_HAL_Driver/Src/stm32f1xx_hal_pcd.c **** 
 400:Drivers/STM32F1xx_HAL_Driver/Src/stm32f1xx_hal_pcd.c ****       case HAL_PCD_MSPDEINIT_CB_ID :
 401:Drivers/STM32F1xx_HAL_Driver/Src/stm32f1xx_hal_pcd.c ****         hpcd->MspDeInitCallback = pCallback;
 402:Drivers/STM32F1xx_HAL_Driver/Src/stm32f1xx_hal_pcd.c ****         break;
 403:Drivers/STM32F1xx_HAL_Driver/Src/stm32f1xx_hal_pcd.c **** 
 404:Drivers/STM32F1xx_HAL_Driver/Src/stm32f1xx_hal_pcd.c ****       default :
 405:Drivers/STM32F1xx_HAL_Driver/Src/stm32f1xx_hal_pcd.c ****         /* Update the error code */
 406:Drivers/STM32F1xx_HAL_Driver/Src/stm32f1xx_hal_pcd.c ****         hpcd->ErrorCode |= HAL_PCD_ERROR_INVALID_CALLBACK;
 407:Drivers/STM32F1xx_HAL_Driver/Src/stm32f1xx_hal_pcd.c ****         /* Return error status */
 408:Drivers/STM32F1xx_HAL_Driver/Src/stm32f1xx_hal_pcd.c ****         status =  HAL_ERROR;
 409:Drivers/STM32F1xx_HAL_Driver/Src/stm32f1xx_hal_pcd.c ****         break;
 410:Drivers/STM32F1xx_HAL_Driver/Src/stm32f1xx_hal_pcd.c ****     }
 411:Drivers/STM32F1xx_HAL_Driver/Src/stm32f1xx_hal_pcd.c ****   }
 412:Drivers/STM32F1xx_HAL_Driver/Src/stm32f1xx_hal_pcd.c ****   else
 413:Drivers/STM32F1xx_HAL_Driver/Src/stm32f1xx_hal_pcd.c ****   {
 414:Drivers/STM32F1xx_HAL_Driver/Src/stm32f1xx_hal_pcd.c ****     /* Update the error code */
 415:Drivers/STM32F1xx_HAL_Driver/Src/stm32f1xx_hal_pcd.c ****     hpcd->ErrorCode |= HAL_PCD_ERROR_INVALID_CALLBACK;
 416:Drivers/STM32F1xx_HAL_Driver/Src/stm32f1xx_hal_pcd.c ****     /* Return error status */
 417:Drivers/STM32F1xx_HAL_Driver/Src/stm32f1xx_hal_pcd.c ****     status =  HAL_ERROR;
 418:Drivers/STM32F1xx_HAL_Driver/Src/stm32f1xx_hal_pcd.c ****   }
 419:Drivers/STM32F1xx_HAL_Driver/Src/stm32f1xx_hal_pcd.c **** 
 420:Drivers/STM32F1xx_HAL_Driver/Src/stm32f1xx_hal_pcd.c ****   /* Release Lock */
 421:Drivers/STM32F1xx_HAL_Driver/Src/stm32f1xx_hal_pcd.c ****   __HAL_UNLOCK(hpcd);
 422:Drivers/STM32F1xx_HAL_Driver/Src/stm32f1xx_hal_pcd.c ****   return status;
 423:Drivers/STM32F1xx_HAL_Driver/Src/stm32f1xx_hal_pcd.c **** }
 424:Drivers/STM32F1xx_HAL_Driver/Src/stm32f1xx_hal_pcd.c **** 
 425:Drivers/STM32F1xx_HAL_Driver/Src/stm32f1xx_hal_pcd.c **** /**
 426:Drivers/STM32F1xx_HAL_Driver/Src/stm32f1xx_hal_pcd.c ****   * @brief  Unregister an USB PCD Callback
 427:Drivers/STM32F1xx_HAL_Driver/Src/stm32f1xx_hal_pcd.c ****   *         USB PCD callabck is redirected to the weak predefined callback
 428:Drivers/STM32F1xx_HAL_Driver/Src/stm32f1xx_hal_pcd.c ****   * @param  hpcd USB PCD handle
 429:Drivers/STM32F1xx_HAL_Driver/Src/stm32f1xx_hal_pcd.c ****   * @param  CallbackID ID of the callback to be unregistered
 430:Drivers/STM32F1xx_HAL_Driver/Src/stm32f1xx_hal_pcd.c ****   *         This parameter can be one of the following values:
 431:Drivers/STM32F1xx_HAL_Driver/Src/stm32f1xx_hal_pcd.c ****   *          @arg @ref HAL_PCD_SOF_CB_ID USB PCD SOF callback ID
ARM GAS  /tmp/ccdzNYOe.s 			page 9


 432:Drivers/STM32F1xx_HAL_Driver/Src/stm32f1xx_hal_pcd.c ****   *          @arg @ref HAL_PCD_SETUPSTAGE_CB_ID USB PCD Setup callback ID
 433:Drivers/STM32F1xx_HAL_Driver/Src/stm32f1xx_hal_pcd.c ****   *          @arg @ref HAL_PCD_RESET_CB_ID USB PCD Reset callback ID
 434:Drivers/STM32F1xx_HAL_Driver/Src/stm32f1xx_hal_pcd.c ****   *          @arg @ref HAL_PCD_SUSPEND_CB_ID USB PCD Suspend callback ID
 435:Drivers/STM32F1xx_HAL_Driver/Src/stm32f1xx_hal_pcd.c ****   *          @arg @ref HAL_PCD_RESUME_CB_ID USB PCD Resume callback ID
 436:Drivers/STM32F1xx_HAL_Driver/Src/stm32f1xx_hal_pcd.c ****   *          @arg @ref HAL_PCD_CONNECT_CB_ID USB PCD Connect callback ID
 437:Drivers/STM32F1xx_HAL_Driver/Src/stm32f1xx_hal_pcd.c ****   *          @arg @ref HAL_PCD_DISCONNECT_CB_ID OTG PCD Disconnect callback ID
 438:Drivers/STM32F1xx_HAL_Driver/Src/stm32f1xx_hal_pcd.c ****   *          @arg @ref HAL_PCD_MSPINIT_CB_ID MspDeInit callback ID
 439:Drivers/STM32F1xx_HAL_Driver/Src/stm32f1xx_hal_pcd.c ****   *          @arg @ref HAL_PCD_MSPDEINIT_CB_ID MspDeInit callback ID
 440:Drivers/STM32F1xx_HAL_Driver/Src/stm32f1xx_hal_pcd.c ****   * @retval HAL status
 441:Drivers/STM32F1xx_HAL_Driver/Src/stm32f1xx_hal_pcd.c ****   */
 442:Drivers/STM32F1xx_HAL_Driver/Src/stm32f1xx_hal_pcd.c **** HAL_StatusTypeDef HAL_PCD_UnRegisterCallback(PCD_HandleTypeDef *hpcd, HAL_PCD_CallbackIDTypeDef Cal
 443:Drivers/STM32F1xx_HAL_Driver/Src/stm32f1xx_hal_pcd.c **** {
 444:Drivers/STM32F1xx_HAL_Driver/Src/stm32f1xx_hal_pcd.c ****   HAL_StatusTypeDef status = HAL_OK;
 445:Drivers/STM32F1xx_HAL_Driver/Src/stm32f1xx_hal_pcd.c **** 
 446:Drivers/STM32F1xx_HAL_Driver/Src/stm32f1xx_hal_pcd.c ****   /* Process locked */
 447:Drivers/STM32F1xx_HAL_Driver/Src/stm32f1xx_hal_pcd.c ****   __HAL_LOCK(hpcd);
 448:Drivers/STM32F1xx_HAL_Driver/Src/stm32f1xx_hal_pcd.c **** 
 449:Drivers/STM32F1xx_HAL_Driver/Src/stm32f1xx_hal_pcd.c ****   /* Setup Legacy weak Callbacks  */
 450:Drivers/STM32F1xx_HAL_Driver/Src/stm32f1xx_hal_pcd.c ****   if (hpcd->State == HAL_PCD_STATE_READY)
 451:Drivers/STM32F1xx_HAL_Driver/Src/stm32f1xx_hal_pcd.c ****   {
 452:Drivers/STM32F1xx_HAL_Driver/Src/stm32f1xx_hal_pcd.c ****     switch (CallbackID)
 453:Drivers/STM32F1xx_HAL_Driver/Src/stm32f1xx_hal_pcd.c ****     {
 454:Drivers/STM32F1xx_HAL_Driver/Src/stm32f1xx_hal_pcd.c ****       case HAL_PCD_SOF_CB_ID :
 455:Drivers/STM32F1xx_HAL_Driver/Src/stm32f1xx_hal_pcd.c ****         hpcd->SOFCallback = HAL_PCD_SOFCallback;
 456:Drivers/STM32F1xx_HAL_Driver/Src/stm32f1xx_hal_pcd.c ****         break;
 457:Drivers/STM32F1xx_HAL_Driver/Src/stm32f1xx_hal_pcd.c **** 
 458:Drivers/STM32F1xx_HAL_Driver/Src/stm32f1xx_hal_pcd.c ****       case HAL_PCD_SETUPSTAGE_CB_ID :
 459:Drivers/STM32F1xx_HAL_Driver/Src/stm32f1xx_hal_pcd.c ****         hpcd->SetupStageCallback = HAL_PCD_SetupStageCallback;
 460:Drivers/STM32F1xx_HAL_Driver/Src/stm32f1xx_hal_pcd.c ****         break;
 461:Drivers/STM32F1xx_HAL_Driver/Src/stm32f1xx_hal_pcd.c **** 
 462:Drivers/STM32F1xx_HAL_Driver/Src/stm32f1xx_hal_pcd.c ****       case HAL_PCD_RESET_CB_ID :
 463:Drivers/STM32F1xx_HAL_Driver/Src/stm32f1xx_hal_pcd.c ****         hpcd->ResetCallback = HAL_PCD_ResetCallback;
 464:Drivers/STM32F1xx_HAL_Driver/Src/stm32f1xx_hal_pcd.c ****         break;
 465:Drivers/STM32F1xx_HAL_Driver/Src/stm32f1xx_hal_pcd.c **** 
 466:Drivers/STM32F1xx_HAL_Driver/Src/stm32f1xx_hal_pcd.c ****       case HAL_PCD_SUSPEND_CB_ID :
 467:Drivers/STM32F1xx_HAL_Driver/Src/stm32f1xx_hal_pcd.c ****         hpcd->SuspendCallback = HAL_PCD_SuspendCallback;
 468:Drivers/STM32F1xx_HAL_Driver/Src/stm32f1xx_hal_pcd.c ****         break;
 469:Drivers/STM32F1xx_HAL_Driver/Src/stm32f1xx_hal_pcd.c **** 
 470:Drivers/STM32F1xx_HAL_Driver/Src/stm32f1xx_hal_pcd.c ****       case HAL_PCD_RESUME_CB_ID :
 471:Drivers/STM32F1xx_HAL_Driver/Src/stm32f1xx_hal_pcd.c ****         hpcd->ResumeCallback = HAL_PCD_ResumeCallback;
 472:Drivers/STM32F1xx_HAL_Driver/Src/stm32f1xx_hal_pcd.c ****         break;
 473:Drivers/STM32F1xx_HAL_Driver/Src/stm32f1xx_hal_pcd.c **** 
 474:Drivers/STM32F1xx_HAL_Driver/Src/stm32f1xx_hal_pcd.c ****       case HAL_PCD_CONNECT_CB_ID :
 475:Drivers/STM32F1xx_HAL_Driver/Src/stm32f1xx_hal_pcd.c ****         hpcd->ConnectCallback = HAL_PCD_ConnectCallback;
 476:Drivers/STM32F1xx_HAL_Driver/Src/stm32f1xx_hal_pcd.c ****         break;
 477:Drivers/STM32F1xx_HAL_Driver/Src/stm32f1xx_hal_pcd.c **** 
 478:Drivers/STM32F1xx_HAL_Driver/Src/stm32f1xx_hal_pcd.c ****       case HAL_PCD_DISCONNECT_CB_ID :
 479:Drivers/STM32F1xx_HAL_Driver/Src/stm32f1xx_hal_pcd.c ****         hpcd->DisconnectCallback = HAL_PCD_DisconnectCallback;
 480:Drivers/STM32F1xx_HAL_Driver/Src/stm32f1xx_hal_pcd.c ****         break;
 481:Drivers/STM32F1xx_HAL_Driver/Src/stm32f1xx_hal_pcd.c **** 
 482:Drivers/STM32F1xx_HAL_Driver/Src/stm32f1xx_hal_pcd.c ****       case HAL_PCD_MSPINIT_CB_ID :
 483:Drivers/STM32F1xx_HAL_Driver/Src/stm32f1xx_hal_pcd.c ****         hpcd->MspInitCallback = HAL_PCD_MspInit;
 484:Drivers/STM32F1xx_HAL_Driver/Src/stm32f1xx_hal_pcd.c ****         break;
 485:Drivers/STM32F1xx_HAL_Driver/Src/stm32f1xx_hal_pcd.c **** 
 486:Drivers/STM32F1xx_HAL_Driver/Src/stm32f1xx_hal_pcd.c ****       case HAL_PCD_MSPDEINIT_CB_ID :
 487:Drivers/STM32F1xx_HAL_Driver/Src/stm32f1xx_hal_pcd.c ****         hpcd->MspDeInitCallback = HAL_PCD_MspDeInit;
 488:Drivers/STM32F1xx_HAL_Driver/Src/stm32f1xx_hal_pcd.c ****         break;
ARM GAS  /tmp/ccdzNYOe.s 			page 10


 489:Drivers/STM32F1xx_HAL_Driver/Src/stm32f1xx_hal_pcd.c **** 
 490:Drivers/STM32F1xx_HAL_Driver/Src/stm32f1xx_hal_pcd.c ****       default :
 491:Drivers/STM32F1xx_HAL_Driver/Src/stm32f1xx_hal_pcd.c ****         /* Update the error code */
 492:Drivers/STM32F1xx_HAL_Driver/Src/stm32f1xx_hal_pcd.c ****         hpcd->ErrorCode |= HAL_PCD_ERROR_INVALID_CALLBACK;
 493:Drivers/STM32F1xx_HAL_Driver/Src/stm32f1xx_hal_pcd.c **** 
 494:Drivers/STM32F1xx_HAL_Driver/Src/stm32f1xx_hal_pcd.c ****         /* Return error status */
 495:Drivers/STM32F1xx_HAL_Driver/Src/stm32f1xx_hal_pcd.c ****         status =  HAL_ERROR;
 496:Drivers/STM32F1xx_HAL_Driver/Src/stm32f1xx_hal_pcd.c ****         break;
 497:Drivers/STM32F1xx_HAL_Driver/Src/stm32f1xx_hal_pcd.c ****     }
 498:Drivers/STM32F1xx_HAL_Driver/Src/stm32f1xx_hal_pcd.c ****   }
 499:Drivers/STM32F1xx_HAL_Driver/Src/stm32f1xx_hal_pcd.c ****   else if (hpcd->State == HAL_PCD_STATE_RESET)
 500:Drivers/STM32F1xx_HAL_Driver/Src/stm32f1xx_hal_pcd.c ****   {
 501:Drivers/STM32F1xx_HAL_Driver/Src/stm32f1xx_hal_pcd.c ****     switch (CallbackID)
 502:Drivers/STM32F1xx_HAL_Driver/Src/stm32f1xx_hal_pcd.c ****     {
 503:Drivers/STM32F1xx_HAL_Driver/Src/stm32f1xx_hal_pcd.c ****       case HAL_PCD_MSPINIT_CB_ID :
 504:Drivers/STM32F1xx_HAL_Driver/Src/stm32f1xx_hal_pcd.c ****         hpcd->MspInitCallback = HAL_PCD_MspInit;
 505:Drivers/STM32F1xx_HAL_Driver/Src/stm32f1xx_hal_pcd.c ****         break;
 506:Drivers/STM32F1xx_HAL_Driver/Src/stm32f1xx_hal_pcd.c **** 
 507:Drivers/STM32F1xx_HAL_Driver/Src/stm32f1xx_hal_pcd.c ****       case HAL_PCD_MSPDEINIT_CB_ID :
 508:Drivers/STM32F1xx_HAL_Driver/Src/stm32f1xx_hal_pcd.c ****         hpcd->MspDeInitCallback = HAL_PCD_MspDeInit;
 509:Drivers/STM32F1xx_HAL_Driver/Src/stm32f1xx_hal_pcd.c ****         break;
 510:Drivers/STM32F1xx_HAL_Driver/Src/stm32f1xx_hal_pcd.c **** 
 511:Drivers/STM32F1xx_HAL_Driver/Src/stm32f1xx_hal_pcd.c ****       default :
 512:Drivers/STM32F1xx_HAL_Driver/Src/stm32f1xx_hal_pcd.c ****         /* Update the error code */
 513:Drivers/STM32F1xx_HAL_Driver/Src/stm32f1xx_hal_pcd.c ****         hpcd->ErrorCode |= HAL_PCD_ERROR_INVALID_CALLBACK;
 514:Drivers/STM32F1xx_HAL_Driver/Src/stm32f1xx_hal_pcd.c **** 
 515:Drivers/STM32F1xx_HAL_Driver/Src/stm32f1xx_hal_pcd.c ****         /* Return error status */
 516:Drivers/STM32F1xx_HAL_Driver/Src/stm32f1xx_hal_pcd.c ****         status =  HAL_ERROR;
 517:Drivers/STM32F1xx_HAL_Driver/Src/stm32f1xx_hal_pcd.c ****         break;
 518:Drivers/STM32F1xx_HAL_Driver/Src/stm32f1xx_hal_pcd.c ****     }
 519:Drivers/STM32F1xx_HAL_Driver/Src/stm32f1xx_hal_pcd.c ****   }
 520:Drivers/STM32F1xx_HAL_Driver/Src/stm32f1xx_hal_pcd.c ****   else
 521:Drivers/STM32F1xx_HAL_Driver/Src/stm32f1xx_hal_pcd.c ****   {
 522:Drivers/STM32F1xx_HAL_Driver/Src/stm32f1xx_hal_pcd.c ****     /* Update the error code */
 523:Drivers/STM32F1xx_HAL_Driver/Src/stm32f1xx_hal_pcd.c ****     hpcd->ErrorCode |= HAL_PCD_ERROR_INVALID_CALLBACK;
 524:Drivers/STM32F1xx_HAL_Driver/Src/stm32f1xx_hal_pcd.c **** 
 525:Drivers/STM32F1xx_HAL_Driver/Src/stm32f1xx_hal_pcd.c ****     /* Return error status */
 526:Drivers/STM32F1xx_HAL_Driver/Src/stm32f1xx_hal_pcd.c ****     status =  HAL_ERROR;
 527:Drivers/STM32F1xx_HAL_Driver/Src/stm32f1xx_hal_pcd.c ****   }
 528:Drivers/STM32F1xx_HAL_Driver/Src/stm32f1xx_hal_pcd.c **** 
 529:Drivers/STM32F1xx_HAL_Driver/Src/stm32f1xx_hal_pcd.c ****   /* Release Lock */
 530:Drivers/STM32F1xx_HAL_Driver/Src/stm32f1xx_hal_pcd.c ****   __HAL_UNLOCK(hpcd);
 531:Drivers/STM32F1xx_HAL_Driver/Src/stm32f1xx_hal_pcd.c ****   return status;
 532:Drivers/STM32F1xx_HAL_Driver/Src/stm32f1xx_hal_pcd.c **** }
 533:Drivers/STM32F1xx_HAL_Driver/Src/stm32f1xx_hal_pcd.c **** 
 534:Drivers/STM32F1xx_HAL_Driver/Src/stm32f1xx_hal_pcd.c **** /**
 535:Drivers/STM32F1xx_HAL_Driver/Src/stm32f1xx_hal_pcd.c ****   * @brief  Register USB PCD Data OUT Stage Callback
 536:Drivers/STM32F1xx_HAL_Driver/Src/stm32f1xx_hal_pcd.c ****   *         To be used instead of the weak HAL_PCD_DataOutStageCallback() predefined callback
 537:Drivers/STM32F1xx_HAL_Driver/Src/stm32f1xx_hal_pcd.c ****   * @param  hpcd PCD handle
 538:Drivers/STM32F1xx_HAL_Driver/Src/stm32f1xx_hal_pcd.c ****   * @param  pCallback pointer to the USB PCD Data OUT Stage Callback function
 539:Drivers/STM32F1xx_HAL_Driver/Src/stm32f1xx_hal_pcd.c ****   * @retval HAL status
 540:Drivers/STM32F1xx_HAL_Driver/Src/stm32f1xx_hal_pcd.c ****   */
 541:Drivers/STM32F1xx_HAL_Driver/Src/stm32f1xx_hal_pcd.c **** HAL_StatusTypeDef HAL_PCD_RegisterDataOutStageCallback(PCD_HandleTypeDef *hpcd,
 542:Drivers/STM32F1xx_HAL_Driver/Src/stm32f1xx_hal_pcd.c ****                                                        pPCD_DataOutStageCallbackTypeDef pCallback)
 543:Drivers/STM32F1xx_HAL_Driver/Src/stm32f1xx_hal_pcd.c **** {
 544:Drivers/STM32F1xx_HAL_Driver/Src/stm32f1xx_hal_pcd.c ****   HAL_StatusTypeDef status = HAL_OK;
 545:Drivers/STM32F1xx_HAL_Driver/Src/stm32f1xx_hal_pcd.c **** 
ARM GAS  /tmp/ccdzNYOe.s 			page 11


 546:Drivers/STM32F1xx_HAL_Driver/Src/stm32f1xx_hal_pcd.c ****   if (pCallback == NULL)
 547:Drivers/STM32F1xx_HAL_Driver/Src/stm32f1xx_hal_pcd.c ****   {
 548:Drivers/STM32F1xx_HAL_Driver/Src/stm32f1xx_hal_pcd.c ****     /* Update the error code */
 549:Drivers/STM32F1xx_HAL_Driver/Src/stm32f1xx_hal_pcd.c ****     hpcd->ErrorCode |= HAL_PCD_ERROR_INVALID_CALLBACK;
 550:Drivers/STM32F1xx_HAL_Driver/Src/stm32f1xx_hal_pcd.c **** 
 551:Drivers/STM32F1xx_HAL_Driver/Src/stm32f1xx_hal_pcd.c ****     return HAL_ERROR;
 552:Drivers/STM32F1xx_HAL_Driver/Src/stm32f1xx_hal_pcd.c ****   }
 553:Drivers/STM32F1xx_HAL_Driver/Src/stm32f1xx_hal_pcd.c **** 
 554:Drivers/STM32F1xx_HAL_Driver/Src/stm32f1xx_hal_pcd.c ****   /* Process locked */
 555:Drivers/STM32F1xx_HAL_Driver/Src/stm32f1xx_hal_pcd.c ****   __HAL_LOCK(hpcd);
 556:Drivers/STM32F1xx_HAL_Driver/Src/stm32f1xx_hal_pcd.c **** 
 557:Drivers/STM32F1xx_HAL_Driver/Src/stm32f1xx_hal_pcd.c ****   if (hpcd->State == HAL_PCD_STATE_READY)
 558:Drivers/STM32F1xx_HAL_Driver/Src/stm32f1xx_hal_pcd.c ****   {
 559:Drivers/STM32F1xx_HAL_Driver/Src/stm32f1xx_hal_pcd.c ****     hpcd->DataOutStageCallback = pCallback;
 560:Drivers/STM32F1xx_HAL_Driver/Src/stm32f1xx_hal_pcd.c ****   }
 561:Drivers/STM32F1xx_HAL_Driver/Src/stm32f1xx_hal_pcd.c ****   else
 562:Drivers/STM32F1xx_HAL_Driver/Src/stm32f1xx_hal_pcd.c ****   {
 563:Drivers/STM32F1xx_HAL_Driver/Src/stm32f1xx_hal_pcd.c ****     /* Update the error code */
 564:Drivers/STM32F1xx_HAL_Driver/Src/stm32f1xx_hal_pcd.c ****     hpcd->ErrorCode |= HAL_PCD_ERROR_INVALID_CALLBACK;
 565:Drivers/STM32F1xx_HAL_Driver/Src/stm32f1xx_hal_pcd.c **** 
 566:Drivers/STM32F1xx_HAL_Driver/Src/stm32f1xx_hal_pcd.c ****     /* Return error status */
 567:Drivers/STM32F1xx_HAL_Driver/Src/stm32f1xx_hal_pcd.c ****     status =  HAL_ERROR;
 568:Drivers/STM32F1xx_HAL_Driver/Src/stm32f1xx_hal_pcd.c ****   }
 569:Drivers/STM32F1xx_HAL_Driver/Src/stm32f1xx_hal_pcd.c **** 
 570:Drivers/STM32F1xx_HAL_Driver/Src/stm32f1xx_hal_pcd.c ****   /* Release Lock */
 571:Drivers/STM32F1xx_HAL_Driver/Src/stm32f1xx_hal_pcd.c ****   __HAL_UNLOCK(hpcd);
 572:Drivers/STM32F1xx_HAL_Driver/Src/stm32f1xx_hal_pcd.c **** 
 573:Drivers/STM32F1xx_HAL_Driver/Src/stm32f1xx_hal_pcd.c ****   return status;
 574:Drivers/STM32F1xx_HAL_Driver/Src/stm32f1xx_hal_pcd.c **** }
 575:Drivers/STM32F1xx_HAL_Driver/Src/stm32f1xx_hal_pcd.c **** 
 576:Drivers/STM32F1xx_HAL_Driver/Src/stm32f1xx_hal_pcd.c **** /**
 577:Drivers/STM32F1xx_HAL_Driver/Src/stm32f1xx_hal_pcd.c ****   * @brief  Unregister the USB PCD Data OUT Stage Callback
 578:Drivers/STM32F1xx_HAL_Driver/Src/stm32f1xx_hal_pcd.c ****   *         USB PCD Data OUT Stage Callback is redirected to the weak HAL_PCD_DataOutStageCallback(
 579:Drivers/STM32F1xx_HAL_Driver/Src/stm32f1xx_hal_pcd.c ****   * @param  hpcd PCD handle
 580:Drivers/STM32F1xx_HAL_Driver/Src/stm32f1xx_hal_pcd.c ****   * @retval HAL status
 581:Drivers/STM32F1xx_HAL_Driver/Src/stm32f1xx_hal_pcd.c ****   */
 582:Drivers/STM32F1xx_HAL_Driver/Src/stm32f1xx_hal_pcd.c **** HAL_StatusTypeDef HAL_PCD_UnRegisterDataOutStageCallback(PCD_HandleTypeDef *hpcd)
 583:Drivers/STM32F1xx_HAL_Driver/Src/stm32f1xx_hal_pcd.c **** {
 584:Drivers/STM32F1xx_HAL_Driver/Src/stm32f1xx_hal_pcd.c ****   HAL_StatusTypeDef status = HAL_OK;
 585:Drivers/STM32F1xx_HAL_Driver/Src/stm32f1xx_hal_pcd.c **** 
 586:Drivers/STM32F1xx_HAL_Driver/Src/stm32f1xx_hal_pcd.c ****   /* Process locked */
 587:Drivers/STM32F1xx_HAL_Driver/Src/stm32f1xx_hal_pcd.c ****   __HAL_LOCK(hpcd);
 588:Drivers/STM32F1xx_HAL_Driver/Src/stm32f1xx_hal_pcd.c **** 
 589:Drivers/STM32F1xx_HAL_Driver/Src/stm32f1xx_hal_pcd.c ****   if (hpcd->State == HAL_PCD_STATE_READY)
 590:Drivers/STM32F1xx_HAL_Driver/Src/stm32f1xx_hal_pcd.c ****   {
 591:Drivers/STM32F1xx_HAL_Driver/Src/stm32f1xx_hal_pcd.c ****     hpcd->DataOutStageCallback = HAL_PCD_DataOutStageCallback; /* Legacy weak DataOutStageCallback 
 592:Drivers/STM32F1xx_HAL_Driver/Src/stm32f1xx_hal_pcd.c ****   }
 593:Drivers/STM32F1xx_HAL_Driver/Src/stm32f1xx_hal_pcd.c ****   else
 594:Drivers/STM32F1xx_HAL_Driver/Src/stm32f1xx_hal_pcd.c ****   {
 595:Drivers/STM32F1xx_HAL_Driver/Src/stm32f1xx_hal_pcd.c ****     /* Update the error code */
 596:Drivers/STM32F1xx_HAL_Driver/Src/stm32f1xx_hal_pcd.c ****     hpcd->ErrorCode |= HAL_PCD_ERROR_INVALID_CALLBACK;
 597:Drivers/STM32F1xx_HAL_Driver/Src/stm32f1xx_hal_pcd.c **** 
 598:Drivers/STM32F1xx_HAL_Driver/Src/stm32f1xx_hal_pcd.c ****     /* Return error status */
 599:Drivers/STM32F1xx_HAL_Driver/Src/stm32f1xx_hal_pcd.c ****     status =  HAL_ERROR;
 600:Drivers/STM32F1xx_HAL_Driver/Src/stm32f1xx_hal_pcd.c ****   }
 601:Drivers/STM32F1xx_HAL_Driver/Src/stm32f1xx_hal_pcd.c **** 
 602:Drivers/STM32F1xx_HAL_Driver/Src/stm32f1xx_hal_pcd.c ****   /* Release Lock */
ARM GAS  /tmp/ccdzNYOe.s 			page 12


 603:Drivers/STM32F1xx_HAL_Driver/Src/stm32f1xx_hal_pcd.c ****   __HAL_UNLOCK(hpcd);
 604:Drivers/STM32F1xx_HAL_Driver/Src/stm32f1xx_hal_pcd.c **** 
 605:Drivers/STM32F1xx_HAL_Driver/Src/stm32f1xx_hal_pcd.c ****   return status;
 606:Drivers/STM32F1xx_HAL_Driver/Src/stm32f1xx_hal_pcd.c **** }
 607:Drivers/STM32F1xx_HAL_Driver/Src/stm32f1xx_hal_pcd.c **** 
 608:Drivers/STM32F1xx_HAL_Driver/Src/stm32f1xx_hal_pcd.c **** /**
 609:Drivers/STM32F1xx_HAL_Driver/Src/stm32f1xx_hal_pcd.c ****   * @brief  Register USB PCD Data IN Stage Callback
 610:Drivers/STM32F1xx_HAL_Driver/Src/stm32f1xx_hal_pcd.c ****   *         To be used instead of the weak HAL_PCD_DataInStageCallback() predefined callback
 611:Drivers/STM32F1xx_HAL_Driver/Src/stm32f1xx_hal_pcd.c ****   * @param  hpcd PCD handle
 612:Drivers/STM32F1xx_HAL_Driver/Src/stm32f1xx_hal_pcd.c ****   * @param  pCallback pointer to the USB PCD Data IN Stage Callback function
 613:Drivers/STM32F1xx_HAL_Driver/Src/stm32f1xx_hal_pcd.c ****   * @retval HAL status
 614:Drivers/STM32F1xx_HAL_Driver/Src/stm32f1xx_hal_pcd.c ****   */
 615:Drivers/STM32F1xx_HAL_Driver/Src/stm32f1xx_hal_pcd.c **** HAL_StatusTypeDef HAL_PCD_RegisterDataInStageCallback(PCD_HandleTypeDef *hpcd,
 616:Drivers/STM32F1xx_HAL_Driver/Src/stm32f1xx_hal_pcd.c ****                                                       pPCD_DataInStageCallbackTypeDef pCallback)
 617:Drivers/STM32F1xx_HAL_Driver/Src/stm32f1xx_hal_pcd.c **** {
 618:Drivers/STM32F1xx_HAL_Driver/Src/stm32f1xx_hal_pcd.c ****   HAL_StatusTypeDef status = HAL_OK;
 619:Drivers/STM32F1xx_HAL_Driver/Src/stm32f1xx_hal_pcd.c **** 
 620:Drivers/STM32F1xx_HAL_Driver/Src/stm32f1xx_hal_pcd.c ****   if (pCallback == NULL)
 621:Drivers/STM32F1xx_HAL_Driver/Src/stm32f1xx_hal_pcd.c ****   {
 622:Drivers/STM32F1xx_HAL_Driver/Src/stm32f1xx_hal_pcd.c ****     /* Update the error code */
 623:Drivers/STM32F1xx_HAL_Driver/Src/stm32f1xx_hal_pcd.c ****     hpcd->ErrorCode |= HAL_PCD_ERROR_INVALID_CALLBACK;
 624:Drivers/STM32F1xx_HAL_Driver/Src/stm32f1xx_hal_pcd.c **** 
 625:Drivers/STM32F1xx_HAL_Driver/Src/stm32f1xx_hal_pcd.c ****     return HAL_ERROR;
 626:Drivers/STM32F1xx_HAL_Driver/Src/stm32f1xx_hal_pcd.c ****   }
 627:Drivers/STM32F1xx_HAL_Driver/Src/stm32f1xx_hal_pcd.c **** 
 628:Drivers/STM32F1xx_HAL_Driver/Src/stm32f1xx_hal_pcd.c ****   /* Process locked */
 629:Drivers/STM32F1xx_HAL_Driver/Src/stm32f1xx_hal_pcd.c ****   __HAL_LOCK(hpcd);
 630:Drivers/STM32F1xx_HAL_Driver/Src/stm32f1xx_hal_pcd.c **** 
 631:Drivers/STM32F1xx_HAL_Driver/Src/stm32f1xx_hal_pcd.c ****   if (hpcd->State == HAL_PCD_STATE_READY)
 632:Drivers/STM32F1xx_HAL_Driver/Src/stm32f1xx_hal_pcd.c ****   {
 633:Drivers/STM32F1xx_HAL_Driver/Src/stm32f1xx_hal_pcd.c ****     hpcd->DataInStageCallback = pCallback;
 634:Drivers/STM32F1xx_HAL_Driver/Src/stm32f1xx_hal_pcd.c ****   }
 635:Drivers/STM32F1xx_HAL_Driver/Src/stm32f1xx_hal_pcd.c ****   else
 636:Drivers/STM32F1xx_HAL_Driver/Src/stm32f1xx_hal_pcd.c ****   {
 637:Drivers/STM32F1xx_HAL_Driver/Src/stm32f1xx_hal_pcd.c ****     /* Update the error code */
 638:Drivers/STM32F1xx_HAL_Driver/Src/stm32f1xx_hal_pcd.c ****     hpcd->ErrorCode |= HAL_PCD_ERROR_INVALID_CALLBACK;
 639:Drivers/STM32F1xx_HAL_Driver/Src/stm32f1xx_hal_pcd.c **** 
 640:Drivers/STM32F1xx_HAL_Driver/Src/stm32f1xx_hal_pcd.c ****     /* Return error status */
 641:Drivers/STM32F1xx_HAL_Driver/Src/stm32f1xx_hal_pcd.c ****     status =  HAL_ERROR;
 642:Drivers/STM32F1xx_HAL_Driver/Src/stm32f1xx_hal_pcd.c ****   }
 643:Drivers/STM32F1xx_HAL_Driver/Src/stm32f1xx_hal_pcd.c **** 
 644:Drivers/STM32F1xx_HAL_Driver/Src/stm32f1xx_hal_pcd.c ****   /* Release Lock */
 645:Drivers/STM32F1xx_HAL_Driver/Src/stm32f1xx_hal_pcd.c ****   __HAL_UNLOCK(hpcd);
 646:Drivers/STM32F1xx_HAL_Driver/Src/stm32f1xx_hal_pcd.c **** 
 647:Drivers/STM32F1xx_HAL_Driver/Src/stm32f1xx_hal_pcd.c ****   return status;
 648:Drivers/STM32F1xx_HAL_Driver/Src/stm32f1xx_hal_pcd.c **** }
 649:Drivers/STM32F1xx_HAL_Driver/Src/stm32f1xx_hal_pcd.c **** 
 650:Drivers/STM32F1xx_HAL_Driver/Src/stm32f1xx_hal_pcd.c **** /**
 651:Drivers/STM32F1xx_HAL_Driver/Src/stm32f1xx_hal_pcd.c ****   * @brief  Unregister the USB PCD Data IN Stage Callback
 652:Drivers/STM32F1xx_HAL_Driver/Src/stm32f1xx_hal_pcd.c ****   *         USB PCD Data OUT Stage Callback is redirected to the weak HAL_PCD_DataInStageCallback()
 653:Drivers/STM32F1xx_HAL_Driver/Src/stm32f1xx_hal_pcd.c ****   * @param  hpcd PCD handle
 654:Drivers/STM32F1xx_HAL_Driver/Src/stm32f1xx_hal_pcd.c ****   * @retval HAL status
 655:Drivers/STM32F1xx_HAL_Driver/Src/stm32f1xx_hal_pcd.c ****   */
 656:Drivers/STM32F1xx_HAL_Driver/Src/stm32f1xx_hal_pcd.c **** HAL_StatusTypeDef HAL_PCD_UnRegisterDataInStageCallback(PCD_HandleTypeDef *hpcd)
 657:Drivers/STM32F1xx_HAL_Driver/Src/stm32f1xx_hal_pcd.c **** {
 658:Drivers/STM32F1xx_HAL_Driver/Src/stm32f1xx_hal_pcd.c ****   HAL_StatusTypeDef status = HAL_OK;
 659:Drivers/STM32F1xx_HAL_Driver/Src/stm32f1xx_hal_pcd.c **** 
ARM GAS  /tmp/ccdzNYOe.s 			page 13


 660:Drivers/STM32F1xx_HAL_Driver/Src/stm32f1xx_hal_pcd.c ****   /* Process locked */
 661:Drivers/STM32F1xx_HAL_Driver/Src/stm32f1xx_hal_pcd.c ****   __HAL_LOCK(hpcd);
 662:Drivers/STM32F1xx_HAL_Driver/Src/stm32f1xx_hal_pcd.c **** 
 663:Drivers/STM32F1xx_HAL_Driver/Src/stm32f1xx_hal_pcd.c ****   if (hpcd->State == HAL_PCD_STATE_READY)
 664:Drivers/STM32F1xx_HAL_Driver/Src/stm32f1xx_hal_pcd.c ****   {
 665:Drivers/STM32F1xx_HAL_Driver/Src/stm32f1xx_hal_pcd.c ****     hpcd->DataInStageCallback = HAL_PCD_DataInStageCallback; /* Legacy weak DataInStageCallback  */
 666:Drivers/STM32F1xx_HAL_Driver/Src/stm32f1xx_hal_pcd.c ****   }
 667:Drivers/STM32F1xx_HAL_Driver/Src/stm32f1xx_hal_pcd.c ****   else
 668:Drivers/STM32F1xx_HAL_Driver/Src/stm32f1xx_hal_pcd.c ****   {
 669:Drivers/STM32F1xx_HAL_Driver/Src/stm32f1xx_hal_pcd.c ****     /* Update the error code */
 670:Drivers/STM32F1xx_HAL_Driver/Src/stm32f1xx_hal_pcd.c ****     hpcd->ErrorCode |= HAL_PCD_ERROR_INVALID_CALLBACK;
 671:Drivers/STM32F1xx_HAL_Driver/Src/stm32f1xx_hal_pcd.c **** 
 672:Drivers/STM32F1xx_HAL_Driver/Src/stm32f1xx_hal_pcd.c ****     /* Return error status */
 673:Drivers/STM32F1xx_HAL_Driver/Src/stm32f1xx_hal_pcd.c ****     status =  HAL_ERROR;
 674:Drivers/STM32F1xx_HAL_Driver/Src/stm32f1xx_hal_pcd.c ****   }
 675:Drivers/STM32F1xx_HAL_Driver/Src/stm32f1xx_hal_pcd.c **** 
 676:Drivers/STM32F1xx_HAL_Driver/Src/stm32f1xx_hal_pcd.c ****   /* Release Lock */
 677:Drivers/STM32F1xx_HAL_Driver/Src/stm32f1xx_hal_pcd.c ****   __HAL_UNLOCK(hpcd);
 678:Drivers/STM32F1xx_HAL_Driver/Src/stm32f1xx_hal_pcd.c **** 
 679:Drivers/STM32F1xx_HAL_Driver/Src/stm32f1xx_hal_pcd.c ****   return status;
 680:Drivers/STM32F1xx_HAL_Driver/Src/stm32f1xx_hal_pcd.c **** }
 681:Drivers/STM32F1xx_HAL_Driver/Src/stm32f1xx_hal_pcd.c **** 
 682:Drivers/STM32F1xx_HAL_Driver/Src/stm32f1xx_hal_pcd.c **** /**
 683:Drivers/STM32F1xx_HAL_Driver/Src/stm32f1xx_hal_pcd.c ****   * @brief  Register USB PCD Iso OUT incomplete Callback
 684:Drivers/STM32F1xx_HAL_Driver/Src/stm32f1xx_hal_pcd.c ****   *         To be used instead of the weak HAL_PCD_ISOOUTIncompleteCallback() predefined callback
 685:Drivers/STM32F1xx_HAL_Driver/Src/stm32f1xx_hal_pcd.c ****   * @param  hpcd PCD handle
 686:Drivers/STM32F1xx_HAL_Driver/Src/stm32f1xx_hal_pcd.c ****   * @param  pCallback pointer to the USB PCD Iso OUT incomplete Callback function
 687:Drivers/STM32F1xx_HAL_Driver/Src/stm32f1xx_hal_pcd.c ****   * @retval HAL status
 688:Drivers/STM32F1xx_HAL_Driver/Src/stm32f1xx_hal_pcd.c ****   */
 689:Drivers/STM32F1xx_HAL_Driver/Src/stm32f1xx_hal_pcd.c **** HAL_StatusTypeDef HAL_PCD_RegisterIsoOutIncpltCallback(PCD_HandleTypeDef *hpcd,
 690:Drivers/STM32F1xx_HAL_Driver/Src/stm32f1xx_hal_pcd.c ****                                                        pPCD_IsoOutIncpltCallbackTypeDef pCallback)
 691:Drivers/STM32F1xx_HAL_Driver/Src/stm32f1xx_hal_pcd.c **** {
 692:Drivers/STM32F1xx_HAL_Driver/Src/stm32f1xx_hal_pcd.c ****   HAL_StatusTypeDef status = HAL_OK;
 693:Drivers/STM32F1xx_HAL_Driver/Src/stm32f1xx_hal_pcd.c **** 
 694:Drivers/STM32F1xx_HAL_Driver/Src/stm32f1xx_hal_pcd.c ****   if (pCallback == NULL)
 695:Drivers/STM32F1xx_HAL_Driver/Src/stm32f1xx_hal_pcd.c ****   {
 696:Drivers/STM32F1xx_HAL_Driver/Src/stm32f1xx_hal_pcd.c ****     /* Update the error code */
 697:Drivers/STM32F1xx_HAL_Driver/Src/stm32f1xx_hal_pcd.c ****     hpcd->ErrorCode |= HAL_PCD_ERROR_INVALID_CALLBACK;
 698:Drivers/STM32F1xx_HAL_Driver/Src/stm32f1xx_hal_pcd.c **** 
 699:Drivers/STM32F1xx_HAL_Driver/Src/stm32f1xx_hal_pcd.c ****     return HAL_ERROR;
 700:Drivers/STM32F1xx_HAL_Driver/Src/stm32f1xx_hal_pcd.c ****   }
 701:Drivers/STM32F1xx_HAL_Driver/Src/stm32f1xx_hal_pcd.c **** 
 702:Drivers/STM32F1xx_HAL_Driver/Src/stm32f1xx_hal_pcd.c ****   /* Process locked */
 703:Drivers/STM32F1xx_HAL_Driver/Src/stm32f1xx_hal_pcd.c ****   __HAL_LOCK(hpcd);
 704:Drivers/STM32F1xx_HAL_Driver/Src/stm32f1xx_hal_pcd.c **** 
 705:Drivers/STM32F1xx_HAL_Driver/Src/stm32f1xx_hal_pcd.c ****   if (hpcd->State == HAL_PCD_STATE_READY)
 706:Drivers/STM32F1xx_HAL_Driver/Src/stm32f1xx_hal_pcd.c ****   {
 707:Drivers/STM32F1xx_HAL_Driver/Src/stm32f1xx_hal_pcd.c ****     hpcd->ISOOUTIncompleteCallback = pCallback;
 708:Drivers/STM32F1xx_HAL_Driver/Src/stm32f1xx_hal_pcd.c ****   }
 709:Drivers/STM32F1xx_HAL_Driver/Src/stm32f1xx_hal_pcd.c ****   else
 710:Drivers/STM32F1xx_HAL_Driver/Src/stm32f1xx_hal_pcd.c ****   {
 711:Drivers/STM32F1xx_HAL_Driver/Src/stm32f1xx_hal_pcd.c ****     /* Update the error code */
 712:Drivers/STM32F1xx_HAL_Driver/Src/stm32f1xx_hal_pcd.c ****     hpcd->ErrorCode |= HAL_PCD_ERROR_INVALID_CALLBACK;
 713:Drivers/STM32F1xx_HAL_Driver/Src/stm32f1xx_hal_pcd.c **** 
 714:Drivers/STM32F1xx_HAL_Driver/Src/stm32f1xx_hal_pcd.c ****     /* Return error status */
 715:Drivers/STM32F1xx_HAL_Driver/Src/stm32f1xx_hal_pcd.c ****     status =  HAL_ERROR;
 716:Drivers/STM32F1xx_HAL_Driver/Src/stm32f1xx_hal_pcd.c ****   }
ARM GAS  /tmp/ccdzNYOe.s 			page 14


 717:Drivers/STM32F1xx_HAL_Driver/Src/stm32f1xx_hal_pcd.c **** 
 718:Drivers/STM32F1xx_HAL_Driver/Src/stm32f1xx_hal_pcd.c ****   /* Release Lock */
 719:Drivers/STM32F1xx_HAL_Driver/Src/stm32f1xx_hal_pcd.c ****   __HAL_UNLOCK(hpcd);
 720:Drivers/STM32F1xx_HAL_Driver/Src/stm32f1xx_hal_pcd.c **** 
 721:Drivers/STM32F1xx_HAL_Driver/Src/stm32f1xx_hal_pcd.c ****   return status;
 722:Drivers/STM32F1xx_HAL_Driver/Src/stm32f1xx_hal_pcd.c **** }
 723:Drivers/STM32F1xx_HAL_Driver/Src/stm32f1xx_hal_pcd.c **** 
 724:Drivers/STM32F1xx_HAL_Driver/Src/stm32f1xx_hal_pcd.c **** /**
 725:Drivers/STM32F1xx_HAL_Driver/Src/stm32f1xx_hal_pcd.c ****   * @brief  Unregister the USB PCD Iso OUT incomplete Callback
 726:Drivers/STM32F1xx_HAL_Driver/Src/stm32f1xx_hal_pcd.c ****   *         USB PCD Iso OUT incomplete Callback is redirected
 727:Drivers/STM32F1xx_HAL_Driver/Src/stm32f1xx_hal_pcd.c ****   *         to the weak HAL_PCD_ISOOUTIncompleteCallback() predefined callback
 728:Drivers/STM32F1xx_HAL_Driver/Src/stm32f1xx_hal_pcd.c ****   * @param  hpcd PCD handle
 729:Drivers/STM32F1xx_HAL_Driver/Src/stm32f1xx_hal_pcd.c ****   * @retval HAL status
 730:Drivers/STM32F1xx_HAL_Driver/Src/stm32f1xx_hal_pcd.c ****   */
 731:Drivers/STM32F1xx_HAL_Driver/Src/stm32f1xx_hal_pcd.c **** HAL_StatusTypeDef HAL_PCD_UnRegisterIsoOutIncpltCallback(PCD_HandleTypeDef *hpcd)
 732:Drivers/STM32F1xx_HAL_Driver/Src/stm32f1xx_hal_pcd.c **** {
 733:Drivers/STM32F1xx_HAL_Driver/Src/stm32f1xx_hal_pcd.c ****   HAL_StatusTypeDef status = HAL_OK;
 734:Drivers/STM32F1xx_HAL_Driver/Src/stm32f1xx_hal_pcd.c **** 
 735:Drivers/STM32F1xx_HAL_Driver/Src/stm32f1xx_hal_pcd.c ****   /* Process locked */
 736:Drivers/STM32F1xx_HAL_Driver/Src/stm32f1xx_hal_pcd.c ****   __HAL_LOCK(hpcd);
 737:Drivers/STM32F1xx_HAL_Driver/Src/stm32f1xx_hal_pcd.c **** 
 738:Drivers/STM32F1xx_HAL_Driver/Src/stm32f1xx_hal_pcd.c ****   if (hpcd->State == HAL_PCD_STATE_READY)
 739:Drivers/STM32F1xx_HAL_Driver/Src/stm32f1xx_hal_pcd.c ****   {
 740:Drivers/STM32F1xx_HAL_Driver/Src/stm32f1xx_hal_pcd.c ****     hpcd->ISOOUTIncompleteCallback = HAL_PCD_ISOOUTIncompleteCallback; /* Legacy weak ISOOUTIncompl
 741:Drivers/STM32F1xx_HAL_Driver/Src/stm32f1xx_hal_pcd.c ****   }
 742:Drivers/STM32F1xx_HAL_Driver/Src/stm32f1xx_hal_pcd.c ****   else
 743:Drivers/STM32F1xx_HAL_Driver/Src/stm32f1xx_hal_pcd.c ****   {
 744:Drivers/STM32F1xx_HAL_Driver/Src/stm32f1xx_hal_pcd.c ****     /* Update the error code */
 745:Drivers/STM32F1xx_HAL_Driver/Src/stm32f1xx_hal_pcd.c ****     hpcd->ErrorCode |= HAL_PCD_ERROR_INVALID_CALLBACK;
 746:Drivers/STM32F1xx_HAL_Driver/Src/stm32f1xx_hal_pcd.c **** 
 747:Drivers/STM32F1xx_HAL_Driver/Src/stm32f1xx_hal_pcd.c ****     /* Return error status */
 748:Drivers/STM32F1xx_HAL_Driver/Src/stm32f1xx_hal_pcd.c ****     status =  HAL_ERROR;
 749:Drivers/STM32F1xx_HAL_Driver/Src/stm32f1xx_hal_pcd.c ****   }
 750:Drivers/STM32F1xx_HAL_Driver/Src/stm32f1xx_hal_pcd.c **** 
 751:Drivers/STM32F1xx_HAL_Driver/Src/stm32f1xx_hal_pcd.c ****   /* Release Lock */
 752:Drivers/STM32F1xx_HAL_Driver/Src/stm32f1xx_hal_pcd.c ****   __HAL_UNLOCK(hpcd);
 753:Drivers/STM32F1xx_HAL_Driver/Src/stm32f1xx_hal_pcd.c **** 
 754:Drivers/STM32F1xx_HAL_Driver/Src/stm32f1xx_hal_pcd.c ****   return status;
 755:Drivers/STM32F1xx_HAL_Driver/Src/stm32f1xx_hal_pcd.c **** }
 756:Drivers/STM32F1xx_HAL_Driver/Src/stm32f1xx_hal_pcd.c **** 
 757:Drivers/STM32F1xx_HAL_Driver/Src/stm32f1xx_hal_pcd.c **** /**
 758:Drivers/STM32F1xx_HAL_Driver/Src/stm32f1xx_hal_pcd.c ****   * @brief  Register USB PCD Iso IN incomplete Callback
 759:Drivers/STM32F1xx_HAL_Driver/Src/stm32f1xx_hal_pcd.c ****   *         To be used instead of the weak HAL_PCD_ISOINIncompleteCallback() predefined callback
 760:Drivers/STM32F1xx_HAL_Driver/Src/stm32f1xx_hal_pcd.c ****   * @param  hpcd PCD handle
 761:Drivers/STM32F1xx_HAL_Driver/Src/stm32f1xx_hal_pcd.c ****   * @param  pCallback pointer to the USB PCD Iso IN incomplete Callback function
 762:Drivers/STM32F1xx_HAL_Driver/Src/stm32f1xx_hal_pcd.c ****   * @retval HAL status
 763:Drivers/STM32F1xx_HAL_Driver/Src/stm32f1xx_hal_pcd.c ****   */
 764:Drivers/STM32F1xx_HAL_Driver/Src/stm32f1xx_hal_pcd.c **** HAL_StatusTypeDef HAL_PCD_RegisterIsoInIncpltCallback(PCD_HandleTypeDef *hpcd,
 765:Drivers/STM32F1xx_HAL_Driver/Src/stm32f1xx_hal_pcd.c ****                                                       pPCD_IsoInIncpltCallbackTypeDef pCallback)
 766:Drivers/STM32F1xx_HAL_Driver/Src/stm32f1xx_hal_pcd.c **** {
 767:Drivers/STM32F1xx_HAL_Driver/Src/stm32f1xx_hal_pcd.c ****   HAL_StatusTypeDef status = HAL_OK;
 768:Drivers/STM32F1xx_HAL_Driver/Src/stm32f1xx_hal_pcd.c **** 
 769:Drivers/STM32F1xx_HAL_Driver/Src/stm32f1xx_hal_pcd.c ****   if (pCallback == NULL)
 770:Drivers/STM32F1xx_HAL_Driver/Src/stm32f1xx_hal_pcd.c ****   {
 771:Drivers/STM32F1xx_HAL_Driver/Src/stm32f1xx_hal_pcd.c ****     /* Update the error code */
 772:Drivers/STM32F1xx_HAL_Driver/Src/stm32f1xx_hal_pcd.c ****     hpcd->ErrorCode |= HAL_PCD_ERROR_INVALID_CALLBACK;
 773:Drivers/STM32F1xx_HAL_Driver/Src/stm32f1xx_hal_pcd.c **** 
ARM GAS  /tmp/ccdzNYOe.s 			page 15


 774:Drivers/STM32F1xx_HAL_Driver/Src/stm32f1xx_hal_pcd.c ****     return HAL_ERROR;
 775:Drivers/STM32F1xx_HAL_Driver/Src/stm32f1xx_hal_pcd.c ****   }
 776:Drivers/STM32F1xx_HAL_Driver/Src/stm32f1xx_hal_pcd.c **** 
 777:Drivers/STM32F1xx_HAL_Driver/Src/stm32f1xx_hal_pcd.c ****   /* Process locked */
 778:Drivers/STM32F1xx_HAL_Driver/Src/stm32f1xx_hal_pcd.c ****   __HAL_LOCK(hpcd);
 779:Drivers/STM32F1xx_HAL_Driver/Src/stm32f1xx_hal_pcd.c **** 
 780:Drivers/STM32F1xx_HAL_Driver/Src/stm32f1xx_hal_pcd.c ****   if (hpcd->State == HAL_PCD_STATE_READY)
 781:Drivers/STM32F1xx_HAL_Driver/Src/stm32f1xx_hal_pcd.c ****   {
 782:Drivers/STM32F1xx_HAL_Driver/Src/stm32f1xx_hal_pcd.c ****     hpcd->ISOINIncompleteCallback = pCallback;
 783:Drivers/STM32F1xx_HAL_Driver/Src/stm32f1xx_hal_pcd.c ****   }
 784:Drivers/STM32F1xx_HAL_Driver/Src/stm32f1xx_hal_pcd.c ****   else
 785:Drivers/STM32F1xx_HAL_Driver/Src/stm32f1xx_hal_pcd.c ****   {
 786:Drivers/STM32F1xx_HAL_Driver/Src/stm32f1xx_hal_pcd.c ****     /* Update the error code */
 787:Drivers/STM32F1xx_HAL_Driver/Src/stm32f1xx_hal_pcd.c ****     hpcd->ErrorCode |= HAL_PCD_ERROR_INVALID_CALLBACK;
 788:Drivers/STM32F1xx_HAL_Driver/Src/stm32f1xx_hal_pcd.c **** 
 789:Drivers/STM32F1xx_HAL_Driver/Src/stm32f1xx_hal_pcd.c ****     /* Return error status */
 790:Drivers/STM32F1xx_HAL_Driver/Src/stm32f1xx_hal_pcd.c ****     status =  HAL_ERROR;
 791:Drivers/STM32F1xx_HAL_Driver/Src/stm32f1xx_hal_pcd.c ****   }
 792:Drivers/STM32F1xx_HAL_Driver/Src/stm32f1xx_hal_pcd.c **** 
 793:Drivers/STM32F1xx_HAL_Driver/Src/stm32f1xx_hal_pcd.c ****   /* Release Lock */
 794:Drivers/STM32F1xx_HAL_Driver/Src/stm32f1xx_hal_pcd.c ****   __HAL_UNLOCK(hpcd);
 795:Drivers/STM32F1xx_HAL_Driver/Src/stm32f1xx_hal_pcd.c **** 
 796:Drivers/STM32F1xx_HAL_Driver/Src/stm32f1xx_hal_pcd.c ****   return status;
 797:Drivers/STM32F1xx_HAL_Driver/Src/stm32f1xx_hal_pcd.c **** }
 798:Drivers/STM32F1xx_HAL_Driver/Src/stm32f1xx_hal_pcd.c **** 
 799:Drivers/STM32F1xx_HAL_Driver/Src/stm32f1xx_hal_pcd.c **** /**
 800:Drivers/STM32F1xx_HAL_Driver/Src/stm32f1xx_hal_pcd.c ****   * @brief  Unregister the USB PCD Iso IN incomplete Callback
 801:Drivers/STM32F1xx_HAL_Driver/Src/stm32f1xx_hal_pcd.c ****   *         USB PCD Iso IN incomplete Callback is redirected
 802:Drivers/STM32F1xx_HAL_Driver/Src/stm32f1xx_hal_pcd.c ****   *         to the weak HAL_PCD_ISOINIncompleteCallback() predefined callback
 803:Drivers/STM32F1xx_HAL_Driver/Src/stm32f1xx_hal_pcd.c ****   * @param  hpcd PCD handle
 804:Drivers/STM32F1xx_HAL_Driver/Src/stm32f1xx_hal_pcd.c ****   * @retval HAL status
 805:Drivers/STM32F1xx_HAL_Driver/Src/stm32f1xx_hal_pcd.c ****   */
 806:Drivers/STM32F1xx_HAL_Driver/Src/stm32f1xx_hal_pcd.c **** HAL_StatusTypeDef HAL_PCD_UnRegisterIsoInIncpltCallback(PCD_HandleTypeDef *hpcd)
 807:Drivers/STM32F1xx_HAL_Driver/Src/stm32f1xx_hal_pcd.c **** {
 808:Drivers/STM32F1xx_HAL_Driver/Src/stm32f1xx_hal_pcd.c ****   HAL_StatusTypeDef status = HAL_OK;
 809:Drivers/STM32F1xx_HAL_Driver/Src/stm32f1xx_hal_pcd.c **** 
 810:Drivers/STM32F1xx_HAL_Driver/Src/stm32f1xx_hal_pcd.c ****   /* Process locked */
 811:Drivers/STM32F1xx_HAL_Driver/Src/stm32f1xx_hal_pcd.c ****   __HAL_LOCK(hpcd);
 812:Drivers/STM32F1xx_HAL_Driver/Src/stm32f1xx_hal_pcd.c **** 
 813:Drivers/STM32F1xx_HAL_Driver/Src/stm32f1xx_hal_pcd.c ****   if (hpcd->State == HAL_PCD_STATE_READY)
 814:Drivers/STM32F1xx_HAL_Driver/Src/stm32f1xx_hal_pcd.c ****   {
 815:Drivers/STM32F1xx_HAL_Driver/Src/stm32f1xx_hal_pcd.c ****     hpcd->ISOINIncompleteCallback = HAL_PCD_ISOINIncompleteCallback; /* Legacy weak ISOINIncomplete
 816:Drivers/STM32F1xx_HAL_Driver/Src/stm32f1xx_hal_pcd.c ****   }
 817:Drivers/STM32F1xx_HAL_Driver/Src/stm32f1xx_hal_pcd.c ****   else
 818:Drivers/STM32F1xx_HAL_Driver/Src/stm32f1xx_hal_pcd.c ****   {
 819:Drivers/STM32F1xx_HAL_Driver/Src/stm32f1xx_hal_pcd.c ****     /* Update the error code */
 820:Drivers/STM32F1xx_HAL_Driver/Src/stm32f1xx_hal_pcd.c ****     hpcd->ErrorCode |= HAL_PCD_ERROR_INVALID_CALLBACK;
 821:Drivers/STM32F1xx_HAL_Driver/Src/stm32f1xx_hal_pcd.c **** 
 822:Drivers/STM32F1xx_HAL_Driver/Src/stm32f1xx_hal_pcd.c ****     /* Return error status */
 823:Drivers/STM32F1xx_HAL_Driver/Src/stm32f1xx_hal_pcd.c ****     status =  HAL_ERROR;
 824:Drivers/STM32F1xx_HAL_Driver/Src/stm32f1xx_hal_pcd.c ****   }
 825:Drivers/STM32F1xx_HAL_Driver/Src/stm32f1xx_hal_pcd.c **** 
 826:Drivers/STM32F1xx_HAL_Driver/Src/stm32f1xx_hal_pcd.c ****   /* Release Lock */
 827:Drivers/STM32F1xx_HAL_Driver/Src/stm32f1xx_hal_pcd.c ****   __HAL_UNLOCK(hpcd);
 828:Drivers/STM32F1xx_HAL_Driver/Src/stm32f1xx_hal_pcd.c **** 
 829:Drivers/STM32F1xx_HAL_Driver/Src/stm32f1xx_hal_pcd.c ****   return status;
 830:Drivers/STM32F1xx_HAL_Driver/Src/stm32f1xx_hal_pcd.c **** }
ARM GAS  /tmp/ccdzNYOe.s 			page 16


 831:Drivers/STM32F1xx_HAL_Driver/Src/stm32f1xx_hal_pcd.c **** 
 832:Drivers/STM32F1xx_HAL_Driver/Src/stm32f1xx_hal_pcd.c **** #endif /* USE_HAL_PCD_REGISTER_CALLBACKS */
 833:Drivers/STM32F1xx_HAL_Driver/Src/stm32f1xx_hal_pcd.c **** 
 834:Drivers/STM32F1xx_HAL_Driver/Src/stm32f1xx_hal_pcd.c **** /**
 835:Drivers/STM32F1xx_HAL_Driver/Src/stm32f1xx_hal_pcd.c ****   * @}
 836:Drivers/STM32F1xx_HAL_Driver/Src/stm32f1xx_hal_pcd.c ****   */
 837:Drivers/STM32F1xx_HAL_Driver/Src/stm32f1xx_hal_pcd.c **** 
 838:Drivers/STM32F1xx_HAL_Driver/Src/stm32f1xx_hal_pcd.c **** /** @defgroup PCD_Exported_Functions_Group2 Input and Output operation functions
 839:Drivers/STM32F1xx_HAL_Driver/Src/stm32f1xx_hal_pcd.c ****   *  @brief   Data transfers functions
 840:Drivers/STM32F1xx_HAL_Driver/Src/stm32f1xx_hal_pcd.c ****   *
 841:Drivers/STM32F1xx_HAL_Driver/Src/stm32f1xx_hal_pcd.c **** @verbatim
 842:Drivers/STM32F1xx_HAL_Driver/Src/stm32f1xx_hal_pcd.c ****  ===============================================================================
 843:Drivers/STM32F1xx_HAL_Driver/Src/stm32f1xx_hal_pcd.c ****                       ##### IO operation functions #####
 844:Drivers/STM32F1xx_HAL_Driver/Src/stm32f1xx_hal_pcd.c ****  ===============================================================================
 845:Drivers/STM32F1xx_HAL_Driver/Src/stm32f1xx_hal_pcd.c ****     [..]
 846:Drivers/STM32F1xx_HAL_Driver/Src/stm32f1xx_hal_pcd.c ****     This subsection provides a set of functions allowing to manage the PCD data
 847:Drivers/STM32F1xx_HAL_Driver/Src/stm32f1xx_hal_pcd.c ****     transfers.
 848:Drivers/STM32F1xx_HAL_Driver/Src/stm32f1xx_hal_pcd.c **** 
 849:Drivers/STM32F1xx_HAL_Driver/Src/stm32f1xx_hal_pcd.c **** @endverbatim
 850:Drivers/STM32F1xx_HAL_Driver/Src/stm32f1xx_hal_pcd.c ****   * @{
 851:Drivers/STM32F1xx_HAL_Driver/Src/stm32f1xx_hal_pcd.c ****   */
 852:Drivers/STM32F1xx_HAL_Driver/Src/stm32f1xx_hal_pcd.c **** 
 853:Drivers/STM32F1xx_HAL_Driver/Src/stm32f1xx_hal_pcd.c **** /**
 854:Drivers/STM32F1xx_HAL_Driver/Src/stm32f1xx_hal_pcd.c ****   * @brief  Start the USB device
 855:Drivers/STM32F1xx_HAL_Driver/Src/stm32f1xx_hal_pcd.c ****   * @param  hpcd PCD handle
 856:Drivers/STM32F1xx_HAL_Driver/Src/stm32f1xx_hal_pcd.c ****   * @retval HAL status
 857:Drivers/STM32F1xx_HAL_Driver/Src/stm32f1xx_hal_pcd.c ****   */
 858:Drivers/STM32F1xx_HAL_Driver/Src/stm32f1xx_hal_pcd.c **** HAL_StatusTypeDef HAL_PCD_Start(PCD_HandleTypeDef *hpcd)
 859:Drivers/STM32F1xx_HAL_Driver/Src/stm32f1xx_hal_pcd.c **** {
 860:Drivers/STM32F1xx_HAL_Driver/Src/stm32f1xx_hal_pcd.c ****   __HAL_LOCK(hpcd);
 861:Drivers/STM32F1xx_HAL_Driver/Src/stm32f1xx_hal_pcd.c ****   __HAL_PCD_ENABLE(hpcd);
 862:Drivers/STM32F1xx_HAL_Driver/Src/stm32f1xx_hal_pcd.c **** 
 863:Drivers/STM32F1xx_HAL_Driver/Src/stm32f1xx_hal_pcd.c **** #if defined (USB)
 864:Drivers/STM32F1xx_HAL_Driver/Src/stm32f1xx_hal_pcd.c ****   HAL_PCDEx_SetConnectionState(hpcd, 1U);
 865:Drivers/STM32F1xx_HAL_Driver/Src/stm32f1xx_hal_pcd.c **** #endif /* defined (USB) */
 866:Drivers/STM32F1xx_HAL_Driver/Src/stm32f1xx_hal_pcd.c **** 
 867:Drivers/STM32F1xx_HAL_Driver/Src/stm32f1xx_hal_pcd.c ****   (void)USB_DevConnect(hpcd->Instance);
 868:Drivers/STM32F1xx_HAL_Driver/Src/stm32f1xx_hal_pcd.c ****   __HAL_UNLOCK(hpcd);
 869:Drivers/STM32F1xx_HAL_Driver/Src/stm32f1xx_hal_pcd.c **** 
 870:Drivers/STM32F1xx_HAL_Driver/Src/stm32f1xx_hal_pcd.c ****   return HAL_OK;
 871:Drivers/STM32F1xx_HAL_Driver/Src/stm32f1xx_hal_pcd.c **** }
 872:Drivers/STM32F1xx_HAL_Driver/Src/stm32f1xx_hal_pcd.c **** 
 873:Drivers/STM32F1xx_HAL_Driver/Src/stm32f1xx_hal_pcd.c **** /**
 874:Drivers/STM32F1xx_HAL_Driver/Src/stm32f1xx_hal_pcd.c ****   * @brief  Stop the USB device.
 875:Drivers/STM32F1xx_HAL_Driver/Src/stm32f1xx_hal_pcd.c ****   * @param  hpcd PCD handle
 876:Drivers/STM32F1xx_HAL_Driver/Src/stm32f1xx_hal_pcd.c ****   * @retval HAL status
 877:Drivers/STM32F1xx_HAL_Driver/Src/stm32f1xx_hal_pcd.c ****   */
 878:Drivers/STM32F1xx_HAL_Driver/Src/stm32f1xx_hal_pcd.c **** HAL_StatusTypeDef HAL_PCD_Stop(PCD_HandleTypeDef *hpcd)
 879:Drivers/STM32F1xx_HAL_Driver/Src/stm32f1xx_hal_pcd.c **** {
 880:Drivers/STM32F1xx_HAL_Driver/Src/stm32f1xx_hal_pcd.c ****   __HAL_LOCK(hpcd);
 881:Drivers/STM32F1xx_HAL_Driver/Src/stm32f1xx_hal_pcd.c ****   __HAL_PCD_DISABLE(hpcd);
 882:Drivers/STM32F1xx_HAL_Driver/Src/stm32f1xx_hal_pcd.c **** 
 883:Drivers/STM32F1xx_HAL_Driver/Src/stm32f1xx_hal_pcd.c **** #if defined (USB)
 884:Drivers/STM32F1xx_HAL_Driver/Src/stm32f1xx_hal_pcd.c ****   HAL_PCDEx_SetConnectionState(hpcd, 0U);
 885:Drivers/STM32F1xx_HAL_Driver/Src/stm32f1xx_hal_pcd.c **** #endif /* defined (USB) */
 886:Drivers/STM32F1xx_HAL_Driver/Src/stm32f1xx_hal_pcd.c **** 
 887:Drivers/STM32F1xx_HAL_Driver/Src/stm32f1xx_hal_pcd.c ****   (void)USB_DevDisconnect(hpcd->Instance);
ARM GAS  /tmp/ccdzNYOe.s 			page 17


 888:Drivers/STM32F1xx_HAL_Driver/Src/stm32f1xx_hal_pcd.c **** 
 889:Drivers/STM32F1xx_HAL_Driver/Src/stm32f1xx_hal_pcd.c **** #if defined (USB_OTG_FS)
 890:Drivers/STM32F1xx_HAL_Driver/Src/stm32f1xx_hal_pcd.c ****   (void)USB_FlushTxFifo(hpcd->Instance, 0x10U);
 891:Drivers/STM32F1xx_HAL_Driver/Src/stm32f1xx_hal_pcd.c **** #endif /* defined (USB_OTG_FS) */
 892:Drivers/STM32F1xx_HAL_Driver/Src/stm32f1xx_hal_pcd.c **** 
 893:Drivers/STM32F1xx_HAL_Driver/Src/stm32f1xx_hal_pcd.c ****   __HAL_UNLOCK(hpcd);
 894:Drivers/STM32F1xx_HAL_Driver/Src/stm32f1xx_hal_pcd.c **** 
 895:Drivers/STM32F1xx_HAL_Driver/Src/stm32f1xx_hal_pcd.c ****   return HAL_OK;
 896:Drivers/STM32F1xx_HAL_Driver/Src/stm32f1xx_hal_pcd.c **** }
 897:Drivers/STM32F1xx_HAL_Driver/Src/stm32f1xx_hal_pcd.c **** 
 898:Drivers/STM32F1xx_HAL_Driver/Src/stm32f1xx_hal_pcd.c **** #if defined (USB_OTG_FS)
 899:Drivers/STM32F1xx_HAL_Driver/Src/stm32f1xx_hal_pcd.c **** /**
 900:Drivers/STM32F1xx_HAL_Driver/Src/stm32f1xx_hal_pcd.c ****   * @brief  Handles PCD interrupt request.
 901:Drivers/STM32F1xx_HAL_Driver/Src/stm32f1xx_hal_pcd.c ****   * @param  hpcd PCD handle
 902:Drivers/STM32F1xx_HAL_Driver/Src/stm32f1xx_hal_pcd.c ****   * @retval HAL status
 903:Drivers/STM32F1xx_HAL_Driver/Src/stm32f1xx_hal_pcd.c ****   */
 904:Drivers/STM32F1xx_HAL_Driver/Src/stm32f1xx_hal_pcd.c **** void HAL_PCD_IRQHandler(PCD_HandleTypeDef *hpcd)
 905:Drivers/STM32F1xx_HAL_Driver/Src/stm32f1xx_hal_pcd.c **** {
 906:Drivers/STM32F1xx_HAL_Driver/Src/stm32f1xx_hal_pcd.c ****   USB_OTG_GlobalTypeDef *USBx = hpcd->Instance;
 907:Drivers/STM32F1xx_HAL_Driver/Src/stm32f1xx_hal_pcd.c ****   uint32_t USBx_BASE = (uint32_t)USBx;
 908:Drivers/STM32F1xx_HAL_Driver/Src/stm32f1xx_hal_pcd.c ****   USB_OTG_EPTypeDef *ep;
 909:Drivers/STM32F1xx_HAL_Driver/Src/stm32f1xx_hal_pcd.c ****   uint32_t i;
 910:Drivers/STM32F1xx_HAL_Driver/Src/stm32f1xx_hal_pcd.c ****   uint32_t ep_intr;
 911:Drivers/STM32F1xx_HAL_Driver/Src/stm32f1xx_hal_pcd.c ****   uint32_t epint;
 912:Drivers/STM32F1xx_HAL_Driver/Src/stm32f1xx_hal_pcd.c ****   uint32_t epnum;
 913:Drivers/STM32F1xx_HAL_Driver/Src/stm32f1xx_hal_pcd.c ****   uint32_t fifoemptymsk;
 914:Drivers/STM32F1xx_HAL_Driver/Src/stm32f1xx_hal_pcd.c ****   uint32_t temp;
 915:Drivers/STM32F1xx_HAL_Driver/Src/stm32f1xx_hal_pcd.c **** 
 916:Drivers/STM32F1xx_HAL_Driver/Src/stm32f1xx_hal_pcd.c ****   /* ensure that we are in device mode */
 917:Drivers/STM32F1xx_HAL_Driver/Src/stm32f1xx_hal_pcd.c ****   if (USB_GetMode(hpcd->Instance) == USB_OTG_MODE_DEVICE)
 918:Drivers/STM32F1xx_HAL_Driver/Src/stm32f1xx_hal_pcd.c ****   {
 919:Drivers/STM32F1xx_HAL_Driver/Src/stm32f1xx_hal_pcd.c ****     /* avoid spurious interrupt */
 920:Drivers/STM32F1xx_HAL_Driver/Src/stm32f1xx_hal_pcd.c ****     if (__HAL_PCD_IS_INVALID_INTERRUPT(hpcd))
 921:Drivers/STM32F1xx_HAL_Driver/Src/stm32f1xx_hal_pcd.c ****     {
 922:Drivers/STM32F1xx_HAL_Driver/Src/stm32f1xx_hal_pcd.c ****       return;
 923:Drivers/STM32F1xx_HAL_Driver/Src/stm32f1xx_hal_pcd.c ****     }
 924:Drivers/STM32F1xx_HAL_Driver/Src/stm32f1xx_hal_pcd.c **** 
 925:Drivers/STM32F1xx_HAL_Driver/Src/stm32f1xx_hal_pcd.c ****     if (__HAL_PCD_GET_FLAG(hpcd, USB_OTG_GINTSTS_MMIS))
 926:Drivers/STM32F1xx_HAL_Driver/Src/stm32f1xx_hal_pcd.c ****     {
 927:Drivers/STM32F1xx_HAL_Driver/Src/stm32f1xx_hal_pcd.c ****       /* incorrect mode, acknowledge the interrupt */
 928:Drivers/STM32F1xx_HAL_Driver/Src/stm32f1xx_hal_pcd.c ****       __HAL_PCD_CLEAR_FLAG(hpcd, USB_OTG_GINTSTS_MMIS);
 929:Drivers/STM32F1xx_HAL_Driver/Src/stm32f1xx_hal_pcd.c ****     }
 930:Drivers/STM32F1xx_HAL_Driver/Src/stm32f1xx_hal_pcd.c **** 
 931:Drivers/STM32F1xx_HAL_Driver/Src/stm32f1xx_hal_pcd.c ****     /* Handle RxQLevel Interrupt */
 932:Drivers/STM32F1xx_HAL_Driver/Src/stm32f1xx_hal_pcd.c ****     if (__HAL_PCD_GET_FLAG(hpcd, USB_OTG_GINTSTS_RXFLVL))
 933:Drivers/STM32F1xx_HAL_Driver/Src/stm32f1xx_hal_pcd.c ****     {
 934:Drivers/STM32F1xx_HAL_Driver/Src/stm32f1xx_hal_pcd.c ****       USB_MASK_INTERRUPT(hpcd->Instance, USB_OTG_GINTSTS_RXFLVL);
 935:Drivers/STM32F1xx_HAL_Driver/Src/stm32f1xx_hal_pcd.c **** 
 936:Drivers/STM32F1xx_HAL_Driver/Src/stm32f1xx_hal_pcd.c ****       temp = USBx->GRXSTSP;
 937:Drivers/STM32F1xx_HAL_Driver/Src/stm32f1xx_hal_pcd.c **** 
 938:Drivers/STM32F1xx_HAL_Driver/Src/stm32f1xx_hal_pcd.c ****       ep = &hpcd->OUT_ep[temp & USB_OTG_GRXSTSP_EPNUM];
 939:Drivers/STM32F1xx_HAL_Driver/Src/stm32f1xx_hal_pcd.c **** 
 940:Drivers/STM32F1xx_HAL_Driver/Src/stm32f1xx_hal_pcd.c ****       if (((temp & USB_OTG_GRXSTSP_PKTSTS) >> 17) ==  STS_DATA_UPDT)
 941:Drivers/STM32F1xx_HAL_Driver/Src/stm32f1xx_hal_pcd.c ****       {
 942:Drivers/STM32F1xx_HAL_Driver/Src/stm32f1xx_hal_pcd.c ****         if ((temp & USB_OTG_GRXSTSP_BCNT) != 0U)
 943:Drivers/STM32F1xx_HAL_Driver/Src/stm32f1xx_hal_pcd.c ****         {
 944:Drivers/STM32F1xx_HAL_Driver/Src/stm32f1xx_hal_pcd.c ****           (void)USB_ReadPacket(USBx, ep->xfer_buff,
ARM GAS  /tmp/ccdzNYOe.s 			page 18


 945:Drivers/STM32F1xx_HAL_Driver/Src/stm32f1xx_hal_pcd.c ****                                (uint16_t)((temp & USB_OTG_GRXSTSP_BCNT) >> 4));
 946:Drivers/STM32F1xx_HAL_Driver/Src/stm32f1xx_hal_pcd.c **** 
 947:Drivers/STM32F1xx_HAL_Driver/Src/stm32f1xx_hal_pcd.c ****           ep->xfer_buff += (temp & USB_OTG_GRXSTSP_BCNT) >> 4;
 948:Drivers/STM32F1xx_HAL_Driver/Src/stm32f1xx_hal_pcd.c ****           ep->xfer_count += (temp & USB_OTG_GRXSTSP_BCNT) >> 4;
 949:Drivers/STM32F1xx_HAL_Driver/Src/stm32f1xx_hal_pcd.c ****         }
 950:Drivers/STM32F1xx_HAL_Driver/Src/stm32f1xx_hal_pcd.c ****       }
 951:Drivers/STM32F1xx_HAL_Driver/Src/stm32f1xx_hal_pcd.c ****       else if (((temp & USB_OTG_GRXSTSP_PKTSTS) >> 17) ==  STS_SETUP_UPDT)
 952:Drivers/STM32F1xx_HAL_Driver/Src/stm32f1xx_hal_pcd.c ****       {
 953:Drivers/STM32F1xx_HAL_Driver/Src/stm32f1xx_hal_pcd.c ****         (void)USB_ReadPacket(USBx, (uint8_t *)hpcd->Setup, 8U);
 954:Drivers/STM32F1xx_HAL_Driver/Src/stm32f1xx_hal_pcd.c ****         ep->xfer_count += (temp & USB_OTG_GRXSTSP_BCNT) >> 4;
 955:Drivers/STM32F1xx_HAL_Driver/Src/stm32f1xx_hal_pcd.c ****       }
 956:Drivers/STM32F1xx_HAL_Driver/Src/stm32f1xx_hal_pcd.c ****       else
 957:Drivers/STM32F1xx_HAL_Driver/Src/stm32f1xx_hal_pcd.c ****       {
 958:Drivers/STM32F1xx_HAL_Driver/Src/stm32f1xx_hal_pcd.c ****         /* ... */
 959:Drivers/STM32F1xx_HAL_Driver/Src/stm32f1xx_hal_pcd.c ****       }
 960:Drivers/STM32F1xx_HAL_Driver/Src/stm32f1xx_hal_pcd.c ****       USB_UNMASK_INTERRUPT(hpcd->Instance, USB_OTG_GINTSTS_RXFLVL);
 961:Drivers/STM32F1xx_HAL_Driver/Src/stm32f1xx_hal_pcd.c ****     }
 962:Drivers/STM32F1xx_HAL_Driver/Src/stm32f1xx_hal_pcd.c **** 
 963:Drivers/STM32F1xx_HAL_Driver/Src/stm32f1xx_hal_pcd.c ****     if (__HAL_PCD_GET_FLAG(hpcd, USB_OTG_GINTSTS_OEPINT))
 964:Drivers/STM32F1xx_HAL_Driver/Src/stm32f1xx_hal_pcd.c ****     {
 965:Drivers/STM32F1xx_HAL_Driver/Src/stm32f1xx_hal_pcd.c ****       epnum = 0U;
 966:Drivers/STM32F1xx_HAL_Driver/Src/stm32f1xx_hal_pcd.c **** 
 967:Drivers/STM32F1xx_HAL_Driver/Src/stm32f1xx_hal_pcd.c ****       /* Read in the device interrupt bits */
 968:Drivers/STM32F1xx_HAL_Driver/Src/stm32f1xx_hal_pcd.c ****       ep_intr = USB_ReadDevAllOutEpInterrupt(hpcd->Instance);
 969:Drivers/STM32F1xx_HAL_Driver/Src/stm32f1xx_hal_pcd.c **** 
 970:Drivers/STM32F1xx_HAL_Driver/Src/stm32f1xx_hal_pcd.c ****       while (ep_intr != 0U)
 971:Drivers/STM32F1xx_HAL_Driver/Src/stm32f1xx_hal_pcd.c ****       {
 972:Drivers/STM32F1xx_HAL_Driver/Src/stm32f1xx_hal_pcd.c ****         if ((ep_intr & 0x1U) != 0U)
 973:Drivers/STM32F1xx_HAL_Driver/Src/stm32f1xx_hal_pcd.c ****         {
 974:Drivers/STM32F1xx_HAL_Driver/Src/stm32f1xx_hal_pcd.c ****           epint = USB_ReadDevOutEPInterrupt(hpcd->Instance, (uint8_t)epnum);
 975:Drivers/STM32F1xx_HAL_Driver/Src/stm32f1xx_hal_pcd.c **** 
 976:Drivers/STM32F1xx_HAL_Driver/Src/stm32f1xx_hal_pcd.c ****           if ((epint & USB_OTG_DOEPINT_XFRC) == USB_OTG_DOEPINT_XFRC)
 977:Drivers/STM32F1xx_HAL_Driver/Src/stm32f1xx_hal_pcd.c ****           {
 978:Drivers/STM32F1xx_HAL_Driver/Src/stm32f1xx_hal_pcd.c ****             CLEAR_OUT_EP_INTR(epnum, USB_OTG_DOEPINT_XFRC);
 979:Drivers/STM32F1xx_HAL_Driver/Src/stm32f1xx_hal_pcd.c ****             (void)PCD_EP_OutXfrComplete_int(hpcd, epnum);
 980:Drivers/STM32F1xx_HAL_Driver/Src/stm32f1xx_hal_pcd.c ****           }
 981:Drivers/STM32F1xx_HAL_Driver/Src/stm32f1xx_hal_pcd.c **** 
 982:Drivers/STM32F1xx_HAL_Driver/Src/stm32f1xx_hal_pcd.c ****           if ((epint & USB_OTG_DOEPINT_STUP) == USB_OTG_DOEPINT_STUP)
 983:Drivers/STM32F1xx_HAL_Driver/Src/stm32f1xx_hal_pcd.c ****           {
 984:Drivers/STM32F1xx_HAL_Driver/Src/stm32f1xx_hal_pcd.c ****             CLEAR_OUT_EP_INTR(epnum, USB_OTG_DOEPINT_STUP);
 985:Drivers/STM32F1xx_HAL_Driver/Src/stm32f1xx_hal_pcd.c ****             /* Class B setup phase done for previous decoded setup */
 986:Drivers/STM32F1xx_HAL_Driver/Src/stm32f1xx_hal_pcd.c ****             (void)PCD_EP_OutSetupPacket_int(hpcd, epnum);
 987:Drivers/STM32F1xx_HAL_Driver/Src/stm32f1xx_hal_pcd.c ****           }
 988:Drivers/STM32F1xx_HAL_Driver/Src/stm32f1xx_hal_pcd.c **** 
 989:Drivers/STM32F1xx_HAL_Driver/Src/stm32f1xx_hal_pcd.c ****           if ((epint & USB_OTG_DOEPINT_OTEPDIS) == USB_OTG_DOEPINT_OTEPDIS)
 990:Drivers/STM32F1xx_HAL_Driver/Src/stm32f1xx_hal_pcd.c ****           {
 991:Drivers/STM32F1xx_HAL_Driver/Src/stm32f1xx_hal_pcd.c ****             CLEAR_OUT_EP_INTR(epnum, USB_OTG_DOEPINT_OTEPDIS);
 992:Drivers/STM32F1xx_HAL_Driver/Src/stm32f1xx_hal_pcd.c ****           }
 993:Drivers/STM32F1xx_HAL_Driver/Src/stm32f1xx_hal_pcd.c **** 
 994:Drivers/STM32F1xx_HAL_Driver/Src/stm32f1xx_hal_pcd.c ****           /* Clear Status Phase Received interrupt */
 995:Drivers/STM32F1xx_HAL_Driver/Src/stm32f1xx_hal_pcd.c ****           if ((epint & USB_OTG_DOEPINT_OTEPSPR) == USB_OTG_DOEPINT_OTEPSPR)
 996:Drivers/STM32F1xx_HAL_Driver/Src/stm32f1xx_hal_pcd.c ****           {
 997:Drivers/STM32F1xx_HAL_Driver/Src/stm32f1xx_hal_pcd.c ****             CLEAR_OUT_EP_INTR(epnum, USB_OTG_DOEPINT_OTEPSPR);
 998:Drivers/STM32F1xx_HAL_Driver/Src/stm32f1xx_hal_pcd.c ****           }
 999:Drivers/STM32F1xx_HAL_Driver/Src/stm32f1xx_hal_pcd.c **** 
1000:Drivers/STM32F1xx_HAL_Driver/Src/stm32f1xx_hal_pcd.c ****           /* Clear OUT NAK interrupt */
1001:Drivers/STM32F1xx_HAL_Driver/Src/stm32f1xx_hal_pcd.c ****           if ((epint & USB_OTG_DOEPINT_NAK) == USB_OTG_DOEPINT_NAK)
ARM GAS  /tmp/ccdzNYOe.s 			page 19


1002:Drivers/STM32F1xx_HAL_Driver/Src/stm32f1xx_hal_pcd.c ****           {
1003:Drivers/STM32F1xx_HAL_Driver/Src/stm32f1xx_hal_pcd.c ****             CLEAR_OUT_EP_INTR(epnum, USB_OTG_DOEPINT_NAK);
1004:Drivers/STM32F1xx_HAL_Driver/Src/stm32f1xx_hal_pcd.c ****           }
1005:Drivers/STM32F1xx_HAL_Driver/Src/stm32f1xx_hal_pcd.c ****         }
1006:Drivers/STM32F1xx_HAL_Driver/Src/stm32f1xx_hal_pcd.c ****         epnum++;
1007:Drivers/STM32F1xx_HAL_Driver/Src/stm32f1xx_hal_pcd.c ****         ep_intr >>= 1U;
1008:Drivers/STM32F1xx_HAL_Driver/Src/stm32f1xx_hal_pcd.c ****       }
1009:Drivers/STM32F1xx_HAL_Driver/Src/stm32f1xx_hal_pcd.c ****     }
1010:Drivers/STM32F1xx_HAL_Driver/Src/stm32f1xx_hal_pcd.c **** 
1011:Drivers/STM32F1xx_HAL_Driver/Src/stm32f1xx_hal_pcd.c ****     if (__HAL_PCD_GET_FLAG(hpcd, USB_OTG_GINTSTS_IEPINT))
1012:Drivers/STM32F1xx_HAL_Driver/Src/stm32f1xx_hal_pcd.c ****     {
1013:Drivers/STM32F1xx_HAL_Driver/Src/stm32f1xx_hal_pcd.c ****       /* Read in the device interrupt bits */
1014:Drivers/STM32F1xx_HAL_Driver/Src/stm32f1xx_hal_pcd.c ****       ep_intr = USB_ReadDevAllInEpInterrupt(hpcd->Instance);
1015:Drivers/STM32F1xx_HAL_Driver/Src/stm32f1xx_hal_pcd.c **** 
1016:Drivers/STM32F1xx_HAL_Driver/Src/stm32f1xx_hal_pcd.c ****       epnum = 0U;
1017:Drivers/STM32F1xx_HAL_Driver/Src/stm32f1xx_hal_pcd.c **** 
1018:Drivers/STM32F1xx_HAL_Driver/Src/stm32f1xx_hal_pcd.c ****       while (ep_intr != 0U)
1019:Drivers/STM32F1xx_HAL_Driver/Src/stm32f1xx_hal_pcd.c ****       {
1020:Drivers/STM32F1xx_HAL_Driver/Src/stm32f1xx_hal_pcd.c ****         if ((ep_intr & 0x1U) != 0U) /* In ITR */
1021:Drivers/STM32F1xx_HAL_Driver/Src/stm32f1xx_hal_pcd.c ****         {
1022:Drivers/STM32F1xx_HAL_Driver/Src/stm32f1xx_hal_pcd.c ****           epint = USB_ReadDevInEPInterrupt(hpcd->Instance, (uint8_t)epnum);
1023:Drivers/STM32F1xx_HAL_Driver/Src/stm32f1xx_hal_pcd.c **** 
1024:Drivers/STM32F1xx_HAL_Driver/Src/stm32f1xx_hal_pcd.c ****           if ((epint & USB_OTG_DIEPINT_XFRC) == USB_OTG_DIEPINT_XFRC)
1025:Drivers/STM32F1xx_HAL_Driver/Src/stm32f1xx_hal_pcd.c ****           {
1026:Drivers/STM32F1xx_HAL_Driver/Src/stm32f1xx_hal_pcd.c ****             fifoemptymsk = (uint32_t)(0x1UL << (epnum & EP_ADDR_MSK));
1027:Drivers/STM32F1xx_HAL_Driver/Src/stm32f1xx_hal_pcd.c ****             USBx_DEVICE->DIEPEMPMSK &= ~fifoemptymsk;
1028:Drivers/STM32F1xx_HAL_Driver/Src/stm32f1xx_hal_pcd.c **** 
1029:Drivers/STM32F1xx_HAL_Driver/Src/stm32f1xx_hal_pcd.c ****             CLEAR_IN_EP_INTR(epnum, USB_OTG_DIEPINT_XFRC);
1030:Drivers/STM32F1xx_HAL_Driver/Src/stm32f1xx_hal_pcd.c **** 
1031:Drivers/STM32F1xx_HAL_Driver/Src/stm32f1xx_hal_pcd.c **** #if (USE_HAL_PCD_REGISTER_CALLBACKS == 1U)
1032:Drivers/STM32F1xx_HAL_Driver/Src/stm32f1xx_hal_pcd.c ****             hpcd->DataInStageCallback(hpcd, (uint8_t)epnum);
1033:Drivers/STM32F1xx_HAL_Driver/Src/stm32f1xx_hal_pcd.c **** #else
1034:Drivers/STM32F1xx_HAL_Driver/Src/stm32f1xx_hal_pcd.c ****             HAL_PCD_DataInStageCallback(hpcd, (uint8_t)epnum);
1035:Drivers/STM32F1xx_HAL_Driver/Src/stm32f1xx_hal_pcd.c **** #endif /* USE_HAL_PCD_REGISTER_CALLBACKS */
1036:Drivers/STM32F1xx_HAL_Driver/Src/stm32f1xx_hal_pcd.c ****           }
1037:Drivers/STM32F1xx_HAL_Driver/Src/stm32f1xx_hal_pcd.c ****           if ((epint & USB_OTG_DIEPINT_TOC) == USB_OTG_DIEPINT_TOC)
1038:Drivers/STM32F1xx_HAL_Driver/Src/stm32f1xx_hal_pcd.c ****           {
1039:Drivers/STM32F1xx_HAL_Driver/Src/stm32f1xx_hal_pcd.c ****             CLEAR_IN_EP_INTR(epnum, USB_OTG_DIEPINT_TOC);
1040:Drivers/STM32F1xx_HAL_Driver/Src/stm32f1xx_hal_pcd.c ****           }
1041:Drivers/STM32F1xx_HAL_Driver/Src/stm32f1xx_hal_pcd.c ****           if ((epint & USB_OTG_DIEPINT_ITTXFE) == USB_OTG_DIEPINT_ITTXFE)
1042:Drivers/STM32F1xx_HAL_Driver/Src/stm32f1xx_hal_pcd.c ****           {
1043:Drivers/STM32F1xx_HAL_Driver/Src/stm32f1xx_hal_pcd.c ****             CLEAR_IN_EP_INTR(epnum, USB_OTG_DIEPINT_ITTXFE);
1044:Drivers/STM32F1xx_HAL_Driver/Src/stm32f1xx_hal_pcd.c ****           }
1045:Drivers/STM32F1xx_HAL_Driver/Src/stm32f1xx_hal_pcd.c ****           if ((epint & USB_OTG_DIEPINT_INEPNE) == USB_OTG_DIEPINT_INEPNE)
1046:Drivers/STM32F1xx_HAL_Driver/Src/stm32f1xx_hal_pcd.c ****           {
1047:Drivers/STM32F1xx_HAL_Driver/Src/stm32f1xx_hal_pcd.c ****             CLEAR_IN_EP_INTR(epnum, USB_OTG_DIEPINT_INEPNE);
1048:Drivers/STM32F1xx_HAL_Driver/Src/stm32f1xx_hal_pcd.c ****           }
1049:Drivers/STM32F1xx_HAL_Driver/Src/stm32f1xx_hal_pcd.c ****           if ((epint & USB_OTG_DIEPINT_EPDISD) == USB_OTG_DIEPINT_EPDISD)
1050:Drivers/STM32F1xx_HAL_Driver/Src/stm32f1xx_hal_pcd.c ****           {
1051:Drivers/STM32F1xx_HAL_Driver/Src/stm32f1xx_hal_pcd.c ****             CLEAR_IN_EP_INTR(epnum, USB_OTG_DIEPINT_EPDISD);
1052:Drivers/STM32F1xx_HAL_Driver/Src/stm32f1xx_hal_pcd.c ****           }
1053:Drivers/STM32F1xx_HAL_Driver/Src/stm32f1xx_hal_pcd.c ****           if ((epint & USB_OTG_DIEPINT_TXFE) == USB_OTG_DIEPINT_TXFE)
1054:Drivers/STM32F1xx_HAL_Driver/Src/stm32f1xx_hal_pcd.c ****           {
1055:Drivers/STM32F1xx_HAL_Driver/Src/stm32f1xx_hal_pcd.c ****             (void)PCD_WriteEmptyTxFifo(hpcd, epnum);
1056:Drivers/STM32F1xx_HAL_Driver/Src/stm32f1xx_hal_pcd.c ****           }
1057:Drivers/STM32F1xx_HAL_Driver/Src/stm32f1xx_hal_pcd.c ****         }
1058:Drivers/STM32F1xx_HAL_Driver/Src/stm32f1xx_hal_pcd.c ****         epnum++;
ARM GAS  /tmp/ccdzNYOe.s 			page 20


1059:Drivers/STM32F1xx_HAL_Driver/Src/stm32f1xx_hal_pcd.c ****         ep_intr >>= 1U;
1060:Drivers/STM32F1xx_HAL_Driver/Src/stm32f1xx_hal_pcd.c ****       }
1061:Drivers/STM32F1xx_HAL_Driver/Src/stm32f1xx_hal_pcd.c ****     }
1062:Drivers/STM32F1xx_HAL_Driver/Src/stm32f1xx_hal_pcd.c **** 
1063:Drivers/STM32F1xx_HAL_Driver/Src/stm32f1xx_hal_pcd.c ****     /* Handle Resume Interrupt */
1064:Drivers/STM32F1xx_HAL_Driver/Src/stm32f1xx_hal_pcd.c ****     if (__HAL_PCD_GET_FLAG(hpcd, USB_OTG_GINTSTS_WKUINT))
1065:Drivers/STM32F1xx_HAL_Driver/Src/stm32f1xx_hal_pcd.c ****     {
1066:Drivers/STM32F1xx_HAL_Driver/Src/stm32f1xx_hal_pcd.c ****       /* Clear the Remote Wake-up Signaling */
1067:Drivers/STM32F1xx_HAL_Driver/Src/stm32f1xx_hal_pcd.c ****       USBx_DEVICE->DCTL &= ~USB_OTG_DCTL_RWUSIG;
1068:Drivers/STM32F1xx_HAL_Driver/Src/stm32f1xx_hal_pcd.c **** 
1069:Drivers/STM32F1xx_HAL_Driver/Src/stm32f1xx_hal_pcd.c **** #if (USE_HAL_PCD_REGISTER_CALLBACKS == 1U)
1070:Drivers/STM32F1xx_HAL_Driver/Src/stm32f1xx_hal_pcd.c ****       hpcd->ResumeCallback(hpcd);
1071:Drivers/STM32F1xx_HAL_Driver/Src/stm32f1xx_hal_pcd.c **** #else
1072:Drivers/STM32F1xx_HAL_Driver/Src/stm32f1xx_hal_pcd.c ****       HAL_PCD_ResumeCallback(hpcd);
1073:Drivers/STM32F1xx_HAL_Driver/Src/stm32f1xx_hal_pcd.c **** #endif /* USE_HAL_PCD_REGISTER_CALLBACKS */
1074:Drivers/STM32F1xx_HAL_Driver/Src/stm32f1xx_hal_pcd.c **** 
1075:Drivers/STM32F1xx_HAL_Driver/Src/stm32f1xx_hal_pcd.c ****       __HAL_PCD_CLEAR_FLAG(hpcd, USB_OTG_GINTSTS_WKUINT);
1076:Drivers/STM32F1xx_HAL_Driver/Src/stm32f1xx_hal_pcd.c ****     }
1077:Drivers/STM32F1xx_HAL_Driver/Src/stm32f1xx_hal_pcd.c **** 
1078:Drivers/STM32F1xx_HAL_Driver/Src/stm32f1xx_hal_pcd.c ****     /* Handle Suspend Interrupt */
1079:Drivers/STM32F1xx_HAL_Driver/Src/stm32f1xx_hal_pcd.c ****     if (__HAL_PCD_GET_FLAG(hpcd, USB_OTG_GINTSTS_USBSUSP))
1080:Drivers/STM32F1xx_HAL_Driver/Src/stm32f1xx_hal_pcd.c ****     {
1081:Drivers/STM32F1xx_HAL_Driver/Src/stm32f1xx_hal_pcd.c ****       if ((USBx_DEVICE->DSTS & USB_OTG_DSTS_SUSPSTS) == USB_OTG_DSTS_SUSPSTS)
1082:Drivers/STM32F1xx_HAL_Driver/Src/stm32f1xx_hal_pcd.c ****       {
1083:Drivers/STM32F1xx_HAL_Driver/Src/stm32f1xx_hal_pcd.c **** #if (USE_HAL_PCD_REGISTER_CALLBACKS == 1U)
1084:Drivers/STM32F1xx_HAL_Driver/Src/stm32f1xx_hal_pcd.c ****         hpcd->SuspendCallback(hpcd);
1085:Drivers/STM32F1xx_HAL_Driver/Src/stm32f1xx_hal_pcd.c **** #else
1086:Drivers/STM32F1xx_HAL_Driver/Src/stm32f1xx_hal_pcd.c ****         HAL_PCD_SuspendCallback(hpcd);
1087:Drivers/STM32F1xx_HAL_Driver/Src/stm32f1xx_hal_pcd.c **** #endif /* USE_HAL_PCD_REGISTER_CALLBACKS */
1088:Drivers/STM32F1xx_HAL_Driver/Src/stm32f1xx_hal_pcd.c ****       }
1089:Drivers/STM32F1xx_HAL_Driver/Src/stm32f1xx_hal_pcd.c ****       __HAL_PCD_CLEAR_FLAG(hpcd, USB_OTG_GINTSTS_USBSUSP);
1090:Drivers/STM32F1xx_HAL_Driver/Src/stm32f1xx_hal_pcd.c ****     }
1091:Drivers/STM32F1xx_HAL_Driver/Src/stm32f1xx_hal_pcd.c ****     /* Handle Reset Interrupt */
1092:Drivers/STM32F1xx_HAL_Driver/Src/stm32f1xx_hal_pcd.c ****     if (__HAL_PCD_GET_FLAG(hpcd, USB_OTG_GINTSTS_USBRST))
1093:Drivers/STM32F1xx_HAL_Driver/Src/stm32f1xx_hal_pcd.c ****     {
1094:Drivers/STM32F1xx_HAL_Driver/Src/stm32f1xx_hal_pcd.c ****       USBx_DEVICE->DCTL &= ~USB_OTG_DCTL_RWUSIG;
1095:Drivers/STM32F1xx_HAL_Driver/Src/stm32f1xx_hal_pcd.c ****       (void)USB_FlushTxFifo(hpcd->Instance, 0x10U);
1096:Drivers/STM32F1xx_HAL_Driver/Src/stm32f1xx_hal_pcd.c **** 
1097:Drivers/STM32F1xx_HAL_Driver/Src/stm32f1xx_hal_pcd.c ****       for (i = 0U; i < hpcd->Init.dev_endpoints; i++)
1098:Drivers/STM32F1xx_HAL_Driver/Src/stm32f1xx_hal_pcd.c ****       {
1099:Drivers/STM32F1xx_HAL_Driver/Src/stm32f1xx_hal_pcd.c ****         USBx_INEP(i)->DIEPINT = 0xFB7FU;
1100:Drivers/STM32F1xx_HAL_Driver/Src/stm32f1xx_hal_pcd.c ****         USBx_INEP(i)->DIEPCTL &= ~USB_OTG_DIEPCTL_STALL;
1101:Drivers/STM32F1xx_HAL_Driver/Src/stm32f1xx_hal_pcd.c ****         USBx_INEP(i)->DIEPCTL |= USB_OTG_DIEPCTL_SNAK;
1102:Drivers/STM32F1xx_HAL_Driver/Src/stm32f1xx_hal_pcd.c ****         USBx_OUTEP(i)->DOEPINT = 0xFB7FU;
1103:Drivers/STM32F1xx_HAL_Driver/Src/stm32f1xx_hal_pcd.c ****         USBx_OUTEP(i)->DOEPCTL &= ~USB_OTG_DOEPCTL_STALL;
1104:Drivers/STM32F1xx_HAL_Driver/Src/stm32f1xx_hal_pcd.c ****         USBx_OUTEP(i)->DOEPCTL |= USB_OTG_DOEPCTL_SNAK;
1105:Drivers/STM32F1xx_HAL_Driver/Src/stm32f1xx_hal_pcd.c ****       }
1106:Drivers/STM32F1xx_HAL_Driver/Src/stm32f1xx_hal_pcd.c ****       USBx_DEVICE->DAINTMSK |= 0x10001U;
1107:Drivers/STM32F1xx_HAL_Driver/Src/stm32f1xx_hal_pcd.c **** 
1108:Drivers/STM32F1xx_HAL_Driver/Src/stm32f1xx_hal_pcd.c ****       if (hpcd->Init.use_dedicated_ep1 != 0U)
1109:Drivers/STM32F1xx_HAL_Driver/Src/stm32f1xx_hal_pcd.c ****       {
1110:Drivers/STM32F1xx_HAL_Driver/Src/stm32f1xx_hal_pcd.c ****         USBx_DEVICE->DOUTEP1MSK |= USB_OTG_DOEPMSK_STUPM |
1111:Drivers/STM32F1xx_HAL_Driver/Src/stm32f1xx_hal_pcd.c ****                                    USB_OTG_DOEPMSK_XFRCM |
1112:Drivers/STM32F1xx_HAL_Driver/Src/stm32f1xx_hal_pcd.c ****                                    USB_OTG_DOEPMSK_EPDM;
1113:Drivers/STM32F1xx_HAL_Driver/Src/stm32f1xx_hal_pcd.c **** 
1114:Drivers/STM32F1xx_HAL_Driver/Src/stm32f1xx_hal_pcd.c ****         USBx_DEVICE->DINEP1MSK |= USB_OTG_DIEPMSK_TOM |
1115:Drivers/STM32F1xx_HAL_Driver/Src/stm32f1xx_hal_pcd.c ****                                   USB_OTG_DIEPMSK_XFRCM |
ARM GAS  /tmp/ccdzNYOe.s 			page 21


1116:Drivers/STM32F1xx_HAL_Driver/Src/stm32f1xx_hal_pcd.c ****                                   USB_OTG_DIEPMSK_EPDM;
1117:Drivers/STM32F1xx_HAL_Driver/Src/stm32f1xx_hal_pcd.c ****       }
1118:Drivers/STM32F1xx_HAL_Driver/Src/stm32f1xx_hal_pcd.c ****       else
1119:Drivers/STM32F1xx_HAL_Driver/Src/stm32f1xx_hal_pcd.c ****       {
1120:Drivers/STM32F1xx_HAL_Driver/Src/stm32f1xx_hal_pcd.c ****         USBx_DEVICE->DOEPMSK |= USB_OTG_DOEPMSK_STUPM |
1121:Drivers/STM32F1xx_HAL_Driver/Src/stm32f1xx_hal_pcd.c ****                                 USB_OTG_DOEPMSK_XFRCM |
1122:Drivers/STM32F1xx_HAL_Driver/Src/stm32f1xx_hal_pcd.c ****                                 USB_OTG_DOEPMSK_EPDM |
1123:Drivers/STM32F1xx_HAL_Driver/Src/stm32f1xx_hal_pcd.c ****                                 USB_OTG_DOEPMSK_OTEPSPRM |
1124:Drivers/STM32F1xx_HAL_Driver/Src/stm32f1xx_hal_pcd.c ****                                 USB_OTG_DOEPMSK_NAKM;
1125:Drivers/STM32F1xx_HAL_Driver/Src/stm32f1xx_hal_pcd.c **** 
1126:Drivers/STM32F1xx_HAL_Driver/Src/stm32f1xx_hal_pcd.c ****         USBx_DEVICE->DIEPMSK |= USB_OTG_DIEPMSK_TOM |
1127:Drivers/STM32F1xx_HAL_Driver/Src/stm32f1xx_hal_pcd.c ****                                 USB_OTG_DIEPMSK_XFRCM |
1128:Drivers/STM32F1xx_HAL_Driver/Src/stm32f1xx_hal_pcd.c ****                                 USB_OTG_DIEPMSK_EPDM;
1129:Drivers/STM32F1xx_HAL_Driver/Src/stm32f1xx_hal_pcd.c ****       }
1130:Drivers/STM32F1xx_HAL_Driver/Src/stm32f1xx_hal_pcd.c **** 
1131:Drivers/STM32F1xx_HAL_Driver/Src/stm32f1xx_hal_pcd.c ****       /* Set Default Address to 0 */
1132:Drivers/STM32F1xx_HAL_Driver/Src/stm32f1xx_hal_pcd.c ****       USBx_DEVICE->DCFG &= ~USB_OTG_DCFG_DAD;
1133:Drivers/STM32F1xx_HAL_Driver/Src/stm32f1xx_hal_pcd.c **** 
1134:Drivers/STM32F1xx_HAL_Driver/Src/stm32f1xx_hal_pcd.c ****       /* setup EP0 to receive SETUP packets */
1135:Drivers/STM32F1xx_HAL_Driver/Src/stm32f1xx_hal_pcd.c ****       (void)USB_EP0_OutStart(hpcd->Instance, (uint8_t *)hpcd->Setup);
1136:Drivers/STM32F1xx_HAL_Driver/Src/stm32f1xx_hal_pcd.c **** 
1137:Drivers/STM32F1xx_HAL_Driver/Src/stm32f1xx_hal_pcd.c ****       __HAL_PCD_CLEAR_FLAG(hpcd, USB_OTG_GINTSTS_USBRST);
1138:Drivers/STM32F1xx_HAL_Driver/Src/stm32f1xx_hal_pcd.c ****     }
1139:Drivers/STM32F1xx_HAL_Driver/Src/stm32f1xx_hal_pcd.c **** 
1140:Drivers/STM32F1xx_HAL_Driver/Src/stm32f1xx_hal_pcd.c ****     /* Handle Enumeration done Interrupt */
1141:Drivers/STM32F1xx_HAL_Driver/Src/stm32f1xx_hal_pcd.c ****     if (__HAL_PCD_GET_FLAG(hpcd, USB_OTG_GINTSTS_ENUMDNE))
1142:Drivers/STM32F1xx_HAL_Driver/Src/stm32f1xx_hal_pcd.c ****     {
1143:Drivers/STM32F1xx_HAL_Driver/Src/stm32f1xx_hal_pcd.c ****       (void)USB_ActivateSetup(hpcd->Instance);
1144:Drivers/STM32F1xx_HAL_Driver/Src/stm32f1xx_hal_pcd.c ****       hpcd->Init.speed = USB_GetDevSpeed(hpcd->Instance);
1145:Drivers/STM32F1xx_HAL_Driver/Src/stm32f1xx_hal_pcd.c **** 
1146:Drivers/STM32F1xx_HAL_Driver/Src/stm32f1xx_hal_pcd.c ****       /* Set USB Turnaround time */
1147:Drivers/STM32F1xx_HAL_Driver/Src/stm32f1xx_hal_pcd.c ****       (void)USB_SetTurnaroundTime(hpcd->Instance,
1148:Drivers/STM32F1xx_HAL_Driver/Src/stm32f1xx_hal_pcd.c ****                                   HAL_RCC_GetHCLKFreq(),
1149:Drivers/STM32F1xx_HAL_Driver/Src/stm32f1xx_hal_pcd.c ****                                   (uint8_t)hpcd->Init.speed);
1150:Drivers/STM32F1xx_HAL_Driver/Src/stm32f1xx_hal_pcd.c **** 
1151:Drivers/STM32F1xx_HAL_Driver/Src/stm32f1xx_hal_pcd.c **** #if (USE_HAL_PCD_REGISTER_CALLBACKS == 1U)
1152:Drivers/STM32F1xx_HAL_Driver/Src/stm32f1xx_hal_pcd.c ****       hpcd->ResetCallback(hpcd);
1153:Drivers/STM32F1xx_HAL_Driver/Src/stm32f1xx_hal_pcd.c **** #else
1154:Drivers/STM32F1xx_HAL_Driver/Src/stm32f1xx_hal_pcd.c ****       HAL_PCD_ResetCallback(hpcd);
1155:Drivers/STM32F1xx_HAL_Driver/Src/stm32f1xx_hal_pcd.c **** #endif /* USE_HAL_PCD_REGISTER_CALLBACKS */
1156:Drivers/STM32F1xx_HAL_Driver/Src/stm32f1xx_hal_pcd.c **** 
1157:Drivers/STM32F1xx_HAL_Driver/Src/stm32f1xx_hal_pcd.c ****       __HAL_PCD_CLEAR_FLAG(hpcd, USB_OTG_GINTSTS_ENUMDNE);
1158:Drivers/STM32F1xx_HAL_Driver/Src/stm32f1xx_hal_pcd.c ****     }
1159:Drivers/STM32F1xx_HAL_Driver/Src/stm32f1xx_hal_pcd.c **** 
1160:Drivers/STM32F1xx_HAL_Driver/Src/stm32f1xx_hal_pcd.c ****     /* Handle SOF Interrupt */
1161:Drivers/STM32F1xx_HAL_Driver/Src/stm32f1xx_hal_pcd.c ****     if (__HAL_PCD_GET_FLAG(hpcd, USB_OTG_GINTSTS_SOF))
1162:Drivers/STM32F1xx_HAL_Driver/Src/stm32f1xx_hal_pcd.c ****     {
1163:Drivers/STM32F1xx_HAL_Driver/Src/stm32f1xx_hal_pcd.c **** #if (USE_HAL_PCD_REGISTER_CALLBACKS == 1U)
1164:Drivers/STM32F1xx_HAL_Driver/Src/stm32f1xx_hal_pcd.c ****       hpcd->SOFCallback(hpcd);
1165:Drivers/STM32F1xx_HAL_Driver/Src/stm32f1xx_hal_pcd.c **** #else
1166:Drivers/STM32F1xx_HAL_Driver/Src/stm32f1xx_hal_pcd.c ****       HAL_PCD_SOFCallback(hpcd);
1167:Drivers/STM32F1xx_HAL_Driver/Src/stm32f1xx_hal_pcd.c **** #endif /* USE_HAL_PCD_REGISTER_CALLBACKS */
1168:Drivers/STM32F1xx_HAL_Driver/Src/stm32f1xx_hal_pcd.c **** 
1169:Drivers/STM32F1xx_HAL_Driver/Src/stm32f1xx_hal_pcd.c ****       __HAL_PCD_CLEAR_FLAG(hpcd, USB_OTG_GINTSTS_SOF);
1170:Drivers/STM32F1xx_HAL_Driver/Src/stm32f1xx_hal_pcd.c ****     }
1171:Drivers/STM32F1xx_HAL_Driver/Src/stm32f1xx_hal_pcd.c **** 
1172:Drivers/STM32F1xx_HAL_Driver/Src/stm32f1xx_hal_pcd.c ****     /* Handle Incomplete ISO IN Interrupt */
ARM GAS  /tmp/ccdzNYOe.s 			page 22


1173:Drivers/STM32F1xx_HAL_Driver/Src/stm32f1xx_hal_pcd.c ****     if (__HAL_PCD_GET_FLAG(hpcd, USB_OTG_GINTSTS_IISOIXFR))
1174:Drivers/STM32F1xx_HAL_Driver/Src/stm32f1xx_hal_pcd.c ****     {
1175:Drivers/STM32F1xx_HAL_Driver/Src/stm32f1xx_hal_pcd.c ****       /* Keep application checking the corresponding Iso IN endpoint
1176:Drivers/STM32F1xx_HAL_Driver/Src/stm32f1xx_hal_pcd.c ****       causing the incomplete Interrupt */
1177:Drivers/STM32F1xx_HAL_Driver/Src/stm32f1xx_hal_pcd.c ****       epnum = 0U;
1178:Drivers/STM32F1xx_HAL_Driver/Src/stm32f1xx_hal_pcd.c **** 
1179:Drivers/STM32F1xx_HAL_Driver/Src/stm32f1xx_hal_pcd.c **** #if (USE_HAL_PCD_REGISTER_CALLBACKS == 1U)
1180:Drivers/STM32F1xx_HAL_Driver/Src/stm32f1xx_hal_pcd.c ****       hpcd->ISOINIncompleteCallback(hpcd, (uint8_t)epnum);
1181:Drivers/STM32F1xx_HAL_Driver/Src/stm32f1xx_hal_pcd.c **** #else
1182:Drivers/STM32F1xx_HAL_Driver/Src/stm32f1xx_hal_pcd.c ****       HAL_PCD_ISOINIncompleteCallback(hpcd, (uint8_t)epnum);
1183:Drivers/STM32F1xx_HAL_Driver/Src/stm32f1xx_hal_pcd.c **** #endif /* USE_HAL_PCD_REGISTER_CALLBACKS */
1184:Drivers/STM32F1xx_HAL_Driver/Src/stm32f1xx_hal_pcd.c **** 
1185:Drivers/STM32F1xx_HAL_Driver/Src/stm32f1xx_hal_pcd.c ****       __HAL_PCD_CLEAR_FLAG(hpcd, USB_OTG_GINTSTS_IISOIXFR);
1186:Drivers/STM32F1xx_HAL_Driver/Src/stm32f1xx_hal_pcd.c ****     }
1187:Drivers/STM32F1xx_HAL_Driver/Src/stm32f1xx_hal_pcd.c **** 
1188:Drivers/STM32F1xx_HAL_Driver/Src/stm32f1xx_hal_pcd.c ****     /* Handle Incomplete ISO OUT Interrupt */
1189:Drivers/STM32F1xx_HAL_Driver/Src/stm32f1xx_hal_pcd.c ****     if (__HAL_PCD_GET_FLAG(hpcd, USB_OTG_GINTSTS_PXFR_INCOMPISOOUT))
1190:Drivers/STM32F1xx_HAL_Driver/Src/stm32f1xx_hal_pcd.c ****     {
1191:Drivers/STM32F1xx_HAL_Driver/Src/stm32f1xx_hal_pcd.c ****       /* Keep application checking the corresponding Iso OUT endpoint
1192:Drivers/STM32F1xx_HAL_Driver/Src/stm32f1xx_hal_pcd.c ****       causing the incomplete Interrupt */
1193:Drivers/STM32F1xx_HAL_Driver/Src/stm32f1xx_hal_pcd.c ****       epnum = 0U;
1194:Drivers/STM32F1xx_HAL_Driver/Src/stm32f1xx_hal_pcd.c **** 
1195:Drivers/STM32F1xx_HAL_Driver/Src/stm32f1xx_hal_pcd.c **** #if (USE_HAL_PCD_REGISTER_CALLBACKS == 1U)
1196:Drivers/STM32F1xx_HAL_Driver/Src/stm32f1xx_hal_pcd.c ****       hpcd->ISOOUTIncompleteCallback(hpcd, (uint8_t)epnum);
1197:Drivers/STM32F1xx_HAL_Driver/Src/stm32f1xx_hal_pcd.c **** #else
1198:Drivers/STM32F1xx_HAL_Driver/Src/stm32f1xx_hal_pcd.c ****       HAL_PCD_ISOOUTIncompleteCallback(hpcd, (uint8_t)epnum);
1199:Drivers/STM32F1xx_HAL_Driver/Src/stm32f1xx_hal_pcd.c **** #endif /* USE_HAL_PCD_REGISTER_CALLBACKS */
1200:Drivers/STM32F1xx_HAL_Driver/Src/stm32f1xx_hal_pcd.c **** 
1201:Drivers/STM32F1xx_HAL_Driver/Src/stm32f1xx_hal_pcd.c ****       __HAL_PCD_CLEAR_FLAG(hpcd, USB_OTG_GINTSTS_PXFR_INCOMPISOOUT);
1202:Drivers/STM32F1xx_HAL_Driver/Src/stm32f1xx_hal_pcd.c ****     }
1203:Drivers/STM32F1xx_HAL_Driver/Src/stm32f1xx_hal_pcd.c **** 
1204:Drivers/STM32F1xx_HAL_Driver/Src/stm32f1xx_hal_pcd.c ****     /* Handle Connection event Interrupt */
1205:Drivers/STM32F1xx_HAL_Driver/Src/stm32f1xx_hal_pcd.c ****     if (__HAL_PCD_GET_FLAG(hpcd, USB_OTG_GINTSTS_SRQINT))
1206:Drivers/STM32F1xx_HAL_Driver/Src/stm32f1xx_hal_pcd.c ****     {
1207:Drivers/STM32F1xx_HAL_Driver/Src/stm32f1xx_hal_pcd.c **** #if (USE_HAL_PCD_REGISTER_CALLBACKS == 1U)
1208:Drivers/STM32F1xx_HAL_Driver/Src/stm32f1xx_hal_pcd.c ****       hpcd->ConnectCallback(hpcd);
1209:Drivers/STM32F1xx_HAL_Driver/Src/stm32f1xx_hal_pcd.c **** #else
1210:Drivers/STM32F1xx_HAL_Driver/Src/stm32f1xx_hal_pcd.c ****       HAL_PCD_ConnectCallback(hpcd);
1211:Drivers/STM32F1xx_HAL_Driver/Src/stm32f1xx_hal_pcd.c **** #endif /* USE_HAL_PCD_REGISTER_CALLBACKS */
1212:Drivers/STM32F1xx_HAL_Driver/Src/stm32f1xx_hal_pcd.c **** 
1213:Drivers/STM32F1xx_HAL_Driver/Src/stm32f1xx_hal_pcd.c ****       __HAL_PCD_CLEAR_FLAG(hpcd, USB_OTG_GINTSTS_SRQINT);
1214:Drivers/STM32F1xx_HAL_Driver/Src/stm32f1xx_hal_pcd.c ****     }
1215:Drivers/STM32F1xx_HAL_Driver/Src/stm32f1xx_hal_pcd.c **** 
1216:Drivers/STM32F1xx_HAL_Driver/Src/stm32f1xx_hal_pcd.c ****     /* Handle Disconnection event Interrupt */
1217:Drivers/STM32F1xx_HAL_Driver/Src/stm32f1xx_hal_pcd.c ****     if (__HAL_PCD_GET_FLAG(hpcd, USB_OTG_GINTSTS_OTGINT))
1218:Drivers/STM32F1xx_HAL_Driver/Src/stm32f1xx_hal_pcd.c ****     {
1219:Drivers/STM32F1xx_HAL_Driver/Src/stm32f1xx_hal_pcd.c ****       temp = hpcd->Instance->GOTGINT;
1220:Drivers/STM32F1xx_HAL_Driver/Src/stm32f1xx_hal_pcd.c **** 
1221:Drivers/STM32F1xx_HAL_Driver/Src/stm32f1xx_hal_pcd.c ****       if ((temp & USB_OTG_GOTGINT_SEDET) == USB_OTG_GOTGINT_SEDET)
1222:Drivers/STM32F1xx_HAL_Driver/Src/stm32f1xx_hal_pcd.c ****       {
1223:Drivers/STM32F1xx_HAL_Driver/Src/stm32f1xx_hal_pcd.c **** #if (USE_HAL_PCD_REGISTER_CALLBACKS == 1U)
1224:Drivers/STM32F1xx_HAL_Driver/Src/stm32f1xx_hal_pcd.c ****         hpcd->DisconnectCallback(hpcd);
1225:Drivers/STM32F1xx_HAL_Driver/Src/stm32f1xx_hal_pcd.c **** #else
1226:Drivers/STM32F1xx_HAL_Driver/Src/stm32f1xx_hal_pcd.c ****         HAL_PCD_DisconnectCallback(hpcd);
1227:Drivers/STM32F1xx_HAL_Driver/Src/stm32f1xx_hal_pcd.c **** #endif /* USE_HAL_PCD_REGISTER_CALLBACKS */
1228:Drivers/STM32F1xx_HAL_Driver/Src/stm32f1xx_hal_pcd.c ****       }
1229:Drivers/STM32F1xx_HAL_Driver/Src/stm32f1xx_hal_pcd.c ****       hpcd->Instance->GOTGINT |= temp;
ARM GAS  /tmp/ccdzNYOe.s 			page 23


1230:Drivers/STM32F1xx_HAL_Driver/Src/stm32f1xx_hal_pcd.c ****     }
1231:Drivers/STM32F1xx_HAL_Driver/Src/stm32f1xx_hal_pcd.c ****   }
1232:Drivers/STM32F1xx_HAL_Driver/Src/stm32f1xx_hal_pcd.c **** }
1233:Drivers/STM32F1xx_HAL_Driver/Src/stm32f1xx_hal_pcd.c **** 
1234:Drivers/STM32F1xx_HAL_Driver/Src/stm32f1xx_hal_pcd.c **** 
1235:Drivers/STM32F1xx_HAL_Driver/Src/stm32f1xx_hal_pcd.c **** /**
1236:Drivers/STM32F1xx_HAL_Driver/Src/stm32f1xx_hal_pcd.c ****   * @brief  Handles PCD Wakeup interrupt request.
1237:Drivers/STM32F1xx_HAL_Driver/Src/stm32f1xx_hal_pcd.c ****   * @param  hpcd PCD handle
1238:Drivers/STM32F1xx_HAL_Driver/Src/stm32f1xx_hal_pcd.c ****   * @retval HAL status
1239:Drivers/STM32F1xx_HAL_Driver/Src/stm32f1xx_hal_pcd.c ****   */
1240:Drivers/STM32F1xx_HAL_Driver/Src/stm32f1xx_hal_pcd.c **** void HAL_PCD_WKUP_IRQHandler(PCD_HandleTypeDef *hpcd)
1241:Drivers/STM32F1xx_HAL_Driver/Src/stm32f1xx_hal_pcd.c **** {
1242:Drivers/STM32F1xx_HAL_Driver/Src/stm32f1xx_hal_pcd.c ****   /* Clear EXTI pending Bit */
1243:Drivers/STM32F1xx_HAL_Driver/Src/stm32f1xx_hal_pcd.c ****   __HAL_USB_OTG_FS_WAKEUP_EXTI_CLEAR_FLAG();
1244:Drivers/STM32F1xx_HAL_Driver/Src/stm32f1xx_hal_pcd.c **** }
1245:Drivers/STM32F1xx_HAL_Driver/Src/stm32f1xx_hal_pcd.c **** #endif /* defined (USB_OTG_FS) */
1246:Drivers/STM32F1xx_HAL_Driver/Src/stm32f1xx_hal_pcd.c **** 
1247:Drivers/STM32F1xx_HAL_Driver/Src/stm32f1xx_hal_pcd.c **** #if defined (USB)
1248:Drivers/STM32F1xx_HAL_Driver/Src/stm32f1xx_hal_pcd.c **** /**
1249:Drivers/STM32F1xx_HAL_Driver/Src/stm32f1xx_hal_pcd.c ****   * @brief  This function handles PCD interrupt request.
1250:Drivers/STM32F1xx_HAL_Driver/Src/stm32f1xx_hal_pcd.c ****   * @param  hpcd PCD handle
1251:Drivers/STM32F1xx_HAL_Driver/Src/stm32f1xx_hal_pcd.c ****   * @retval HAL status
1252:Drivers/STM32F1xx_HAL_Driver/Src/stm32f1xx_hal_pcd.c ****   */
1253:Drivers/STM32F1xx_HAL_Driver/Src/stm32f1xx_hal_pcd.c **** void HAL_PCD_IRQHandler(PCD_HandleTypeDef *hpcd)
1254:Drivers/STM32F1xx_HAL_Driver/Src/stm32f1xx_hal_pcd.c **** {
1255:Drivers/STM32F1xx_HAL_Driver/Src/stm32f1xx_hal_pcd.c ****   uint16_t store_ep[8];
1256:Drivers/STM32F1xx_HAL_Driver/Src/stm32f1xx_hal_pcd.c ****   uint8_t i;
1257:Drivers/STM32F1xx_HAL_Driver/Src/stm32f1xx_hal_pcd.c **** 
1258:Drivers/STM32F1xx_HAL_Driver/Src/stm32f1xx_hal_pcd.c ****   if (__HAL_PCD_GET_FLAG(hpcd, USB_ISTR_CTR))
1259:Drivers/STM32F1xx_HAL_Driver/Src/stm32f1xx_hal_pcd.c ****   {
1260:Drivers/STM32F1xx_HAL_Driver/Src/stm32f1xx_hal_pcd.c ****     /* servicing of the endpoint correct transfer interrupt */
1261:Drivers/STM32F1xx_HAL_Driver/Src/stm32f1xx_hal_pcd.c ****     /* clear of the CTR flag into the sub */
1262:Drivers/STM32F1xx_HAL_Driver/Src/stm32f1xx_hal_pcd.c ****     (void)PCD_EP_ISR_Handler(hpcd);
1263:Drivers/STM32F1xx_HAL_Driver/Src/stm32f1xx_hal_pcd.c ****   }
1264:Drivers/STM32F1xx_HAL_Driver/Src/stm32f1xx_hal_pcd.c **** 
1265:Drivers/STM32F1xx_HAL_Driver/Src/stm32f1xx_hal_pcd.c ****   if (__HAL_PCD_GET_FLAG(hpcd, USB_ISTR_RESET))
1266:Drivers/STM32F1xx_HAL_Driver/Src/stm32f1xx_hal_pcd.c ****   {
1267:Drivers/STM32F1xx_HAL_Driver/Src/stm32f1xx_hal_pcd.c ****     __HAL_PCD_CLEAR_FLAG(hpcd, USB_ISTR_RESET);
1268:Drivers/STM32F1xx_HAL_Driver/Src/stm32f1xx_hal_pcd.c **** 
1269:Drivers/STM32F1xx_HAL_Driver/Src/stm32f1xx_hal_pcd.c **** #if (USE_HAL_PCD_REGISTER_CALLBACKS == 1U)
1270:Drivers/STM32F1xx_HAL_Driver/Src/stm32f1xx_hal_pcd.c ****     hpcd->ResetCallback(hpcd);
1271:Drivers/STM32F1xx_HAL_Driver/Src/stm32f1xx_hal_pcd.c **** #else
1272:Drivers/STM32F1xx_HAL_Driver/Src/stm32f1xx_hal_pcd.c ****     HAL_PCD_ResetCallback(hpcd);
1273:Drivers/STM32F1xx_HAL_Driver/Src/stm32f1xx_hal_pcd.c **** #endif /* USE_HAL_PCD_REGISTER_CALLBACKS */
1274:Drivers/STM32F1xx_HAL_Driver/Src/stm32f1xx_hal_pcd.c **** 
1275:Drivers/STM32F1xx_HAL_Driver/Src/stm32f1xx_hal_pcd.c ****     (void)HAL_PCD_SetAddress(hpcd, 0U);
1276:Drivers/STM32F1xx_HAL_Driver/Src/stm32f1xx_hal_pcd.c ****   }
1277:Drivers/STM32F1xx_HAL_Driver/Src/stm32f1xx_hal_pcd.c **** 
1278:Drivers/STM32F1xx_HAL_Driver/Src/stm32f1xx_hal_pcd.c ****   if (__HAL_PCD_GET_FLAG(hpcd, USB_ISTR_PMAOVR))
1279:Drivers/STM32F1xx_HAL_Driver/Src/stm32f1xx_hal_pcd.c ****   {
1280:Drivers/STM32F1xx_HAL_Driver/Src/stm32f1xx_hal_pcd.c ****     __HAL_PCD_CLEAR_FLAG(hpcd, USB_ISTR_PMAOVR);
1281:Drivers/STM32F1xx_HAL_Driver/Src/stm32f1xx_hal_pcd.c ****   }
1282:Drivers/STM32F1xx_HAL_Driver/Src/stm32f1xx_hal_pcd.c **** 
1283:Drivers/STM32F1xx_HAL_Driver/Src/stm32f1xx_hal_pcd.c ****   if (__HAL_PCD_GET_FLAG(hpcd, USB_ISTR_ERR))
1284:Drivers/STM32F1xx_HAL_Driver/Src/stm32f1xx_hal_pcd.c ****   {
1285:Drivers/STM32F1xx_HAL_Driver/Src/stm32f1xx_hal_pcd.c ****     __HAL_PCD_CLEAR_FLAG(hpcd, USB_ISTR_ERR);
1286:Drivers/STM32F1xx_HAL_Driver/Src/stm32f1xx_hal_pcd.c ****   }
ARM GAS  /tmp/ccdzNYOe.s 			page 24


1287:Drivers/STM32F1xx_HAL_Driver/Src/stm32f1xx_hal_pcd.c **** 
1288:Drivers/STM32F1xx_HAL_Driver/Src/stm32f1xx_hal_pcd.c ****   if (__HAL_PCD_GET_FLAG(hpcd, USB_ISTR_WKUP))
1289:Drivers/STM32F1xx_HAL_Driver/Src/stm32f1xx_hal_pcd.c ****   {
1290:Drivers/STM32F1xx_HAL_Driver/Src/stm32f1xx_hal_pcd.c ****     hpcd->Instance->CNTR &= (uint16_t) ~(USB_CNTR_LP_MODE);
1291:Drivers/STM32F1xx_HAL_Driver/Src/stm32f1xx_hal_pcd.c ****     hpcd->Instance->CNTR &= (uint16_t) ~(USB_CNTR_FSUSP);
1292:Drivers/STM32F1xx_HAL_Driver/Src/stm32f1xx_hal_pcd.c **** 
1293:Drivers/STM32F1xx_HAL_Driver/Src/stm32f1xx_hal_pcd.c **** #if (USE_HAL_PCD_REGISTER_CALLBACKS == 1U)
1294:Drivers/STM32F1xx_HAL_Driver/Src/stm32f1xx_hal_pcd.c ****     hpcd->ResumeCallback(hpcd);
1295:Drivers/STM32F1xx_HAL_Driver/Src/stm32f1xx_hal_pcd.c **** #else
1296:Drivers/STM32F1xx_HAL_Driver/Src/stm32f1xx_hal_pcd.c ****     HAL_PCD_ResumeCallback(hpcd);
1297:Drivers/STM32F1xx_HAL_Driver/Src/stm32f1xx_hal_pcd.c **** #endif /* USE_HAL_PCD_REGISTER_CALLBACKS */
1298:Drivers/STM32F1xx_HAL_Driver/Src/stm32f1xx_hal_pcd.c **** 
1299:Drivers/STM32F1xx_HAL_Driver/Src/stm32f1xx_hal_pcd.c ****     __HAL_PCD_CLEAR_FLAG(hpcd, USB_ISTR_WKUP);
1300:Drivers/STM32F1xx_HAL_Driver/Src/stm32f1xx_hal_pcd.c ****   }
1301:Drivers/STM32F1xx_HAL_Driver/Src/stm32f1xx_hal_pcd.c **** 
1302:Drivers/STM32F1xx_HAL_Driver/Src/stm32f1xx_hal_pcd.c ****   if (__HAL_PCD_GET_FLAG(hpcd, USB_ISTR_SUSP))
1303:Drivers/STM32F1xx_HAL_Driver/Src/stm32f1xx_hal_pcd.c ****   {
1304:Drivers/STM32F1xx_HAL_Driver/Src/stm32f1xx_hal_pcd.c ****     /* WA: To Clear Wakeup flag if raised with suspend signal */
1305:Drivers/STM32F1xx_HAL_Driver/Src/stm32f1xx_hal_pcd.c **** 
1306:Drivers/STM32F1xx_HAL_Driver/Src/stm32f1xx_hal_pcd.c ****     /* Store Endpoint register */
1307:Drivers/STM32F1xx_HAL_Driver/Src/stm32f1xx_hal_pcd.c ****     for (i = 0U; i < 8U; i++)
1308:Drivers/STM32F1xx_HAL_Driver/Src/stm32f1xx_hal_pcd.c ****     {
1309:Drivers/STM32F1xx_HAL_Driver/Src/stm32f1xx_hal_pcd.c ****       store_ep[i] = PCD_GET_ENDPOINT(hpcd->Instance, i);
1310:Drivers/STM32F1xx_HAL_Driver/Src/stm32f1xx_hal_pcd.c ****     }
1311:Drivers/STM32F1xx_HAL_Driver/Src/stm32f1xx_hal_pcd.c **** 
1312:Drivers/STM32F1xx_HAL_Driver/Src/stm32f1xx_hal_pcd.c ****     /* FORCE RESET */
1313:Drivers/STM32F1xx_HAL_Driver/Src/stm32f1xx_hal_pcd.c ****     hpcd->Instance->CNTR |= (uint16_t)(USB_CNTR_FRES);
1314:Drivers/STM32F1xx_HAL_Driver/Src/stm32f1xx_hal_pcd.c **** 
1315:Drivers/STM32F1xx_HAL_Driver/Src/stm32f1xx_hal_pcd.c ****     /* CLEAR RESET */
1316:Drivers/STM32F1xx_HAL_Driver/Src/stm32f1xx_hal_pcd.c ****     hpcd->Instance->CNTR &= (uint16_t)(~USB_CNTR_FRES);
1317:Drivers/STM32F1xx_HAL_Driver/Src/stm32f1xx_hal_pcd.c **** 
1318:Drivers/STM32F1xx_HAL_Driver/Src/stm32f1xx_hal_pcd.c ****     /* wait for reset flag in ISTR */
1319:Drivers/STM32F1xx_HAL_Driver/Src/stm32f1xx_hal_pcd.c ****     while ((hpcd->Instance->ISTR & USB_ISTR_RESET) == 0U)
1320:Drivers/STM32F1xx_HAL_Driver/Src/stm32f1xx_hal_pcd.c ****     {
1321:Drivers/STM32F1xx_HAL_Driver/Src/stm32f1xx_hal_pcd.c ****     }
1322:Drivers/STM32F1xx_HAL_Driver/Src/stm32f1xx_hal_pcd.c **** 
1323:Drivers/STM32F1xx_HAL_Driver/Src/stm32f1xx_hal_pcd.c ****     /* Clear Reset Flag */
1324:Drivers/STM32F1xx_HAL_Driver/Src/stm32f1xx_hal_pcd.c ****     __HAL_PCD_CLEAR_FLAG(hpcd, USB_ISTR_RESET);
1325:Drivers/STM32F1xx_HAL_Driver/Src/stm32f1xx_hal_pcd.c **** 
1326:Drivers/STM32F1xx_HAL_Driver/Src/stm32f1xx_hal_pcd.c ****     /* Restore Registre */
1327:Drivers/STM32F1xx_HAL_Driver/Src/stm32f1xx_hal_pcd.c ****     for (i = 0U; i < 8U; i++)
1328:Drivers/STM32F1xx_HAL_Driver/Src/stm32f1xx_hal_pcd.c ****     {
1329:Drivers/STM32F1xx_HAL_Driver/Src/stm32f1xx_hal_pcd.c ****       PCD_SET_ENDPOINT(hpcd->Instance, i, store_ep[i]);
1330:Drivers/STM32F1xx_HAL_Driver/Src/stm32f1xx_hal_pcd.c ****     }
1331:Drivers/STM32F1xx_HAL_Driver/Src/stm32f1xx_hal_pcd.c **** 
1332:Drivers/STM32F1xx_HAL_Driver/Src/stm32f1xx_hal_pcd.c ****     /* Force low-power mode in the macrocell */
1333:Drivers/STM32F1xx_HAL_Driver/Src/stm32f1xx_hal_pcd.c ****     hpcd->Instance->CNTR |= (uint16_t)USB_CNTR_FSUSP;
1334:Drivers/STM32F1xx_HAL_Driver/Src/stm32f1xx_hal_pcd.c **** 
1335:Drivers/STM32F1xx_HAL_Driver/Src/stm32f1xx_hal_pcd.c ****     /* clear of the ISTR bit must be done after setting of CNTR_FSUSP */
1336:Drivers/STM32F1xx_HAL_Driver/Src/stm32f1xx_hal_pcd.c ****     __HAL_PCD_CLEAR_FLAG(hpcd, USB_ISTR_SUSP);
1337:Drivers/STM32F1xx_HAL_Driver/Src/stm32f1xx_hal_pcd.c **** 
1338:Drivers/STM32F1xx_HAL_Driver/Src/stm32f1xx_hal_pcd.c ****     hpcd->Instance->CNTR |= (uint16_t)USB_CNTR_LP_MODE;
1339:Drivers/STM32F1xx_HAL_Driver/Src/stm32f1xx_hal_pcd.c **** 
1340:Drivers/STM32F1xx_HAL_Driver/Src/stm32f1xx_hal_pcd.c **** #if (USE_HAL_PCD_REGISTER_CALLBACKS == 1U)
1341:Drivers/STM32F1xx_HAL_Driver/Src/stm32f1xx_hal_pcd.c ****     hpcd->SuspendCallback(hpcd);
1342:Drivers/STM32F1xx_HAL_Driver/Src/stm32f1xx_hal_pcd.c **** #else
1343:Drivers/STM32F1xx_HAL_Driver/Src/stm32f1xx_hal_pcd.c ****     HAL_PCD_SuspendCallback(hpcd);
ARM GAS  /tmp/ccdzNYOe.s 			page 25


1344:Drivers/STM32F1xx_HAL_Driver/Src/stm32f1xx_hal_pcd.c **** #endif /* USE_HAL_PCD_REGISTER_CALLBACKS */
1345:Drivers/STM32F1xx_HAL_Driver/Src/stm32f1xx_hal_pcd.c ****   }
1346:Drivers/STM32F1xx_HAL_Driver/Src/stm32f1xx_hal_pcd.c **** 
1347:Drivers/STM32F1xx_HAL_Driver/Src/stm32f1xx_hal_pcd.c ****   if (__HAL_PCD_GET_FLAG(hpcd, USB_ISTR_SOF))
1348:Drivers/STM32F1xx_HAL_Driver/Src/stm32f1xx_hal_pcd.c ****   {
1349:Drivers/STM32F1xx_HAL_Driver/Src/stm32f1xx_hal_pcd.c ****     __HAL_PCD_CLEAR_FLAG(hpcd, USB_ISTR_SOF);
1350:Drivers/STM32F1xx_HAL_Driver/Src/stm32f1xx_hal_pcd.c **** 
1351:Drivers/STM32F1xx_HAL_Driver/Src/stm32f1xx_hal_pcd.c **** #if (USE_HAL_PCD_REGISTER_CALLBACKS == 1U)
1352:Drivers/STM32F1xx_HAL_Driver/Src/stm32f1xx_hal_pcd.c ****     hpcd->SOFCallback(hpcd);
1353:Drivers/STM32F1xx_HAL_Driver/Src/stm32f1xx_hal_pcd.c **** #else
1354:Drivers/STM32F1xx_HAL_Driver/Src/stm32f1xx_hal_pcd.c ****     HAL_PCD_SOFCallback(hpcd);
1355:Drivers/STM32F1xx_HAL_Driver/Src/stm32f1xx_hal_pcd.c **** #endif /* USE_HAL_PCD_REGISTER_CALLBACKS */
1356:Drivers/STM32F1xx_HAL_Driver/Src/stm32f1xx_hal_pcd.c ****   }
1357:Drivers/STM32F1xx_HAL_Driver/Src/stm32f1xx_hal_pcd.c **** 
1358:Drivers/STM32F1xx_HAL_Driver/Src/stm32f1xx_hal_pcd.c ****   if (__HAL_PCD_GET_FLAG(hpcd, USB_ISTR_ESOF))
1359:Drivers/STM32F1xx_HAL_Driver/Src/stm32f1xx_hal_pcd.c ****   {
1360:Drivers/STM32F1xx_HAL_Driver/Src/stm32f1xx_hal_pcd.c ****     /* clear ESOF flag in ISTR */
1361:Drivers/STM32F1xx_HAL_Driver/Src/stm32f1xx_hal_pcd.c ****     __HAL_PCD_CLEAR_FLAG(hpcd, USB_ISTR_ESOF);
1362:Drivers/STM32F1xx_HAL_Driver/Src/stm32f1xx_hal_pcd.c ****   }
1363:Drivers/STM32F1xx_HAL_Driver/Src/stm32f1xx_hal_pcd.c **** }
1364:Drivers/STM32F1xx_HAL_Driver/Src/stm32f1xx_hal_pcd.c **** 
1365:Drivers/STM32F1xx_HAL_Driver/Src/stm32f1xx_hal_pcd.c **** 
1366:Drivers/STM32F1xx_HAL_Driver/Src/stm32f1xx_hal_pcd.c **** /**
1367:Drivers/STM32F1xx_HAL_Driver/Src/stm32f1xx_hal_pcd.c ****   * @brief  Handles PCD Wakeup interrupt request.
1368:Drivers/STM32F1xx_HAL_Driver/Src/stm32f1xx_hal_pcd.c ****   * @param  hpcd PCD handle
1369:Drivers/STM32F1xx_HAL_Driver/Src/stm32f1xx_hal_pcd.c ****   * @retval HAL status
1370:Drivers/STM32F1xx_HAL_Driver/Src/stm32f1xx_hal_pcd.c ****   */
1371:Drivers/STM32F1xx_HAL_Driver/Src/stm32f1xx_hal_pcd.c **** void HAL_PCD_WKUP_IRQHandler(PCD_HandleTypeDef *hpcd)
1372:Drivers/STM32F1xx_HAL_Driver/Src/stm32f1xx_hal_pcd.c **** {
1373:Drivers/STM32F1xx_HAL_Driver/Src/stm32f1xx_hal_pcd.c ****   /* Clear EXTI pending Bit */
1374:Drivers/STM32F1xx_HAL_Driver/Src/stm32f1xx_hal_pcd.c ****   __HAL_USB_WAKEUP_EXTI_CLEAR_FLAG();
1375:Drivers/STM32F1xx_HAL_Driver/Src/stm32f1xx_hal_pcd.c **** }
1376:Drivers/STM32F1xx_HAL_Driver/Src/stm32f1xx_hal_pcd.c **** #endif /* defined (USB) */
1377:Drivers/STM32F1xx_HAL_Driver/Src/stm32f1xx_hal_pcd.c **** 
1378:Drivers/STM32F1xx_HAL_Driver/Src/stm32f1xx_hal_pcd.c **** /**
1379:Drivers/STM32F1xx_HAL_Driver/Src/stm32f1xx_hal_pcd.c ****   * @brief  Data OUT stage callback.
1380:Drivers/STM32F1xx_HAL_Driver/Src/stm32f1xx_hal_pcd.c ****   * @param  hpcd PCD handle
1381:Drivers/STM32F1xx_HAL_Driver/Src/stm32f1xx_hal_pcd.c ****   * @param  epnum endpoint number
1382:Drivers/STM32F1xx_HAL_Driver/Src/stm32f1xx_hal_pcd.c ****   * @retval None
1383:Drivers/STM32F1xx_HAL_Driver/Src/stm32f1xx_hal_pcd.c ****   */
1384:Drivers/STM32F1xx_HAL_Driver/Src/stm32f1xx_hal_pcd.c **** __weak void HAL_PCD_DataOutStageCallback(PCD_HandleTypeDef *hpcd, uint8_t epnum)
1385:Drivers/STM32F1xx_HAL_Driver/Src/stm32f1xx_hal_pcd.c **** {
1386:Drivers/STM32F1xx_HAL_Driver/Src/stm32f1xx_hal_pcd.c ****   /* Prevent unused argument(s) compilation warning */
1387:Drivers/STM32F1xx_HAL_Driver/Src/stm32f1xx_hal_pcd.c ****   UNUSED(hpcd);
1388:Drivers/STM32F1xx_HAL_Driver/Src/stm32f1xx_hal_pcd.c ****   UNUSED(epnum);
1389:Drivers/STM32F1xx_HAL_Driver/Src/stm32f1xx_hal_pcd.c **** 
1390:Drivers/STM32F1xx_HAL_Driver/Src/stm32f1xx_hal_pcd.c ****   /* NOTE : This function should not be modified, when the callback is needed,
1391:Drivers/STM32F1xx_HAL_Driver/Src/stm32f1xx_hal_pcd.c ****             the HAL_PCD_DataOutStageCallback could be implemented in the user file
1392:Drivers/STM32F1xx_HAL_Driver/Src/stm32f1xx_hal_pcd.c ****    */
1393:Drivers/STM32F1xx_HAL_Driver/Src/stm32f1xx_hal_pcd.c **** }
1394:Drivers/STM32F1xx_HAL_Driver/Src/stm32f1xx_hal_pcd.c **** 
1395:Drivers/STM32F1xx_HAL_Driver/Src/stm32f1xx_hal_pcd.c **** /**
1396:Drivers/STM32F1xx_HAL_Driver/Src/stm32f1xx_hal_pcd.c ****   * @brief  Data IN stage callback
1397:Drivers/STM32F1xx_HAL_Driver/Src/stm32f1xx_hal_pcd.c ****   * @param  hpcd PCD handle
1398:Drivers/STM32F1xx_HAL_Driver/Src/stm32f1xx_hal_pcd.c ****   * @param  epnum endpoint number
1399:Drivers/STM32F1xx_HAL_Driver/Src/stm32f1xx_hal_pcd.c ****   * @retval None
1400:Drivers/STM32F1xx_HAL_Driver/Src/stm32f1xx_hal_pcd.c ****   */
ARM GAS  /tmp/ccdzNYOe.s 			page 26


1401:Drivers/STM32F1xx_HAL_Driver/Src/stm32f1xx_hal_pcd.c **** __weak void HAL_PCD_DataInStageCallback(PCD_HandleTypeDef *hpcd, uint8_t epnum)
1402:Drivers/STM32F1xx_HAL_Driver/Src/stm32f1xx_hal_pcd.c **** {
1403:Drivers/STM32F1xx_HAL_Driver/Src/stm32f1xx_hal_pcd.c ****   /* Prevent unused argument(s) compilation warning */
1404:Drivers/STM32F1xx_HAL_Driver/Src/stm32f1xx_hal_pcd.c ****   UNUSED(hpcd);
1405:Drivers/STM32F1xx_HAL_Driver/Src/stm32f1xx_hal_pcd.c ****   UNUSED(epnum);
1406:Drivers/STM32F1xx_HAL_Driver/Src/stm32f1xx_hal_pcd.c **** 
1407:Drivers/STM32F1xx_HAL_Driver/Src/stm32f1xx_hal_pcd.c ****   /* NOTE : This function should not be modified, when the callback is needed,
1408:Drivers/STM32F1xx_HAL_Driver/Src/stm32f1xx_hal_pcd.c ****             the HAL_PCD_DataInStageCallback could be implemented in the user file
1409:Drivers/STM32F1xx_HAL_Driver/Src/stm32f1xx_hal_pcd.c ****    */
1410:Drivers/STM32F1xx_HAL_Driver/Src/stm32f1xx_hal_pcd.c **** }
1411:Drivers/STM32F1xx_HAL_Driver/Src/stm32f1xx_hal_pcd.c **** /**
1412:Drivers/STM32F1xx_HAL_Driver/Src/stm32f1xx_hal_pcd.c ****   * @brief  Setup stage callback
1413:Drivers/STM32F1xx_HAL_Driver/Src/stm32f1xx_hal_pcd.c ****   * @param  hpcd PCD handle
1414:Drivers/STM32F1xx_HAL_Driver/Src/stm32f1xx_hal_pcd.c ****   * @retval None
1415:Drivers/STM32F1xx_HAL_Driver/Src/stm32f1xx_hal_pcd.c ****   */
1416:Drivers/STM32F1xx_HAL_Driver/Src/stm32f1xx_hal_pcd.c **** __weak void HAL_PCD_SetupStageCallback(PCD_HandleTypeDef *hpcd)
1417:Drivers/STM32F1xx_HAL_Driver/Src/stm32f1xx_hal_pcd.c **** {
1418:Drivers/STM32F1xx_HAL_Driver/Src/stm32f1xx_hal_pcd.c ****   /* Prevent unused argument(s) compilation warning */
1419:Drivers/STM32F1xx_HAL_Driver/Src/stm32f1xx_hal_pcd.c ****   UNUSED(hpcd);
1420:Drivers/STM32F1xx_HAL_Driver/Src/stm32f1xx_hal_pcd.c **** 
1421:Drivers/STM32F1xx_HAL_Driver/Src/stm32f1xx_hal_pcd.c ****   /* NOTE : This function should not be modified, when the callback is needed,
1422:Drivers/STM32F1xx_HAL_Driver/Src/stm32f1xx_hal_pcd.c ****             the HAL_PCD_SetupStageCallback could be implemented in the user file
1423:Drivers/STM32F1xx_HAL_Driver/Src/stm32f1xx_hal_pcd.c ****    */
1424:Drivers/STM32F1xx_HAL_Driver/Src/stm32f1xx_hal_pcd.c **** }
1425:Drivers/STM32F1xx_HAL_Driver/Src/stm32f1xx_hal_pcd.c **** 
1426:Drivers/STM32F1xx_HAL_Driver/Src/stm32f1xx_hal_pcd.c **** /**
1427:Drivers/STM32F1xx_HAL_Driver/Src/stm32f1xx_hal_pcd.c ****   * @brief  USB Start Of Frame callback.
1428:Drivers/STM32F1xx_HAL_Driver/Src/stm32f1xx_hal_pcd.c ****   * @param  hpcd PCD handle
1429:Drivers/STM32F1xx_HAL_Driver/Src/stm32f1xx_hal_pcd.c ****   * @retval None
1430:Drivers/STM32F1xx_HAL_Driver/Src/stm32f1xx_hal_pcd.c ****   */
1431:Drivers/STM32F1xx_HAL_Driver/Src/stm32f1xx_hal_pcd.c **** __weak void HAL_PCD_SOFCallback(PCD_HandleTypeDef *hpcd)
1432:Drivers/STM32F1xx_HAL_Driver/Src/stm32f1xx_hal_pcd.c **** {
1433:Drivers/STM32F1xx_HAL_Driver/Src/stm32f1xx_hal_pcd.c ****   /* Prevent unused argument(s) compilation warning */
1434:Drivers/STM32F1xx_HAL_Driver/Src/stm32f1xx_hal_pcd.c ****   UNUSED(hpcd);
1435:Drivers/STM32F1xx_HAL_Driver/Src/stm32f1xx_hal_pcd.c **** 
1436:Drivers/STM32F1xx_HAL_Driver/Src/stm32f1xx_hal_pcd.c ****   /* NOTE : This function should not be modified, when the callback is needed,
1437:Drivers/STM32F1xx_HAL_Driver/Src/stm32f1xx_hal_pcd.c ****             the HAL_PCD_SOFCallback could be implemented in the user file
1438:Drivers/STM32F1xx_HAL_Driver/Src/stm32f1xx_hal_pcd.c ****    */
1439:Drivers/STM32F1xx_HAL_Driver/Src/stm32f1xx_hal_pcd.c **** }
1440:Drivers/STM32F1xx_HAL_Driver/Src/stm32f1xx_hal_pcd.c **** 
1441:Drivers/STM32F1xx_HAL_Driver/Src/stm32f1xx_hal_pcd.c **** /**
1442:Drivers/STM32F1xx_HAL_Driver/Src/stm32f1xx_hal_pcd.c ****   * @brief  USB Reset callback.
1443:Drivers/STM32F1xx_HAL_Driver/Src/stm32f1xx_hal_pcd.c ****   * @param  hpcd PCD handle
1444:Drivers/STM32F1xx_HAL_Driver/Src/stm32f1xx_hal_pcd.c ****   * @retval None
1445:Drivers/STM32F1xx_HAL_Driver/Src/stm32f1xx_hal_pcd.c ****   */
1446:Drivers/STM32F1xx_HAL_Driver/Src/stm32f1xx_hal_pcd.c **** __weak void HAL_PCD_ResetCallback(PCD_HandleTypeDef *hpcd)
1447:Drivers/STM32F1xx_HAL_Driver/Src/stm32f1xx_hal_pcd.c **** {
1448:Drivers/STM32F1xx_HAL_Driver/Src/stm32f1xx_hal_pcd.c ****   /* Prevent unused argument(s) compilation warning */
1449:Drivers/STM32F1xx_HAL_Driver/Src/stm32f1xx_hal_pcd.c ****   UNUSED(hpcd);
1450:Drivers/STM32F1xx_HAL_Driver/Src/stm32f1xx_hal_pcd.c **** 
1451:Drivers/STM32F1xx_HAL_Driver/Src/stm32f1xx_hal_pcd.c ****   /* NOTE : This function should not be modified, when the callback is needed,
1452:Drivers/STM32F1xx_HAL_Driver/Src/stm32f1xx_hal_pcd.c ****             the HAL_PCD_ResetCallback could be implemented in the user file
1453:Drivers/STM32F1xx_HAL_Driver/Src/stm32f1xx_hal_pcd.c ****    */
1454:Drivers/STM32F1xx_HAL_Driver/Src/stm32f1xx_hal_pcd.c **** }
1455:Drivers/STM32F1xx_HAL_Driver/Src/stm32f1xx_hal_pcd.c **** 
1456:Drivers/STM32F1xx_HAL_Driver/Src/stm32f1xx_hal_pcd.c **** /**
1457:Drivers/STM32F1xx_HAL_Driver/Src/stm32f1xx_hal_pcd.c ****   * @brief  Suspend event callback.
ARM GAS  /tmp/ccdzNYOe.s 			page 27


1458:Drivers/STM32F1xx_HAL_Driver/Src/stm32f1xx_hal_pcd.c ****   * @param  hpcd PCD handle
1459:Drivers/STM32F1xx_HAL_Driver/Src/stm32f1xx_hal_pcd.c ****   * @retval None
1460:Drivers/STM32F1xx_HAL_Driver/Src/stm32f1xx_hal_pcd.c ****   */
1461:Drivers/STM32F1xx_HAL_Driver/Src/stm32f1xx_hal_pcd.c **** __weak void HAL_PCD_SuspendCallback(PCD_HandleTypeDef *hpcd)
1462:Drivers/STM32F1xx_HAL_Driver/Src/stm32f1xx_hal_pcd.c **** {
1463:Drivers/STM32F1xx_HAL_Driver/Src/stm32f1xx_hal_pcd.c ****   /* Prevent unused argument(s) compilation warning */
1464:Drivers/STM32F1xx_HAL_Driver/Src/stm32f1xx_hal_pcd.c ****   UNUSED(hpcd);
1465:Drivers/STM32F1xx_HAL_Driver/Src/stm32f1xx_hal_pcd.c **** 
1466:Drivers/STM32F1xx_HAL_Driver/Src/stm32f1xx_hal_pcd.c ****   /* NOTE : This function should not be modified, when the callback is needed,
1467:Drivers/STM32F1xx_HAL_Driver/Src/stm32f1xx_hal_pcd.c ****             the HAL_PCD_SuspendCallback could be implemented in the user file
1468:Drivers/STM32F1xx_HAL_Driver/Src/stm32f1xx_hal_pcd.c ****    */
1469:Drivers/STM32F1xx_HAL_Driver/Src/stm32f1xx_hal_pcd.c **** }
1470:Drivers/STM32F1xx_HAL_Driver/Src/stm32f1xx_hal_pcd.c **** 
1471:Drivers/STM32F1xx_HAL_Driver/Src/stm32f1xx_hal_pcd.c **** /**
1472:Drivers/STM32F1xx_HAL_Driver/Src/stm32f1xx_hal_pcd.c ****   * @brief  Resume event callback.
1473:Drivers/STM32F1xx_HAL_Driver/Src/stm32f1xx_hal_pcd.c ****   * @param  hpcd PCD handle
1474:Drivers/STM32F1xx_HAL_Driver/Src/stm32f1xx_hal_pcd.c ****   * @retval None
1475:Drivers/STM32F1xx_HAL_Driver/Src/stm32f1xx_hal_pcd.c ****   */
1476:Drivers/STM32F1xx_HAL_Driver/Src/stm32f1xx_hal_pcd.c **** __weak void HAL_PCD_ResumeCallback(PCD_HandleTypeDef *hpcd)
1477:Drivers/STM32F1xx_HAL_Driver/Src/stm32f1xx_hal_pcd.c **** {
1478:Drivers/STM32F1xx_HAL_Driver/Src/stm32f1xx_hal_pcd.c ****   /* Prevent unused argument(s) compilation warning */
1479:Drivers/STM32F1xx_HAL_Driver/Src/stm32f1xx_hal_pcd.c ****   UNUSED(hpcd);
1480:Drivers/STM32F1xx_HAL_Driver/Src/stm32f1xx_hal_pcd.c **** 
1481:Drivers/STM32F1xx_HAL_Driver/Src/stm32f1xx_hal_pcd.c ****   /* NOTE : This function should not be modified, when the callback is needed,
1482:Drivers/STM32F1xx_HAL_Driver/Src/stm32f1xx_hal_pcd.c ****             the HAL_PCD_ResumeCallback could be implemented in the user file
1483:Drivers/STM32F1xx_HAL_Driver/Src/stm32f1xx_hal_pcd.c ****    */
1484:Drivers/STM32F1xx_HAL_Driver/Src/stm32f1xx_hal_pcd.c **** }
1485:Drivers/STM32F1xx_HAL_Driver/Src/stm32f1xx_hal_pcd.c **** 
1486:Drivers/STM32F1xx_HAL_Driver/Src/stm32f1xx_hal_pcd.c **** /**
1487:Drivers/STM32F1xx_HAL_Driver/Src/stm32f1xx_hal_pcd.c ****   * @brief  Incomplete ISO OUT callback.
1488:Drivers/STM32F1xx_HAL_Driver/Src/stm32f1xx_hal_pcd.c ****   * @param  hpcd PCD handle
1489:Drivers/STM32F1xx_HAL_Driver/Src/stm32f1xx_hal_pcd.c ****   * @param  epnum endpoint number
1490:Drivers/STM32F1xx_HAL_Driver/Src/stm32f1xx_hal_pcd.c ****   * @retval None
1491:Drivers/STM32F1xx_HAL_Driver/Src/stm32f1xx_hal_pcd.c ****   */
1492:Drivers/STM32F1xx_HAL_Driver/Src/stm32f1xx_hal_pcd.c **** __weak void HAL_PCD_ISOOUTIncompleteCallback(PCD_HandleTypeDef *hpcd, uint8_t epnum)
1493:Drivers/STM32F1xx_HAL_Driver/Src/stm32f1xx_hal_pcd.c **** {
1494:Drivers/STM32F1xx_HAL_Driver/Src/stm32f1xx_hal_pcd.c ****   /* Prevent unused argument(s) compilation warning */
1495:Drivers/STM32F1xx_HAL_Driver/Src/stm32f1xx_hal_pcd.c ****   UNUSED(hpcd);
1496:Drivers/STM32F1xx_HAL_Driver/Src/stm32f1xx_hal_pcd.c ****   UNUSED(epnum);
1497:Drivers/STM32F1xx_HAL_Driver/Src/stm32f1xx_hal_pcd.c **** 
1498:Drivers/STM32F1xx_HAL_Driver/Src/stm32f1xx_hal_pcd.c ****   /* NOTE : This function should not be modified, when the callback is needed,
1499:Drivers/STM32F1xx_HAL_Driver/Src/stm32f1xx_hal_pcd.c ****             the HAL_PCD_ISOOUTIncompleteCallback could be implemented in the user file
1500:Drivers/STM32F1xx_HAL_Driver/Src/stm32f1xx_hal_pcd.c ****    */
1501:Drivers/STM32F1xx_HAL_Driver/Src/stm32f1xx_hal_pcd.c **** }
1502:Drivers/STM32F1xx_HAL_Driver/Src/stm32f1xx_hal_pcd.c **** 
1503:Drivers/STM32F1xx_HAL_Driver/Src/stm32f1xx_hal_pcd.c **** /**
1504:Drivers/STM32F1xx_HAL_Driver/Src/stm32f1xx_hal_pcd.c ****   * @brief  Incomplete ISO IN callback.
1505:Drivers/STM32F1xx_HAL_Driver/Src/stm32f1xx_hal_pcd.c ****   * @param  hpcd PCD handle
1506:Drivers/STM32F1xx_HAL_Driver/Src/stm32f1xx_hal_pcd.c ****   * @param  epnum endpoint number
1507:Drivers/STM32F1xx_HAL_Driver/Src/stm32f1xx_hal_pcd.c ****   * @retval None
1508:Drivers/STM32F1xx_HAL_Driver/Src/stm32f1xx_hal_pcd.c ****   */
1509:Drivers/STM32F1xx_HAL_Driver/Src/stm32f1xx_hal_pcd.c **** __weak void HAL_PCD_ISOINIncompleteCallback(PCD_HandleTypeDef *hpcd, uint8_t epnum)
1510:Drivers/STM32F1xx_HAL_Driver/Src/stm32f1xx_hal_pcd.c **** {
1511:Drivers/STM32F1xx_HAL_Driver/Src/stm32f1xx_hal_pcd.c ****   /* Prevent unused argument(s) compilation warning */
1512:Drivers/STM32F1xx_HAL_Driver/Src/stm32f1xx_hal_pcd.c ****   UNUSED(hpcd);
1513:Drivers/STM32F1xx_HAL_Driver/Src/stm32f1xx_hal_pcd.c ****   UNUSED(epnum);
1514:Drivers/STM32F1xx_HAL_Driver/Src/stm32f1xx_hal_pcd.c **** 
ARM GAS  /tmp/ccdzNYOe.s 			page 28


1515:Drivers/STM32F1xx_HAL_Driver/Src/stm32f1xx_hal_pcd.c ****   /* NOTE : This function should not be modified, when the callback is needed,
1516:Drivers/STM32F1xx_HAL_Driver/Src/stm32f1xx_hal_pcd.c ****             the HAL_PCD_ISOINIncompleteCallback could be implemented in the user file
1517:Drivers/STM32F1xx_HAL_Driver/Src/stm32f1xx_hal_pcd.c ****    */
1518:Drivers/STM32F1xx_HAL_Driver/Src/stm32f1xx_hal_pcd.c **** }
1519:Drivers/STM32F1xx_HAL_Driver/Src/stm32f1xx_hal_pcd.c **** 
1520:Drivers/STM32F1xx_HAL_Driver/Src/stm32f1xx_hal_pcd.c **** /**
1521:Drivers/STM32F1xx_HAL_Driver/Src/stm32f1xx_hal_pcd.c ****   * @brief  Connection event callback.
1522:Drivers/STM32F1xx_HAL_Driver/Src/stm32f1xx_hal_pcd.c ****   * @param  hpcd PCD handle
1523:Drivers/STM32F1xx_HAL_Driver/Src/stm32f1xx_hal_pcd.c ****   * @retval None
1524:Drivers/STM32F1xx_HAL_Driver/Src/stm32f1xx_hal_pcd.c ****   */
1525:Drivers/STM32F1xx_HAL_Driver/Src/stm32f1xx_hal_pcd.c **** __weak void HAL_PCD_ConnectCallback(PCD_HandleTypeDef *hpcd)
1526:Drivers/STM32F1xx_HAL_Driver/Src/stm32f1xx_hal_pcd.c **** {
1527:Drivers/STM32F1xx_HAL_Driver/Src/stm32f1xx_hal_pcd.c ****   /* Prevent unused argument(s) compilation warning */
1528:Drivers/STM32F1xx_HAL_Driver/Src/stm32f1xx_hal_pcd.c ****   UNUSED(hpcd);
1529:Drivers/STM32F1xx_HAL_Driver/Src/stm32f1xx_hal_pcd.c **** 
1530:Drivers/STM32F1xx_HAL_Driver/Src/stm32f1xx_hal_pcd.c ****   /* NOTE : This function should not be modified, when the callback is needed,
1531:Drivers/STM32F1xx_HAL_Driver/Src/stm32f1xx_hal_pcd.c ****             the HAL_PCD_ConnectCallback could be implemented in the user file
1532:Drivers/STM32F1xx_HAL_Driver/Src/stm32f1xx_hal_pcd.c ****    */
1533:Drivers/STM32F1xx_HAL_Driver/Src/stm32f1xx_hal_pcd.c **** }
1534:Drivers/STM32F1xx_HAL_Driver/Src/stm32f1xx_hal_pcd.c **** 
1535:Drivers/STM32F1xx_HAL_Driver/Src/stm32f1xx_hal_pcd.c **** /**
1536:Drivers/STM32F1xx_HAL_Driver/Src/stm32f1xx_hal_pcd.c ****   * @brief  Disconnection event callback.
1537:Drivers/STM32F1xx_HAL_Driver/Src/stm32f1xx_hal_pcd.c ****   * @param  hpcd PCD handle
1538:Drivers/STM32F1xx_HAL_Driver/Src/stm32f1xx_hal_pcd.c ****   * @retval None
1539:Drivers/STM32F1xx_HAL_Driver/Src/stm32f1xx_hal_pcd.c ****   */
1540:Drivers/STM32F1xx_HAL_Driver/Src/stm32f1xx_hal_pcd.c **** __weak void HAL_PCD_DisconnectCallback(PCD_HandleTypeDef *hpcd)
1541:Drivers/STM32F1xx_HAL_Driver/Src/stm32f1xx_hal_pcd.c **** {
1542:Drivers/STM32F1xx_HAL_Driver/Src/stm32f1xx_hal_pcd.c ****   /* Prevent unused argument(s) compilation warning */
1543:Drivers/STM32F1xx_HAL_Driver/Src/stm32f1xx_hal_pcd.c ****   UNUSED(hpcd);
1544:Drivers/STM32F1xx_HAL_Driver/Src/stm32f1xx_hal_pcd.c **** 
1545:Drivers/STM32F1xx_HAL_Driver/Src/stm32f1xx_hal_pcd.c ****   /* NOTE : This function should not be modified, when the callback is needed,
1546:Drivers/STM32F1xx_HAL_Driver/Src/stm32f1xx_hal_pcd.c ****             the HAL_PCD_DisconnectCallback could be implemented in the user file
1547:Drivers/STM32F1xx_HAL_Driver/Src/stm32f1xx_hal_pcd.c ****    */
1548:Drivers/STM32F1xx_HAL_Driver/Src/stm32f1xx_hal_pcd.c **** }
1549:Drivers/STM32F1xx_HAL_Driver/Src/stm32f1xx_hal_pcd.c **** 
1550:Drivers/STM32F1xx_HAL_Driver/Src/stm32f1xx_hal_pcd.c **** /**
1551:Drivers/STM32F1xx_HAL_Driver/Src/stm32f1xx_hal_pcd.c ****   * @}
1552:Drivers/STM32F1xx_HAL_Driver/Src/stm32f1xx_hal_pcd.c ****   */
1553:Drivers/STM32F1xx_HAL_Driver/Src/stm32f1xx_hal_pcd.c **** 
1554:Drivers/STM32F1xx_HAL_Driver/Src/stm32f1xx_hal_pcd.c **** /** @defgroup PCD_Exported_Functions_Group3 Peripheral Control functions
1555:Drivers/STM32F1xx_HAL_Driver/Src/stm32f1xx_hal_pcd.c ****   *  @brief   management functions
1556:Drivers/STM32F1xx_HAL_Driver/Src/stm32f1xx_hal_pcd.c ****   *
1557:Drivers/STM32F1xx_HAL_Driver/Src/stm32f1xx_hal_pcd.c **** @verbatim
1558:Drivers/STM32F1xx_HAL_Driver/Src/stm32f1xx_hal_pcd.c ****  ===============================================================================
1559:Drivers/STM32F1xx_HAL_Driver/Src/stm32f1xx_hal_pcd.c ****                       ##### Peripheral Control functions #####
1560:Drivers/STM32F1xx_HAL_Driver/Src/stm32f1xx_hal_pcd.c ****  ===============================================================================
1561:Drivers/STM32F1xx_HAL_Driver/Src/stm32f1xx_hal_pcd.c ****     [..]
1562:Drivers/STM32F1xx_HAL_Driver/Src/stm32f1xx_hal_pcd.c ****     This subsection provides a set of functions allowing to control the PCD data
1563:Drivers/STM32F1xx_HAL_Driver/Src/stm32f1xx_hal_pcd.c ****     transfers.
1564:Drivers/STM32F1xx_HAL_Driver/Src/stm32f1xx_hal_pcd.c **** 
1565:Drivers/STM32F1xx_HAL_Driver/Src/stm32f1xx_hal_pcd.c **** @endverbatim
1566:Drivers/STM32F1xx_HAL_Driver/Src/stm32f1xx_hal_pcd.c ****   * @{
1567:Drivers/STM32F1xx_HAL_Driver/Src/stm32f1xx_hal_pcd.c ****   */
1568:Drivers/STM32F1xx_HAL_Driver/Src/stm32f1xx_hal_pcd.c **** 
1569:Drivers/STM32F1xx_HAL_Driver/Src/stm32f1xx_hal_pcd.c **** /**
1570:Drivers/STM32F1xx_HAL_Driver/Src/stm32f1xx_hal_pcd.c ****   * @brief  Connect the USB device
1571:Drivers/STM32F1xx_HAL_Driver/Src/stm32f1xx_hal_pcd.c ****   * @param  hpcd PCD handle
ARM GAS  /tmp/ccdzNYOe.s 			page 29


1572:Drivers/STM32F1xx_HAL_Driver/Src/stm32f1xx_hal_pcd.c ****   * @retval HAL status
1573:Drivers/STM32F1xx_HAL_Driver/Src/stm32f1xx_hal_pcd.c ****   */
1574:Drivers/STM32F1xx_HAL_Driver/Src/stm32f1xx_hal_pcd.c **** HAL_StatusTypeDef HAL_PCD_DevConnect(PCD_HandleTypeDef *hpcd)
1575:Drivers/STM32F1xx_HAL_Driver/Src/stm32f1xx_hal_pcd.c **** {
1576:Drivers/STM32F1xx_HAL_Driver/Src/stm32f1xx_hal_pcd.c ****   __HAL_LOCK(hpcd);
1577:Drivers/STM32F1xx_HAL_Driver/Src/stm32f1xx_hal_pcd.c **** 
1578:Drivers/STM32F1xx_HAL_Driver/Src/stm32f1xx_hal_pcd.c **** #if defined (USB)
1579:Drivers/STM32F1xx_HAL_Driver/Src/stm32f1xx_hal_pcd.c ****   HAL_PCDEx_SetConnectionState(hpcd, 1U);
1580:Drivers/STM32F1xx_HAL_Driver/Src/stm32f1xx_hal_pcd.c **** #endif /* defined (USB) */
1581:Drivers/STM32F1xx_HAL_Driver/Src/stm32f1xx_hal_pcd.c **** 
1582:Drivers/STM32F1xx_HAL_Driver/Src/stm32f1xx_hal_pcd.c ****   (void)USB_DevConnect(hpcd->Instance);
1583:Drivers/STM32F1xx_HAL_Driver/Src/stm32f1xx_hal_pcd.c ****   __HAL_UNLOCK(hpcd);
1584:Drivers/STM32F1xx_HAL_Driver/Src/stm32f1xx_hal_pcd.c **** 
1585:Drivers/STM32F1xx_HAL_Driver/Src/stm32f1xx_hal_pcd.c ****   return HAL_OK;
1586:Drivers/STM32F1xx_HAL_Driver/Src/stm32f1xx_hal_pcd.c **** }
1587:Drivers/STM32F1xx_HAL_Driver/Src/stm32f1xx_hal_pcd.c **** 
1588:Drivers/STM32F1xx_HAL_Driver/Src/stm32f1xx_hal_pcd.c **** /**
1589:Drivers/STM32F1xx_HAL_Driver/Src/stm32f1xx_hal_pcd.c ****   * @brief  Disconnect the USB device.
1590:Drivers/STM32F1xx_HAL_Driver/Src/stm32f1xx_hal_pcd.c ****   * @param  hpcd PCD handle
1591:Drivers/STM32F1xx_HAL_Driver/Src/stm32f1xx_hal_pcd.c ****   * @retval HAL status
1592:Drivers/STM32F1xx_HAL_Driver/Src/stm32f1xx_hal_pcd.c ****   */
1593:Drivers/STM32F1xx_HAL_Driver/Src/stm32f1xx_hal_pcd.c **** HAL_StatusTypeDef HAL_PCD_DevDisconnect(PCD_HandleTypeDef *hpcd)
1594:Drivers/STM32F1xx_HAL_Driver/Src/stm32f1xx_hal_pcd.c **** {
1595:Drivers/STM32F1xx_HAL_Driver/Src/stm32f1xx_hal_pcd.c ****   __HAL_LOCK(hpcd);
1596:Drivers/STM32F1xx_HAL_Driver/Src/stm32f1xx_hal_pcd.c **** 
1597:Drivers/STM32F1xx_HAL_Driver/Src/stm32f1xx_hal_pcd.c **** #if defined (USB)
1598:Drivers/STM32F1xx_HAL_Driver/Src/stm32f1xx_hal_pcd.c ****   HAL_PCDEx_SetConnectionState(hpcd, 0U);
1599:Drivers/STM32F1xx_HAL_Driver/Src/stm32f1xx_hal_pcd.c **** #endif /* defined (USB) */
1600:Drivers/STM32F1xx_HAL_Driver/Src/stm32f1xx_hal_pcd.c **** 
1601:Drivers/STM32F1xx_HAL_Driver/Src/stm32f1xx_hal_pcd.c ****   (void)USB_DevDisconnect(hpcd->Instance);
1602:Drivers/STM32F1xx_HAL_Driver/Src/stm32f1xx_hal_pcd.c ****   __HAL_UNLOCK(hpcd);
1603:Drivers/STM32F1xx_HAL_Driver/Src/stm32f1xx_hal_pcd.c **** 
1604:Drivers/STM32F1xx_HAL_Driver/Src/stm32f1xx_hal_pcd.c ****   return HAL_OK;
1605:Drivers/STM32F1xx_HAL_Driver/Src/stm32f1xx_hal_pcd.c **** }
1606:Drivers/STM32F1xx_HAL_Driver/Src/stm32f1xx_hal_pcd.c **** 
1607:Drivers/STM32F1xx_HAL_Driver/Src/stm32f1xx_hal_pcd.c **** /**
1608:Drivers/STM32F1xx_HAL_Driver/Src/stm32f1xx_hal_pcd.c ****   * @brief  Set the USB Device address.
1609:Drivers/STM32F1xx_HAL_Driver/Src/stm32f1xx_hal_pcd.c ****   * @param  hpcd PCD handle
1610:Drivers/STM32F1xx_HAL_Driver/Src/stm32f1xx_hal_pcd.c ****   * @param  address new device address
1611:Drivers/STM32F1xx_HAL_Driver/Src/stm32f1xx_hal_pcd.c ****   * @retval HAL status
1612:Drivers/STM32F1xx_HAL_Driver/Src/stm32f1xx_hal_pcd.c ****   */
1613:Drivers/STM32F1xx_HAL_Driver/Src/stm32f1xx_hal_pcd.c **** HAL_StatusTypeDef HAL_PCD_SetAddress(PCD_HandleTypeDef *hpcd, uint8_t address)
1614:Drivers/STM32F1xx_HAL_Driver/Src/stm32f1xx_hal_pcd.c **** {
1615:Drivers/STM32F1xx_HAL_Driver/Src/stm32f1xx_hal_pcd.c ****   __HAL_LOCK(hpcd);
1616:Drivers/STM32F1xx_HAL_Driver/Src/stm32f1xx_hal_pcd.c ****   hpcd->USB_Address = address;
1617:Drivers/STM32F1xx_HAL_Driver/Src/stm32f1xx_hal_pcd.c ****   (void)USB_SetDevAddress(hpcd->Instance, address);
1618:Drivers/STM32F1xx_HAL_Driver/Src/stm32f1xx_hal_pcd.c ****   __HAL_UNLOCK(hpcd);
1619:Drivers/STM32F1xx_HAL_Driver/Src/stm32f1xx_hal_pcd.c **** 
1620:Drivers/STM32F1xx_HAL_Driver/Src/stm32f1xx_hal_pcd.c ****   return HAL_OK;
1621:Drivers/STM32F1xx_HAL_Driver/Src/stm32f1xx_hal_pcd.c **** }
1622:Drivers/STM32F1xx_HAL_Driver/Src/stm32f1xx_hal_pcd.c **** /**
1623:Drivers/STM32F1xx_HAL_Driver/Src/stm32f1xx_hal_pcd.c ****   * @brief  Open and configure an endpoint.
1624:Drivers/STM32F1xx_HAL_Driver/Src/stm32f1xx_hal_pcd.c ****   * @param  hpcd PCD handle
1625:Drivers/STM32F1xx_HAL_Driver/Src/stm32f1xx_hal_pcd.c ****   * @param  ep_addr endpoint address
1626:Drivers/STM32F1xx_HAL_Driver/Src/stm32f1xx_hal_pcd.c ****   * @param  ep_mps endpoint max packet size
1627:Drivers/STM32F1xx_HAL_Driver/Src/stm32f1xx_hal_pcd.c ****   * @param  ep_type endpoint type
1628:Drivers/STM32F1xx_HAL_Driver/Src/stm32f1xx_hal_pcd.c ****   * @retval HAL status
ARM GAS  /tmp/ccdzNYOe.s 			page 30


1629:Drivers/STM32F1xx_HAL_Driver/Src/stm32f1xx_hal_pcd.c ****   */
1630:Drivers/STM32F1xx_HAL_Driver/Src/stm32f1xx_hal_pcd.c **** HAL_StatusTypeDef HAL_PCD_EP_Open(PCD_HandleTypeDef *hpcd, uint8_t ep_addr,
1631:Drivers/STM32F1xx_HAL_Driver/Src/stm32f1xx_hal_pcd.c ****                                   uint16_t ep_mps, uint8_t ep_type)
1632:Drivers/STM32F1xx_HAL_Driver/Src/stm32f1xx_hal_pcd.c **** {
1633:Drivers/STM32F1xx_HAL_Driver/Src/stm32f1xx_hal_pcd.c ****   HAL_StatusTypeDef  ret = HAL_OK;
1634:Drivers/STM32F1xx_HAL_Driver/Src/stm32f1xx_hal_pcd.c ****   PCD_EPTypeDef *ep;
1635:Drivers/STM32F1xx_HAL_Driver/Src/stm32f1xx_hal_pcd.c **** 
1636:Drivers/STM32F1xx_HAL_Driver/Src/stm32f1xx_hal_pcd.c ****   if ((ep_addr & 0x80U) == 0x80U)
1637:Drivers/STM32F1xx_HAL_Driver/Src/stm32f1xx_hal_pcd.c ****   {
1638:Drivers/STM32F1xx_HAL_Driver/Src/stm32f1xx_hal_pcd.c ****     ep = &hpcd->IN_ep[ep_addr & EP_ADDR_MSK];
1639:Drivers/STM32F1xx_HAL_Driver/Src/stm32f1xx_hal_pcd.c ****     ep->is_in = 1U;
1640:Drivers/STM32F1xx_HAL_Driver/Src/stm32f1xx_hal_pcd.c ****   }
1641:Drivers/STM32F1xx_HAL_Driver/Src/stm32f1xx_hal_pcd.c ****   else
1642:Drivers/STM32F1xx_HAL_Driver/Src/stm32f1xx_hal_pcd.c ****   {
1643:Drivers/STM32F1xx_HAL_Driver/Src/stm32f1xx_hal_pcd.c ****     ep = &hpcd->OUT_ep[ep_addr & EP_ADDR_MSK];
1644:Drivers/STM32F1xx_HAL_Driver/Src/stm32f1xx_hal_pcd.c ****     ep->is_in = 0U;
1645:Drivers/STM32F1xx_HAL_Driver/Src/stm32f1xx_hal_pcd.c ****   }
1646:Drivers/STM32F1xx_HAL_Driver/Src/stm32f1xx_hal_pcd.c **** 
1647:Drivers/STM32F1xx_HAL_Driver/Src/stm32f1xx_hal_pcd.c ****   ep->num = ep_addr & EP_ADDR_MSK;
1648:Drivers/STM32F1xx_HAL_Driver/Src/stm32f1xx_hal_pcd.c ****   ep->maxpacket = ep_mps;
1649:Drivers/STM32F1xx_HAL_Driver/Src/stm32f1xx_hal_pcd.c ****   ep->type = ep_type;
1650:Drivers/STM32F1xx_HAL_Driver/Src/stm32f1xx_hal_pcd.c **** 
1651:Drivers/STM32F1xx_HAL_Driver/Src/stm32f1xx_hal_pcd.c ****   if (ep->is_in != 0U)
1652:Drivers/STM32F1xx_HAL_Driver/Src/stm32f1xx_hal_pcd.c ****   {
1653:Drivers/STM32F1xx_HAL_Driver/Src/stm32f1xx_hal_pcd.c ****     /* Assign a Tx FIFO */
1654:Drivers/STM32F1xx_HAL_Driver/Src/stm32f1xx_hal_pcd.c ****     ep->tx_fifo_num = ep->num;
1655:Drivers/STM32F1xx_HAL_Driver/Src/stm32f1xx_hal_pcd.c ****   }
1656:Drivers/STM32F1xx_HAL_Driver/Src/stm32f1xx_hal_pcd.c ****   /* Set initial data PID. */
1657:Drivers/STM32F1xx_HAL_Driver/Src/stm32f1xx_hal_pcd.c ****   if (ep_type == EP_TYPE_BULK)
1658:Drivers/STM32F1xx_HAL_Driver/Src/stm32f1xx_hal_pcd.c ****   {
1659:Drivers/STM32F1xx_HAL_Driver/Src/stm32f1xx_hal_pcd.c ****     ep->data_pid_start = 0U;
1660:Drivers/STM32F1xx_HAL_Driver/Src/stm32f1xx_hal_pcd.c ****   }
1661:Drivers/STM32F1xx_HAL_Driver/Src/stm32f1xx_hal_pcd.c **** 
1662:Drivers/STM32F1xx_HAL_Driver/Src/stm32f1xx_hal_pcd.c ****   __HAL_LOCK(hpcd);
1663:Drivers/STM32F1xx_HAL_Driver/Src/stm32f1xx_hal_pcd.c ****   (void)USB_ActivateEndpoint(hpcd->Instance, ep);
1664:Drivers/STM32F1xx_HAL_Driver/Src/stm32f1xx_hal_pcd.c ****   __HAL_UNLOCK(hpcd);
1665:Drivers/STM32F1xx_HAL_Driver/Src/stm32f1xx_hal_pcd.c **** 
1666:Drivers/STM32F1xx_HAL_Driver/Src/stm32f1xx_hal_pcd.c ****   return ret;
1667:Drivers/STM32F1xx_HAL_Driver/Src/stm32f1xx_hal_pcd.c **** }
1668:Drivers/STM32F1xx_HAL_Driver/Src/stm32f1xx_hal_pcd.c **** 
1669:Drivers/STM32F1xx_HAL_Driver/Src/stm32f1xx_hal_pcd.c **** /**
1670:Drivers/STM32F1xx_HAL_Driver/Src/stm32f1xx_hal_pcd.c ****   * @brief  Deactivate an endpoint.
1671:Drivers/STM32F1xx_HAL_Driver/Src/stm32f1xx_hal_pcd.c ****   * @param  hpcd PCD handle
1672:Drivers/STM32F1xx_HAL_Driver/Src/stm32f1xx_hal_pcd.c ****   * @param  ep_addr endpoint address
1673:Drivers/STM32F1xx_HAL_Driver/Src/stm32f1xx_hal_pcd.c ****   * @retval HAL status
1674:Drivers/STM32F1xx_HAL_Driver/Src/stm32f1xx_hal_pcd.c ****   */
1675:Drivers/STM32F1xx_HAL_Driver/Src/stm32f1xx_hal_pcd.c **** HAL_StatusTypeDef HAL_PCD_EP_Close(PCD_HandleTypeDef *hpcd, uint8_t ep_addr)
1676:Drivers/STM32F1xx_HAL_Driver/Src/stm32f1xx_hal_pcd.c **** {
1677:Drivers/STM32F1xx_HAL_Driver/Src/stm32f1xx_hal_pcd.c ****   PCD_EPTypeDef *ep;
1678:Drivers/STM32F1xx_HAL_Driver/Src/stm32f1xx_hal_pcd.c **** 
1679:Drivers/STM32F1xx_HAL_Driver/Src/stm32f1xx_hal_pcd.c ****   if ((ep_addr & 0x80U) == 0x80U)
1680:Drivers/STM32F1xx_HAL_Driver/Src/stm32f1xx_hal_pcd.c ****   {
1681:Drivers/STM32F1xx_HAL_Driver/Src/stm32f1xx_hal_pcd.c ****     ep = &hpcd->IN_ep[ep_addr & EP_ADDR_MSK];
1682:Drivers/STM32F1xx_HAL_Driver/Src/stm32f1xx_hal_pcd.c ****     ep->is_in = 1U;
1683:Drivers/STM32F1xx_HAL_Driver/Src/stm32f1xx_hal_pcd.c ****   }
1684:Drivers/STM32F1xx_HAL_Driver/Src/stm32f1xx_hal_pcd.c ****   else
1685:Drivers/STM32F1xx_HAL_Driver/Src/stm32f1xx_hal_pcd.c ****   {
ARM GAS  /tmp/ccdzNYOe.s 			page 31


1686:Drivers/STM32F1xx_HAL_Driver/Src/stm32f1xx_hal_pcd.c ****     ep = &hpcd->OUT_ep[ep_addr & EP_ADDR_MSK];
1687:Drivers/STM32F1xx_HAL_Driver/Src/stm32f1xx_hal_pcd.c ****     ep->is_in = 0U;
1688:Drivers/STM32F1xx_HAL_Driver/Src/stm32f1xx_hal_pcd.c ****   }
1689:Drivers/STM32F1xx_HAL_Driver/Src/stm32f1xx_hal_pcd.c ****   ep->num   = ep_addr & EP_ADDR_MSK;
1690:Drivers/STM32F1xx_HAL_Driver/Src/stm32f1xx_hal_pcd.c **** 
1691:Drivers/STM32F1xx_HAL_Driver/Src/stm32f1xx_hal_pcd.c ****   __HAL_LOCK(hpcd);
1692:Drivers/STM32F1xx_HAL_Driver/Src/stm32f1xx_hal_pcd.c ****   (void)USB_DeactivateEndpoint(hpcd->Instance, ep);
1693:Drivers/STM32F1xx_HAL_Driver/Src/stm32f1xx_hal_pcd.c ****   __HAL_UNLOCK(hpcd);
1694:Drivers/STM32F1xx_HAL_Driver/Src/stm32f1xx_hal_pcd.c ****   return HAL_OK;
1695:Drivers/STM32F1xx_HAL_Driver/Src/stm32f1xx_hal_pcd.c **** }
1696:Drivers/STM32F1xx_HAL_Driver/Src/stm32f1xx_hal_pcd.c **** 
1697:Drivers/STM32F1xx_HAL_Driver/Src/stm32f1xx_hal_pcd.c **** 
1698:Drivers/STM32F1xx_HAL_Driver/Src/stm32f1xx_hal_pcd.c **** /**
1699:Drivers/STM32F1xx_HAL_Driver/Src/stm32f1xx_hal_pcd.c ****   * @brief  Receive an amount of data.
1700:Drivers/STM32F1xx_HAL_Driver/Src/stm32f1xx_hal_pcd.c ****   * @param  hpcd PCD handle
1701:Drivers/STM32F1xx_HAL_Driver/Src/stm32f1xx_hal_pcd.c ****   * @param  ep_addr endpoint address
1702:Drivers/STM32F1xx_HAL_Driver/Src/stm32f1xx_hal_pcd.c ****   * @param  pBuf pointer to the reception buffer
1703:Drivers/STM32F1xx_HAL_Driver/Src/stm32f1xx_hal_pcd.c ****   * @param  len amount of data to be received
1704:Drivers/STM32F1xx_HAL_Driver/Src/stm32f1xx_hal_pcd.c ****   * @retval HAL status
1705:Drivers/STM32F1xx_HAL_Driver/Src/stm32f1xx_hal_pcd.c ****   */
1706:Drivers/STM32F1xx_HAL_Driver/Src/stm32f1xx_hal_pcd.c **** HAL_StatusTypeDef HAL_PCD_EP_Receive(PCD_HandleTypeDef *hpcd, uint8_t ep_addr, uint8_t *pBuf, uint3
1707:Drivers/STM32F1xx_HAL_Driver/Src/stm32f1xx_hal_pcd.c **** {
1708:Drivers/STM32F1xx_HAL_Driver/Src/stm32f1xx_hal_pcd.c ****   PCD_EPTypeDef *ep;
1709:Drivers/STM32F1xx_HAL_Driver/Src/stm32f1xx_hal_pcd.c **** 
1710:Drivers/STM32F1xx_HAL_Driver/Src/stm32f1xx_hal_pcd.c ****   ep = &hpcd->OUT_ep[ep_addr & EP_ADDR_MSK];
1711:Drivers/STM32F1xx_HAL_Driver/Src/stm32f1xx_hal_pcd.c **** 
1712:Drivers/STM32F1xx_HAL_Driver/Src/stm32f1xx_hal_pcd.c ****   /*setup and start the Xfer */
1713:Drivers/STM32F1xx_HAL_Driver/Src/stm32f1xx_hal_pcd.c ****   ep->xfer_buff = pBuf;
1714:Drivers/STM32F1xx_HAL_Driver/Src/stm32f1xx_hal_pcd.c ****   ep->xfer_len = len;
1715:Drivers/STM32F1xx_HAL_Driver/Src/stm32f1xx_hal_pcd.c ****   ep->xfer_count = 0U;
1716:Drivers/STM32F1xx_HAL_Driver/Src/stm32f1xx_hal_pcd.c ****   ep->is_in = 0U;
1717:Drivers/STM32F1xx_HAL_Driver/Src/stm32f1xx_hal_pcd.c ****   ep->num = ep_addr & EP_ADDR_MSK;
1718:Drivers/STM32F1xx_HAL_Driver/Src/stm32f1xx_hal_pcd.c **** 
1719:Drivers/STM32F1xx_HAL_Driver/Src/stm32f1xx_hal_pcd.c ****   if ((ep_addr & EP_ADDR_MSK) == 0U)
1720:Drivers/STM32F1xx_HAL_Driver/Src/stm32f1xx_hal_pcd.c ****   {
1721:Drivers/STM32F1xx_HAL_Driver/Src/stm32f1xx_hal_pcd.c ****     (void)USB_EP0StartXfer(hpcd->Instance, ep);
1722:Drivers/STM32F1xx_HAL_Driver/Src/stm32f1xx_hal_pcd.c ****   }
1723:Drivers/STM32F1xx_HAL_Driver/Src/stm32f1xx_hal_pcd.c ****   else
1724:Drivers/STM32F1xx_HAL_Driver/Src/stm32f1xx_hal_pcd.c ****   {
1725:Drivers/STM32F1xx_HAL_Driver/Src/stm32f1xx_hal_pcd.c ****     (void)USB_EPStartXfer(hpcd->Instance, ep);
1726:Drivers/STM32F1xx_HAL_Driver/Src/stm32f1xx_hal_pcd.c ****   }
1727:Drivers/STM32F1xx_HAL_Driver/Src/stm32f1xx_hal_pcd.c **** 
1728:Drivers/STM32F1xx_HAL_Driver/Src/stm32f1xx_hal_pcd.c ****   return HAL_OK;
1729:Drivers/STM32F1xx_HAL_Driver/Src/stm32f1xx_hal_pcd.c **** }
1730:Drivers/STM32F1xx_HAL_Driver/Src/stm32f1xx_hal_pcd.c **** 
1731:Drivers/STM32F1xx_HAL_Driver/Src/stm32f1xx_hal_pcd.c **** /**
1732:Drivers/STM32F1xx_HAL_Driver/Src/stm32f1xx_hal_pcd.c ****   * @brief  Get Received Data Size
1733:Drivers/STM32F1xx_HAL_Driver/Src/stm32f1xx_hal_pcd.c ****   * @param  hpcd PCD handle
1734:Drivers/STM32F1xx_HAL_Driver/Src/stm32f1xx_hal_pcd.c ****   * @param  ep_addr endpoint address
1735:Drivers/STM32F1xx_HAL_Driver/Src/stm32f1xx_hal_pcd.c ****   * @retval Data Size
1736:Drivers/STM32F1xx_HAL_Driver/Src/stm32f1xx_hal_pcd.c ****   */
1737:Drivers/STM32F1xx_HAL_Driver/Src/stm32f1xx_hal_pcd.c **** uint32_t HAL_PCD_EP_GetRxCount(PCD_HandleTypeDef *hpcd, uint8_t ep_addr)
1738:Drivers/STM32F1xx_HAL_Driver/Src/stm32f1xx_hal_pcd.c **** {
1739:Drivers/STM32F1xx_HAL_Driver/Src/stm32f1xx_hal_pcd.c ****   return hpcd->OUT_ep[ep_addr & EP_ADDR_MSK].xfer_count;
1740:Drivers/STM32F1xx_HAL_Driver/Src/stm32f1xx_hal_pcd.c **** }
1741:Drivers/STM32F1xx_HAL_Driver/Src/stm32f1xx_hal_pcd.c **** /**
1742:Drivers/STM32F1xx_HAL_Driver/Src/stm32f1xx_hal_pcd.c ****   * @brief  Send an amount of data
ARM GAS  /tmp/ccdzNYOe.s 			page 32


1743:Drivers/STM32F1xx_HAL_Driver/Src/stm32f1xx_hal_pcd.c ****   * @param  hpcd PCD handle
1744:Drivers/STM32F1xx_HAL_Driver/Src/stm32f1xx_hal_pcd.c ****   * @param  ep_addr endpoint address
1745:Drivers/STM32F1xx_HAL_Driver/Src/stm32f1xx_hal_pcd.c ****   * @param  pBuf pointer to the transmission buffer
1746:Drivers/STM32F1xx_HAL_Driver/Src/stm32f1xx_hal_pcd.c ****   * @param  len amount of data to be sent
1747:Drivers/STM32F1xx_HAL_Driver/Src/stm32f1xx_hal_pcd.c ****   * @retval HAL status
1748:Drivers/STM32F1xx_HAL_Driver/Src/stm32f1xx_hal_pcd.c ****   */
1749:Drivers/STM32F1xx_HAL_Driver/Src/stm32f1xx_hal_pcd.c **** HAL_StatusTypeDef HAL_PCD_EP_Transmit(PCD_HandleTypeDef *hpcd, uint8_t ep_addr, uint8_t *pBuf, uint
1750:Drivers/STM32F1xx_HAL_Driver/Src/stm32f1xx_hal_pcd.c **** {
1751:Drivers/STM32F1xx_HAL_Driver/Src/stm32f1xx_hal_pcd.c ****   PCD_EPTypeDef *ep;
1752:Drivers/STM32F1xx_HAL_Driver/Src/stm32f1xx_hal_pcd.c **** 
1753:Drivers/STM32F1xx_HAL_Driver/Src/stm32f1xx_hal_pcd.c ****   ep = &hpcd->IN_ep[ep_addr & EP_ADDR_MSK];
1754:Drivers/STM32F1xx_HAL_Driver/Src/stm32f1xx_hal_pcd.c **** 
1755:Drivers/STM32F1xx_HAL_Driver/Src/stm32f1xx_hal_pcd.c ****   /*setup and start the Xfer */
1756:Drivers/STM32F1xx_HAL_Driver/Src/stm32f1xx_hal_pcd.c ****   ep->xfer_buff = pBuf;
1757:Drivers/STM32F1xx_HAL_Driver/Src/stm32f1xx_hal_pcd.c ****   ep->xfer_len = len;
1758:Drivers/STM32F1xx_HAL_Driver/Src/stm32f1xx_hal_pcd.c **** #if defined (USB)
1759:Drivers/STM32F1xx_HAL_Driver/Src/stm32f1xx_hal_pcd.c ****   ep->xfer_fill_db = 1U;
1760:Drivers/STM32F1xx_HAL_Driver/Src/stm32f1xx_hal_pcd.c ****   ep->xfer_len_db = len;
1761:Drivers/STM32F1xx_HAL_Driver/Src/stm32f1xx_hal_pcd.c **** #endif /* defined (USB) */
1762:Drivers/STM32F1xx_HAL_Driver/Src/stm32f1xx_hal_pcd.c ****   ep->xfer_count = 0U;
1763:Drivers/STM32F1xx_HAL_Driver/Src/stm32f1xx_hal_pcd.c ****   ep->is_in = 1U;
1764:Drivers/STM32F1xx_HAL_Driver/Src/stm32f1xx_hal_pcd.c ****   ep->num = ep_addr & EP_ADDR_MSK;
1765:Drivers/STM32F1xx_HAL_Driver/Src/stm32f1xx_hal_pcd.c **** 
1766:Drivers/STM32F1xx_HAL_Driver/Src/stm32f1xx_hal_pcd.c ****   if ((ep_addr & EP_ADDR_MSK) == 0U)
1767:Drivers/STM32F1xx_HAL_Driver/Src/stm32f1xx_hal_pcd.c ****   {
1768:Drivers/STM32F1xx_HAL_Driver/Src/stm32f1xx_hal_pcd.c ****     (void)USB_EP0StartXfer(hpcd->Instance, ep);
1769:Drivers/STM32F1xx_HAL_Driver/Src/stm32f1xx_hal_pcd.c ****   }
1770:Drivers/STM32F1xx_HAL_Driver/Src/stm32f1xx_hal_pcd.c ****   else
1771:Drivers/STM32F1xx_HAL_Driver/Src/stm32f1xx_hal_pcd.c ****   {
1772:Drivers/STM32F1xx_HAL_Driver/Src/stm32f1xx_hal_pcd.c ****     (void)USB_EPStartXfer(hpcd->Instance, ep);
1773:Drivers/STM32F1xx_HAL_Driver/Src/stm32f1xx_hal_pcd.c ****   }
1774:Drivers/STM32F1xx_HAL_Driver/Src/stm32f1xx_hal_pcd.c **** 
1775:Drivers/STM32F1xx_HAL_Driver/Src/stm32f1xx_hal_pcd.c ****   return HAL_OK;
1776:Drivers/STM32F1xx_HAL_Driver/Src/stm32f1xx_hal_pcd.c **** }
1777:Drivers/STM32F1xx_HAL_Driver/Src/stm32f1xx_hal_pcd.c **** 
1778:Drivers/STM32F1xx_HAL_Driver/Src/stm32f1xx_hal_pcd.c **** /**
1779:Drivers/STM32F1xx_HAL_Driver/Src/stm32f1xx_hal_pcd.c ****   * @brief  Set a STALL condition over an endpoint
1780:Drivers/STM32F1xx_HAL_Driver/Src/stm32f1xx_hal_pcd.c ****   * @param  hpcd PCD handle
1781:Drivers/STM32F1xx_HAL_Driver/Src/stm32f1xx_hal_pcd.c ****   * @param  ep_addr endpoint address
1782:Drivers/STM32F1xx_HAL_Driver/Src/stm32f1xx_hal_pcd.c ****   * @retval HAL status
1783:Drivers/STM32F1xx_HAL_Driver/Src/stm32f1xx_hal_pcd.c ****   */
1784:Drivers/STM32F1xx_HAL_Driver/Src/stm32f1xx_hal_pcd.c **** HAL_StatusTypeDef HAL_PCD_EP_SetStall(PCD_HandleTypeDef *hpcd, uint8_t ep_addr)
1785:Drivers/STM32F1xx_HAL_Driver/Src/stm32f1xx_hal_pcd.c **** {
1786:Drivers/STM32F1xx_HAL_Driver/Src/stm32f1xx_hal_pcd.c ****   PCD_EPTypeDef *ep;
1787:Drivers/STM32F1xx_HAL_Driver/Src/stm32f1xx_hal_pcd.c **** 
1788:Drivers/STM32F1xx_HAL_Driver/Src/stm32f1xx_hal_pcd.c ****   if (((uint32_t)ep_addr & EP_ADDR_MSK) > hpcd->Init.dev_endpoints)
1789:Drivers/STM32F1xx_HAL_Driver/Src/stm32f1xx_hal_pcd.c ****   {
1790:Drivers/STM32F1xx_HAL_Driver/Src/stm32f1xx_hal_pcd.c ****     return HAL_ERROR;
1791:Drivers/STM32F1xx_HAL_Driver/Src/stm32f1xx_hal_pcd.c ****   }
1792:Drivers/STM32F1xx_HAL_Driver/Src/stm32f1xx_hal_pcd.c **** 
1793:Drivers/STM32F1xx_HAL_Driver/Src/stm32f1xx_hal_pcd.c ****   if ((0x80U & ep_addr) == 0x80U)
1794:Drivers/STM32F1xx_HAL_Driver/Src/stm32f1xx_hal_pcd.c ****   {
1795:Drivers/STM32F1xx_HAL_Driver/Src/stm32f1xx_hal_pcd.c ****     ep = &hpcd->IN_ep[ep_addr & EP_ADDR_MSK];
1796:Drivers/STM32F1xx_HAL_Driver/Src/stm32f1xx_hal_pcd.c ****     ep->is_in = 1U;
1797:Drivers/STM32F1xx_HAL_Driver/Src/stm32f1xx_hal_pcd.c ****   }
1798:Drivers/STM32F1xx_HAL_Driver/Src/stm32f1xx_hal_pcd.c ****   else
1799:Drivers/STM32F1xx_HAL_Driver/Src/stm32f1xx_hal_pcd.c ****   {
ARM GAS  /tmp/ccdzNYOe.s 			page 33


1800:Drivers/STM32F1xx_HAL_Driver/Src/stm32f1xx_hal_pcd.c ****     ep = &hpcd->OUT_ep[ep_addr];
1801:Drivers/STM32F1xx_HAL_Driver/Src/stm32f1xx_hal_pcd.c ****     ep->is_in = 0U;
1802:Drivers/STM32F1xx_HAL_Driver/Src/stm32f1xx_hal_pcd.c ****   }
1803:Drivers/STM32F1xx_HAL_Driver/Src/stm32f1xx_hal_pcd.c **** 
1804:Drivers/STM32F1xx_HAL_Driver/Src/stm32f1xx_hal_pcd.c ****   ep->is_stall = 1U;
1805:Drivers/STM32F1xx_HAL_Driver/Src/stm32f1xx_hal_pcd.c ****   ep->num = ep_addr & EP_ADDR_MSK;
1806:Drivers/STM32F1xx_HAL_Driver/Src/stm32f1xx_hal_pcd.c **** 
1807:Drivers/STM32F1xx_HAL_Driver/Src/stm32f1xx_hal_pcd.c ****   __HAL_LOCK(hpcd);
1808:Drivers/STM32F1xx_HAL_Driver/Src/stm32f1xx_hal_pcd.c **** 
1809:Drivers/STM32F1xx_HAL_Driver/Src/stm32f1xx_hal_pcd.c ****   (void)USB_EPSetStall(hpcd->Instance, ep);
1810:Drivers/STM32F1xx_HAL_Driver/Src/stm32f1xx_hal_pcd.c **** 
1811:Drivers/STM32F1xx_HAL_Driver/Src/stm32f1xx_hal_pcd.c ****   if ((ep_addr & EP_ADDR_MSK) == 0U)
1812:Drivers/STM32F1xx_HAL_Driver/Src/stm32f1xx_hal_pcd.c ****   {
1813:Drivers/STM32F1xx_HAL_Driver/Src/stm32f1xx_hal_pcd.c ****     (void)USB_EP0_OutStart(hpcd->Instance, (uint8_t *)hpcd->Setup);
1814:Drivers/STM32F1xx_HAL_Driver/Src/stm32f1xx_hal_pcd.c ****   }
1815:Drivers/STM32F1xx_HAL_Driver/Src/stm32f1xx_hal_pcd.c **** 
1816:Drivers/STM32F1xx_HAL_Driver/Src/stm32f1xx_hal_pcd.c ****   __HAL_UNLOCK(hpcd);
1817:Drivers/STM32F1xx_HAL_Driver/Src/stm32f1xx_hal_pcd.c **** 
1818:Drivers/STM32F1xx_HAL_Driver/Src/stm32f1xx_hal_pcd.c ****   return HAL_OK;
1819:Drivers/STM32F1xx_HAL_Driver/Src/stm32f1xx_hal_pcd.c **** }
1820:Drivers/STM32F1xx_HAL_Driver/Src/stm32f1xx_hal_pcd.c **** 
1821:Drivers/STM32F1xx_HAL_Driver/Src/stm32f1xx_hal_pcd.c **** /**
1822:Drivers/STM32F1xx_HAL_Driver/Src/stm32f1xx_hal_pcd.c ****   * @brief  Clear a STALL condition over in an endpoint
1823:Drivers/STM32F1xx_HAL_Driver/Src/stm32f1xx_hal_pcd.c ****   * @param  hpcd PCD handle
1824:Drivers/STM32F1xx_HAL_Driver/Src/stm32f1xx_hal_pcd.c ****   * @param  ep_addr endpoint address
1825:Drivers/STM32F1xx_HAL_Driver/Src/stm32f1xx_hal_pcd.c ****   * @retval HAL status
1826:Drivers/STM32F1xx_HAL_Driver/Src/stm32f1xx_hal_pcd.c ****   */
1827:Drivers/STM32F1xx_HAL_Driver/Src/stm32f1xx_hal_pcd.c **** HAL_StatusTypeDef HAL_PCD_EP_ClrStall(PCD_HandleTypeDef *hpcd, uint8_t ep_addr)
1828:Drivers/STM32F1xx_HAL_Driver/Src/stm32f1xx_hal_pcd.c **** {
1829:Drivers/STM32F1xx_HAL_Driver/Src/stm32f1xx_hal_pcd.c ****   PCD_EPTypeDef *ep;
1830:Drivers/STM32F1xx_HAL_Driver/Src/stm32f1xx_hal_pcd.c **** 
1831:Drivers/STM32F1xx_HAL_Driver/Src/stm32f1xx_hal_pcd.c ****   if (((uint32_t)ep_addr & 0x0FU) > hpcd->Init.dev_endpoints)
1832:Drivers/STM32F1xx_HAL_Driver/Src/stm32f1xx_hal_pcd.c ****   {
1833:Drivers/STM32F1xx_HAL_Driver/Src/stm32f1xx_hal_pcd.c ****     return HAL_ERROR;
1834:Drivers/STM32F1xx_HAL_Driver/Src/stm32f1xx_hal_pcd.c ****   }
1835:Drivers/STM32F1xx_HAL_Driver/Src/stm32f1xx_hal_pcd.c **** 
1836:Drivers/STM32F1xx_HAL_Driver/Src/stm32f1xx_hal_pcd.c ****   if ((0x80U & ep_addr) == 0x80U)
1837:Drivers/STM32F1xx_HAL_Driver/Src/stm32f1xx_hal_pcd.c ****   {
1838:Drivers/STM32F1xx_HAL_Driver/Src/stm32f1xx_hal_pcd.c ****     ep = &hpcd->IN_ep[ep_addr & EP_ADDR_MSK];
1839:Drivers/STM32F1xx_HAL_Driver/Src/stm32f1xx_hal_pcd.c ****     ep->is_in = 1U;
1840:Drivers/STM32F1xx_HAL_Driver/Src/stm32f1xx_hal_pcd.c ****   }
1841:Drivers/STM32F1xx_HAL_Driver/Src/stm32f1xx_hal_pcd.c ****   else
1842:Drivers/STM32F1xx_HAL_Driver/Src/stm32f1xx_hal_pcd.c ****   {
1843:Drivers/STM32F1xx_HAL_Driver/Src/stm32f1xx_hal_pcd.c ****     ep = &hpcd->OUT_ep[ep_addr & EP_ADDR_MSK];
1844:Drivers/STM32F1xx_HAL_Driver/Src/stm32f1xx_hal_pcd.c ****     ep->is_in = 0U;
1845:Drivers/STM32F1xx_HAL_Driver/Src/stm32f1xx_hal_pcd.c ****   }
1846:Drivers/STM32F1xx_HAL_Driver/Src/stm32f1xx_hal_pcd.c **** 
1847:Drivers/STM32F1xx_HAL_Driver/Src/stm32f1xx_hal_pcd.c ****   ep->is_stall = 0U;
1848:Drivers/STM32F1xx_HAL_Driver/Src/stm32f1xx_hal_pcd.c ****   ep->num = ep_addr & EP_ADDR_MSK;
1849:Drivers/STM32F1xx_HAL_Driver/Src/stm32f1xx_hal_pcd.c **** 
1850:Drivers/STM32F1xx_HAL_Driver/Src/stm32f1xx_hal_pcd.c ****   __HAL_LOCK(hpcd);
1851:Drivers/STM32F1xx_HAL_Driver/Src/stm32f1xx_hal_pcd.c ****   (void)USB_EPClearStall(hpcd->Instance, ep);
1852:Drivers/STM32F1xx_HAL_Driver/Src/stm32f1xx_hal_pcd.c ****   __HAL_UNLOCK(hpcd);
1853:Drivers/STM32F1xx_HAL_Driver/Src/stm32f1xx_hal_pcd.c **** 
1854:Drivers/STM32F1xx_HAL_Driver/Src/stm32f1xx_hal_pcd.c ****   return HAL_OK;
1855:Drivers/STM32F1xx_HAL_Driver/Src/stm32f1xx_hal_pcd.c **** }
1856:Drivers/STM32F1xx_HAL_Driver/Src/stm32f1xx_hal_pcd.c **** 
ARM GAS  /tmp/ccdzNYOe.s 			page 34


1857:Drivers/STM32F1xx_HAL_Driver/Src/stm32f1xx_hal_pcd.c **** /**
1858:Drivers/STM32F1xx_HAL_Driver/Src/stm32f1xx_hal_pcd.c ****   * @brief  Flush an endpoint
1859:Drivers/STM32F1xx_HAL_Driver/Src/stm32f1xx_hal_pcd.c ****   * @param  hpcd PCD handle
1860:Drivers/STM32F1xx_HAL_Driver/Src/stm32f1xx_hal_pcd.c ****   * @param  ep_addr endpoint address
1861:Drivers/STM32F1xx_HAL_Driver/Src/stm32f1xx_hal_pcd.c ****   * @retval HAL status
1862:Drivers/STM32F1xx_HAL_Driver/Src/stm32f1xx_hal_pcd.c ****   */
1863:Drivers/STM32F1xx_HAL_Driver/Src/stm32f1xx_hal_pcd.c **** HAL_StatusTypeDef HAL_PCD_EP_Flush(PCD_HandleTypeDef *hpcd, uint8_t ep_addr)
1864:Drivers/STM32F1xx_HAL_Driver/Src/stm32f1xx_hal_pcd.c **** {
1865:Drivers/STM32F1xx_HAL_Driver/Src/stm32f1xx_hal_pcd.c ****   __HAL_LOCK(hpcd);
1866:Drivers/STM32F1xx_HAL_Driver/Src/stm32f1xx_hal_pcd.c **** 
1867:Drivers/STM32F1xx_HAL_Driver/Src/stm32f1xx_hal_pcd.c ****   if ((ep_addr & 0x80U) == 0x80U)
1868:Drivers/STM32F1xx_HAL_Driver/Src/stm32f1xx_hal_pcd.c ****   {
1869:Drivers/STM32F1xx_HAL_Driver/Src/stm32f1xx_hal_pcd.c ****     (void)USB_FlushTxFifo(hpcd->Instance, (uint32_t)ep_addr & EP_ADDR_MSK);
1870:Drivers/STM32F1xx_HAL_Driver/Src/stm32f1xx_hal_pcd.c ****   }
1871:Drivers/STM32F1xx_HAL_Driver/Src/stm32f1xx_hal_pcd.c ****   else
1872:Drivers/STM32F1xx_HAL_Driver/Src/stm32f1xx_hal_pcd.c ****   {
1873:Drivers/STM32F1xx_HAL_Driver/Src/stm32f1xx_hal_pcd.c ****     (void)USB_FlushRxFifo(hpcd->Instance);
1874:Drivers/STM32F1xx_HAL_Driver/Src/stm32f1xx_hal_pcd.c ****   }
1875:Drivers/STM32F1xx_HAL_Driver/Src/stm32f1xx_hal_pcd.c **** 
1876:Drivers/STM32F1xx_HAL_Driver/Src/stm32f1xx_hal_pcd.c ****   __HAL_UNLOCK(hpcd);
1877:Drivers/STM32F1xx_HAL_Driver/Src/stm32f1xx_hal_pcd.c **** 
1878:Drivers/STM32F1xx_HAL_Driver/Src/stm32f1xx_hal_pcd.c ****   return HAL_OK;
1879:Drivers/STM32F1xx_HAL_Driver/Src/stm32f1xx_hal_pcd.c **** }
1880:Drivers/STM32F1xx_HAL_Driver/Src/stm32f1xx_hal_pcd.c **** 
1881:Drivers/STM32F1xx_HAL_Driver/Src/stm32f1xx_hal_pcd.c **** /**
1882:Drivers/STM32F1xx_HAL_Driver/Src/stm32f1xx_hal_pcd.c ****   * @brief  Activate remote wakeup signalling
1883:Drivers/STM32F1xx_HAL_Driver/Src/stm32f1xx_hal_pcd.c ****   * @param  hpcd PCD handle
1884:Drivers/STM32F1xx_HAL_Driver/Src/stm32f1xx_hal_pcd.c ****   * @retval HAL status
1885:Drivers/STM32F1xx_HAL_Driver/Src/stm32f1xx_hal_pcd.c ****   */
1886:Drivers/STM32F1xx_HAL_Driver/Src/stm32f1xx_hal_pcd.c **** HAL_StatusTypeDef HAL_PCD_ActivateRemoteWakeup(PCD_HandleTypeDef *hpcd)
1887:Drivers/STM32F1xx_HAL_Driver/Src/stm32f1xx_hal_pcd.c **** {
1888:Drivers/STM32F1xx_HAL_Driver/Src/stm32f1xx_hal_pcd.c ****   return (USB_ActivateRemoteWakeup(hpcd->Instance));
1889:Drivers/STM32F1xx_HAL_Driver/Src/stm32f1xx_hal_pcd.c **** }
1890:Drivers/STM32F1xx_HAL_Driver/Src/stm32f1xx_hal_pcd.c **** 
1891:Drivers/STM32F1xx_HAL_Driver/Src/stm32f1xx_hal_pcd.c **** /**
1892:Drivers/STM32F1xx_HAL_Driver/Src/stm32f1xx_hal_pcd.c ****   * @brief  De-activate remote wakeup signalling.
1893:Drivers/STM32F1xx_HAL_Driver/Src/stm32f1xx_hal_pcd.c ****   * @param  hpcd PCD handle
1894:Drivers/STM32F1xx_HAL_Driver/Src/stm32f1xx_hal_pcd.c ****   * @retval HAL status
1895:Drivers/STM32F1xx_HAL_Driver/Src/stm32f1xx_hal_pcd.c ****   */
1896:Drivers/STM32F1xx_HAL_Driver/Src/stm32f1xx_hal_pcd.c **** HAL_StatusTypeDef HAL_PCD_DeActivateRemoteWakeup(PCD_HandleTypeDef *hpcd)
1897:Drivers/STM32F1xx_HAL_Driver/Src/stm32f1xx_hal_pcd.c **** {
1898:Drivers/STM32F1xx_HAL_Driver/Src/stm32f1xx_hal_pcd.c ****   return (USB_DeActivateRemoteWakeup(hpcd->Instance));
1899:Drivers/STM32F1xx_HAL_Driver/Src/stm32f1xx_hal_pcd.c **** }
1900:Drivers/STM32F1xx_HAL_Driver/Src/stm32f1xx_hal_pcd.c **** 
1901:Drivers/STM32F1xx_HAL_Driver/Src/stm32f1xx_hal_pcd.c **** /**
1902:Drivers/STM32F1xx_HAL_Driver/Src/stm32f1xx_hal_pcd.c ****   * @}
1903:Drivers/STM32F1xx_HAL_Driver/Src/stm32f1xx_hal_pcd.c ****   */
1904:Drivers/STM32F1xx_HAL_Driver/Src/stm32f1xx_hal_pcd.c **** 
1905:Drivers/STM32F1xx_HAL_Driver/Src/stm32f1xx_hal_pcd.c **** /** @defgroup PCD_Exported_Functions_Group4 Peripheral State functions
1906:Drivers/STM32F1xx_HAL_Driver/Src/stm32f1xx_hal_pcd.c ****   *  @brief   Peripheral State functions
1907:Drivers/STM32F1xx_HAL_Driver/Src/stm32f1xx_hal_pcd.c ****   *
1908:Drivers/STM32F1xx_HAL_Driver/Src/stm32f1xx_hal_pcd.c **** @verbatim
1909:Drivers/STM32F1xx_HAL_Driver/Src/stm32f1xx_hal_pcd.c ****  ===============================================================================
1910:Drivers/STM32F1xx_HAL_Driver/Src/stm32f1xx_hal_pcd.c ****                       ##### Peripheral State functions #####
1911:Drivers/STM32F1xx_HAL_Driver/Src/stm32f1xx_hal_pcd.c ****  ===============================================================================
1912:Drivers/STM32F1xx_HAL_Driver/Src/stm32f1xx_hal_pcd.c ****     [..]
1913:Drivers/STM32F1xx_HAL_Driver/Src/stm32f1xx_hal_pcd.c ****     This subsection permits to get in run-time the status of the peripheral
ARM GAS  /tmp/ccdzNYOe.s 			page 35


1914:Drivers/STM32F1xx_HAL_Driver/Src/stm32f1xx_hal_pcd.c ****     and the data flow.
1915:Drivers/STM32F1xx_HAL_Driver/Src/stm32f1xx_hal_pcd.c **** 
1916:Drivers/STM32F1xx_HAL_Driver/Src/stm32f1xx_hal_pcd.c **** @endverbatim
1917:Drivers/STM32F1xx_HAL_Driver/Src/stm32f1xx_hal_pcd.c ****   * @{
1918:Drivers/STM32F1xx_HAL_Driver/Src/stm32f1xx_hal_pcd.c ****   */
1919:Drivers/STM32F1xx_HAL_Driver/Src/stm32f1xx_hal_pcd.c **** 
1920:Drivers/STM32F1xx_HAL_Driver/Src/stm32f1xx_hal_pcd.c **** /**
1921:Drivers/STM32F1xx_HAL_Driver/Src/stm32f1xx_hal_pcd.c ****   * @brief  Return the PCD handle state.
1922:Drivers/STM32F1xx_HAL_Driver/Src/stm32f1xx_hal_pcd.c ****   * @param  hpcd PCD handle
1923:Drivers/STM32F1xx_HAL_Driver/Src/stm32f1xx_hal_pcd.c ****   * @retval HAL state
1924:Drivers/STM32F1xx_HAL_Driver/Src/stm32f1xx_hal_pcd.c ****   */
1925:Drivers/STM32F1xx_HAL_Driver/Src/stm32f1xx_hal_pcd.c **** PCD_StateTypeDef HAL_PCD_GetState(PCD_HandleTypeDef *hpcd)
1926:Drivers/STM32F1xx_HAL_Driver/Src/stm32f1xx_hal_pcd.c **** {
1927:Drivers/STM32F1xx_HAL_Driver/Src/stm32f1xx_hal_pcd.c ****   return hpcd->State;
1928:Drivers/STM32F1xx_HAL_Driver/Src/stm32f1xx_hal_pcd.c **** }
1929:Drivers/STM32F1xx_HAL_Driver/Src/stm32f1xx_hal_pcd.c **** 
1930:Drivers/STM32F1xx_HAL_Driver/Src/stm32f1xx_hal_pcd.c **** /**
1931:Drivers/STM32F1xx_HAL_Driver/Src/stm32f1xx_hal_pcd.c ****   * @}
1932:Drivers/STM32F1xx_HAL_Driver/Src/stm32f1xx_hal_pcd.c ****   */
1933:Drivers/STM32F1xx_HAL_Driver/Src/stm32f1xx_hal_pcd.c **** 
1934:Drivers/STM32F1xx_HAL_Driver/Src/stm32f1xx_hal_pcd.c **** /**
1935:Drivers/STM32F1xx_HAL_Driver/Src/stm32f1xx_hal_pcd.c ****   * @}
1936:Drivers/STM32F1xx_HAL_Driver/Src/stm32f1xx_hal_pcd.c ****   */
1937:Drivers/STM32F1xx_HAL_Driver/Src/stm32f1xx_hal_pcd.c **** 
1938:Drivers/STM32F1xx_HAL_Driver/Src/stm32f1xx_hal_pcd.c **** /* Private functions ---------------------------------------------------------*/
1939:Drivers/STM32F1xx_HAL_Driver/Src/stm32f1xx_hal_pcd.c **** /** @addtogroup PCD_Private_Functions
1940:Drivers/STM32F1xx_HAL_Driver/Src/stm32f1xx_hal_pcd.c ****   * @{
1941:Drivers/STM32F1xx_HAL_Driver/Src/stm32f1xx_hal_pcd.c ****   */
1942:Drivers/STM32F1xx_HAL_Driver/Src/stm32f1xx_hal_pcd.c **** #if defined (USB_OTG_FS)
1943:Drivers/STM32F1xx_HAL_Driver/Src/stm32f1xx_hal_pcd.c **** /**
1944:Drivers/STM32F1xx_HAL_Driver/Src/stm32f1xx_hal_pcd.c ****   * @brief  Check FIFO for the next packet to be loaded.
1945:Drivers/STM32F1xx_HAL_Driver/Src/stm32f1xx_hal_pcd.c ****   * @param  hpcd PCD handle
1946:Drivers/STM32F1xx_HAL_Driver/Src/stm32f1xx_hal_pcd.c ****   * @param  epnum endpoint number
1947:Drivers/STM32F1xx_HAL_Driver/Src/stm32f1xx_hal_pcd.c ****   * @retval HAL status
1948:Drivers/STM32F1xx_HAL_Driver/Src/stm32f1xx_hal_pcd.c ****   */
1949:Drivers/STM32F1xx_HAL_Driver/Src/stm32f1xx_hal_pcd.c **** static HAL_StatusTypeDef PCD_WriteEmptyTxFifo(PCD_HandleTypeDef *hpcd, uint32_t epnum)
1950:Drivers/STM32F1xx_HAL_Driver/Src/stm32f1xx_hal_pcd.c **** {
1951:Drivers/STM32F1xx_HAL_Driver/Src/stm32f1xx_hal_pcd.c ****   USB_OTG_GlobalTypeDef *USBx = hpcd->Instance;
1952:Drivers/STM32F1xx_HAL_Driver/Src/stm32f1xx_hal_pcd.c ****   uint32_t USBx_BASE = (uint32_t)USBx;
1953:Drivers/STM32F1xx_HAL_Driver/Src/stm32f1xx_hal_pcd.c ****   USB_OTG_EPTypeDef *ep;
1954:Drivers/STM32F1xx_HAL_Driver/Src/stm32f1xx_hal_pcd.c ****   uint32_t len;
1955:Drivers/STM32F1xx_HAL_Driver/Src/stm32f1xx_hal_pcd.c ****   uint32_t len32b;
1956:Drivers/STM32F1xx_HAL_Driver/Src/stm32f1xx_hal_pcd.c ****   uint32_t fifoemptymsk;
1957:Drivers/STM32F1xx_HAL_Driver/Src/stm32f1xx_hal_pcd.c **** 
1958:Drivers/STM32F1xx_HAL_Driver/Src/stm32f1xx_hal_pcd.c ****   ep = &hpcd->IN_ep[epnum];
1959:Drivers/STM32F1xx_HAL_Driver/Src/stm32f1xx_hal_pcd.c **** 
1960:Drivers/STM32F1xx_HAL_Driver/Src/stm32f1xx_hal_pcd.c ****   if (ep->xfer_count > ep->xfer_len)
1961:Drivers/STM32F1xx_HAL_Driver/Src/stm32f1xx_hal_pcd.c ****   {
1962:Drivers/STM32F1xx_HAL_Driver/Src/stm32f1xx_hal_pcd.c ****     return HAL_ERROR;
1963:Drivers/STM32F1xx_HAL_Driver/Src/stm32f1xx_hal_pcd.c ****   }
1964:Drivers/STM32F1xx_HAL_Driver/Src/stm32f1xx_hal_pcd.c **** 
1965:Drivers/STM32F1xx_HAL_Driver/Src/stm32f1xx_hal_pcd.c ****   len = ep->xfer_len - ep->xfer_count;
1966:Drivers/STM32F1xx_HAL_Driver/Src/stm32f1xx_hal_pcd.c **** 
1967:Drivers/STM32F1xx_HAL_Driver/Src/stm32f1xx_hal_pcd.c ****   if (len > ep->maxpacket)
1968:Drivers/STM32F1xx_HAL_Driver/Src/stm32f1xx_hal_pcd.c ****   {
1969:Drivers/STM32F1xx_HAL_Driver/Src/stm32f1xx_hal_pcd.c ****     len = ep->maxpacket;
1970:Drivers/STM32F1xx_HAL_Driver/Src/stm32f1xx_hal_pcd.c ****   }
ARM GAS  /tmp/ccdzNYOe.s 			page 36


1971:Drivers/STM32F1xx_HAL_Driver/Src/stm32f1xx_hal_pcd.c **** 
1972:Drivers/STM32F1xx_HAL_Driver/Src/stm32f1xx_hal_pcd.c ****   len32b = (len + 3U) / 4U;
1973:Drivers/STM32F1xx_HAL_Driver/Src/stm32f1xx_hal_pcd.c **** 
1974:Drivers/STM32F1xx_HAL_Driver/Src/stm32f1xx_hal_pcd.c ****   while (((USBx_INEP(epnum)->DTXFSTS & USB_OTG_DTXFSTS_INEPTFSAV) >= len32b) &&
1975:Drivers/STM32F1xx_HAL_Driver/Src/stm32f1xx_hal_pcd.c ****          (ep->xfer_count < ep->xfer_len) && (ep->xfer_len != 0U))
1976:Drivers/STM32F1xx_HAL_Driver/Src/stm32f1xx_hal_pcd.c ****   {
1977:Drivers/STM32F1xx_HAL_Driver/Src/stm32f1xx_hal_pcd.c ****     /* Write the FIFO */
1978:Drivers/STM32F1xx_HAL_Driver/Src/stm32f1xx_hal_pcd.c ****     len = ep->xfer_len - ep->xfer_count;
1979:Drivers/STM32F1xx_HAL_Driver/Src/stm32f1xx_hal_pcd.c **** 
1980:Drivers/STM32F1xx_HAL_Driver/Src/stm32f1xx_hal_pcd.c ****     if (len > ep->maxpacket)
1981:Drivers/STM32F1xx_HAL_Driver/Src/stm32f1xx_hal_pcd.c ****     {
1982:Drivers/STM32F1xx_HAL_Driver/Src/stm32f1xx_hal_pcd.c ****       len = ep->maxpacket;
1983:Drivers/STM32F1xx_HAL_Driver/Src/stm32f1xx_hal_pcd.c ****     }
1984:Drivers/STM32F1xx_HAL_Driver/Src/stm32f1xx_hal_pcd.c ****     len32b = (len + 3U) / 4U;
1985:Drivers/STM32F1xx_HAL_Driver/Src/stm32f1xx_hal_pcd.c **** 
1986:Drivers/STM32F1xx_HAL_Driver/Src/stm32f1xx_hal_pcd.c ****     (void)USB_WritePacket(USBx, ep->xfer_buff, (uint8_t)epnum, (uint16_t)len);
1987:Drivers/STM32F1xx_HAL_Driver/Src/stm32f1xx_hal_pcd.c **** 
1988:Drivers/STM32F1xx_HAL_Driver/Src/stm32f1xx_hal_pcd.c ****     ep->xfer_buff  += len;
1989:Drivers/STM32F1xx_HAL_Driver/Src/stm32f1xx_hal_pcd.c ****     ep->xfer_count += len;
1990:Drivers/STM32F1xx_HAL_Driver/Src/stm32f1xx_hal_pcd.c ****   }
1991:Drivers/STM32F1xx_HAL_Driver/Src/stm32f1xx_hal_pcd.c **** 
1992:Drivers/STM32F1xx_HAL_Driver/Src/stm32f1xx_hal_pcd.c ****   if (ep->xfer_len <= ep->xfer_count)
1993:Drivers/STM32F1xx_HAL_Driver/Src/stm32f1xx_hal_pcd.c ****   {
1994:Drivers/STM32F1xx_HAL_Driver/Src/stm32f1xx_hal_pcd.c ****     fifoemptymsk = (uint32_t)(0x1UL << (epnum & EP_ADDR_MSK));
1995:Drivers/STM32F1xx_HAL_Driver/Src/stm32f1xx_hal_pcd.c ****     USBx_DEVICE->DIEPEMPMSK &= ~fifoemptymsk;
1996:Drivers/STM32F1xx_HAL_Driver/Src/stm32f1xx_hal_pcd.c ****   }
1997:Drivers/STM32F1xx_HAL_Driver/Src/stm32f1xx_hal_pcd.c **** 
1998:Drivers/STM32F1xx_HAL_Driver/Src/stm32f1xx_hal_pcd.c ****   return HAL_OK;
1999:Drivers/STM32F1xx_HAL_Driver/Src/stm32f1xx_hal_pcd.c **** }
2000:Drivers/STM32F1xx_HAL_Driver/Src/stm32f1xx_hal_pcd.c **** 
2001:Drivers/STM32F1xx_HAL_Driver/Src/stm32f1xx_hal_pcd.c **** 
2002:Drivers/STM32F1xx_HAL_Driver/Src/stm32f1xx_hal_pcd.c **** /**
2003:Drivers/STM32F1xx_HAL_Driver/Src/stm32f1xx_hal_pcd.c ****   * @brief  process EP OUT transfer complete interrupt.
2004:Drivers/STM32F1xx_HAL_Driver/Src/stm32f1xx_hal_pcd.c ****   * @param  hpcd PCD handle
2005:Drivers/STM32F1xx_HAL_Driver/Src/stm32f1xx_hal_pcd.c ****   * @param  epnum endpoint number
2006:Drivers/STM32F1xx_HAL_Driver/Src/stm32f1xx_hal_pcd.c ****   * @retval HAL status
2007:Drivers/STM32F1xx_HAL_Driver/Src/stm32f1xx_hal_pcd.c ****   */
2008:Drivers/STM32F1xx_HAL_Driver/Src/stm32f1xx_hal_pcd.c **** static HAL_StatusTypeDef PCD_EP_OutXfrComplete_int(PCD_HandleTypeDef *hpcd, uint32_t epnum)
2009:Drivers/STM32F1xx_HAL_Driver/Src/stm32f1xx_hal_pcd.c **** {
2010:Drivers/STM32F1xx_HAL_Driver/Src/stm32f1xx_hal_pcd.c ****   USB_OTG_GlobalTypeDef *USBx = hpcd->Instance;
2011:Drivers/STM32F1xx_HAL_Driver/Src/stm32f1xx_hal_pcd.c ****   uint32_t USBx_BASE = (uint32_t)USBx;
2012:Drivers/STM32F1xx_HAL_Driver/Src/stm32f1xx_hal_pcd.c ****   uint32_t gSNPSiD = *(__IO uint32_t *)(&USBx->CID + 0x1U);
2013:Drivers/STM32F1xx_HAL_Driver/Src/stm32f1xx_hal_pcd.c ****   uint32_t DoepintReg = USBx_OUTEP(epnum)->DOEPINT;
2014:Drivers/STM32F1xx_HAL_Driver/Src/stm32f1xx_hal_pcd.c **** 
2015:Drivers/STM32F1xx_HAL_Driver/Src/stm32f1xx_hal_pcd.c ****   if (gSNPSiD == USB_OTG_CORE_ID_310A)
2016:Drivers/STM32F1xx_HAL_Driver/Src/stm32f1xx_hal_pcd.c ****   {
2017:Drivers/STM32F1xx_HAL_Driver/Src/stm32f1xx_hal_pcd.c ****     /* StupPktRcvd = 1 this is a setup packet */
2018:Drivers/STM32F1xx_HAL_Driver/Src/stm32f1xx_hal_pcd.c ****     if ((DoepintReg & USB_OTG_DOEPINT_STPKTRX) == USB_OTG_DOEPINT_STPKTRX)
2019:Drivers/STM32F1xx_HAL_Driver/Src/stm32f1xx_hal_pcd.c ****     {
2020:Drivers/STM32F1xx_HAL_Driver/Src/stm32f1xx_hal_pcd.c ****       CLEAR_OUT_EP_INTR(epnum, USB_OTG_DOEPINT_STPKTRX);
2021:Drivers/STM32F1xx_HAL_Driver/Src/stm32f1xx_hal_pcd.c ****     }
2022:Drivers/STM32F1xx_HAL_Driver/Src/stm32f1xx_hal_pcd.c ****     else
2023:Drivers/STM32F1xx_HAL_Driver/Src/stm32f1xx_hal_pcd.c ****     {
2024:Drivers/STM32F1xx_HAL_Driver/Src/stm32f1xx_hal_pcd.c ****       if ((DoepintReg & USB_OTG_DOEPINT_OTEPSPR) == USB_OTG_DOEPINT_OTEPSPR)
2025:Drivers/STM32F1xx_HAL_Driver/Src/stm32f1xx_hal_pcd.c ****       {
2026:Drivers/STM32F1xx_HAL_Driver/Src/stm32f1xx_hal_pcd.c ****         CLEAR_OUT_EP_INTR(epnum, USB_OTG_DOEPINT_OTEPSPR);
2027:Drivers/STM32F1xx_HAL_Driver/Src/stm32f1xx_hal_pcd.c ****       }
ARM GAS  /tmp/ccdzNYOe.s 			page 37


2028:Drivers/STM32F1xx_HAL_Driver/Src/stm32f1xx_hal_pcd.c **** 
2029:Drivers/STM32F1xx_HAL_Driver/Src/stm32f1xx_hal_pcd.c **** #if (USE_HAL_PCD_REGISTER_CALLBACKS == 1U)
2030:Drivers/STM32F1xx_HAL_Driver/Src/stm32f1xx_hal_pcd.c ****       hpcd->DataOutStageCallback(hpcd, (uint8_t)epnum);
2031:Drivers/STM32F1xx_HAL_Driver/Src/stm32f1xx_hal_pcd.c **** #else
2032:Drivers/STM32F1xx_HAL_Driver/Src/stm32f1xx_hal_pcd.c ****       HAL_PCD_DataOutStageCallback(hpcd, (uint8_t)epnum);
2033:Drivers/STM32F1xx_HAL_Driver/Src/stm32f1xx_hal_pcd.c **** #endif /* USE_HAL_PCD_REGISTER_CALLBACKS */
2034:Drivers/STM32F1xx_HAL_Driver/Src/stm32f1xx_hal_pcd.c ****     }
2035:Drivers/STM32F1xx_HAL_Driver/Src/stm32f1xx_hal_pcd.c ****   }
2036:Drivers/STM32F1xx_HAL_Driver/Src/stm32f1xx_hal_pcd.c ****   else
2037:Drivers/STM32F1xx_HAL_Driver/Src/stm32f1xx_hal_pcd.c ****   {
2038:Drivers/STM32F1xx_HAL_Driver/Src/stm32f1xx_hal_pcd.c **** #if (USE_HAL_PCD_REGISTER_CALLBACKS == 1U)
2039:Drivers/STM32F1xx_HAL_Driver/Src/stm32f1xx_hal_pcd.c ****     hpcd->DataOutStageCallback(hpcd, (uint8_t)epnum);
2040:Drivers/STM32F1xx_HAL_Driver/Src/stm32f1xx_hal_pcd.c **** #else
2041:Drivers/STM32F1xx_HAL_Driver/Src/stm32f1xx_hal_pcd.c ****     HAL_PCD_DataOutStageCallback(hpcd, (uint8_t)epnum);
2042:Drivers/STM32F1xx_HAL_Driver/Src/stm32f1xx_hal_pcd.c **** #endif /* USE_HAL_PCD_REGISTER_CALLBACKS */
2043:Drivers/STM32F1xx_HAL_Driver/Src/stm32f1xx_hal_pcd.c ****   }
2044:Drivers/STM32F1xx_HAL_Driver/Src/stm32f1xx_hal_pcd.c **** 
2045:Drivers/STM32F1xx_HAL_Driver/Src/stm32f1xx_hal_pcd.c ****   return HAL_OK;
2046:Drivers/STM32F1xx_HAL_Driver/Src/stm32f1xx_hal_pcd.c **** }
2047:Drivers/STM32F1xx_HAL_Driver/Src/stm32f1xx_hal_pcd.c **** 
2048:Drivers/STM32F1xx_HAL_Driver/Src/stm32f1xx_hal_pcd.c **** 
2049:Drivers/STM32F1xx_HAL_Driver/Src/stm32f1xx_hal_pcd.c **** /**
2050:Drivers/STM32F1xx_HAL_Driver/Src/stm32f1xx_hal_pcd.c ****   * @brief  process EP OUT setup packet received interrupt.
2051:Drivers/STM32F1xx_HAL_Driver/Src/stm32f1xx_hal_pcd.c ****   * @param  hpcd PCD handle
2052:Drivers/STM32F1xx_HAL_Driver/Src/stm32f1xx_hal_pcd.c ****   * @param  epnum endpoint number
2053:Drivers/STM32F1xx_HAL_Driver/Src/stm32f1xx_hal_pcd.c ****   * @retval HAL status
2054:Drivers/STM32F1xx_HAL_Driver/Src/stm32f1xx_hal_pcd.c ****   */
2055:Drivers/STM32F1xx_HAL_Driver/Src/stm32f1xx_hal_pcd.c **** static HAL_StatusTypeDef PCD_EP_OutSetupPacket_int(PCD_HandleTypeDef *hpcd, uint32_t epnum)
2056:Drivers/STM32F1xx_HAL_Driver/Src/stm32f1xx_hal_pcd.c **** {
2057:Drivers/STM32F1xx_HAL_Driver/Src/stm32f1xx_hal_pcd.c ****   USB_OTG_GlobalTypeDef *USBx = hpcd->Instance;
2058:Drivers/STM32F1xx_HAL_Driver/Src/stm32f1xx_hal_pcd.c ****   uint32_t USBx_BASE = (uint32_t)USBx;
2059:Drivers/STM32F1xx_HAL_Driver/Src/stm32f1xx_hal_pcd.c ****   uint32_t gSNPSiD = *(__IO uint32_t *)(&USBx->CID + 0x1U);
2060:Drivers/STM32F1xx_HAL_Driver/Src/stm32f1xx_hal_pcd.c ****   uint32_t DoepintReg = USBx_OUTEP(epnum)->DOEPINT;
2061:Drivers/STM32F1xx_HAL_Driver/Src/stm32f1xx_hal_pcd.c **** 
2062:Drivers/STM32F1xx_HAL_Driver/Src/stm32f1xx_hal_pcd.c ****   if ((gSNPSiD > USB_OTG_CORE_ID_300A) &&
2063:Drivers/STM32F1xx_HAL_Driver/Src/stm32f1xx_hal_pcd.c ****       ((DoepintReg & USB_OTG_DOEPINT_STPKTRX) == USB_OTG_DOEPINT_STPKTRX))
2064:Drivers/STM32F1xx_HAL_Driver/Src/stm32f1xx_hal_pcd.c ****   {
2065:Drivers/STM32F1xx_HAL_Driver/Src/stm32f1xx_hal_pcd.c ****     CLEAR_OUT_EP_INTR(epnum, USB_OTG_DOEPINT_STPKTRX);
2066:Drivers/STM32F1xx_HAL_Driver/Src/stm32f1xx_hal_pcd.c ****   }
2067:Drivers/STM32F1xx_HAL_Driver/Src/stm32f1xx_hal_pcd.c **** 
2068:Drivers/STM32F1xx_HAL_Driver/Src/stm32f1xx_hal_pcd.c ****   /* Inform the upper layer that a setup packet is available */
2069:Drivers/STM32F1xx_HAL_Driver/Src/stm32f1xx_hal_pcd.c **** #if (USE_HAL_PCD_REGISTER_CALLBACKS == 1U)
2070:Drivers/STM32F1xx_HAL_Driver/Src/stm32f1xx_hal_pcd.c ****   hpcd->SetupStageCallback(hpcd);
2071:Drivers/STM32F1xx_HAL_Driver/Src/stm32f1xx_hal_pcd.c **** #else
2072:Drivers/STM32F1xx_HAL_Driver/Src/stm32f1xx_hal_pcd.c ****   HAL_PCD_SetupStageCallback(hpcd);
2073:Drivers/STM32F1xx_HAL_Driver/Src/stm32f1xx_hal_pcd.c **** #endif /* USE_HAL_PCD_REGISTER_CALLBACKS */
2074:Drivers/STM32F1xx_HAL_Driver/Src/stm32f1xx_hal_pcd.c **** 
2075:Drivers/STM32F1xx_HAL_Driver/Src/stm32f1xx_hal_pcd.c ****   return HAL_OK;
2076:Drivers/STM32F1xx_HAL_Driver/Src/stm32f1xx_hal_pcd.c **** }
2077:Drivers/STM32F1xx_HAL_Driver/Src/stm32f1xx_hal_pcd.c **** #endif /* defined (USB_OTG_FS) */
2078:Drivers/STM32F1xx_HAL_Driver/Src/stm32f1xx_hal_pcd.c **** 
2079:Drivers/STM32F1xx_HAL_Driver/Src/stm32f1xx_hal_pcd.c **** #if defined (USB)
2080:Drivers/STM32F1xx_HAL_Driver/Src/stm32f1xx_hal_pcd.c **** /**
2081:Drivers/STM32F1xx_HAL_Driver/Src/stm32f1xx_hal_pcd.c ****   * @brief  This function handles PCD Endpoint interrupt request.
2082:Drivers/STM32F1xx_HAL_Driver/Src/stm32f1xx_hal_pcd.c ****   * @param  hpcd PCD handle
2083:Drivers/STM32F1xx_HAL_Driver/Src/stm32f1xx_hal_pcd.c ****   * @retval HAL status
2084:Drivers/STM32F1xx_HAL_Driver/Src/stm32f1xx_hal_pcd.c ****   */
ARM GAS  /tmp/ccdzNYOe.s 			page 38


2085:Drivers/STM32F1xx_HAL_Driver/Src/stm32f1xx_hal_pcd.c **** static HAL_StatusTypeDef PCD_EP_ISR_Handler(PCD_HandleTypeDef *hpcd)
2086:Drivers/STM32F1xx_HAL_Driver/Src/stm32f1xx_hal_pcd.c **** {
2087:Drivers/STM32F1xx_HAL_Driver/Src/stm32f1xx_hal_pcd.c ****   PCD_EPTypeDef *ep;
2088:Drivers/STM32F1xx_HAL_Driver/Src/stm32f1xx_hal_pcd.c ****   uint16_t count, wIstr, wEPVal, TxByteNbre;
2089:Drivers/STM32F1xx_HAL_Driver/Src/stm32f1xx_hal_pcd.c ****   uint8_t epindex;
2090:Drivers/STM32F1xx_HAL_Driver/Src/stm32f1xx_hal_pcd.c **** 
2091:Drivers/STM32F1xx_HAL_Driver/Src/stm32f1xx_hal_pcd.c ****   /* stay in loop while pending interrupts */
2092:Drivers/STM32F1xx_HAL_Driver/Src/stm32f1xx_hal_pcd.c ****   while ((hpcd->Instance->ISTR & USB_ISTR_CTR) != 0U)
2093:Drivers/STM32F1xx_HAL_Driver/Src/stm32f1xx_hal_pcd.c ****   {
2094:Drivers/STM32F1xx_HAL_Driver/Src/stm32f1xx_hal_pcd.c ****     wIstr = hpcd->Instance->ISTR;
2095:Drivers/STM32F1xx_HAL_Driver/Src/stm32f1xx_hal_pcd.c **** 
2096:Drivers/STM32F1xx_HAL_Driver/Src/stm32f1xx_hal_pcd.c ****     /* extract highest priority endpoint number */
2097:Drivers/STM32F1xx_HAL_Driver/Src/stm32f1xx_hal_pcd.c ****     epindex = (uint8_t)(wIstr & USB_ISTR_EP_ID);
2098:Drivers/STM32F1xx_HAL_Driver/Src/stm32f1xx_hal_pcd.c **** 
2099:Drivers/STM32F1xx_HAL_Driver/Src/stm32f1xx_hal_pcd.c ****     if (epindex == 0U)
2100:Drivers/STM32F1xx_HAL_Driver/Src/stm32f1xx_hal_pcd.c ****     {
2101:Drivers/STM32F1xx_HAL_Driver/Src/stm32f1xx_hal_pcd.c ****       /* Decode and service control endpoint interrupt */
2102:Drivers/STM32F1xx_HAL_Driver/Src/stm32f1xx_hal_pcd.c **** 
2103:Drivers/STM32F1xx_HAL_Driver/Src/stm32f1xx_hal_pcd.c ****       /* DIR bit = origin of the interrupt */
2104:Drivers/STM32F1xx_HAL_Driver/Src/stm32f1xx_hal_pcd.c ****       if ((wIstr & USB_ISTR_DIR) == 0U)
2105:Drivers/STM32F1xx_HAL_Driver/Src/stm32f1xx_hal_pcd.c ****       {
2106:Drivers/STM32F1xx_HAL_Driver/Src/stm32f1xx_hal_pcd.c ****         /* DIR = 0 */
2107:Drivers/STM32F1xx_HAL_Driver/Src/stm32f1xx_hal_pcd.c **** 
2108:Drivers/STM32F1xx_HAL_Driver/Src/stm32f1xx_hal_pcd.c ****         /* DIR = 0 => IN  int */
2109:Drivers/STM32F1xx_HAL_Driver/Src/stm32f1xx_hal_pcd.c ****         /* DIR = 0 implies that (EP_CTR_TX = 1) always */
2110:Drivers/STM32F1xx_HAL_Driver/Src/stm32f1xx_hal_pcd.c ****         PCD_CLEAR_TX_EP_CTR(hpcd->Instance, PCD_ENDP0);
2111:Drivers/STM32F1xx_HAL_Driver/Src/stm32f1xx_hal_pcd.c ****         ep = &hpcd->IN_ep[0];
2112:Drivers/STM32F1xx_HAL_Driver/Src/stm32f1xx_hal_pcd.c **** 
2113:Drivers/STM32F1xx_HAL_Driver/Src/stm32f1xx_hal_pcd.c ****         ep->xfer_count = PCD_GET_EP_TX_CNT(hpcd->Instance, ep->num);
2114:Drivers/STM32F1xx_HAL_Driver/Src/stm32f1xx_hal_pcd.c ****         ep->xfer_buff += ep->xfer_count;
2115:Drivers/STM32F1xx_HAL_Driver/Src/stm32f1xx_hal_pcd.c **** 
2116:Drivers/STM32F1xx_HAL_Driver/Src/stm32f1xx_hal_pcd.c ****         /* TX COMPLETE */
2117:Drivers/STM32F1xx_HAL_Driver/Src/stm32f1xx_hal_pcd.c **** #if (USE_HAL_PCD_REGISTER_CALLBACKS == 1U)
2118:Drivers/STM32F1xx_HAL_Driver/Src/stm32f1xx_hal_pcd.c ****         hpcd->DataInStageCallback(hpcd, 0U);
2119:Drivers/STM32F1xx_HAL_Driver/Src/stm32f1xx_hal_pcd.c **** #else
2120:Drivers/STM32F1xx_HAL_Driver/Src/stm32f1xx_hal_pcd.c ****         HAL_PCD_DataInStageCallback(hpcd, 0U);
2121:Drivers/STM32F1xx_HAL_Driver/Src/stm32f1xx_hal_pcd.c **** #endif /* USE_HAL_PCD_REGISTER_CALLBACKS */
2122:Drivers/STM32F1xx_HAL_Driver/Src/stm32f1xx_hal_pcd.c **** 
2123:Drivers/STM32F1xx_HAL_Driver/Src/stm32f1xx_hal_pcd.c ****         if ((hpcd->USB_Address > 0U) && (ep->xfer_len == 0U))
2124:Drivers/STM32F1xx_HAL_Driver/Src/stm32f1xx_hal_pcd.c ****         {
2125:Drivers/STM32F1xx_HAL_Driver/Src/stm32f1xx_hal_pcd.c ****           hpcd->Instance->DADDR = ((uint16_t)hpcd->USB_Address | USB_DADDR_EF);
2126:Drivers/STM32F1xx_HAL_Driver/Src/stm32f1xx_hal_pcd.c ****           hpcd->USB_Address = 0U;
2127:Drivers/STM32F1xx_HAL_Driver/Src/stm32f1xx_hal_pcd.c ****         }
2128:Drivers/STM32F1xx_HAL_Driver/Src/stm32f1xx_hal_pcd.c ****       }
2129:Drivers/STM32F1xx_HAL_Driver/Src/stm32f1xx_hal_pcd.c ****       else
2130:Drivers/STM32F1xx_HAL_Driver/Src/stm32f1xx_hal_pcd.c ****       {
2131:Drivers/STM32F1xx_HAL_Driver/Src/stm32f1xx_hal_pcd.c ****         /* DIR = 1 */
2132:Drivers/STM32F1xx_HAL_Driver/Src/stm32f1xx_hal_pcd.c **** 
2133:Drivers/STM32F1xx_HAL_Driver/Src/stm32f1xx_hal_pcd.c ****         /* DIR = 1 & CTR_RX => SETUP or OUT int */
2134:Drivers/STM32F1xx_HAL_Driver/Src/stm32f1xx_hal_pcd.c ****         /* DIR = 1 & (CTR_TX | CTR_RX) => 2 int pending */
2135:Drivers/STM32F1xx_HAL_Driver/Src/stm32f1xx_hal_pcd.c ****         ep = &hpcd->OUT_ep[0];
2136:Drivers/STM32F1xx_HAL_Driver/Src/stm32f1xx_hal_pcd.c ****         wEPVal = PCD_GET_ENDPOINT(hpcd->Instance, PCD_ENDP0);
2137:Drivers/STM32F1xx_HAL_Driver/Src/stm32f1xx_hal_pcd.c **** 
2138:Drivers/STM32F1xx_HAL_Driver/Src/stm32f1xx_hal_pcd.c ****         if ((wEPVal & USB_EP_SETUP) != 0U)
2139:Drivers/STM32F1xx_HAL_Driver/Src/stm32f1xx_hal_pcd.c ****         {
2140:Drivers/STM32F1xx_HAL_Driver/Src/stm32f1xx_hal_pcd.c ****           /* Get SETUP Packet */
2141:Drivers/STM32F1xx_HAL_Driver/Src/stm32f1xx_hal_pcd.c ****           ep->xfer_count = PCD_GET_EP_RX_CNT(hpcd->Instance, ep->num);
ARM GAS  /tmp/ccdzNYOe.s 			page 39


2142:Drivers/STM32F1xx_HAL_Driver/Src/stm32f1xx_hal_pcd.c **** 
2143:Drivers/STM32F1xx_HAL_Driver/Src/stm32f1xx_hal_pcd.c ****           USB_ReadPMA(hpcd->Instance, (uint8_t *)hpcd->Setup,
2144:Drivers/STM32F1xx_HAL_Driver/Src/stm32f1xx_hal_pcd.c ****                       ep->pmaadress, (uint16_t)ep->xfer_count);
2145:Drivers/STM32F1xx_HAL_Driver/Src/stm32f1xx_hal_pcd.c **** 
2146:Drivers/STM32F1xx_HAL_Driver/Src/stm32f1xx_hal_pcd.c ****           /* SETUP bit kept frozen while CTR_RX = 1 */
2147:Drivers/STM32F1xx_HAL_Driver/Src/stm32f1xx_hal_pcd.c ****           PCD_CLEAR_RX_EP_CTR(hpcd->Instance, PCD_ENDP0);
2148:Drivers/STM32F1xx_HAL_Driver/Src/stm32f1xx_hal_pcd.c **** 
2149:Drivers/STM32F1xx_HAL_Driver/Src/stm32f1xx_hal_pcd.c ****           /* Process SETUP Packet*/
2150:Drivers/STM32F1xx_HAL_Driver/Src/stm32f1xx_hal_pcd.c **** #if (USE_HAL_PCD_REGISTER_CALLBACKS == 1U)
2151:Drivers/STM32F1xx_HAL_Driver/Src/stm32f1xx_hal_pcd.c ****           hpcd->SetupStageCallback(hpcd);
2152:Drivers/STM32F1xx_HAL_Driver/Src/stm32f1xx_hal_pcd.c **** #else
2153:Drivers/STM32F1xx_HAL_Driver/Src/stm32f1xx_hal_pcd.c ****           HAL_PCD_SetupStageCallback(hpcd);
2154:Drivers/STM32F1xx_HAL_Driver/Src/stm32f1xx_hal_pcd.c **** #endif /* USE_HAL_PCD_REGISTER_CALLBACKS */
2155:Drivers/STM32F1xx_HAL_Driver/Src/stm32f1xx_hal_pcd.c ****         }
2156:Drivers/STM32F1xx_HAL_Driver/Src/stm32f1xx_hal_pcd.c ****         else if ((wEPVal & USB_EP_CTR_RX) != 0U)
2157:Drivers/STM32F1xx_HAL_Driver/Src/stm32f1xx_hal_pcd.c ****         {
2158:Drivers/STM32F1xx_HAL_Driver/Src/stm32f1xx_hal_pcd.c ****           PCD_CLEAR_RX_EP_CTR(hpcd->Instance, PCD_ENDP0);
2159:Drivers/STM32F1xx_HAL_Driver/Src/stm32f1xx_hal_pcd.c **** 
2160:Drivers/STM32F1xx_HAL_Driver/Src/stm32f1xx_hal_pcd.c ****           /* Get Control Data OUT Packet */
2161:Drivers/STM32F1xx_HAL_Driver/Src/stm32f1xx_hal_pcd.c ****           ep->xfer_count = PCD_GET_EP_RX_CNT(hpcd->Instance, ep->num);
2162:Drivers/STM32F1xx_HAL_Driver/Src/stm32f1xx_hal_pcd.c **** 
2163:Drivers/STM32F1xx_HAL_Driver/Src/stm32f1xx_hal_pcd.c ****           if ((ep->xfer_count != 0U) && (ep->xfer_buff != 0U))
2164:Drivers/STM32F1xx_HAL_Driver/Src/stm32f1xx_hal_pcd.c ****           {
2165:Drivers/STM32F1xx_HAL_Driver/Src/stm32f1xx_hal_pcd.c ****             USB_ReadPMA(hpcd->Instance, ep->xfer_buff,
2166:Drivers/STM32F1xx_HAL_Driver/Src/stm32f1xx_hal_pcd.c ****                         ep->pmaadress, (uint16_t)ep->xfer_count);
2167:Drivers/STM32F1xx_HAL_Driver/Src/stm32f1xx_hal_pcd.c **** 
2168:Drivers/STM32F1xx_HAL_Driver/Src/stm32f1xx_hal_pcd.c ****             ep->xfer_buff += ep->xfer_count;
2169:Drivers/STM32F1xx_HAL_Driver/Src/stm32f1xx_hal_pcd.c **** 
2170:Drivers/STM32F1xx_HAL_Driver/Src/stm32f1xx_hal_pcd.c ****             /* Process Control Data OUT Packet */
2171:Drivers/STM32F1xx_HAL_Driver/Src/stm32f1xx_hal_pcd.c **** #if (USE_HAL_PCD_REGISTER_CALLBACKS == 1U)
2172:Drivers/STM32F1xx_HAL_Driver/Src/stm32f1xx_hal_pcd.c ****             hpcd->DataOutStageCallback(hpcd, 0U);
2173:Drivers/STM32F1xx_HAL_Driver/Src/stm32f1xx_hal_pcd.c **** #else
2174:Drivers/STM32F1xx_HAL_Driver/Src/stm32f1xx_hal_pcd.c ****             HAL_PCD_DataOutStageCallback(hpcd, 0U);
2175:Drivers/STM32F1xx_HAL_Driver/Src/stm32f1xx_hal_pcd.c **** #endif /* USE_HAL_PCD_REGISTER_CALLBACKS */
2176:Drivers/STM32F1xx_HAL_Driver/Src/stm32f1xx_hal_pcd.c ****           }
2177:Drivers/STM32F1xx_HAL_Driver/Src/stm32f1xx_hal_pcd.c **** 
2178:Drivers/STM32F1xx_HAL_Driver/Src/stm32f1xx_hal_pcd.c ****           if ((PCD_GET_ENDPOINT(hpcd->Instance, PCD_ENDP0) & USB_EP_SETUP) == 0U)
2179:Drivers/STM32F1xx_HAL_Driver/Src/stm32f1xx_hal_pcd.c ****           {
2180:Drivers/STM32F1xx_HAL_Driver/Src/stm32f1xx_hal_pcd.c ****             PCD_SET_EP_RX_CNT(hpcd->Instance, PCD_ENDP0, ep->maxpacket);
2181:Drivers/STM32F1xx_HAL_Driver/Src/stm32f1xx_hal_pcd.c ****             PCD_SET_EP_RX_STATUS(hpcd->Instance, PCD_ENDP0, USB_EP_RX_VALID);
2182:Drivers/STM32F1xx_HAL_Driver/Src/stm32f1xx_hal_pcd.c ****           }
2183:Drivers/STM32F1xx_HAL_Driver/Src/stm32f1xx_hal_pcd.c ****         }
2184:Drivers/STM32F1xx_HAL_Driver/Src/stm32f1xx_hal_pcd.c ****       }
2185:Drivers/STM32F1xx_HAL_Driver/Src/stm32f1xx_hal_pcd.c ****     }
2186:Drivers/STM32F1xx_HAL_Driver/Src/stm32f1xx_hal_pcd.c ****     else
2187:Drivers/STM32F1xx_HAL_Driver/Src/stm32f1xx_hal_pcd.c ****     {
2188:Drivers/STM32F1xx_HAL_Driver/Src/stm32f1xx_hal_pcd.c ****       /* Decode and service non control endpoints interrupt */
2189:Drivers/STM32F1xx_HAL_Driver/Src/stm32f1xx_hal_pcd.c ****       /* process related endpoint register */
2190:Drivers/STM32F1xx_HAL_Driver/Src/stm32f1xx_hal_pcd.c ****       wEPVal = PCD_GET_ENDPOINT(hpcd->Instance, epindex);
2191:Drivers/STM32F1xx_HAL_Driver/Src/stm32f1xx_hal_pcd.c **** 
2192:Drivers/STM32F1xx_HAL_Driver/Src/stm32f1xx_hal_pcd.c ****       if ((wEPVal & USB_EP_CTR_RX) != 0U)
2193:Drivers/STM32F1xx_HAL_Driver/Src/stm32f1xx_hal_pcd.c ****       {
2194:Drivers/STM32F1xx_HAL_Driver/Src/stm32f1xx_hal_pcd.c ****         /* clear int flag */
2195:Drivers/STM32F1xx_HAL_Driver/Src/stm32f1xx_hal_pcd.c ****         PCD_CLEAR_RX_EP_CTR(hpcd->Instance, epindex);
2196:Drivers/STM32F1xx_HAL_Driver/Src/stm32f1xx_hal_pcd.c ****         ep = &hpcd->OUT_ep[epindex];
2197:Drivers/STM32F1xx_HAL_Driver/Src/stm32f1xx_hal_pcd.c **** 
2198:Drivers/STM32F1xx_HAL_Driver/Src/stm32f1xx_hal_pcd.c ****         /* OUT Single Buffering */
ARM GAS  /tmp/ccdzNYOe.s 			page 40


2199:Drivers/STM32F1xx_HAL_Driver/Src/stm32f1xx_hal_pcd.c ****         if (ep->doublebuffer == 0U)
2200:Drivers/STM32F1xx_HAL_Driver/Src/stm32f1xx_hal_pcd.c ****         {
2201:Drivers/STM32F1xx_HAL_Driver/Src/stm32f1xx_hal_pcd.c ****           count = (uint16_t)PCD_GET_EP_RX_CNT(hpcd->Instance, ep->num);
2202:Drivers/STM32F1xx_HAL_Driver/Src/stm32f1xx_hal_pcd.c **** 
2203:Drivers/STM32F1xx_HAL_Driver/Src/stm32f1xx_hal_pcd.c ****           if (count != 0U)
2204:Drivers/STM32F1xx_HAL_Driver/Src/stm32f1xx_hal_pcd.c ****           {
2205:Drivers/STM32F1xx_HAL_Driver/Src/stm32f1xx_hal_pcd.c ****             USB_ReadPMA(hpcd->Instance, ep->xfer_buff, ep->pmaadress, count);
2206:Drivers/STM32F1xx_HAL_Driver/Src/stm32f1xx_hal_pcd.c ****           }
2207:Drivers/STM32F1xx_HAL_Driver/Src/stm32f1xx_hal_pcd.c ****         }
2208:Drivers/STM32F1xx_HAL_Driver/Src/stm32f1xx_hal_pcd.c ****         else
2209:Drivers/STM32F1xx_HAL_Driver/Src/stm32f1xx_hal_pcd.c ****         {
2210:Drivers/STM32F1xx_HAL_Driver/Src/stm32f1xx_hal_pcd.c ****           /* manage double buffer bulk out */
2211:Drivers/STM32F1xx_HAL_Driver/Src/stm32f1xx_hal_pcd.c ****           if (ep->type == EP_TYPE_BULK)
2212:Drivers/STM32F1xx_HAL_Driver/Src/stm32f1xx_hal_pcd.c ****           {
2213:Drivers/STM32F1xx_HAL_Driver/Src/stm32f1xx_hal_pcd.c ****             count = HAL_PCD_EP_DB_Receive(hpcd, ep, wEPVal);
2214:Drivers/STM32F1xx_HAL_Driver/Src/stm32f1xx_hal_pcd.c ****           }
2215:Drivers/STM32F1xx_HAL_Driver/Src/stm32f1xx_hal_pcd.c ****           else /* manage double buffer iso out */
2216:Drivers/STM32F1xx_HAL_Driver/Src/stm32f1xx_hal_pcd.c ****           {
2217:Drivers/STM32F1xx_HAL_Driver/Src/stm32f1xx_hal_pcd.c ****             /* free EP OUT Buffer */
2218:Drivers/STM32F1xx_HAL_Driver/Src/stm32f1xx_hal_pcd.c ****             PCD_FreeUserBuffer(hpcd->Instance, ep->num, 0U);
2219:Drivers/STM32F1xx_HAL_Driver/Src/stm32f1xx_hal_pcd.c **** 
2220:Drivers/STM32F1xx_HAL_Driver/Src/stm32f1xx_hal_pcd.c ****             if ((PCD_GET_ENDPOINT(hpcd->Instance, ep->num) & USB_EP_DTOG_RX) != 0U)
2221:Drivers/STM32F1xx_HAL_Driver/Src/stm32f1xx_hal_pcd.c ****             {
2222:Drivers/STM32F1xx_HAL_Driver/Src/stm32f1xx_hal_pcd.c ****               /* read from endpoint BUF0Addr buffer */
2223:Drivers/STM32F1xx_HAL_Driver/Src/stm32f1xx_hal_pcd.c ****               count = (uint16_t)PCD_GET_EP_DBUF0_CNT(hpcd->Instance, ep->num);
2224:Drivers/STM32F1xx_HAL_Driver/Src/stm32f1xx_hal_pcd.c **** 
2225:Drivers/STM32F1xx_HAL_Driver/Src/stm32f1xx_hal_pcd.c ****               if (count != 0U)
2226:Drivers/STM32F1xx_HAL_Driver/Src/stm32f1xx_hal_pcd.c ****               {
2227:Drivers/STM32F1xx_HAL_Driver/Src/stm32f1xx_hal_pcd.c ****                 USB_ReadPMA(hpcd->Instance, ep->xfer_buff, ep->pmaaddr0, count);
2228:Drivers/STM32F1xx_HAL_Driver/Src/stm32f1xx_hal_pcd.c ****               }
2229:Drivers/STM32F1xx_HAL_Driver/Src/stm32f1xx_hal_pcd.c ****             }
2230:Drivers/STM32F1xx_HAL_Driver/Src/stm32f1xx_hal_pcd.c ****             else
2231:Drivers/STM32F1xx_HAL_Driver/Src/stm32f1xx_hal_pcd.c ****             {
2232:Drivers/STM32F1xx_HAL_Driver/Src/stm32f1xx_hal_pcd.c ****               /* read from endpoint BUF1Addr buffer */
2233:Drivers/STM32F1xx_HAL_Driver/Src/stm32f1xx_hal_pcd.c ****               count = (uint16_t)PCD_GET_EP_DBUF1_CNT(hpcd->Instance, ep->num);
2234:Drivers/STM32F1xx_HAL_Driver/Src/stm32f1xx_hal_pcd.c **** 
2235:Drivers/STM32F1xx_HAL_Driver/Src/stm32f1xx_hal_pcd.c ****               if (count != 0U)
2236:Drivers/STM32F1xx_HAL_Driver/Src/stm32f1xx_hal_pcd.c ****               {
2237:Drivers/STM32F1xx_HAL_Driver/Src/stm32f1xx_hal_pcd.c ****                 USB_ReadPMA(hpcd->Instance, ep->xfer_buff, ep->pmaaddr1, count);
2238:Drivers/STM32F1xx_HAL_Driver/Src/stm32f1xx_hal_pcd.c ****               }
2239:Drivers/STM32F1xx_HAL_Driver/Src/stm32f1xx_hal_pcd.c ****             }
2240:Drivers/STM32F1xx_HAL_Driver/Src/stm32f1xx_hal_pcd.c ****           }
2241:Drivers/STM32F1xx_HAL_Driver/Src/stm32f1xx_hal_pcd.c ****         }
2242:Drivers/STM32F1xx_HAL_Driver/Src/stm32f1xx_hal_pcd.c ****         /* multi-packet on the NON control OUT endpoint */
2243:Drivers/STM32F1xx_HAL_Driver/Src/stm32f1xx_hal_pcd.c ****         ep->xfer_count += count;
2244:Drivers/STM32F1xx_HAL_Driver/Src/stm32f1xx_hal_pcd.c ****         ep->xfer_buff += count;
2245:Drivers/STM32F1xx_HAL_Driver/Src/stm32f1xx_hal_pcd.c **** 
2246:Drivers/STM32F1xx_HAL_Driver/Src/stm32f1xx_hal_pcd.c ****         if ((ep->xfer_len == 0U) || (count < ep->maxpacket))
2247:Drivers/STM32F1xx_HAL_Driver/Src/stm32f1xx_hal_pcd.c ****         {
2248:Drivers/STM32F1xx_HAL_Driver/Src/stm32f1xx_hal_pcd.c ****           /* RX COMPLETE */
2249:Drivers/STM32F1xx_HAL_Driver/Src/stm32f1xx_hal_pcd.c **** #if (USE_HAL_PCD_REGISTER_CALLBACKS == 1U)
2250:Drivers/STM32F1xx_HAL_Driver/Src/stm32f1xx_hal_pcd.c ****           hpcd->DataOutStageCallback(hpcd, ep->num);
2251:Drivers/STM32F1xx_HAL_Driver/Src/stm32f1xx_hal_pcd.c **** #else
2252:Drivers/STM32F1xx_HAL_Driver/Src/stm32f1xx_hal_pcd.c ****           HAL_PCD_DataOutStageCallback(hpcd, ep->num);
2253:Drivers/STM32F1xx_HAL_Driver/Src/stm32f1xx_hal_pcd.c **** #endif /* USE_HAL_PCD_REGISTER_CALLBACKS */
2254:Drivers/STM32F1xx_HAL_Driver/Src/stm32f1xx_hal_pcd.c ****         }
2255:Drivers/STM32F1xx_HAL_Driver/Src/stm32f1xx_hal_pcd.c ****         else
ARM GAS  /tmp/ccdzNYOe.s 			page 41


2256:Drivers/STM32F1xx_HAL_Driver/Src/stm32f1xx_hal_pcd.c ****         {
2257:Drivers/STM32F1xx_HAL_Driver/Src/stm32f1xx_hal_pcd.c ****           (void) USB_EPStartXfer(hpcd->Instance, ep);
2258:Drivers/STM32F1xx_HAL_Driver/Src/stm32f1xx_hal_pcd.c ****         }
2259:Drivers/STM32F1xx_HAL_Driver/Src/stm32f1xx_hal_pcd.c **** 
2260:Drivers/STM32F1xx_HAL_Driver/Src/stm32f1xx_hal_pcd.c ****       }
2261:Drivers/STM32F1xx_HAL_Driver/Src/stm32f1xx_hal_pcd.c **** 
2262:Drivers/STM32F1xx_HAL_Driver/Src/stm32f1xx_hal_pcd.c ****       if ((wEPVal & USB_EP_CTR_TX) != 0U)
2263:Drivers/STM32F1xx_HAL_Driver/Src/stm32f1xx_hal_pcd.c ****       {
2264:Drivers/STM32F1xx_HAL_Driver/Src/stm32f1xx_hal_pcd.c ****         ep = &hpcd->IN_ep[epindex];
2265:Drivers/STM32F1xx_HAL_Driver/Src/stm32f1xx_hal_pcd.c **** 
2266:Drivers/STM32F1xx_HAL_Driver/Src/stm32f1xx_hal_pcd.c ****         /* clear int flag */
2267:Drivers/STM32F1xx_HAL_Driver/Src/stm32f1xx_hal_pcd.c ****         PCD_CLEAR_TX_EP_CTR(hpcd->Instance, epindex);
2268:Drivers/STM32F1xx_HAL_Driver/Src/stm32f1xx_hal_pcd.c **** 
2269:Drivers/STM32F1xx_HAL_Driver/Src/stm32f1xx_hal_pcd.c ****         /* Manage all non bulk/isoc transaction Bulk Single Buffer Transaction */
2270:Drivers/STM32F1xx_HAL_Driver/Src/stm32f1xx_hal_pcd.c ****         if ((ep->type == EP_TYPE_INTR) || (ep->type == EP_TYPE_CTRL) ||
2271:Drivers/STM32F1xx_HAL_Driver/Src/stm32f1xx_hal_pcd.c ****            ((ep->type == EP_TYPE_BULK) && ((wEPVal & USB_EP_KIND) == 0U)))
2272:Drivers/STM32F1xx_HAL_Driver/Src/stm32f1xx_hal_pcd.c ****         {
2273:Drivers/STM32F1xx_HAL_Driver/Src/stm32f1xx_hal_pcd.c ****           /* multi-packet on the NON control IN endpoint */
2274:Drivers/STM32F1xx_HAL_Driver/Src/stm32f1xx_hal_pcd.c ****           TxByteNbre = (uint16_t)PCD_GET_EP_TX_CNT(hpcd->Instance, ep->num);
2275:Drivers/STM32F1xx_HAL_Driver/Src/stm32f1xx_hal_pcd.c **** 
2276:Drivers/STM32F1xx_HAL_Driver/Src/stm32f1xx_hal_pcd.c ****           if (ep->xfer_len > TxByteNbre)
2277:Drivers/STM32F1xx_HAL_Driver/Src/stm32f1xx_hal_pcd.c ****           {
2278:Drivers/STM32F1xx_HAL_Driver/Src/stm32f1xx_hal_pcd.c ****             ep->xfer_len -= TxByteNbre;
2279:Drivers/STM32F1xx_HAL_Driver/Src/stm32f1xx_hal_pcd.c ****           }
2280:Drivers/STM32F1xx_HAL_Driver/Src/stm32f1xx_hal_pcd.c ****           else
2281:Drivers/STM32F1xx_HAL_Driver/Src/stm32f1xx_hal_pcd.c ****           {
2282:Drivers/STM32F1xx_HAL_Driver/Src/stm32f1xx_hal_pcd.c ****             ep->xfer_len = 0U;
2283:Drivers/STM32F1xx_HAL_Driver/Src/stm32f1xx_hal_pcd.c ****           }
2284:Drivers/STM32F1xx_HAL_Driver/Src/stm32f1xx_hal_pcd.c **** 
2285:Drivers/STM32F1xx_HAL_Driver/Src/stm32f1xx_hal_pcd.c ****           /* Zero Length Packet? */
2286:Drivers/STM32F1xx_HAL_Driver/Src/stm32f1xx_hal_pcd.c ****           if (ep->xfer_len == 0U)
2287:Drivers/STM32F1xx_HAL_Driver/Src/stm32f1xx_hal_pcd.c ****           {
2288:Drivers/STM32F1xx_HAL_Driver/Src/stm32f1xx_hal_pcd.c ****             /* TX COMPLETE */
2289:Drivers/STM32F1xx_HAL_Driver/Src/stm32f1xx_hal_pcd.c **** #if (USE_HAL_PCD_REGISTER_CALLBACKS == 1U)
2290:Drivers/STM32F1xx_HAL_Driver/Src/stm32f1xx_hal_pcd.c ****             hpcd->DataInStageCallback(hpcd, ep->num);
2291:Drivers/STM32F1xx_HAL_Driver/Src/stm32f1xx_hal_pcd.c **** #else
2292:Drivers/STM32F1xx_HAL_Driver/Src/stm32f1xx_hal_pcd.c ****             HAL_PCD_DataInStageCallback(hpcd, ep->num);
2293:Drivers/STM32F1xx_HAL_Driver/Src/stm32f1xx_hal_pcd.c **** #endif /* USE_HAL_PCD_REGISTER_CALLBACKS */
2294:Drivers/STM32F1xx_HAL_Driver/Src/stm32f1xx_hal_pcd.c ****           }
2295:Drivers/STM32F1xx_HAL_Driver/Src/stm32f1xx_hal_pcd.c ****           else
2296:Drivers/STM32F1xx_HAL_Driver/Src/stm32f1xx_hal_pcd.c ****           {
2297:Drivers/STM32F1xx_HAL_Driver/Src/stm32f1xx_hal_pcd.c ****             /* Transfer is not yet Done */
2298:Drivers/STM32F1xx_HAL_Driver/Src/stm32f1xx_hal_pcd.c ****             ep->xfer_buff += TxByteNbre;
2299:Drivers/STM32F1xx_HAL_Driver/Src/stm32f1xx_hal_pcd.c ****             ep->xfer_count += TxByteNbre;
2300:Drivers/STM32F1xx_HAL_Driver/Src/stm32f1xx_hal_pcd.c ****             (void)USB_EPStartXfer(hpcd->Instance, ep);
2301:Drivers/STM32F1xx_HAL_Driver/Src/stm32f1xx_hal_pcd.c ****           }
2302:Drivers/STM32F1xx_HAL_Driver/Src/stm32f1xx_hal_pcd.c ****         }
2303:Drivers/STM32F1xx_HAL_Driver/Src/stm32f1xx_hal_pcd.c ****         /* Double Buffer Iso/bulk IN (bulk transfer Len > Ep_Mps) */
2304:Drivers/STM32F1xx_HAL_Driver/Src/stm32f1xx_hal_pcd.c ****         else
2305:Drivers/STM32F1xx_HAL_Driver/Src/stm32f1xx_hal_pcd.c ****         {
2306:Drivers/STM32F1xx_HAL_Driver/Src/stm32f1xx_hal_pcd.c ****           (void)HAL_PCD_EP_DB_Transmit(hpcd, ep, wEPVal);
2307:Drivers/STM32F1xx_HAL_Driver/Src/stm32f1xx_hal_pcd.c ****         }
2308:Drivers/STM32F1xx_HAL_Driver/Src/stm32f1xx_hal_pcd.c ****       }
2309:Drivers/STM32F1xx_HAL_Driver/Src/stm32f1xx_hal_pcd.c ****     }
2310:Drivers/STM32F1xx_HAL_Driver/Src/stm32f1xx_hal_pcd.c ****   }
2311:Drivers/STM32F1xx_HAL_Driver/Src/stm32f1xx_hal_pcd.c **** 
2312:Drivers/STM32F1xx_HAL_Driver/Src/stm32f1xx_hal_pcd.c ****   return HAL_OK;
ARM GAS  /tmp/ccdzNYOe.s 			page 42


2313:Drivers/STM32F1xx_HAL_Driver/Src/stm32f1xx_hal_pcd.c **** }
2314:Drivers/STM32F1xx_HAL_Driver/Src/stm32f1xx_hal_pcd.c **** 
2315:Drivers/STM32F1xx_HAL_Driver/Src/stm32f1xx_hal_pcd.c **** 
2316:Drivers/STM32F1xx_HAL_Driver/Src/stm32f1xx_hal_pcd.c **** /**
2317:Drivers/STM32F1xx_HAL_Driver/Src/stm32f1xx_hal_pcd.c ****   * @brief  Manage double buffer bulk out transaction from ISR
2318:Drivers/STM32F1xx_HAL_Driver/Src/stm32f1xx_hal_pcd.c ****   * @param  hpcd PCD handle
2319:Drivers/STM32F1xx_HAL_Driver/Src/stm32f1xx_hal_pcd.c ****   * @param  ep current endpoint handle
2320:Drivers/STM32F1xx_HAL_Driver/Src/stm32f1xx_hal_pcd.c ****   * @param  wEPVal Last snapshot of EPRx register value taken in ISR
2321:Drivers/STM32F1xx_HAL_Driver/Src/stm32f1xx_hal_pcd.c ****   * @retval HAL status
2322:Drivers/STM32F1xx_HAL_Driver/Src/stm32f1xx_hal_pcd.c ****   */
2323:Drivers/STM32F1xx_HAL_Driver/Src/stm32f1xx_hal_pcd.c **** static uint16_t HAL_PCD_EP_DB_Receive(PCD_HandleTypeDef *hpcd,
2324:Drivers/STM32F1xx_HAL_Driver/Src/stm32f1xx_hal_pcd.c ****                                       PCD_EPTypeDef *ep, uint16_t wEPVal)
2325:Drivers/STM32F1xx_HAL_Driver/Src/stm32f1xx_hal_pcd.c **** {
  27              		.loc 1 2325 1 view -0
  28              		.cfi_startproc
  29              		@ args = 0, pretend = 0, frame = 0
  30              		@ frame_needed = 0, uses_anonymous_args = 0
  31              		.loc 1 2325 1 is_stmt 0 view .LVU1
  32 0000 38B5     		push	{r3, r4, r5, lr}
  33              	.LCFI0:
  34              		.cfi_def_cfa_offset 16
  35              		.cfi_offset 3, -16
  36              		.cfi_offset 4, -12
  37              		.cfi_offset 5, -8
  38              		.cfi_offset 14, -4
2326:Drivers/STM32F1xx_HAL_Driver/Src/stm32f1xx_hal_pcd.c ****   uint16_t count;
  39              		.loc 1 2326 3 is_stmt 1 view .LVU2
2327:Drivers/STM32F1xx_HAL_Driver/Src/stm32f1xx_hal_pcd.c **** 
2328:Drivers/STM32F1xx_HAL_Driver/Src/stm32f1xx_hal_pcd.c ****   /* Manage Buffer0 OUT */
2329:Drivers/STM32F1xx_HAL_Driver/Src/stm32f1xx_hal_pcd.c ****   if ((wEPVal & USB_EP_DTOG_RX) != 0U)
  40              		.loc 1 2329 3 view .LVU3
  41              		.loc 1 2329 6 is_stmt 0 view .LVU4
  42 0002 12F4804F 		tst	r2, #16384
  43 0006 44D0     		beq	.L2
2330:Drivers/STM32F1xx_HAL_Driver/Src/stm32f1xx_hal_pcd.c ****   {
2331:Drivers/STM32F1xx_HAL_Driver/Src/stm32f1xx_hal_pcd.c ****     /* Get count of received Data on buffer0 */
2332:Drivers/STM32F1xx_HAL_Driver/Src/stm32f1xx_hal_pcd.c ****     count = (uint16_t)PCD_GET_EP_DBUF0_CNT(hpcd->Instance, ep->num);
  44              		.loc 1 2332 5 is_stmt 1 view .LVU5
  45              		.loc 1 2332 23 is_stmt 0 view .LVU6
  46 0008 0468     		ldr	r4, [r0]
  47 000a B4F85030 		ldrh	r3, [r4, #80]
  48 000e 9BB2     		uxth	r3, r3
  49 0010 91F800C0 		ldrb	ip, [r1]	@ zero_extendqisi2
  50 0014 03EBCC03 		add	r3, r3, ip, lsl #3
  51 0018 0233     		adds	r3, r3, #2
  52 001a 04EB4304 		add	r4, r4, r3, lsl #1
  53 001e B4F80044 		ldrh	r4, [r4, #1024]
  54              		.loc 1 2332 11 view .LVU7
  55 0022 C4F30904 		ubfx	r4, r4, #0, #10
  56              	.LVL1:
2333:Drivers/STM32F1xx_HAL_Driver/Src/stm32f1xx_hal_pcd.c **** 
2334:Drivers/STM32F1xx_HAL_Driver/Src/stm32f1xx_hal_pcd.c ****     if (ep->xfer_len >= count)
  57              		.loc 1 2334 5 is_stmt 1 view .LVU8
  58              		.loc 1 2334 11 is_stmt 0 view .LVU9
  59 0026 8B69     		ldr	r3, [r1, #24]
  60              		.loc 1 2334 8 view .LVU10
  61 0028 A342     		cmp	r3, r4
ARM GAS  /tmp/ccdzNYOe.s 			page 43


  62 002a 28D3     		bcc	.L3
2335:Drivers/STM32F1xx_HAL_Driver/Src/stm32f1xx_hal_pcd.c ****     {
2336:Drivers/STM32F1xx_HAL_Driver/Src/stm32f1xx_hal_pcd.c ****       ep->xfer_len -= count;
  63              		.loc 1 2336 7 is_stmt 1 view .LVU11
  64              		.loc 1 2336 20 is_stmt 0 view .LVU12
  65 002c 1B1B     		subs	r3, r3, r4
  66 002e 8B61     		str	r3, [r1, #24]
  67              	.L4:
2337:Drivers/STM32F1xx_HAL_Driver/Src/stm32f1xx_hal_pcd.c ****     }
2338:Drivers/STM32F1xx_HAL_Driver/Src/stm32f1xx_hal_pcd.c ****     else
2339:Drivers/STM32F1xx_HAL_Driver/Src/stm32f1xx_hal_pcd.c ****     {
2340:Drivers/STM32F1xx_HAL_Driver/Src/stm32f1xx_hal_pcd.c ****       ep->xfer_len = 0U;
2341:Drivers/STM32F1xx_HAL_Driver/Src/stm32f1xx_hal_pcd.c ****     }
2342:Drivers/STM32F1xx_HAL_Driver/Src/stm32f1xx_hal_pcd.c **** 
2343:Drivers/STM32F1xx_HAL_Driver/Src/stm32f1xx_hal_pcd.c ****     if (ep->xfer_len == 0U)
  68              		.loc 1 2343 5 is_stmt 1 view .LVU13
  69              		.loc 1 2343 11 is_stmt 0 view .LVU14
  70 0030 8B69     		ldr	r3, [r1, #24]
  71              		.loc 1 2343 8 view .LVU15
  72 0032 7BB9     		cbnz	r3, .L5
2344:Drivers/STM32F1xx_HAL_Driver/Src/stm32f1xx_hal_pcd.c ****     {
2345:Drivers/STM32F1xx_HAL_Driver/Src/stm32f1xx_hal_pcd.c ****       /* set NAK to OUT endpoint since double buffer is enabled */
2346:Drivers/STM32F1xx_HAL_Driver/Src/stm32f1xx_hal_pcd.c ****       PCD_SET_EP_RX_STATUS(hpcd->Instance, ep->num, USB_EP_RX_NAK);
  73              		.loc 1 2346 7 is_stmt 1 view .LVU16
  74              	.LBB2:
  75              		.loc 1 2346 7 view .LVU17
  76              		.loc 1 2346 7 view .LVU18
  77 0034 0568     		ldr	r5, [r0]
  78 0036 35F82C30 		ldrh	r3, [r5, ip, lsl #2]
  79 003a 9BB2     		uxth	r3, r3
  80 003c 23F48043 		bic	r3, r3, #16384
  81 0040 23F07003 		bic	r3, r3, #112
  82              	.LVL2:
  83              		.loc 1 2346 7 view .LVU19
  84              		.loc 1 2346 7 discriminator 3 view .LVU20
  85              		.loc 1 2346 7 discriminator 4 view .LVU21
  86 0044 83F40053 		eor	r3, r3, #8192
  87              	.LVL3:
  88              		.loc 1 2346 7 discriminator 6 view .LVU22
  89 0048 43F40043 		orr	r3, r3, #32768
  90              	.LVL4:
  91              		.loc 1 2346 7 is_stmt 0 discriminator 6 view .LVU23
  92 004c 43F08003 		orr	r3, r3, #128
  93 0050 25F82C30 		strh	r3, [r5, ip, lsl #2]	@ movhi
  94              	.LVL5:
  95              	.L5:
  96              		.loc 1 2346 7 discriminator 6 view .LVU24
  97              	.LBE2:
  98              		.loc 1 2346 7 is_stmt 1 discriminator 7 view .LVU25
2347:Drivers/STM32F1xx_HAL_Driver/Src/stm32f1xx_hal_pcd.c ****     }
2348:Drivers/STM32F1xx_HAL_Driver/Src/stm32f1xx_hal_pcd.c **** 
2349:Drivers/STM32F1xx_HAL_Driver/Src/stm32f1xx_hal_pcd.c ****     /* Check if Buffer1 is in blocked sate which requires to toggle */
2350:Drivers/STM32F1xx_HAL_Driver/Src/stm32f1xx_hal_pcd.c ****     if ((wEPVal & USB_EP_DTOG_TX) != 0U)
  99              		.loc 1 2350 5 view .LVU26
 100              		.loc 1 2350 8 is_stmt 0 view .LVU27
 101 0054 12F0400F 		tst	r2, #64
 102 0058 0ED0     		beq	.L6
ARM GAS  /tmp/ccdzNYOe.s 			page 44


2351:Drivers/STM32F1xx_HAL_Driver/Src/stm32f1xx_hal_pcd.c ****     {
2352:Drivers/STM32F1xx_HAL_Driver/Src/stm32f1xx_hal_pcd.c ****       PCD_FreeUserBuffer(hpcd->Instance, ep->num, 0U);
 103              		.loc 1 2352 7 is_stmt 1 view .LVU28
 104              		.loc 1 2352 7 view .LVU29
 105              		.loc 1 2352 7 discriminator 1 view .LVU30
 106              	.LBB3:
 107              		.loc 1 2352 7 discriminator 1 view .LVU31
 108              		.loc 1 2352 7 discriminator 1 view .LVU32
 109 005a 0268     		ldr	r2, [r0]
 110              	.LVL6:
 111              		.loc 1 2352 7 is_stmt 0 discriminator 1 view .LVU33
 112 005c 0D78     		ldrb	r5, [r1]	@ zero_extendqisi2
 113 005e 32F82530 		ldrh	r3, [r2, r5, lsl #2]
 114 0062 9BB2     		uxth	r3, r3
 115 0064 23F4E043 		bic	r3, r3, #28672
 116 0068 23F07003 		bic	r3, r3, #112
 117              	.LVL7:
 118              		.loc 1 2352 7 is_stmt 1 view .LVU34
 119              		.loc 1 2352 7 is_stmt 0 discriminator 1 view .LVU35
 120 006c 43F40043 		orr	r3, r3, #32768
 121              	.LVL8:
 122              		.loc 1 2352 7 discriminator 1 view .LVU36
 123 0070 43F0C003 		orr	r3, r3, #192
 124 0074 22F82530 		strh	r3, [r2, r5, lsl #2]	@ movhi
 125              	.LBE3:
 126              		.loc 1 2352 7 is_stmt 1 view .LVU37
 127              	.LVL9:
 128              	.L6:
 129              		.loc 1 2352 7 discriminator 6 view .LVU38
 130              		.loc 1 2352 7 discriminator 6 view .LVU39
2353:Drivers/STM32F1xx_HAL_Driver/Src/stm32f1xx_hal_pcd.c ****     }
2354:Drivers/STM32F1xx_HAL_Driver/Src/stm32f1xx_hal_pcd.c **** 
2355:Drivers/STM32F1xx_HAL_Driver/Src/stm32f1xx_hal_pcd.c ****     if (count != 0U)
 131              		.loc 1 2355 5 view .LVU40
 132              		.loc 1 2355 8 is_stmt 0 view .LVU41
 133 0078 24B9     		cbnz	r4, .L13
 134              	.LVL10:
 135              	.L7:
2356:Drivers/STM32F1xx_HAL_Driver/Src/stm32f1xx_hal_pcd.c ****     {
2357:Drivers/STM32F1xx_HAL_Driver/Src/stm32f1xx_hal_pcd.c ****       USB_ReadPMA(hpcd->Instance, ep->xfer_buff, ep->pmaaddr0, count);
2358:Drivers/STM32F1xx_HAL_Driver/Src/stm32f1xx_hal_pcd.c ****     }
2359:Drivers/STM32F1xx_HAL_Driver/Src/stm32f1xx_hal_pcd.c ****   }
2360:Drivers/STM32F1xx_HAL_Driver/Src/stm32f1xx_hal_pcd.c ****   /* Manage Buffer 1 DTOG_RX=0 */
2361:Drivers/STM32F1xx_HAL_Driver/Src/stm32f1xx_hal_pcd.c ****   else
2362:Drivers/STM32F1xx_HAL_Driver/Src/stm32f1xx_hal_pcd.c ****   {
2363:Drivers/STM32F1xx_HAL_Driver/Src/stm32f1xx_hal_pcd.c ****     /* Get count of received data */
2364:Drivers/STM32F1xx_HAL_Driver/Src/stm32f1xx_hal_pcd.c ****     count = (uint16_t)PCD_GET_EP_DBUF1_CNT(hpcd->Instance, ep->num);
2365:Drivers/STM32F1xx_HAL_Driver/Src/stm32f1xx_hal_pcd.c **** 
2366:Drivers/STM32F1xx_HAL_Driver/Src/stm32f1xx_hal_pcd.c ****     if (ep->xfer_len >= count)
2367:Drivers/STM32F1xx_HAL_Driver/Src/stm32f1xx_hal_pcd.c ****     {
2368:Drivers/STM32F1xx_HAL_Driver/Src/stm32f1xx_hal_pcd.c ****       ep->xfer_len -= count;
2369:Drivers/STM32F1xx_HAL_Driver/Src/stm32f1xx_hal_pcd.c ****     }
2370:Drivers/STM32F1xx_HAL_Driver/Src/stm32f1xx_hal_pcd.c ****     else
2371:Drivers/STM32F1xx_HAL_Driver/Src/stm32f1xx_hal_pcd.c ****     {
2372:Drivers/STM32F1xx_HAL_Driver/Src/stm32f1xx_hal_pcd.c ****       ep->xfer_len = 0U;
2373:Drivers/STM32F1xx_HAL_Driver/Src/stm32f1xx_hal_pcd.c ****     }
2374:Drivers/STM32F1xx_HAL_Driver/Src/stm32f1xx_hal_pcd.c **** 
ARM GAS  /tmp/ccdzNYOe.s 			page 45


2375:Drivers/STM32F1xx_HAL_Driver/Src/stm32f1xx_hal_pcd.c ****     if (ep->xfer_len == 0U)
2376:Drivers/STM32F1xx_HAL_Driver/Src/stm32f1xx_hal_pcd.c ****     {
2377:Drivers/STM32F1xx_HAL_Driver/Src/stm32f1xx_hal_pcd.c ****       /* set NAK on the current endpoint */
2378:Drivers/STM32F1xx_HAL_Driver/Src/stm32f1xx_hal_pcd.c ****       PCD_SET_EP_RX_STATUS(hpcd->Instance, ep->num, USB_EP_RX_NAK);
2379:Drivers/STM32F1xx_HAL_Driver/Src/stm32f1xx_hal_pcd.c ****     }
2380:Drivers/STM32F1xx_HAL_Driver/Src/stm32f1xx_hal_pcd.c **** 
2381:Drivers/STM32F1xx_HAL_Driver/Src/stm32f1xx_hal_pcd.c ****     /*Need to FreeUser Buffer*/
2382:Drivers/STM32F1xx_HAL_Driver/Src/stm32f1xx_hal_pcd.c ****     if ((wEPVal & USB_EP_DTOG_TX) == 0U)
2383:Drivers/STM32F1xx_HAL_Driver/Src/stm32f1xx_hal_pcd.c ****     {
2384:Drivers/STM32F1xx_HAL_Driver/Src/stm32f1xx_hal_pcd.c ****       PCD_FreeUserBuffer(hpcd->Instance, ep->num, 0U);
2385:Drivers/STM32F1xx_HAL_Driver/Src/stm32f1xx_hal_pcd.c ****     }
2386:Drivers/STM32F1xx_HAL_Driver/Src/stm32f1xx_hal_pcd.c **** 
2387:Drivers/STM32F1xx_HAL_Driver/Src/stm32f1xx_hal_pcd.c ****     if (count != 0U)
2388:Drivers/STM32F1xx_HAL_Driver/Src/stm32f1xx_hal_pcd.c ****     {
2389:Drivers/STM32F1xx_HAL_Driver/Src/stm32f1xx_hal_pcd.c ****       USB_ReadPMA(hpcd->Instance, ep->xfer_buff, ep->pmaaddr1, count);
2390:Drivers/STM32F1xx_HAL_Driver/Src/stm32f1xx_hal_pcd.c ****     }
2391:Drivers/STM32F1xx_HAL_Driver/Src/stm32f1xx_hal_pcd.c ****   }
2392:Drivers/STM32F1xx_HAL_Driver/Src/stm32f1xx_hal_pcd.c **** 
2393:Drivers/STM32F1xx_HAL_Driver/Src/stm32f1xx_hal_pcd.c ****   return count;
 136              		.loc 1 2393 3 is_stmt 1 view .LVU42
2394:Drivers/STM32F1xx_HAL_Driver/Src/stm32f1xx_hal_pcd.c **** }
 137              		.loc 1 2394 1 is_stmt 0 view .LVU43
 138 007a 2046     		mov	r0, r4
 139 007c 38BD     		pop	{r3, r4, r5, pc}
 140              	.LVL11:
 141              	.L3:
2340:Drivers/STM32F1xx_HAL_Driver/Src/stm32f1xx_hal_pcd.c ****     }
 142              		.loc 1 2340 7 is_stmt 1 view .LVU44
2340:Drivers/STM32F1xx_HAL_Driver/Src/stm32f1xx_hal_pcd.c ****     }
 143              		.loc 1 2340 20 is_stmt 0 view .LVU45
 144 007e 0023     		movs	r3, #0
 145 0080 8B61     		str	r3, [r1, #24]
 146 0082 D5E7     		b	.L4
 147              	.LVL12:
 148              	.L13:
2357:Drivers/STM32F1xx_HAL_Driver/Src/stm32f1xx_hal_pcd.c ****     }
 149              		.loc 1 2357 7 is_stmt 1 view .LVU46
 150 0084 2346     		mov	r3, r4
 151 0086 0A89     		ldrh	r2, [r1, #8]
 152 0088 4969     		ldr	r1, [r1, #20]
 153              	.LVL13:
2357:Drivers/STM32F1xx_HAL_Driver/Src/stm32f1xx_hal_pcd.c ****     }
 154              		.loc 1 2357 7 is_stmt 0 view .LVU47
 155 008a 0068     		ldr	r0, [r0]
 156              	.LVL14:
2357:Drivers/STM32F1xx_HAL_Driver/Src/stm32f1xx_hal_pcd.c ****     }
 157              		.loc 1 2357 7 view .LVU48
 158 008c FFF7FEFF 		bl	USB_ReadPMA
 159              	.LVL15:
 160 0090 F3E7     		b	.L7
 161              	.LVL16:
 162              	.L2:
2364:Drivers/STM32F1xx_HAL_Driver/Src/stm32f1xx_hal_pcd.c **** 
 163              		.loc 1 2364 5 is_stmt 1 view .LVU49
2364:Drivers/STM32F1xx_HAL_Driver/Src/stm32f1xx_hal_pcd.c **** 
 164              		.loc 1 2364 23 is_stmt 0 view .LVU50
 165 0092 0468     		ldr	r4, [r0]
ARM GAS  /tmp/ccdzNYOe.s 			page 46


 166 0094 B4F85030 		ldrh	r3, [r4, #80]
 167 0098 9BB2     		uxth	r3, r3
 168 009a 91F800C0 		ldrb	ip, [r1]	@ zero_extendqisi2
 169 009e 03EBCC03 		add	r3, r3, ip, lsl #3
 170 00a2 0633     		adds	r3, r3, #6
 171 00a4 04EB4304 		add	r4, r4, r3, lsl #1
 172 00a8 B4F80044 		ldrh	r4, [r4, #1024]
2364:Drivers/STM32F1xx_HAL_Driver/Src/stm32f1xx_hal_pcd.c **** 
 173              		.loc 1 2364 11 view .LVU51
 174 00ac C4F30904 		ubfx	r4, r4, #0, #10
 175              	.LVL17:
2366:Drivers/STM32F1xx_HAL_Driver/Src/stm32f1xx_hal_pcd.c ****     {
 176              		.loc 1 2366 5 is_stmt 1 view .LVU52
2366:Drivers/STM32F1xx_HAL_Driver/Src/stm32f1xx_hal_pcd.c ****     {
 177              		.loc 1 2366 11 is_stmt 0 view .LVU53
 178 00b0 8B69     		ldr	r3, [r1, #24]
2366:Drivers/STM32F1xx_HAL_Driver/Src/stm32f1xx_hal_pcd.c ****     {
 179              		.loc 1 2366 8 view .LVU54
 180 00b2 A342     		cmp	r3, r4
 181 00b4 2FD3     		bcc	.L8
2368:Drivers/STM32F1xx_HAL_Driver/Src/stm32f1xx_hal_pcd.c ****     }
 182              		.loc 1 2368 7 is_stmt 1 view .LVU55
2368:Drivers/STM32F1xx_HAL_Driver/Src/stm32f1xx_hal_pcd.c ****     }
 183              		.loc 1 2368 20 is_stmt 0 view .LVU56
 184 00b6 1B1B     		subs	r3, r3, r4
 185 00b8 8B61     		str	r3, [r1, #24]
 186              	.L9:
2375:Drivers/STM32F1xx_HAL_Driver/Src/stm32f1xx_hal_pcd.c ****     {
 187              		.loc 1 2375 5 is_stmt 1 view .LVU57
2375:Drivers/STM32F1xx_HAL_Driver/Src/stm32f1xx_hal_pcd.c ****     {
 188              		.loc 1 2375 11 is_stmt 0 view .LVU58
 189 00ba 8B69     		ldr	r3, [r1, #24]
2375:Drivers/STM32F1xx_HAL_Driver/Src/stm32f1xx_hal_pcd.c ****     {
 190              		.loc 1 2375 8 view .LVU59
 191 00bc 7BB9     		cbnz	r3, .L10
2378:Drivers/STM32F1xx_HAL_Driver/Src/stm32f1xx_hal_pcd.c ****     }
 192              		.loc 1 2378 7 is_stmt 1 view .LVU60
 193              	.LBB4:
2378:Drivers/STM32F1xx_HAL_Driver/Src/stm32f1xx_hal_pcd.c ****     }
 194              		.loc 1 2378 7 view .LVU61
2378:Drivers/STM32F1xx_HAL_Driver/Src/stm32f1xx_hal_pcd.c ****     }
 195              		.loc 1 2378 7 view .LVU62
 196 00be 0568     		ldr	r5, [r0]
 197 00c0 35F82C30 		ldrh	r3, [r5, ip, lsl #2]
 198 00c4 9BB2     		uxth	r3, r3
 199 00c6 23F48043 		bic	r3, r3, #16384
 200 00ca 23F07003 		bic	r3, r3, #112
 201              	.LVL18:
2378:Drivers/STM32F1xx_HAL_Driver/Src/stm32f1xx_hal_pcd.c ****     }
 202              		.loc 1 2378 7 view .LVU63
2378:Drivers/STM32F1xx_HAL_Driver/Src/stm32f1xx_hal_pcd.c ****     }
 203              		.loc 1 2378 7 discriminator 3 view .LVU64
2378:Drivers/STM32F1xx_HAL_Driver/Src/stm32f1xx_hal_pcd.c ****     }
 204              		.loc 1 2378 7 discriminator 4 view .LVU65
 205 00ce 83F40053 		eor	r3, r3, #8192
 206              	.LVL19:
2378:Drivers/STM32F1xx_HAL_Driver/Src/stm32f1xx_hal_pcd.c ****     }
ARM GAS  /tmp/ccdzNYOe.s 			page 47


 207              		.loc 1 2378 7 discriminator 6 view .LVU66
 208 00d2 43F40043 		orr	r3, r3, #32768
 209              	.LVL20:
2378:Drivers/STM32F1xx_HAL_Driver/Src/stm32f1xx_hal_pcd.c ****     }
 210              		.loc 1 2378 7 is_stmt 0 discriminator 6 view .LVU67
 211 00d6 43F08003 		orr	r3, r3, #128
 212 00da 25F82C30 		strh	r3, [r5, ip, lsl #2]	@ movhi
 213              	.LVL21:
 214              	.L10:
2378:Drivers/STM32F1xx_HAL_Driver/Src/stm32f1xx_hal_pcd.c ****     }
 215              		.loc 1 2378 7 discriminator 6 view .LVU68
 216              	.LBE4:
2378:Drivers/STM32F1xx_HAL_Driver/Src/stm32f1xx_hal_pcd.c ****     }
 217              		.loc 1 2378 7 is_stmt 1 discriminator 7 view .LVU69
2382:Drivers/STM32F1xx_HAL_Driver/Src/stm32f1xx_hal_pcd.c ****     {
 218              		.loc 1 2382 5 view .LVU70
2382:Drivers/STM32F1xx_HAL_Driver/Src/stm32f1xx_hal_pcd.c ****     {
 219              		.loc 1 2382 8 is_stmt 0 view .LVU71
 220 00de 12F0400F 		tst	r2, #64
 221 00e2 0FD1     		bne	.L11
2384:Drivers/STM32F1xx_HAL_Driver/Src/stm32f1xx_hal_pcd.c ****     }
 222              		.loc 1 2384 7 is_stmt 1 view .LVU72
2384:Drivers/STM32F1xx_HAL_Driver/Src/stm32f1xx_hal_pcd.c ****     }
 223              		.loc 1 2384 7 view .LVU73
2384:Drivers/STM32F1xx_HAL_Driver/Src/stm32f1xx_hal_pcd.c ****     }
 224              		.loc 1 2384 7 discriminator 1 view .LVU74
 225              	.LBB5:
2384:Drivers/STM32F1xx_HAL_Driver/Src/stm32f1xx_hal_pcd.c ****     }
 226              		.loc 1 2384 7 discriminator 1 view .LVU75
2384:Drivers/STM32F1xx_HAL_Driver/Src/stm32f1xx_hal_pcd.c ****     }
 227              		.loc 1 2384 7 discriminator 1 view .LVU76
 228 00e4 0268     		ldr	r2, [r0]
 229              	.LVL22:
2384:Drivers/STM32F1xx_HAL_Driver/Src/stm32f1xx_hal_pcd.c ****     }
 230              		.loc 1 2384 7 is_stmt 0 discriminator 1 view .LVU77
 231 00e6 91F800C0 		ldrb	ip, [r1]	@ zero_extendqisi2
 232 00ea 32F82C30 		ldrh	r3, [r2, ip, lsl #2]
 233 00ee 9BB2     		uxth	r3, r3
 234 00f0 23F4E043 		bic	r3, r3, #28672
 235 00f4 23F07003 		bic	r3, r3, #112
 236              	.LVL23:
2384:Drivers/STM32F1xx_HAL_Driver/Src/stm32f1xx_hal_pcd.c ****     }
 237              		.loc 1 2384 7 is_stmt 1 view .LVU78
2384:Drivers/STM32F1xx_HAL_Driver/Src/stm32f1xx_hal_pcd.c ****     }
 238              		.loc 1 2384 7 is_stmt 0 discriminator 1 view .LVU79
 239 00f8 43F40043 		orr	r3, r3, #32768
 240              	.LVL24:
2384:Drivers/STM32F1xx_HAL_Driver/Src/stm32f1xx_hal_pcd.c ****     }
 241              		.loc 1 2384 7 discriminator 1 view .LVU80
 242 00fc 43F0C003 		orr	r3, r3, #192
 243 0100 22F82C30 		strh	r3, [r2, ip, lsl #2]	@ movhi
 244              	.LBE5:
2384:Drivers/STM32F1xx_HAL_Driver/Src/stm32f1xx_hal_pcd.c ****     }
 245              		.loc 1 2384 7 is_stmt 1 view .LVU81
 246              	.LVL25:
 247              	.L11:
2384:Drivers/STM32F1xx_HAL_Driver/Src/stm32f1xx_hal_pcd.c ****     }
ARM GAS  /tmp/ccdzNYOe.s 			page 48


 248              		.loc 1 2384 7 discriminator 6 view .LVU82
2384:Drivers/STM32F1xx_HAL_Driver/Src/stm32f1xx_hal_pcd.c ****     }
 249              		.loc 1 2384 7 discriminator 6 view .LVU83
2387:Drivers/STM32F1xx_HAL_Driver/Src/stm32f1xx_hal_pcd.c ****     {
 250              		.loc 1 2387 5 view .LVU84
2387:Drivers/STM32F1xx_HAL_Driver/Src/stm32f1xx_hal_pcd.c ****     {
 251              		.loc 1 2387 8 is_stmt 0 view .LVU85
 252 0104 002C     		cmp	r4, #0
 253 0106 B8D0     		beq	.L7
2389:Drivers/STM32F1xx_HAL_Driver/Src/stm32f1xx_hal_pcd.c ****     }
 254              		.loc 1 2389 7 is_stmt 1 view .LVU86
 255 0108 2346     		mov	r3, r4
 256 010a 4A89     		ldrh	r2, [r1, #10]
 257 010c 4969     		ldr	r1, [r1, #20]
 258              	.LVL26:
2389:Drivers/STM32F1xx_HAL_Driver/Src/stm32f1xx_hal_pcd.c ****     }
 259              		.loc 1 2389 7 is_stmt 0 view .LVU87
 260 010e 0068     		ldr	r0, [r0]
 261              	.LVL27:
2389:Drivers/STM32F1xx_HAL_Driver/Src/stm32f1xx_hal_pcd.c ****     }
 262              		.loc 1 2389 7 view .LVU88
 263 0110 FFF7FEFF 		bl	USB_ReadPMA
 264              	.LVL28:
 265 0114 B1E7     		b	.L7
 266              	.LVL29:
 267              	.L8:
2372:Drivers/STM32F1xx_HAL_Driver/Src/stm32f1xx_hal_pcd.c ****     }
 268              		.loc 1 2372 7 is_stmt 1 view .LVU89
2372:Drivers/STM32F1xx_HAL_Driver/Src/stm32f1xx_hal_pcd.c ****     }
 269              		.loc 1 2372 20 is_stmt 0 view .LVU90
 270 0116 0023     		movs	r3, #0
 271 0118 8B61     		str	r3, [r1, #24]
 272 011a CEE7     		b	.L9
 273              		.cfi_endproc
 274              	.LFE99:
 276              		.section	.text.HAL_PCD_MspInit,"ax",%progbits
 277              		.align	1
 278              		.weak	HAL_PCD_MspInit
 279              		.syntax unified
 280              		.thumb
 281              		.thumb_func
 283              	HAL_PCD_MspInit:
 284              	.LVL30:
 285              	.LFB67:
 286:Drivers/STM32F1xx_HAL_Driver/Src/stm32f1xx_hal_pcd.c ****   /* Prevent unused argument(s) compilation warning */
 286              		.loc 1 286 1 is_stmt 1 view -0
 287              		.cfi_startproc
 288              		@ args = 0, pretend = 0, frame = 0
 289              		@ frame_needed = 0, uses_anonymous_args = 0
 290              		@ link register save eliminated.
 288:Drivers/STM32F1xx_HAL_Driver/Src/stm32f1xx_hal_pcd.c **** 
 291              		.loc 1 288 3 view .LVU92
 293:Drivers/STM32F1xx_HAL_Driver/Src/stm32f1xx_hal_pcd.c **** 
 292              		.loc 1 293 1 is_stmt 0 view .LVU93
 293 0000 7047     		bx	lr
 294              		.cfi_endproc
 295              	.LFE67:
ARM GAS  /tmp/ccdzNYOe.s 			page 49


 297              		.section	.text.HAL_PCD_Init,"ax",%progbits
 298              		.align	1
 299              		.global	HAL_PCD_Init
 300              		.syntax unified
 301              		.thumb
 302              		.thumb_func
 304              	HAL_PCD_Init:
 305              	.LVL31:
 306              	.LFB65:
 129:Drivers/STM32F1xx_HAL_Driver/Src/stm32f1xx_hal_pcd.c **** #if defined (USB_OTG_FS)
 307              		.loc 1 129 1 is_stmt 1 view -0
 308              		.cfi_startproc
 309              		@ args = 0, pretend = 0, frame = 0
 310              		@ frame_needed = 0, uses_anonymous_args = 0
 129:Drivers/STM32F1xx_HAL_Driver/Src/stm32f1xx_hal_pcd.c **** #if defined (USB_OTG_FS)
 311              		.loc 1 129 1 is_stmt 0 view .LVU95
 312 0000 70B5     		push	{r4, r5, r6, lr}
 313              	.LCFI1:
 314              		.cfi_def_cfa_offset 16
 315              		.cfi_offset 4, -16
 316              		.cfi_offset 5, -12
 317              		.cfi_offset 6, -8
 318              		.cfi_offset 14, -4
 319 0002 86B0     		sub	sp, sp, #24
 320              	.LCFI2:
 321              		.cfi_def_cfa_offset 40
 133:Drivers/STM32F1xx_HAL_Driver/Src/stm32f1xx_hal_pcd.c **** 
 322              		.loc 1 133 3 is_stmt 1 view .LVU96
 136:Drivers/STM32F1xx_HAL_Driver/Src/stm32f1xx_hal_pcd.c ****   {
 323              		.loc 1 136 3 view .LVU97
 136:Drivers/STM32F1xx_HAL_Driver/Src/stm32f1xx_hal_pcd.c ****   {
 324              		.loc 1 136 6 is_stmt 0 view .LVU98
 325 0004 0028     		cmp	r0, #0
 326 0006 00F08580 		beq	.L24
 327 000a 0446     		mov	r4, r0
 142:Drivers/STM32F1xx_HAL_Driver/Src/stm32f1xx_hal_pcd.c **** 
 328              		.loc 1 142 3 is_stmt 1 view .LVU99
 148:Drivers/STM32F1xx_HAL_Driver/Src/stm32f1xx_hal_pcd.c ****   {
 329              		.loc 1 148 3 view .LVU100
 148:Drivers/STM32F1xx_HAL_Driver/Src/stm32f1xx_hal_pcd.c ****   {
 330              		.loc 1 148 11 is_stmt 0 view .LVU101
 331 000c 90F8A932 		ldrb	r3, [r0, #681]	@ zero_extendqisi2
 148:Drivers/STM32F1xx_HAL_Driver/Src/stm32f1xx_hal_pcd.c ****   {
 332              		.loc 1 148 6 view .LVU102
 333 0010 EBB1     		cbz	r3, .L26
 334              	.LVL32:
 335              	.L17:
 179:Drivers/STM32F1xx_HAL_Driver/Src/stm32f1xx_hal_pcd.c **** 
 336              		.loc 1 179 3 is_stmt 1 view .LVU103
 179:Drivers/STM32F1xx_HAL_Driver/Src/stm32f1xx_hal_pcd.c **** 
 337              		.loc 1 179 15 is_stmt 0 view .LVU104
 338 0012 0323     		movs	r3, #3
 339 0014 84F8A932 		strb	r3, [r4, #681]
 190:Drivers/STM32F1xx_HAL_Driver/Src/stm32f1xx_hal_pcd.c **** 
 340              		.loc 1 190 3 is_stmt 1 view .LVU105
 341 0018 2068     		ldr	r0, [r4]
 342 001a FFF7FEFF 		bl	USB_DisableGlobalInt
ARM GAS  /tmp/ccdzNYOe.s 			page 50


 343              	.LVL33:
 193:Drivers/STM32F1xx_HAL_Driver/Src/stm32f1xx_hal_pcd.c ****   {
 344              		.loc 1 193 3 view .LVU106
 193:Drivers/STM32F1xx_HAL_Driver/Src/stm32f1xx_hal_pcd.c ****   {
 345              		.loc 1 193 24 is_stmt 0 view .LVU107
 346 001e 2546     		mov	r5, r4
 347 0020 55F8106B 		ldr	r6, [r5], #16
 193:Drivers/STM32F1xx_HAL_Driver/Src/stm32f1xx_hal_pcd.c ****   {
 348              		.loc 1 193 7 view .LVU108
 349 0024 EC46     		mov	ip, sp
 350 0026 0FCD     		ldmia	r5!, {r0, r1, r2, r3}
 351 0028 ACE80F00 		stmia	ip!, {r0, r1, r2, r3}
 352 002c 2B68     		ldr	r3, [r5]
 353 002e CCF80030 		str	r3, [ip]
 354 0032 231D     		adds	r3, r4, #4
 355 0034 0ECB     		ldm	r3, {r1, r2, r3}
 356 0036 3046     		mov	r0, r6
 357 0038 FFF7FEFF 		bl	USB_CoreInit
 358              	.LVL34:
 193:Drivers/STM32F1xx_HAL_Driver/Src/stm32f1xx_hal_pcd.c ****   {
 359              		.loc 1 193 6 discriminator 1 view .LVU109
 360 003c 0546     		mov	r5, r0
 361 003e 58B1     		cbz	r0, .L18
 195:Drivers/STM32F1xx_HAL_Driver/Src/stm32f1xx_hal_pcd.c ****     return HAL_ERROR;
 362              		.loc 1 195 5 is_stmt 1 view .LVU110
 195:Drivers/STM32F1xx_HAL_Driver/Src/stm32f1xx_hal_pcd.c ****     return HAL_ERROR;
 363              		.loc 1 195 17 is_stmt 0 view .LVU111
 364 0040 0223     		movs	r3, #2
 365 0042 84F8A932 		strb	r3, [r4, #681]
 196:Drivers/STM32F1xx_HAL_Driver/Src/stm32f1xx_hal_pcd.c ****   }
 366              		.loc 1 196 5 is_stmt 1 view .LVU112
 196:Drivers/STM32F1xx_HAL_Driver/Src/stm32f1xx_hal_pcd.c ****   }
 367              		.loc 1 196 12 is_stmt 0 view .LVU113
 368 0046 0125     		movs	r5, #1
 369              	.LVL35:
 370              	.L16:
 239:Drivers/STM32F1xx_HAL_Driver/Src/stm32f1xx_hal_pcd.c **** 
 371              		.loc 1 239 1 view .LVU114
 372 0048 2846     		mov	r0, r5
 373 004a 06B0     		add	sp, sp, #24
 374              	.LCFI3:
 375              		.cfi_remember_state
 376              		.cfi_def_cfa_offset 16
 377              		@ sp needed
 378 004c 70BD     		pop	{r4, r5, r6, pc}
 379              	.LVL36:
 380              	.L26:
 381              	.LCFI4:
 382              		.cfi_restore_state
 151:Drivers/STM32F1xx_HAL_Driver/Src/stm32f1xx_hal_pcd.c **** 
 383              		.loc 1 151 5 is_stmt 1 view .LVU115
 151:Drivers/STM32F1xx_HAL_Driver/Src/stm32f1xx_hal_pcd.c **** 
 384              		.loc 1 151 16 is_stmt 0 view .LVU116
 385 004e 80F8A832 		strb	r3, [r0, #680]
 175:Drivers/STM32F1xx_HAL_Driver/Src/stm32f1xx_hal_pcd.c **** #endif /* (USE_HAL_PCD_REGISTER_CALLBACKS) */
 386              		.loc 1 175 5 is_stmt 1 view .LVU117
 387 0052 FFF7FEFF 		bl	HAL_PCD_MspInit
ARM GAS  /tmp/ccdzNYOe.s 			page 51


 388              	.LVL37:
 175:Drivers/STM32F1xx_HAL_Driver/Src/stm32f1xx_hal_pcd.c **** #endif /* (USE_HAL_PCD_REGISTER_CALLBACKS) */
 389              		.loc 1 175 5 is_stmt 0 view .LVU118
 390 0056 DCE7     		b	.L17
 391              	.L18:
 200:Drivers/STM32F1xx_HAL_Driver/Src/stm32f1xx_hal_pcd.c **** 
 392              		.loc 1 200 3 is_stmt 1 view .LVU119
 200:Drivers/STM32F1xx_HAL_Driver/Src/stm32f1xx_hal_pcd.c **** 
 393              		.loc 1 200 9 is_stmt 0 view .LVU120
 394 0058 0021     		movs	r1, #0
 395 005a 2068     		ldr	r0, [r4]
 396 005c FFF7FEFF 		bl	USB_SetCurrentMode
 397              	.LVL38:
 203:Drivers/STM32F1xx_HAL_Driver/Src/stm32f1xx_hal_pcd.c ****   {
 398              		.loc 1 203 3 is_stmt 1 view .LVU121
 203:Drivers/STM32F1xx_HAL_Driver/Src/stm32f1xx_hal_pcd.c ****   {
 399              		.loc 1 203 10 is_stmt 0 view .LVU122
 400 0060 2B46     		mov	r3, r5
 203:Drivers/STM32F1xx_HAL_Driver/Src/stm32f1xx_hal_pcd.c ****   {
 401              		.loc 1 203 3 view .LVU123
 402 0062 1AE0     		b	.L19
 403              	.LVL39:
 404              	.L20:
 206:Drivers/STM32F1xx_HAL_Driver/Src/stm32f1xx_hal_pcd.c ****     hpcd->IN_ep[i].num = i;
 405              		.loc 1 206 5 is_stmt 1 view .LVU124
 206:Drivers/STM32F1xx_HAL_Driver/Src/stm32f1xx_hal_pcd.c ****     hpcd->IN_ep[i].num = i;
 406              		.loc 1 206 26 is_stmt 0 view .LVU125
 407 0064 5A1C     		adds	r2, r3, #1
 408 0066 02EB8201 		add	r1, r2, r2, lsl #2
 409 006a 04EBC101 		add	r1, r4, r1, lsl #3
 410 006e 0120     		movs	r0, #1
 411 0070 4870     		strb	r0, [r1, #1]
 207:Drivers/STM32F1xx_HAL_Driver/Src/stm32f1xx_hal_pcd.c ****     hpcd->IN_ep[i].tx_fifo_num = i;
 412              		.loc 1 207 5 is_stmt 1 view .LVU126
 207:Drivers/STM32F1xx_HAL_Driver/Src/stm32f1xx_hal_pcd.c ****     hpcd->IN_ep[i].tx_fifo_num = i;
 413              		.loc 1 207 24 is_stmt 0 view .LVU127
 414 0072 02EB8201 		add	r1, r2, r2, lsl #2
 415 0076 04F83130 		strb	r3, [r4, r1, lsl #3]
 208:Drivers/STM32F1xx_HAL_Driver/Src/stm32f1xx_hal_pcd.c ****     /* Control until ep is activated */
 416              		.loc 1 208 5 is_stmt 1 view .LVU128
 208:Drivers/STM32F1xx_HAL_Driver/Src/stm32f1xx_hal_pcd.c ****     /* Control until ep is activated */
 417              		.loc 1 208 32 is_stmt 0 view .LVU129
 418 007a 03EB8301 		add	r1, r3, r3, lsl #2
 419 007e 04EBC101 		add	r1, r4, r1, lsl #3
 420 0082 CB86     		strh	r3, [r1, #54]	@ movhi
 210:Drivers/STM32F1xx_HAL_Driver/Src/stm32f1xx_hal_pcd.c ****     hpcd->IN_ep[i].maxpacket = 0U;
 421              		.loc 1 210 5 is_stmt 1 view .LVU130
 210:Drivers/STM32F1xx_HAL_Driver/Src/stm32f1xx_hal_pcd.c ****     hpcd->IN_ep[i].maxpacket = 0U;
 422              		.loc 1 210 25 is_stmt 0 view .LVU131
 423 0084 02EB820C 		add	ip, r2, r2, lsl #2
 424 0088 04EBCC0C 		add	ip, r4, ip, lsl #3
 425 008c 0020     		movs	r0, #0
 426 008e 8CF80300 		strb	r0, [ip, #3]
 211:Drivers/STM32F1xx_HAL_Driver/Src/stm32f1xx_hal_pcd.c ****     hpcd->IN_ep[i].xfer_buff = 0U;
 427              		.loc 1 211 5 is_stmt 1 view .LVU132
 211:Drivers/STM32F1xx_HAL_Driver/Src/stm32f1xx_hal_pcd.c ****     hpcd->IN_ep[i].xfer_buff = 0U;
 428              		.loc 1 211 30 is_stmt 0 view .LVU133
ARM GAS  /tmp/ccdzNYOe.s 			page 52


 429 0092 8863     		str	r0, [r1, #56]
 212:Drivers/STM32F1xx_HAL_Driver/Src/stm32f1xx_hal_pcd.c ****     hpcd->IN_ep[i].xfer_len = 0U;
 430              		.loc 1 212 5 is_stmt 1 view .LVU134
 212:Drivers/STM32F1xx_HAL_Driver/Src/stm32f1xx_hal_pcd.c ****     hpcd->IN_ep[i].xfer_len = 0U;
 431              		.loc 1 212 30 is_stmt 0 view .LVU135
 432 0094 C863     		str	r0, [r1, #60]
 213:Drivers/STM32F1xx_HAL_Driver/Src/stm32f1xx_hal_pcd.c ****   }
 433              		.loc 1 213 5 is_stmt 1 view .LVU136
 213:Drivers/STM32F1xx_HAL_Driver/Src/stm32f1xx_hal_pcd.c ****   }
 434              		.loc 1 213 29 is_stmt 0 view .LVU137
 435 0096 0864     		str	r0, [r1, #64]
 203:Drivers/STM32F1xx_HAL_Driver/Src/stm32f1xx_hal_pcd.c ****   {
 436              		.loc 1 203 47 is_stmt 1 discriminator 3 view .LVU138
 437 0098 D3B2     		uxtb	r3, r2
 438              	.LVL40:
 439              	.L19:
 203:Drivers/STM32F1xx_HAL_Driver/Src/stm32f1xx_hal_pcd.c ****   {
 440              		.loc 1 203 18 discriminator 1 view .LVU139
 203:Drivers/STM32F1xx_HAL_Driver/Src/stm32f1xx_hal_pcd.c ****   {
 441              		.loc 1 203 30 is_stmt 0 discriminator 1 view .LVU140
 442 009a 6168     		ldr	r1, [r4, #4]
 203:Drivers/STM32F1xx_HAL_Driver/Src/stm32f1xx_hal_pcd.c ****   {
 443              		.loc 1 203 18 discriminator 1 view .LVU141
 444 009c 8B42     		cmp	r3, r1
 445 009e E1D3     		bcc	.L20
 446 00a0 16E0     		b	.L21
 447              	.LVL41:
 448              	.L22:
 218:Drivers/STM32F1xx_HAL_Driver/Src/stm32f1xx_hal_pcd.c ****     hpcd->OUT_ep[i].num = i;
 449              		.loc 1 218 5 is_stmt 1 view .LVU142
 218:Drivers/STM32F1xx_HAL_Driver/Src/stm32f1xx_hal_pcd.c ****     hpcd->OUT_ep[i].num = i;
 450              		.loc 1 218 27 is_stmt 0 view .LVU143
 451 00a2 05EB8503 		add	r3, r5, r5, lsl #2
 452 00a6 04EBC303 		add	r3, r4, r3, lsl #3
 453 00aa 0022     		movs	r2, #0
 454 00ac 83F86921 		strb	r2, [r3, #361]
 219:Drivers/STM32F1xx_HAL_Driver/Src/stm32f1xx_hal_pcd.c ****     /* Control until ep is activated */
 455              		.loc 1 219 5 is_stmt 1 view .LVU144
 219:Drivers/STM32F1xx_HAL_Driver/Src/stm32f1xx_hal_pcd.c ****     /* Control until ep is activated */
 456              		.loc 1 219 25 is_stmt 0 view .LVU145
 457 00b0 83F86851 		strb	r5, [r3, #360]
 221:Drivers/STM32F1xx_HAL_Driver/Src/stm32f1xx_hal_pcd.c ****     hpcd->OUT_ep[i].maxpacket = 0U;
 458              		.loc 1 221 5 is_stmt 1 view .LVU146
 221:Drivers/STM32F1xx_HAL_Driver/Src/stm32f1xx_hal_pcd.c ****     hpcd->OUT_ep[i].maxpacket = 0U;
 459              		.loc 1 221 26 is_stmt 0 view .LVU147
 460 00b4 83F86B21 		strb	r2, [r3, #363]
 222:Drivers/STM32F1xx_HAL_Driver/Src/stm32f1xx_hal_pcd.c ****     hpcd->OUT_ep[i].xfer_buff = 0U;
 461              		.loc 1 222 5 is_stmt 1 view .LVU148
 222:Drivers/STM32F1xx_HAL_Driver/Src/stm32f1xx_hal_pcd.c ****     hpcd->OUT_ep[i].xfer_buff = 0U;
 462              		.loc 1 222 31 is_stmt 0 view .LVU149
 463 00b8 C3F87821 		str	r2, [r3, #376]
 223:Drivers/STM32F1xx_HAL_Driver/Src/stm32f1xx_hal_pcd.c ****     hpcd->OUT_ep[i].xfer_len = 0U;
 464              		.loc 1 223 5 is_stmt 1 view .LVU150
 223:Drivers/STM32F1xx_HAL_Driver/Src/stm32f1xx_hal_pcd.c ****     hpcd->OUT_ep[i].xfer_len = 0U;
 465              		.loc 1 223 31 is_stmt 0 view .LVU151
 466 00bc C3F87C21 		str	r2, [r3, #380]
 224:Drivers/STM32F1xx_HAL_Driver/Src/stm32f1xx_hal_pcd.c ****   }
ARM GAS  /tmp/ccdzNYOe.s 			page 53


 467              		.loc 1 224 5 is_stmt 1 view .LVU152
 224:Drivers/STM32F1xx_HAL_Driver/Src/stm32f1xx_hal_pcd.c ****   }
 468              		.loc 1 224 30 is_stmt 0 view .LVU153
 469 00c0 05EB8503 		add	r3, r5, r5, lsl #2
 470 00c4 04EBC303 		add	r3, r4, r3, lsl #3
 471 00c8 C3F88021 		str	r2, [r3, #384]
 216:Drivers/STM32F1xx_HAL_Driver/Src/stm32f1xx_hal_pcd.c ****   {
 472              		.loc 1 216 47 is_stmt 1 discriminator 3 view .LVU154
 473 00cc 0135     		adds	r5, r5, #1
 474              	.LVL42:
 216:Drivers/STM32F1xx_HAL_Driver/Src/stm32f1xx_hal_pcd.c ****   {
 475              		.loc 1 216 47 is_stmt 0 discriminator 3 view .LVU155
 476 00ce EDB2     		uxtb	r5, r5
 477              	.LVL43:
 478              	.L21:
 216:Drivers/STM32F1xx_HAL_Driver/Src/stm32f1xx_hal_pcd.c ****   {
 479              		.loc 1 216 18 is_stmt 1 discriminator 1 view .LVU156
 480 00d0 A942     		cmp	r1, r5
 481 00d2 E6D8     		bhi	.L22
 228:Drivers/STM32F1xx_HAL_Driver/Src/stm32f1xx_hal_pcd.c ****   {
 482              		.loc 1 228 3 view .LVU157
 228:Drivers/STM32F1xx_HAL_Driver/Src/stm32f1xx_hal_pcd.c ****   {
 483              		.loc 1 228 23 is_stmt 0 view .LVU158
 484 00d4 2546     		mov	r5, r4
 485              	.LVL44:
 228:Drivers/STM32F1xx_HAL_Driver/Src/stm32f1xx_hal_pcd.c ****   {
 486              		.loc 1 228 23 view .LVU159
 487 00d6 55F8106B 		ldr	r6, [r5], #16
 228:Drivers/STM32F1xx_HAL_Driver/Src/stm32f1xx_hal_pcd.c ****   {
 488              		.loc 1 228 7 view .LVU160
 489 00da EC46     		mov	ip, sp
 490 00dc 0FCD     		ldmia	r5!, {r0, r1, r2, r3}
 491 00de ACE80F00 		stmia	ip!, {r0, r1, r2, r3}
 492 00e2 2B68     		ldr	r3, [r5]
 493 00e4 CCF80030 		str	r3, [ip]
 494 00e8 231D     		adds	r3, r4, #4
 495 00ea 0ECB     		ldm	r3, {r1, r2, r3}
 496 00ec 3046     		mov	r0, r6
 497 00ee FFF7FEFF 		bl	USB_DevInit
 498              	.LVL45:
 228:Drivers/STM32F1xx_HAL_Driver/Src/stm32f1xx_hal_pcd.c ****   {
 499              		.loc 1 228 6 discriminator 1 view .LVU161
 500 00f2 0546     		mov	r5, r0
 501 00f4 20B1     		cbz	r0, .L23
 230:Drivers/STM32F1xx_HAL_Driver/Src/stm32f1xx_hal_pcd.c ****     return HAL_ERROR;
 502              		.loc 1 230 5 is_stmt 1 view .LVU162
 230:Drivers/STM32F1xx_HAL_Driver/Src/stm32f1xx_hal_pcd.c ****     return HAL_ERROR;
 503              		.loc 1 230 17 is_stmt 0 view .LVU163
 504 00f6 0223     		movs	r3, #2
 505 00f8 84F8A932 		strb	r3, [r4, #681]
 231:Drivers/STM32F1xx_HAL_Driver/Src/stm32f1xx_hal_pcd.c ****   }
 506              		.loc 1 231 5 is_stmt 1 view .LVU164
 231:Drivers/STM32F1xx_HAL_Driver/Src/stm32f1xx_hal_pcd.c ****   }
 507              		.loc 1 231 12 is_stmt 0 view .LVU165
 508 00fc 0125     		movs	r5, #1
 509 00fe A3E7     		b	.L16
 510              	.L23:
ARM GAS  /tmp/ccdzNYOe.s 			page 54


 234:Drivers/STM32F1xx_HAL_Driver/Src/stm32f1xx_hal_pcd.c ****   hpcd->State = HAL_PCD_STATE_READY;
 511              		.loc 1 234 3 is_stmt 1 view .LVU166
 234:Drivers/STM32F1xx_HAL_Driver/Src/stm32f1xx_hal_pcd.c ****   hpcd->State = HAL_PCD_STATE_READY;
 512              		.loc 1 234 21 is_stmt 0 view .LVU167
 513 0100 0023     		movs	r3, #0
 514 0102 84F82430 		strb	r3, [r4, #36]
 235:Drivers/STM32F1xx_HAL_Driver/Src/stm32f1xx_hal_pcd.c ****   (void)USB_DevDisconnect(hpcd->Instance);
 515              		.loc 1 235 3 is_stmt 1 view .LVU168
 235:Drivers/STM32F1xx_HAL_Driver/Src/stm32f1xx_hal_pcd.c ****   (void)USB_DevDisconnect(hpcd->Instance);
 516              		.loc 1 235 15 is_stmt 0 view .LVU169
 517 0106 0123     		movs	r3, #1
 518 0108 84F8A932 		strb	r3, [r4, #681]
 236:Drivers/STM32F1xx_HAL_Driver/Src/stm32f1xx_hal_pcd.c **** 
 519              		.loc 1 236 3 is_stmt 1 view .LVU170
 236:Drivers/STM32F1xx_HAL_Driver/Src/stm32f1xx_hal_pcd.c **** 
 520              		.loc 1 236 9 is_stmt 0 view .LVU171
 521 010c 2068     		ldr	r0, [r4]
 522 010e FFF7FEFF 		bl	USB_DevDisconnect
 523              	.LVL46:
 238:Drivers/STM32F1xx_HAL_Driver/Src/stm32f1xx_hal_pcd.c **** }
 524              		.loc 1 238 3 is_stmt 1 view .LVU172
 238:Drivers/STM32F1xx_HAL_Driver/Src/stm32f1xx_hal_pcd.c **** }
 525              		.loc 1 238 10 is_stmt 0 view .LVU173
 526 0112 99E7     		b	.L16
 527              	.LVL47:
 528              	.L24:
 138:Drivers/STM32F1xx_HAL_Driver/Src/stm32f1xx_hal_pcd.c ****   }
 529              		.loc 1 138 12 view .LVU174
 530 0114 0125     		movs	r5, #1
 531 0116 97E7     		b	.L16
 532              		.cfi_endproc
 533              	.LFE65:
 535              		.section	.text.HAL_PCD_MspDeInit,"ax",%progbits
 536              		.align	1
 537              		.weak	HAL_PCD_MspDeInit
 538              		.syntax unified
 539              		.thumb
 540              		.thumb_func
 542              	HAL_PCD_MspDeInit:
 543              	.LVL48:
 544              	.LFB68:
 301:Drivers/STM32F1xx_HAL_Driver/Src/stm32f1xx_hal_pcd.c ****   /* Prevent unused argument(s) compilation warning */
 545              		.loc 1 301 1 is_stmt 1 view -0
 546              		.cfi_startproc
 547              		@ args = 0, pretend = 0, frame = 0
 548              		@ frame_needed = 0, uses_anonymous_args = 0
 549              		@ link register save eliminated.
 303:Drivers/STM32F1xx_HAL_Driver/Src/stm32f1xx_hal_pcd.c **** 
 550              		.loc 1 303 3 view .LVU176
 308:Drivers/STM32F1xx_HAL_Driver/Src/stm32f1xx_hal_pcd.c **** 
 551              		.loc 1 308 1 is_stmt 0 view .LVU177
 552 0000 7047     		bx	lr
 553              		.cfi_endproc
 554              	.LFE68:
 556              		.section	.text.HAL_PCD_DeInit,"ax",%progbits
 557              		.align	1
 558              		.global	HAL_PCD_DeInit
ARM GAS  /tmp/ccdzNYOe.s 			page 55


 559              		.syntax unified
 560              		.thumb
 561              		.thumb_func
 563              	HAL_PCD_DeInit:
 564              	.LVL49:
 565              	.LFB66:
 247:Drivers/STM32F1xx_HAL_Driver/Src/stm32f1xx_hal_pcd.c ****   /* Check the PCD handle allocation */
 566              		.loc 1 247 1 is_stmt 1 view -0
 567              		.cfi_startproc
 568              		@ args = 0, pretend = 0, frame = 0
 569              		@ frame_needed = 0, uses_anonymous_args = 0
 247:Drivers/STM32F1xx_HAL_Driver/Src/stm32f1xx_hal_pcd.c ****   /* Check the PCD handle allocation */
 570              		.loc 1 247 1 is_stmt 0 view .LVU179
 571 0000 38B5     		push	{r3, r4, r5, lr}
 572              	.LCFI5:
 573              		.cfi_def_cfa_offset 16
 574              		.cfi_offset 3, -16
 575              		.cfi_offset 4, -12
 576              		.cfi_offset 5, -8
 577              		.cfi_offset 14, -4
 249:Drivers/STM32F1xx_HAL_Driver/Src/stm32f1xx_hal_pcd.c ****   {
 578              		.loc 1 249 3 is_stmt 1 view .LVU180
 249:Drivers/STM32F1xx_HAL_Driver/Src/stm32f1xx_hal_pcd.c ****   {
 579              		.loc 1 249 6 is_stmt 0 view .LVU181
 580 0002 90B1     		cbz	r0, .L30
 581 0004 0446     		mov	r4, r0
 254:Drivers/STM32F1xx_HAL_Driver/Src/stm32f1xx_hal_pcd.c **** 
 582              		.loc 1 254 3 is_stmt 1 view .LVU182
 254:Drivers/STM32F1xx_HAL_Driver/Src/stm32f1xx_hal_pcd.c **** 
 583              		.loc 1 254 15 is_stmt 0 view .LVU183
 584 0006 0323     		movs	r3, #3
 585 0008 80F8A932 		strb	r3, [r0, #681]
 257:Drivers/STM32F1xx_HAL_Driver/Src/stm32f1xx_hal_pcd.c ****   {
 586              		.loc 1 257 3 is_stmt 1 view .LVU184
 257:Drivers/STM32F1xx_HAL_Driver/Src/stm32f1xx_hal_pcd.c ****   {
 587              		.loc 1 257 7 is_stmt 0 view .LVU185
 588 000c 0068     		ldr	r0, [r0]
 589              	.LVL50:
 257:Drivers/STM32F1xx_HAL_Driver/Src/stm32f1xx_hal_pcd.c ****   {
 590              		.loc 1 257 7 view .LVU186
 591 000e FFF7FEFF 		bl	USB_StopDevice
 592              	.LVL51:
 257:Drivers/STM32F1xx_HAL_Driver/Src/stm32f1xx_hal_pcd.c ****   {
 593              		.loc 1 257 6 discriminator 1 view .LVU187
 594 0012 0546     		mov	r5, r0
 595 0014 10B1     		cbz	r0, .L33
 259:Drivers/STM32F1xx_HAL_Driver/Src/stm32f1xx_hal_pcd.c ****   }
 596              		.loc 1 259 12 view .LVU188
 597 0016 0125     		movs	r5, #1
 598              	.LVL52:
 599              	.L29:
 278:Drivers/STM32F1xx_HAL_Driver/Src/stm32f1xx_hal_pcd.c **** 
 600              		.loc 1 278 1 view .LVU189
 601 0018 2846     		mov	r0, r5
 602 001a 38BD     		pop	{r3, r4, r5, pc}
 603              	.LVL53:
 604              	.L33:
ARM GAS  /tmp/ccdzNYOe.s 			page 56


 272:Drivers/STM32F1xx_HAL_Driver/Src/stm32f1xx_hal_pcd.c **** #endif /* USE_HAL_PCD_REGISTER_CALLBACKS */
 605              		.loc 1 272 3 is_stmt 1 view .LVU190
 606 001c 2046     		mov	r0, r4
 607 001e FFF7FEFF 		bl	HAL_PCD_MspDeInit
 608              	.LVL54:
 275:Drivers/STM32F1xx_HAL_Driver/Src/stm32f1xx_hal_pcd.c **** 
 609              		.loc 1 275 3 view .LVU191
 275:Drivers/STM32F1xx_HAL_Driver/Src/stm32f1xx_hal_pcd.c **** 
 610              		.loc 1 275 15 is_stmt 0 view .LVU192
 611 0022 0023     		movs	r3, #0
 612 0024 84F8A932 		strb	r3, [r4, #681]
 277:Drivers/STM32F1xx_HAL_Driver/Src/stm32f1xx_hal_pcd.c **** }
 613              		.loc 1 277 3 is_stmt 1 view .LVU193
 277:Drivers/STM32F1xx_HAL_Driver/Src/stm32f1xx_hal_pcd.c **** }
 614              		.loc 1 277 10 is_stmt 0 view .LVU194
 615 0028 F6E7     		b	.L29
 616              	.LVL55:
 617              	.L30:
 251:Drivers/STM32F1xx_HAL_Driver/Src/stm32f1xx_hal_pcd.c ****   }
 618              		.loc 1 251 12 view .LVU195
 619 002a 0125     		movs	r5, #1
 620 002c F4E7     		b	.L29
 621              		.cfi_endproc
 622              	.LFE66:
 624              		.section	.text.HAL_PCD_Start,"ax",%progbits
 625              		.align	1
 626              		.global	HAL_PCD_Start
 627              		.syntax unified
 628              		.thumb
 629              		.thumb_func
 631              	HAL_PCD_Start:
 632              	.LVL56:
 633              	.LFB69:
 859:Drivers/STM32F1xx_HAL_Driver/Src/stm32f1xx_hal_pcd.c ****   __HAL_LOCK(hpcd);
 634              		.loc 1 859 1 is_stmt 1 view -0
 635              		.cfi_startproc
 636              		@ args = 0, pretend = 0, frame = 0
 637              		@ frame_needed = 0, uses_anonymous_args = 0
 859:Drivers/STM32F1xx_HAL_Driver/Src/stm32f1xx_hal_pcd.c ****   __HAL_LOCK(hpcd);
 638              		.loc 1 859 1 is_stmt 0 view .LVU197
 639 0000 38B5     		push	{r3, r4, r5, lr}
 640              	.LCFI6:
 641              		.cfi_def_cfa_offset 16
 642              		.cfi_offset 3, -16
 643              		.cfi_offset 4, -12
 644              		.cfi_offset 5, -8
 645              		.cfi_offset 14, -4
 860:Drivers/STM32F1xx_HAL_Driver/Src/stm32f1xx_hal_pcd.c ****   __HAL_PCD_ENABLE(hpcd);
 646              		.loc 1 860 3 is_stmt 1 view .LVU198
 860:Drivers/STM32F1xx_HAL_Driver/Src/stm32f1xx_hal_pcd.c ****   __HAL_PCD_ENABLE(hpcd);
 647              		.loc 1 860 3 view .LVU199
 648 0002 90F8A832 		ldrb	r3, [r0, #680]	@ zero_extendqisi2
 649 0006 012B     		cmp	r3, #1
 650 0008 11D0     		beq	.L36
 651 000a 0446     		mov	r4, r0
 860:Drivers/STM32F1xx_HAL_Driver/Src/stm32f1xx_hal_pcd.c ****   __HAL_PCD_ENABLE(hpcd);
 652              		.loc 1 860 3 discriminator 2 view .LVU200
ARM GAS  /tmp/ccdzNYOe.s 			page 57


 653 000c 0125     		movs	r5, #1
 654 000e 80F8A852 		strb	r5, [r0, #680]
 860:Drivers/STM32F1xx_HAL_Driver/Src/stm32f1xx_hal_pcd.c ****   __HAL_PCD_ENABLE(hpcd);
 655              		.loc 1 860 3 view .LVU201
 861:Drivers/STM32F1xx_HAL_Driver/Src/stm32f1xx_hal_pcd.c **** 
 656              		.loc 1 861 3 view .LVU202
 657 0012 0068     		ldr	r0, [r0]
 658              	.LVL57:
 861:Drivers/STM32F1xx_HAL_Driver/Src/stm32f1xx_hal_pcd.c **** 
 659              		.loc 1 861 3 is_stmt 0 view .LVU203
 660 0014 FFF7FEFF 		bl	USB_EnableGlobalInt
 661              	.LVL58:
 864:Drivers/STM32F1xx_HAL_Driver/Src/stm32f1xx_hal_pcd.c **** #endif /* defined (USB) */
 662              		.loc 1 864 3 is_stmt 1 view .LVU204
 663 0018 2946     		mov	r1, r5
 664 001a 2046     		mov	r0, r4
 665 001c FFF7FEFF 		bl	HAL_PCDEx_SetConnectionState
 666              	.LVL59:
 867:Drivers/STM32F1xx_HAL_Driver/Src/stm32f1xx_hal_pcd.c ****   __HAL_UNLOCK(hpcd);
 667              		.loc 1 867 3 view .LVU205
 867:Drivers/STM32F1xx_HAL_Driver/Src/stm32f1xx_hal_pcd.c ****   __HAL_UNLOCK(hpcd);
 668              		.loc 1 867 9 is_stmt 0 view .LVU206
 669 0020 2068     		ldr	r0, [r4]
 670 0022 FFF7FEFF 		bl	USB_DevConnect
 671              	.LVL60:
 868:Drivers/STM32F1xx_HAL_Driver/Src/stm32f1xx_hal_pcd.c **** 
 672              		.loc 1 868 3 is_stmt 1 view .LVU207
 868:Drivers/STM32F1xx_HAL_Driver/Src/stm32f1xx_hal_pcd.c **** 
 673              		.loc 1 868 3 view .LVU208
 674 0026 0020     		movs	r0, #0
 675 0028 84F8A802 		strb	r0, [r4, #680]
 868:Drivers/STM32F1xx_HAL_Driver/Src/stm32f1xx_hal_pcd.c **** 
 676              		.loc 1 868 3 view .LVU209
 870:Drivers/STM32F1xx_HAL_Driver/Src/stm32f1xx_hal_pcd.c **** }
 677              		.loc 1 870 3 view .LVU210
 678              	.LVL61:
 679              	.L35:
 871:Drivers/STM32F1xx_HAL_Driver/Src/stm32f1xx_hal_pcd.c **** 
 680              		.loc 1 871 1 is_stmt 0 view .LVU211
 681 002c 38BD     		pop	{r3, r4, r5, pc}
 682              	.LVL62:
 683              	.L36:
 860:Drivers/STM32F1xx_HAL_Driver/Src/stm32f1xx_hal_pcd.c ****   __HAL_PCD_ENABLE(hpcd);
 684              		.loc 1 860 3 discriminator 1 view .LVU212
 685 002e 0220     		movs	r0, #2
 686              	.LVL63:
 860:Drivers/STM32F1xx_HAL_Driver/Src/stm32f1xx_hal_pcd.c ****   __HAL_PCD_ENABLE(hpcd);
 687              		.loc 1 860 3 discriminator 1 view .LVU213
 688 0030 FCE7     		b	.L35
 689              		.cfi_endproc
 690              	.LFE69:
 692              		.section	.text.HAL_PCD_Stop,"ax",%progbits
 693              		.align	1
 694              		.global	HAL_PCD_Stop
 695              		.syntax unified
 696              		.thumb
 697              		.thumb_func
ARM GAS  /tmp/ccdzNYOe.s 			page 58


 699              	HAL_PCD_Stop:
 700              	.LVL64:
 701              	.LFB70:
 879:Drivers/STM32F1xx_HAL_Driver/Src/stm32f1xx_hal_pcd.c ****   __HAL_LOCK(hpcd);
 702              		.loc 1 879 1 is_stmt 1 view -0
 703              		.cfi_startproc
 704              		@ args = 0, pretend = 0, frame = 0
 705              		@ frame_needed = 0, uses_anonymous_args = 0
 880:Drivers/STM32F1xx_HAL_Driver/Src/stm32f1xx_hal_pcd.c ****   __HAL_PCD_DISABLE(hpcd);
 706              		.loc 1 880 3 view .LVU215
 880:Drivers/STM32F1xx_HAL_Driver/Src/stm32f1xx_hal_pcd.c ****   __HAL_PCD_DISABLE(hpcd);
 707              		.loc 1 880 3 view .LVU216
 708 0000 90F8A832 		ldrb	r3, [r0, #680]	@ zero_extendqisi2
 709 0004 012B     		cmp	r3, #1
 710 0006 12D0     		beq	.L40
 879:Drivers/STM32F1xx_HAL_Driver/Src/stm32f1xx_hal_pcd.c ****   __HAL_LOCK(hpcd);
 711              		.loc 1 879 1 is_stmt 0 view .LVU217
 712 0008 10B5     		push	{r4, lr}
 713              	.LCFI7:
 714              		.cfi_def_cfa_offset 8
 715              		.cfi_offset 4, -8
 716              		.cfi_offset 14, -4
 717 000a 0446     		mov	r4, r0
 880:Drivers/STM32F1xx_HAL_Driver/Src/stm32f1xx_hal_pcd.c ****   __HAL_PCD_DISABLE(hpcd);
 718              		.loc 1 880 3 is_stmt 1 discriminator 2 view .LVU218
 719 000c 0123     		movs	r3, #1
 720 000e 80F8A832 		strb	r3, [r0, #680]
 880:Drivers/STM32F1xx_HAL_Driver/Src/stm32f1xx_hal_pcd.c ****   __HAL_PCD_DISABLE(hpcd);
 721              		.loc 1 880 3 view .LVU219
 881:Drivers/STM32F1xx_HAL_Driver/Src/stm32f1xx_hal_pcd.c **** 
 722              		.loc 1 881 3 view .LVU220
 723 0012 0068     		ldr	r0, [r0]
 724              	.LVL65:
 881:Drivers/STM32F1xx_HAL_Driver/Src/stm32f1xx_hal_pcd.c **** 
 725              		.loc 1 881 3 is_stmt 0 view .LVU221
 726 0014 FFF7FEFF 		bl	USB_DisableGlobalInt
 727              	.LVL66:
 884:Drivers/STM32F1xx_HAL_Driver/Src/stm32f1xx_hal_pcd.c **** #endif /* defined (USB) */
 728              		.loc 1 884 3 is_stmt 1 view .LVU222
 729 0018 0021     		movs	r1, #0
 730 001a 2046     		mov	r0, r4
 731 001c FFF7FEFF 		bl	HAL_PCDEx_SetConnectionState
 732              	.LVL67:
 887:Drivers/STM32F1xx_HAL_Driver/Src/stm32f1xx_hal_pcd.c **** 
 733              		.loc 1 887 3 view .LVU223
 887:Drivers/STM32F1xx_HAL_Driver/Src/stm32f1xx_hal_pcd.c **** 
 734              		.loc 1 887 9 is_stmt 0 view .LVU224
 735 0020 2068     		ldr	r0, [r4]
 736 0022 FFF7FEFF 		bl	USB_DevDisconnect
 737              	.LVL68:
 893:Drivers/STM32F1xx_HAL_Driver/Src/stm32f1xx_hal_pcd.c **** 
 738              		.loc 1 893 3 is_stmt 1 view .LVU225
 893:Drivers/STM32F1xx_HAL_Driver/Src/stm32f1xx_hal_pcd.c **** 
 739              		.loc 1 893 3 view .LVU226
 740 0026 0020     		movs	r0, #0
 741 0028 84F8A802 		strb	r0, [r4, #680]
 893:Drivers/STM32F1xx_HAL_Driver/Src/stm32f1xx_hal_pcd.c **** 
ARM GAS  /tmp/ccdzNYOe.s 			page 59


 742              		.loc 1 893 3 view .LVU227
 895:Drivers/STM32F1xx_HAL_Driver/Src/stm32f1xx_hal_pcd.c **** }
 743              		.loc 1 895 3 view .LVU228
 896:Drivers/STM32F1xx_HAL_Driver/Src/stm32f1xx_hal_pcd.c **** 
 744              		.loc 1 896 1 is_stmt 0 view .LVU229
 745 002c 10BD     		pop	{r4, pc}
 746              	.LVL69:
 747              	.L40:
 748              	.LCFI8:
 749              		.cfi_def_cfa_offset 0
 750              		.cfi_restore 4
 751              		.cfi_restore 14
 880:Drivers/STM32F1xx_HAL_Driver/Src/stm32f1xx_hal_pcd.c ****   __HAL_PCD_DISABLE(hpcd);
 752              		.loc 1 880 3 discriminator 1 view .LVU230
 753 002e 0220     		movs	r0, #2
 754              	.LVL70:
 896:Drivers/STM32F1xx_HAL_Driver/Src/stm32f1xx_hal_pcd.c **** 
 755              		.loc 1 896 1 view .LVU231
 756 0030 7047     		bx	lr
 757              		.cfi_endproc
 758              	.LFE70:
 760              		.section	.text.HAL_PCD_WKUP_IRQHandler,"ax",%progbits
 761              		.align	1
 762              		.global	HAL_PCD_WKUP_IRQHandler
 763              		.syntax unified
 764              		.thumb
 765              		.thumb_func
 767              	HAL_PCD_WKUP_IRQHandler:
 768              	.LVL71:
 769              	.LFB72:
1372:Drivers/STM32F1xx_HAL_Driver/Src/stm32f1xx_hal_pcd.c ****   /* Clear EXTI pending Bit */
 770              		.loc 1 1372 1 is_stmt 1 view -0
 771              		.cfi_startproc
 772              		@ args = 0, pretend = 0, frame = 0
 773              		@ frame_needed = 0, uses_anonymous_args = 0
 774              		@ link register save eliminated.
1374:Drivers/STM32F1xx_HAL_Driver/Src/stm32f1xx_hal_pcd.c **** }
 775              		.loc 1 1374 3 view .LVU233
 776 0000 024B     		ldr	r3, .L46
 777 0002 4FF48022 		mov	r2, #262144
 778 0006 5A61     		str	r2, [r3, #20]
1375:Drivers/STM32F1xx_HAL_Driver/Src/stm32f1xx_hal_pcd.c **** #endif /* defined (USB) */
 779              		.loc 1 1375 1 is_stmt 0 view .LVU234
 780 0008 7047     		bx	lr
 781              	.L47:
 782 000a 00BF     		.align	2
 783              	.L46:
 784 000c 00040140 		.word	1073808384
 785              		.cfi_endproc
 786              	.LFE72:
 788              		.section	.text.HAL_PCD_DataOutStageCallback,"ax",%progbits
 789              		.align	1
 790              		.weak	HAL_PCD_DataOutStageCallback
 791              		.syntax unified
 792              		.thumb
 793              		.thumb_func
 795              	HAL_PCD_DataOutStageCallback:
ARM GAS  /tmp/ccdzNYOe.s 			page 60


 796              	.LVL72:
 797              	.LFB73:
1385:Drivers/STM32F1xx_HAL_Driver/Src/stm32f1xx_hal_pcd.c ****   /* Prevent unused argument(s) compilation warning */
 798              		.loc 1 1385 1 is_stmt 1 view -0
 799              		.cfi_startproc
 800              		@ args = 0, pretend = 0, frame = 0
 801              		@ frame_needed = 0, uses_anonymous_args = 0
 802              		@ link register save eliminated.
1387:Drivers/STM32F1xx_HAL_Driver/Src/stm32f1xx_hal_pcd.c ****   UNUSED(epnum);
 803              		.loc 1 1387 3 view .LVU236
1388:Drivers/STM32F1xx_HAL_Driver/Src/stm32f1xx_hal_pcd.c **** 
 804              		.loc 1 1388 3 view .LVU237
1393:Drivers/STM32F1xx_HAL_Driver/Src/stm32f1xx_hal_pcd.c **** 
 805              		.loc 1 1393 1 is_stmt 0 view .LVU238
 806 0000 7047     		bx	lr
 807              		.cfi_endproc
 808              	.LFE73:
 810              		.section	.text.HAL_PCD_DataInStageCallback,"ax",%progbits
 811              		.align	1
 812              		.weak	HAL_PCD_DataInStageCallback
 813              		.syntax unified
 814              		.thumb
 815              		.thumb_func
 817              	HAL_PCD_DataInStageCallback:
 818              	.LVL73:
 819              	.LFB74:
1402:Drivers/STM32F1xx_HAL_Driver/Src/stm32f1xx_hal_pcd.c ****   /* Prevent unused argument(s) compilation warning */
 820              		.loc 1 1402 1 is_stmt 1 view -0
 821              		.cfi_startproc
 822              		@ args = 0, pretend = 0, frame = 0
 823              		@ frame_needed = 0, uses_anonymous_args = 0
 824              		@ link register save eliminated.
1404:Drivers/STM32F1xx_HAL_Driver/Src/stm32f1xx_hal_pcd.c ****   UNUSED(epnum);
 825              		.loc 1 1404 3 view .LVU240
1405:Drivers/STM32F1xx_HAL_Driver/Src/stm32f1xx_hal_pcd.c **** 
 826              		.loc 1 1405 3 view .LVU241
1410:Drivers/STM32F1xx_HAL_Driver/Src/stm32f1xx_hal_pcd.c **** /**
 827              		.loc 1 1410 1 is_stmt 0 view .LVU242
 828 0000 7047     		bx	lr
 829              		.cfi_endproc
 830              	.LFE74:
 832              		.section	.text.HAL_PCD_EP_DB_Transmit,"ax",%progbits
 833              		.align	1
 834              		.syntax unified
 835              		.thumb
 836              		.thumb_func
 838              	HAL_PCD_EP_DB_Transmit:
 839              	.LVL74:
 840              	.LFB100:
2395:Drivers/STM32F1xx_HAL_Driver/Src/stm32f1xx_hal_pcd.c **** 
2396:Drivers/STM32F1xx_HAL_Driver/Src/stm32f1xx_hal_pcd.c **** 
2397:Drivers/STM32F1xx_HAL_Driver/Src/stm32f1xx_hal_pcd.c **** /**
2398:Drivers/STM32F1xx_HAL_Driver/Src/stm32f1xx_hal_pcd.c ****   * @brief  Manage double buffer bulk IN transaction from ISR
2399:Drivers/STM32F1xx_HAL_Driver/Src/stm32f1xx_hal_pcd.c ****   * @param  hpcd PCD handle
2400:Drivers/STM32F1xx_HAL_Driver/Src/stm32f1xx_hal_pcd.c ****   * @param  ep current endpoint handle
2401:Drivers/STM32F1xx_HAL_Driver/Src/stm32f1xx_hal_pcd.c ****   * @param  wEPVal Last snapshot of EPRx register value taken in ISR
2402:Drivers/STM32F1xx_HAL_Driver/Src/stm32f1xx_hal_pcd.c ****   * @retval HAL status
ARM GAS  /tmp/ccdzNYOe.s 			page 61


2403:Drivers/STM32F1xx_HAL_Driver/Src/stm32f1xx_hal_pcd.c ****   */
2404:Drivers/STM32F1xx_HAL_Driver/Src/stm32f1xx_hal_pcd.c **** static HAL_StatusTypeDef HAL_PCD_EP_DB_Transmit(PCD_HandleTypeDef *hpcd,
2405:Drivers/STM32F1xx_HAL_Driver/Src/stm32f1xx_hal_pcd.c ****                                                 PCD_EPTypeDef *ep, uint16_t wEPVal)
2406:Drivers/STM32F1xx_HAL_Driver/Src/stm32f1xx_hal_pcd.c **** {
 841              		.loc 1 2406 1 is_stmt 1 view -0
 842              		.cfi_startproc
 843              		@ args = 0, pretend = 0, frame = 0
 844              		@ frame_needed = 0, uses_anonymous_args = 0
 845              		.loc 1 2406 1 is_stmt 0 view .LVU244
 846 0000 70B5     		push	{r4, r5, r6, lr}
 847              	.LCFI9:
 848              		.cfi_def_cfa_offset 16
 849              		.cfi_offset 4, -16
 850              		.cfi_offset 5, -12
 851              		.cfi_offset 6, -8
 852              		.cfi_offset 14, -4
 853 0002 0546     		mov	r5, r0
 854 0004 0C46     		mov	r4, r1
 855 0006 1646     		mov	r6, r2
2407:Drivers/STM32F1xx_HAL_Driver/Src/stm32f1xx_hal_pcd.c ****   uint32_t len;
 856              		.loc 1 2407 3 is_stmt 1 view .LVU245
2408:Drivers/STM32F1xx_HAL_Driver/Src/stm32f1xx_hal_pcd.c ****   uint16_t TxByteNbre;
 857              		.loc 1 2408 3 view .LVU246
2409:Drivers/STM32F1xx_HAL_Driver/Src/stm32f1xx_hal_pcd.c **** 
2410:Drivers/STM32F1xx_HAL_Driver/Src/stm32f1xx_hal_pcd.c ****   /* Data Buffer0 ACK received */
2411:Drivers/STM32F1xx_HAL_Driver/Src/stm32f1xx_hal_pcd.c ****   if ((wEPVal & USB_EP_DTOG_TX) != 0U)
 858              		.loc 1 2411 3 view .LVU247
 859              		.loc 1 2411 6 is_stmt 0 view .LVU248
 860 0008 12F0400F 		tst	r2, #64
 861 000c 00F00D81 		beq	.L51
2412:Drivers/STM32F1xx_HAL_Driver/Src/stm32f1xx_hal_pcd.c ****   {
2413:Drivers/STM32F1xx_HAL_Driver/Src/stm32f1xx_hal_pcd.c ****     /* multi-packet on the NON control IN endpoint */
2414:Drivers/STM32F1xx_HAL_Driver/Src/stm32f1xx_hal_pcd.c ****     TxByteNbre = (uint16_t)PCD_GET_EP_DBUF0_CNT(hpcd->Instance, ep->num);
 862              		.loc 1 2414 5 is_stmt 1 view .LVU249
 863              		.loc 1 2414 28 is_stmt 0 view .LVU250
 864 0010 0268     		ldr	r2, [r0]
 865              	.LVL75:
 866              		.loc 1 2414 28 view .LVU251
 867 0012 B2F85030 		ldrh	r3, [r2, #80]
 868 0016 9BB2     		uxth	r3, r3
 869 0018 0978     		ldrb	r1, [r1]	@ zero_extendqisi2
 870              	.LVL76:
 871              		.loc 1 2414 28 view .LVU252
 872 001a 03EBC103 		add	r3, r3, r1, lsl #3
 873 001e 0233     		adds	r3, r3, #2
 874 0020 02EB4302 		add	r2, r2, r3, lsl #1
 875 0024 B2F80024 		ldrh	r2, [r2, #1024]
 876              		.loc 1 2414 16 view .LVU253
 877 0028 C2F30902 		ubfx	r2, r2, #0, #10
 878              	.LVL77:
2415:Drivers/STM32F1xx_HAL_Driver/Src/stm32f1xx_hal_pcd.c **** 
2416:Drivers/STM32F1xx_HAL_Driver/Src/stm32f1xx_hal_pcd.c ****     if (ep->xfer_len > TxByteNbre)
 879              		.loc 1 2416 5 is_stmt 1 view .LVU254
 880              		.loc 1 2416 11 is_stmt 0 view .LVU255
 881 002c A369     		ldr	r3, [r4, #24]
 882              		.loc 1 2416 8 view .LVU256
 883 002e 9342     		cmp	r3, r2
ARM GAS  /tmp/ccdzNYOe.s 			page 62


 884 0030 52D9     		bls	.L52
2417:Drivers/STM32F1xx_HAL_Driver/Src/stm32f1xx_hal_pcd.c ****     {
2418:Drivers/STM32F1xx_HAL_Driver/Src/stm32f1xx_hal_pcd.c ****       ep->xfer_len -= TxByteNbre;
 885              		.loc 1 2418 7 is_stmt 1 view .LVU257
 886              		.loc 1 2418 20 is_stmt 0 view .LVU258
 887 0032 9B1A     		subs	r3, r3, r2
 888 0034 A361     		str	r3, [r4, #24]
 889              	.L53:
2419:Drivers/STM32F1xx_HAL_Driver/Src/stm32f1xx_hal_pcd.c ****     }
2420:Drivers/STM32F1xx_HAL_Driver/Src/stm32f1xx_hal_pcd.c ****     else
2421:Drivers/STM32F1xx_HAL_Driver/Src/stm32f1xx_hal_pcd.c ****     {
2422:Drivers/STM32F1xx_HAL_Driver/Src/stm32f1xx_hal_pcd.c ****       ep->xfer_len = 0U;
2423:Drivers/STM32F1xx_HAL_Driver/Src/stm32f1xx_hal_pcd.c ****     }
2424:Drivers/STM32F1xx_HAL_Driver/Src/stm32f1xx_hal_pcd.c ****     /* Transfer is completed */
2425:Drivers/STM32F1xx_HAL_Driver/Src/stm32f1xx_hal_pcd.c ****     if (ep->xfer_len == 0U)
 890              		.loc 1 2425 5 is_stmt 1 view .LVU259
 891              		.loc 1 2425 11 is_stmt 0 view .LVU260
 892 0036 A369     		ldr	r3, [r4, #24]
 893              		.loc 1 2425 8 view .LVU261
 894 0038 002B     		cmp	r3, #0
 895 003a 6AD1     		bne	.L54
2426:Drivers/STM32F1xx_HAL_Driver/Src/stm32f1xx_hal_pcd.c ****     {
2427:Drivers/STM32F1xx_HAL_Driver/Src/stm32f1xx_hal_pcd.c ****       PCD_SET_EP_DBUF0_CNT(hpcd->Instance, ep->num, ep->is_in, 0U);
 896              		.loc 1 2427 7 is_stmt 1 view .LVU262
 897              		.loc 1 2427 7 view .LVU263
 898 003c 6378     		ldrb	r3, [r4, #1]	@ zero_extendqisi2
 899 003e 002B     		cmp	r3, #0
 900 0040 4DD1     		bne	.L55
 901              		.loc 1 2427 7 discriminator 1 view .LVU264
 902              	.LBB6:
 903              		.loc 1 2427 7 discriminator 1 view .LVU265
 904 0042 2B68     		ldr	r3, [r5]
 905              	.LVL78:
 906              		.loc 1 2427 7 view .LVU266
 907              		.loc 1 2427 7 view .LVU267
 908              		.loc 1 2427 7 is_stmt 0 discriminator 1 view .LVU268
 909 0044 B3F85020 		ldrh	r2, [r3, #80]
 910              	.LVL79:
 911              		.loc 1 2427 7 discriminator 1 view .LVU269
 912 0048 92B2     		uxth	r2, r2
 913 004a 1344     		add	r3, r3, r2
 914              	.LVL80:
 915              		.loc 1 2427 7 is_stmt 1 view .LVU270
 916              		.loc 1 2427 7 is_stmt 0 discriminator 1 view .LVU271
 917 004c 03EB0113 		add	r3, r3, r1, lsl #4
 918              	.LVL81:
 919              		.loc 1 2427 7 is_stmt 1 view .LVU272
 920              	.LBB7:
 921              		.loc 1 2427 7 view .LVU273
 922              		.loc 1 2427 7 view .LVU274
 923              		.loc 1 2427 7 discriminator 3 view .LVU275
 924 0050 B3F80424 		ldrh	r2, [r3, #1028]
 925              	.LVL82:
 926              		.loc 1 2427 7 is_stmt 0 discriminator 3 view .LVU276
 927 0054 92B2     		uxth	r2, r2
 928 0056 22F4F842 		bic	r2, r2, #31744
 929 005a 92B2     		uxth	r2, r2
ARM GAS  /tmp/ccdzNYOe.s 			page 63


 930 005c A3F80424 		strh	r2, [r3, #1028]	@ movhi
 931              		.loc 1 2427 7 is_stmt 1 view .LVU277
 932              		.loc 1 2427 7 is_stmt 0 discriminator 3 view .LVU278
 933 0060 B3F80424 		ldrh	r2, [r3, #1028]
 934 0064 6FEA4242 		mvn	r2, r2, lsl #17
 935 0068 6FEA5242 		mvn	r2, r2, lsr #17
 936 006c 92B2     		uxth	r2, r2
 937 006e A3F80424 		strh	r2, [r3, #1028]	@ movhi
 938              		.loc 1 2427 7 is_stmt 1 discriminator 15 view .LVU279
 939              	.LBE7:
 940              		.loc 1 2427 7 discriminator 15 view .LVU280
 941              	.LBE6:
 942              		.loc 1 2427 7 discriminator 15 view .LVU281
 943              	.LVL83:
 944              	.L56:
 945              		.loc 1 2427 7 discriminator 18 view .LVU282
 946              		.loc 1 2427 7 discriminator 18 view .LVU283
2428:Drivers/STM32F1xx_HAL_Driver/Src/stm32f1xx_hal_pcd.c ****       PCD_SET_EP_DBUF1_CNT(hpcd->Instance, ep->num, ep->is_in, 0U);
 947              		.loc 1 2428 7 view .LVU284
 948              	.LBB8:
 949              		.loc 1 2428 7 view .LVU285
 950 0072 2B68     		ldr	r3, [r5]
 951              	.LVL84:
 952              		.loc 1 2428 7 view .LVU286
 953              		.loc 1 2428 7 view .LVU287
 954 0074 6278     		ldrb	r2, [r4, #1]	@ zero_extendqisi2
 955 0076 002A     		cmp	r2, #0
 956 0078 3ED1     		bne	.L57
 957              		.loc 1 2428 7 discriminator 1 view .LVU288
 958              	.LBB9:
 959              		.loc 1 2428 7 discriminator 1 view .LVU289
 960              	.LVL85:
 961              		.loc 1 2428 7 view .LVU290
 962              		.loc 1 2428 7 view .LVU291
 963              		.loc 1 2428 7 is_stmt 0 discriminator 1 view .LVU292
 964 007a B3F85020 		ldrh	r2, [r3, #80]
 965 007e 92B2     		uxth	r2, r2
 966 0080 1344     		add	r3, r3, r2
 967              	.LVL86:
 968              		.loc 1 2428 7 is_stmt 1 view .LVU293
 969              		.loc 1 2428 7 is_stmt 0 discriminator 1 view .LVU294
 970 0082 2278     		ldrb	r2, [r4]	@ zero_extendqisi2
 971 0084 03EB0213 		add	r3, r3, r2, lsl #4
 972              	.LVL87:
 973              		.loc 1 2428 7 is_stmt 1 view .LVU295
 974              	.LBB10:
 975              		.loc 1 2428 7 view .LVU296
 976              		.loc 1 2428 7 view .LVU297
 977              		.loc 1 2428 7 discriminator 3 view .LVU298
 978 0088 B3F80C24 		ldrh	r2, [r3, #1036]
 979 008c 92B2     		uxth	r2, r2
 980 008e 22F4F842 		bic	r2, r2, #31744
 981 0092 92B2     		uxth	r2, r2
 982 0094 A3F80C24 		strh	r2, [r3, #1036]	@ movhi
 983              	.LVL88:
 984              		.loc 1 2428 7 view .LVU299
 985              		.loc 1 2428 7 is_stmt 0 discriminator 3 view .LVU300
ARM GAS  /tmp/ccdzNYOe.s 			page 64


 986 0098 B3F80C24 		ldrh	r2, [r3, #1036]
 987 009c 6FEA4242 		mvn	r2, r2, lsl #17
 988 00a0 6FEA5242 		mvn	r2, r2, lsr #17
 989 00a4 92B2     		uxth	r2, r2
 990 00a6 A3F80C24 		strh	r2, [r3, #1036]	@ movhi
 991              		.loc 1 2428 7 is_stmt 1 discriminator 15 view .LVU301
 992              	.LBE10:
 993              		.loc 1 2428 7 discriminator 15 view .LVU302
 994              	.LBE9:
 995              		.loc 1 2428 7 discriminator 15 view .LVU303
 996              	.LVL89:
 997              	.L58:
 998              		.loc 1 2428 7 is_stmt 0 discriminator 15 view .LVU304
 999              	.LBE8:
 1000              		.loc 1 2428 7 is_stmt 1 discriminator 18 view .LVU305
2429:Drivers/STM32F1xx_HAL_Driver/Src/stm32f1xx_hal_pcd.c **** 
2430:Drivers/STM32F1xx_HAL_Driver/Src/stm32f1xx_hal_pcd.c ****       /* TX COMPLETE */
2431:Drivers/STM32F1xx_HAL_Driver/Src/stm32f1xx_hal_pcd.c **** #if (USE_HAL_PCD_REGISTER_CALLBACKS == 1U)
2432:Drivers/STM32F1xx_HAL_Driver/Src/stm32f1xx_hal_pcd.c ****       hpcd->DataInStageCallback(hpcd, ep->num);
2433:Drivers/STM32F1xx_HAL_Driver/Src/stm32f1xx_hal_pcd.c **** #else
2434:Drivers/STM32F1xx_HAL_Driver/Src/stm32f1xx_hal_pcd.c ****       HAL_PCD_DataInStageCallback(hpcd, ep->num);
 1001              		.loc 1 2434 7 view .LVU306
 1002 00aa 2178     		ldrb	r1, [r4]	@ zero_extendqisi2
 1003 00ac 2846     		mov	r0, r5
 1004              	.LVL90:
 1005              		.loc 1 2434 7 is_stmt 0 view .LVU307
 1006 00ae FFF7FEFF 		bl	HAL_PCD_DataInStageCallback
 1007              	.LVL91:
2435:Drivers/STM32F1xx_HAL_Driver/Src/stm32f1xx_hal_pcd.c **** #endif /* USE_HAL_PCD_REGISTER_CALLBACKS */
2436:Drivers/STM32F1xx_HAL_Driver/Src/stm32f1xx_hal_pcd.c **** 
2437:Drivers/STM32F1xx_HAL_Driver/Src/stm32f1xx_hal_pcd.c ****       if ((wEPVal & USB_EP_DTOG_RX) != 0U)
 1008              		.loc 1 2437 7 is_stmt 1 view .LVU308
 1009              		.loc 1 2437 10 is_stmt 0 view .LVU309
 1010 00b2 16F4804F 		tst	r6, #16384
 1011 00b6 41D0     		beq	.L59
2438:Drivers/STM32F1xx_HAL_Driver/Src/stm32f1xx_hal_pcd.c ****       {
2439:Drivers/STM32F1xx_HAL_Driver/Src/stm32f1xx_hal_pcd.c ****         PCD_FreeUserBuffer(hpcd->Instance, ep->num, 1U);
 1012              		.loc 1 2439 9 is_stmt 1 view .LVU310
 1013              		.loc 1 2439 9 view .LVU311
 1014              		.loc 1 2439 9 discriminator 2 view .LVU312
 1015              		.loc 1 2439 9 discriminator 4 view .LVU313
 1016              	.LBB11:
 1017              		.loc 1 2439 9 discriminator 4 view .LVU314
 1018              		.loc 1 2439 9 discriminator 4 view .LVU315
 1019 00b8 2A68     		ldr	r2, [r5]
 1020 00ba 2178     		ldrb	r1, [r4]	@ zero_extendqisi2
 1021 00bc 32F82130 		ldrh	r3, [r2, r1, lsl #2]
 1022 00c0 9BB2     		uxth	r3, r3
 1023 00c2 23F4E043 		bic	r3, r3, #28672
 1024 00c6 23F07003 		bic	r3, r3, #112
 1025              	.LVL92:
 1026              		.loc 1 2439 9 view .LVU316
 1027              		.loc 1 2439 9 is_stmt 0 discriminator 4 view .LVU317
 1028 00ca 43F44043 		orr	r3, r3, #49152
 1029              	.LVL93:
 1030              		.loc 1 2439 9 discriminator 4 view .LVU318
 1031 00ce 43F08003 		orr	r3, r3, #128
ARM GAS  /tmp/ccdzNYOe.s 			page 65


 1032 00d2 22F82130 		strh	r3, [r2, r1, lsl #2]	@ movhi
 1033 00d6 31E0     		b	.L59
 1034              	.LVL94:
 1035              	.L52:
 1036              		.loc 1 2439 9 discriminator 4 view .LVU319
 1037              	.LBE11:
2422:Drivers/STM32F1xx_HAL_Driver/Src/stm32f1xx_hal_pcd.c ****     }
 1038              		.loc 1 2422 7 is_stmt 1 view .LVU320
2422:Drivers/STM32F1xx_HAL_Driver/Src/stm32f1xx_hal_pcd.c ****     }
 1039              		.loc 1 2422 20 is_stmt 0 view .LVU321
 1040 00d8 0023     		movs	r3, #0
 1041 00da A361     		str	r3, [r4, #24]
 1042 00dc ABE7     		b	.L53
 1043              	.L55:
2427:Drivers/STM32F1xx_HAL_Driver/Src/stm32f1xx_hal_pcd.c ****       PCD_SET_EP_DBUF1_CNT(hpcd->Instance, ep->num, ep->is_in, 0U);
 1044              		.loc 1 2427 7 is_stmt 1 discriminator 2 view .LVU322
 1045 00de 012B     		cmp	r3, #1
 1046 00e0 C7D1     		bne	.L56
2427:Drivers/STM32F1xx_HAL_Driver/Src/stm32f1xx_hal_pcd.c ****       PCD_SET_EP_DBUF1_CNT(hpcd->Instance, ep->num, ep->is_in, 0U);
 1047              		.loc 1 2427 7 discriminator 16 view .LVU323
 1048              	.LBB12:
2427:Drivers/STM32F1xx_HAL_Driver/Src/stm32f1xx_hal_pcd.c ****       PCD_SET_EP_DBUF1_CNT(hpcd->Instance, ep->num, ep->is_in, 0U);
 1049              		.loc 1 2427 7 discriminator 16 view .LVU324
 1050 00e2 2B68     		ldr	r3, [r5]
 1051              	.LVL95:
2427:Drivers/STM32F1xx_HAL_Driver/Src/stm32f1xx_hal_pcd.c ****       PCD_SET_EP_DBUF1_CNT(hpcd->Instance, ep->num, ep->is_in, 0U);
 1052              		.loc 1 2427 7 view .LVU325
2427:Drivers/STM32F1xx_HAL_Driver/Src/stm32f1xx_hal_pcd.c ****       PCD_SET_EP_DBUF1_CNT(hpcd->Instance, ep->num, ep->is_in, 0U);
 1053              		.loc 1 2427 7 view .LVU326
2427:Drivers/STM32F1xx_HAL_Driver/Src/stm32f1xx_hal_pcd.c ****       PCD_SET_EP_DBUF1_CNT(hpcd->Instance, ep->num, ep->is_in, 0U);
 1054              		.loc 1 2427 7 is_stmt 0 discriminator 16 view .LVU327
 1055 00e4 B3F85020 		ldrh	r2, [r3, #80]
 1056              	.LVL96:
2427:Drivers/STM32F1xx_HAL_Driver/Src/stm32f1xx_hal_pcd.c ****       PCD_SET_EP_DBUF1_CNT(hpcd->Instance, ep->num, ep->is_in, 0U);
 1057              		.loc 1 2427 7 discriminator 16 view .LVU328
 1058 00e8 92B2     		uxth	r2, r2
 1059 00ea 1344     		add	r3, r3, r2
 1060              	.LVL97:
2427:Drivers/STM32F1xx_HAL_Driver/Src/stm32f1xx_hal_pcd.c ****       PCD_SET_EP_DBUF1_CNT(hpcd->Instance, ep->num, ep->is_in, 0U);
 1061              		.loc 1 2427 7 is_stmt 1 view .LVU329
2427:Drivers/STM32F1xx_HAL_Driver/Src/stm32f1xx_hal_pcd.c ****       PCD_SET_EP_DBUF1_CNT(hpcd->Instance, ep->num, ep->is_in, 0U);
 1062              		.loc 1 2427 7 is_stmt 0 discriminator 16 view .LVU330
 1063 00ec 03EB0113 		add	r3, r3, r1, lsl #4
 1064              	.LVL98:
2427:Drivers/STM32F1xx_HAL_Driver/Src/stm32f1xx_hal_pcd.c ****       PCD_SET_EP_DBUF1_CNT(hpcd->Instance, ep->num, ep->is_in, 0U);
 1065              		.loc 1 2427 7 is_stmt 1 view .LVU331
2427:Drivers/STM32F1xx_HAL_Driver/Src/stm32f1xx_hal_pcd.c ****       PCD_SET_EP_DBUF1_CNT(hpcd->Instance, ep->num, ep->is_in, 0U);
 1066              		.loc 1 2427 7 is_stmt 0 discriminator 16 view .LVU332
 1067 00f0 0022     		movs	r2, #0
 1068              	.LVL99:
2427:Drivers/STM32F1xx_HAL_Driver/Src/stm32f1xx_hal_pcd.c ****       PCD_SET_EP_DBUF1_CNT(hpcd->Instance, ep->num, ep->is_in, 0U);
 1069              		.loc 1 2427 7 discriminator 16 view .LVU333
 1070 00f2 A3F80424 		strh	r2, [r3, #1028]	@ movhi
2427:Drivers/STM32F1xx_HAL_Driver/Src/stm32f1xx_hal_pcd.c ****       PCD_SET_EP_DBUF1_CNT(hpcd->Instance, ep->num, ep->is_in, 0U);
 1071              		.loc 1 2427 7 discriminator 16 view .LVU334
 1072 00f6 BCE7     		b	.L56
 1073              	.LVL100:
ARM GAS  /tmp/ccdzNYOe.s 			page 66


 1074              	.L57:
2427:Drivers/STM32F1xx_HAL_Driver/Src/stm32f1xx_hal_pcd.c ****       PCD_SET_EP_DBUF1_CNT(hpcd->Instance, ep->num, ep->is_in, 0U);
 1075              		.loc 1 2427 7 discriminator 16 view .LVU335
 1076              	.LBE12:
 1077              	.LBB13:
2428:Drivers/STM32F1xx_HAL_Driver/Src/stm32f1xx_hal_pcd.c **** 
 1078              		.loc 1 2428 7 is_stmt 1 discriminator 2 view .LVU336
 1079 00f8 012A     		cmp	r2, #1
 1080 00fa D6D1     		bne	.L58
2428:Drivers/STM32F1xx_HAL_Driver/Src/stm32f1xx_hal_pcd.c **** 
 1081              		.loc 1 2428 7 discriminator 16 view .LVU337
 1082 00fc B3F85020 		ldrh	r2, [r3, #80]
 1083 0100 92B2     		uxth	r2, r2
 1084 0102 1344     		add	r3, r3, r2
 1085              	.LVL101:
2428:Drivers/STM32F1xx_HAL_Driver/Src/stm32f1xx_hal_pcd.c **** 
 1086              		.loc 1 2428 7 view .LVU338
2428:Drivers/STM32F1xx_HAL_Driver/Src/stm32f1xx_hal_pcd.c **** 
 1087              		.loc 1 2428 7 is_stmt 0 discriminator 16 view .LVU339
 1088 0104 2278     		ldrb	r2, [r4]	@ zero_extendqisi2
 1089 0106 03EB0213 		add	r3, r3, r2, lsl #4
 1090              	.LVL102:
2428:Drivers/STM32F1xx_HAL_Driver/Src/stm32f1xx_hal_pcd.c **** 
 1091              		.loc 1 2428 7 is_stmt 1 view .LVU340
2428:Drivers/STM32F1xx_HAL_Driver/Src/stm32f1xx_hal_pcd.c **** 
 1092              		.loc 1 2428 7 is_stmt 0 discriminator 16 view .LVU341
 1093 010a 0022     		movs	r2, #0
 1094 010c A3F80C24 		strh	r2, [r3, #1036]	@ movhi
2428:Drivers/STM32F1xx_HAL_Driver/Src/stm32f1xx_hal_pcd.c **** 
 1095              		.loc 1 2428 7 discriminator 16 view .LVU342
 1096 0110 CBE7     		b	.L58
 1097              	.LVL103:
 1098              	.L54:
2428:Drivers/STM32F1xx_HAL_Driver/Src/stm32f1xx_hal_pcd.c **** 
 1099              		.loc 1 2428 7 discriminator 16 view .LVU343
 1100              	.LBE13:
2440:Drivers/STM32F1xx_HAL_Driver/Src/stm32f1xx_hal_pcd.c ****       }
2441:Drivers/STM32F1xx_HAL_Driver/Src/stm32f1xx_hal_pcd.c ****     }
2442:Drivers/STM32F1xx_HAL_Driver/Src/stm32f1xx_hal_pcd.c ****     else /* Transfer is not yet Done */
2443:Drivers/STM32F1xx_HAL_Driver/Src/stm32f1xx_hal_pcd.c ****     {
2444:Drivers/STM32F1xx_HAL_Driver/Src/stm32f1xx_hal_pcd.c ****       /* need to Free USB Buff */
2445:Drivers/STM32F1xx_HAL_Driver/Src/stm32f1xx_hal_pcd.c ****       if ((wEPVal & USB_EP_DTOG_RX) != 0U)
 1101              		.loc 1 2445 7 is_stmt 1 view .LVU344
 1102              		.loc 1 2445 10 is_stmt 0 view .LVU345
 1103 0112 16F4804F 		tst	r6, #16384
 1104 0116 0DD0     		beq	.L60
2446:Drivers/STM32F1xx_HAL_Driver/Src/stm32f1xx_hal_pcd.c ****       {
2447:Drivers/STM32F1xx_HAL_Driver/Src/stm32f1xx_hal_pcd.c ****         PCD_FreeUserBuffer(hpcd->Instance, ep->num, 1U);
 1105              		.loc 1 2447 9 is_stmt 1 view .LVU346
 1106              		.loc 1 2447 9 view .LVU347
 1107              		.loc 1 2447 9 discriminator 2 view .LVU348
 1108              		.loc 1 2447 9 discriminator 4 view .LVU349
 1109              	.LBB14:
 1110              		.loc 1 2447 9 discriminator 4 view .LVU350
 1111              		.loc 1 2447 9 discriminator 4 view .LVU351
 1112 0118 2868     		ldr	r0, [r5]
 1113              	.LVL104:
ARM GAS  /tmp/ccdzNYOe.s 			page 67


 1114              		.loc 1 2447 9 is_stmt 0 discriminator 4 view .LVU352
 1115 011a 30F82130 		ldrh	r3, [r0, r1, lsl #2]
 1116 011e 9BB2     		uxth	r3, r3
 1117 0120 23F4E043 		bic	r3, r3, #28672
 1118 0124 23F07003 		bic	r3, r3, #112
 1119              	.LVL105:
 1120              		.loc 1 2447 9 is_stmt 1 view .LVU353
 1121              		.loc 1 2447 9 is_stmt 0 discriminator 4 view .LVU354
 1122 0128 43F44043 		orr	r3, r3, #49152
 1123              	.LVL106:
 1124              		.loc 1 2447 9 discriminator 4 view .LVU355
 1125 012c 43F08003 		orr	r3, r3, #128
 1126 0130 20F82130 		strh	r3, [r0, r1, lsl #2]	@ movhi
 1127              	.LVL107:
 1128              	.L60:
 1129              		.loc 1 2447 9 discriminator 4 view .LVU356
 1130              	.LBE14:
 1131              		.loc 1 2447 9 is_stmt 1 discriminator 6 view .LVU357
 1132              		.loc 1 2447 9 discriminator 6 view .LVU358
2448:Drivers/STM32F1xx_HAL_Driver/Src/stm32f1xx_hal_pcd.c ****       }
2449:Drivers/STM32F1xx_HAL_Driver/Src/stm32f1xx_hal_pcd.c **** 
2450:Drivers/STM32F1xx_HAL_Driver/Src/stm32f1xx_hal_pcd.c ****       /* Still there is data to Fill in the next Buffer */
2451:Drivers/STM32F1xx_HAL_Driver/Src/stm32f1xx_hal_pcd.c ****       if (ep->xfer_fill_db == 1U)
 1133              		.loc 1 2451 7 view .LVU359
 1134              		.loc 1 2451 13 is_stmt 0 view .LVU360
 1135 0134 94F82430 		ldrb	r3, [r4, #36]	@ zero_extendqisi2
 1136              		.loc 1 2451 10 view .LVU361
 1137 0138 012B     		cmp	r3, #1
 1138 013a 12D0     		beq	.L88
 1139              	.LVL108:
 1140              	.L59:
2452:Drivers/STM32F1xx_HAL_Driver/Src/stm32f1xx_hal_pcd.c ****       {
2453:Drivers/STM32F1xx_HAL_Driver/Src/stm32f1xx_hal_pcd.c ****         ep->xfer_buff += TxByteNbre;
2454:Drivers/STM32F1xx_HAL_Driver/Src/stm32f1xx_hal_pcd.c ****         ep->xfer_count += TxByteNbre;
2455:Drivers/STM32F1xx_HAL_Driver/Src/stm32f1xx_hal_pcd.c **** 
2456:Drivers/STM32F1xx_HAL_Driver/Src/stm32f1xx_hal_pcd.c ****         /* Calculate the len of the new buffer to fill */
2457:Drivers/STM32F1xx_HAL_Driver/Src/stm32f1xx_hal_pcd.c ****         if (ep->xfer_len_db >= ep->maxpacket)
2458:Drivers/STM32F1xx_HAL_Driver/Src/stm32f1xx_hal_pcd.c ****         {
2459:Drivers/STM32F1xx_HAL_Driver/Src/stm32f1xx_hal_pcd.c ****           len = ep->maxpacket;
2460:Drivers/STM32F1xx_HAL_Driver/Src/stm32f1xx_hal_pcd.c ****           ep->xfer_len_db -= len;
2461:Drivers/STM32F1xx_HAL_Driver/Src/stm32f1xx_hal_pcd.c ****         }
2462:Drivers/STM32F1xx_HAL_Driver/Src/stm32f1xx_hal_pcd.c ****         else if (ep->xfer_len_db == 0U)
2463:Drivers/STM32F1xx_HAL_Driver/Src/stm32f1xx_hal_pcd.c ****         {
2464:Drivers/STM32F1xx_HAL_Driver/Src/stm32f1xx_hal_pcd.c ****           len = TxByteNbre;
2465:Drivers/STM32F1xx_HAL_Driver/Src/stm32f1xx_hal_pcd.c ****           ep->xfer_fill_db = 0U;
2466:Drivers/STM32F1xx_HAL_Driver/Src/stm32f1xx_hal_pcd.c ****         }
2467:Drivers/STM32F1xx_HAL_Driver/Src/stm32f1xx_hal_pcd.c ****         else
2468:Drivers/STM32F1xx_HAL_Driver/Src/stm32f1xx_hal_pcd.c ****         {
2469:Drivers/STM32F1xx_HAL_Driver/Src/stm32f1xx_hal_pcd.c ****           ep->xfer_fill_db = 0U;
2470:Drivers/STM32F1xx_HAL_Driver/Src/stm32f1xx_hal_pcd.c ****           len = ep->xfer_len_db;
2471:Drivers/STM32F1xx_HAL_Driver/Src/stm32f1xx_hal_pcd.c ****           ep->xfer_len_db = 0U;
2472:Drivers/STM32F1xx_HAL_Driver/Src/stm32f1xx_hal_pcd.c ****         }
2473:Drivers/STM32F1xx_HAL_Driver/Src/stm32f1xx_hal_pcd.c **** 
2474:Drivers/STM32F1xx_HAL_Driver/Src/stm32f1xx_hal_pcd.c ****         /* Write remaining Data to Buffer */
2475:Drivers/STM32F1xx_HAL_Driver/Src/stm32f1xx_hal_pcd.c ****         /* Set the Double buffer counter for pma buffer1 */
2476:Drivers/STM32F1xx_HAL_Driver/Src/stm32f1xx_hal_pcd.c ****         PCD_SET_EP_DBUF0_CNT(hpcd->Instance, ep->num, ep->is_in, len);
2477:Drivers/STM32F1xx_HAL_Driver/Src/stm32f1xx_hal_pcd.c **** 
ARM GAS  /tmp/ccdzNYOe.s 			page 68


2478:Drivers/STM32F1xx_HAL_Driver/Src/stm32f1xx_hal_pcd.c ****         /* Copy user buffer to USB PMA */
2479:Drivers/STM32F1xx_HAL_Driver/Src/stm32f1xx_hal_pcd.c ****         USB_WritePMA(hpcd->Instance, ep->xfer_buff,  ep->pmaaddr0, (uint16_t)len);
2480:Drivers/STM32F1xx_HAL_Driver/Src/stm32f1xx_hal_pcd.c ****       }
2481:Drivers/STM32F1xx_HAL_Driver/Src/stm32f1xx_hal_pcd.c ****     }
2482:Drivers/STM32F1xx_HAL_Driver/Src/stm32f1xx_hal_pcd.c ****   }
2483:Drivers/STM32F1xx_HAL_Driver/Src/stm32f1xx_hal_pcd.c ****   else /* Data Buffer1 ACK received */
2484:Drivers/STM32F1xx_HAL_Driver/Src/stm32f1xx_hal_pcd.c ****   {
2485:Drivers/STM32F1xx_HAL_Driver/Src/stm32f1xx_hal_pcd.c ****     /* multi-packet on the NON control IN endpoint */
2486:Drivers/STM32F1xx_HAL_Driver/Src/stm32f1xx_hal_pcd.c ****     TxByteNbre = (uint16_t)PCD_GET_EP_DBUF1_CNT(hpcd->Instance, ep->num);
2487:Drivers/STM32F1xx_HAL_Driver/Src/stm32f1xx_hal_pcd.c **** 
2488:Drivers/STM32F1xx_HAL_Driver/Src/stm32f1xx_hal_pcd.c ****     if (ep->xfer_len >= TxByteNbre)
2489:Drivers/STM32F1xx_HAL_Driver/Src/stm32f1xx_hal_pcd.c ****     {
2490:Drivers/STM32F1xx_HAL_Driver/Src/stm32f1xx_hal_pcd.c ****       ep->xfer_len -= TxByteNbre;
2491:Drivers/STM32F1xx_HAL_Driver/Src/stm32f1xx_hal_pcd.c ****     }
2492:Drivers/STM32F1xx_HAL_Driver/Src/stm32f1xx_hal_pcd.c ****     else
2493:Drivers/STM32F1xx_HAL_Driver/Src/stm32f1xx_hal_pcd.c ****     {
2494:Drivers/STM32F1xx_HAL_Driver/Src/stm32f1xx_hal_pcd.c ****       ep->xfer_len = 0U;
2495:Drivers/STM32F1xx_HAL_Driver/Src/stm32f1xx_hal_pcd.c ****     }
2496:Drivers/STM32F1xx_HAL_Driver/Src/stm32f1xx_hal_pcd.c **** 
2497:Drivers/STM32F1xx_HAL_Driver/Src/stm32f1xx_hal_pcd.c ****     /* Transfer is completed */
2498:Drivers/STM32F1xx_HAL_Driver/Src/stm32f1xx_hal_pcd.c ****     if (ep->xfer_len == 0U)
2499:Drivers/STM32F1xx_HAL_Driver/Src/stm32f1xx_hal_pcd.c ****     {
2500:Drivers/STM32F1xx_HAL_Driver/Src/stm32f1xx_hal_pcd.c ****       PCD_SET_EP_DBUF0_CNT(hpcd->Instance, ep->num, ep->is_in, 0U);
2501:Drivers/STM32F1xx_HAL_Driver/Src/stm32f1xx_hal_pcd.c ****       PCD_SET_EP_DBUF1_CNT(hpcd->Instance, ep->num, ep->is_in, 0U);
2502:Drivers/STM32F1xx_HAL_Driver/Src/stm32f1xx_hal_pcd.c **** 
2503:Drivers/STM32F1xx_HAL_Driver/Src/stm32f1xx_hal_pcd.c ****       /* TX COMPLETE */
2504:Drivers/STM32F1xx_HAL_Driver/Src/stm32f1xx_hal_pcd.c **** #if (USE_HAL_PCD_REGISTER_CALLBACKS == 1U)
2505:Drivers/STM32F1xx_HAL_Driver/Src/stm32f1xx_hal_pcd.c ****       hpcd->DataInStageCallback(hpcd, ep->num);
2506:Drivers/STM32F1xx_HAL_Driver/Src/stm32f1xx_hal_pcd.c **** #else
2507:Drivers/STM32F1xx_HAL_Driver/Src/stm32f1xx_hal_pcd.c ****       HAL_PCD_DataInStageCallback(hpcd, ep->num);
2508:Drivers/STM32F1xx_HAL_Driver/Src/stm32f1xx_hal_pcd.c **** #endif /* USE_HAL_PCD_REGISTER_CALLBACKS */
2509:Drivers/STM32F1xx_HAL_Driver/Src/stm32f1xx_hal_pcd.c **** 
2510:Drivers/STM32F1xx_HAL_Driver/Src/stm32f1xx_hal_pcd.c ****       /* need to Free USB Buff */
2511:Drivers/STM32F1xx_HAL_Driver/Src/stm32f1xx_hal_pcd.c ****       if ((wEPVal & USB_EP_DTOG_RX) == 0U)
2512:Drivers/STM32F1xx_HAL_Driver/Src/stm32f1xx_hal_pcd.c ****       {
2513:Drivers/STM32F1xx_HAL_Driver/Src/stm32f1xx_hal_pcd.c ****         PCD_FreeUserBuffer(hpcd->Instance, ep->num, 1U);
2514:Drivers/STM32F1xx_HAL_Driver/Src/stm32f1xx_hal_pcd.c ****       }
2515:Drivers/STM32F1xx_HAL_Driver/Src/stm32f1xx_hal_pcd.c ****     }
2516:Drivers/STM32F1xx_HAL_Driver/Src/stm32f1xx_hal_pcd.c ****     else /* Transfer is not yet Done */
2517:Drivers/STM32F1xx_HAL_Driver/Src/stm32f1xx_hal_pcd.c ****     {
2518:Drivers/STM32F1xx_HAL_Driver/Src/stm32f1xx_hal_pcd.c ****       /* need to Free USB Buff */
2519:Drivers/STM32F1xx_HAL_Driver/Src/stm32f1xx_hal_pcd.c ****       if ((wEPVal & USB_EP_DTOG_RX) == 0U)
2520:Drivers/STM32F1xx_HAL_Driver/Src/stm32f1xx_hal_pcd.c ****       {
2521:Drivers/STM32F1xx_HAL_Driver/Src/stm32f1xx_hal_pcd.c ****         PCD_FreeUserBuffer(hpcd->Instance, ep->num, 1U);
2522:Drivers/STM32F1xx_HAL_Driver/Src/stm32f1xx_hal_pcd.c ****       }
2523:Drivers/STM32F1xx_HAL_Driver/Src/stm32f1xx_hal_pcd.c **** 
2524:Drivers/STM32F1xx_HAL_Driver/Src/stm32f1xx_hal_pcd.c ****       /* Still there is data to Fill in the next Buffer */
2525:Drivers/STM32F1xx_HAL_Driver/Src/stm32f1xx_hal_pcd.c ****       if (ep->xfer_fill_db == 1U)
2526:Drivers/STM32F1xx_HAL_Driver/Src/stm32f1xx_hal_pcd.c ****       {
2527:Drivers/STM32F1xx_HAL_Driver/Src/stm32f1xx_hal_pcd.c ****         ep->xfer_buff += TxByteNbre;
2528:Drivers/STM32F1xx_HAL_Driver/Src/stm32f1xx_hal_pcd.c ****         ep->xfer_count += TxByteNbre;
2529:Drivers/STM32F1xx_HAL_Driver/Src/stm32f1xx_hal_pcd.c **** 
2530:Drivers/STM32F1xx_HAL_Driver/Src/stm32f1xx_hal_pcd.c ****         /* Calculate the len of the new buffer to fill */
2531:Drivers/STM32F1xx_HAL_Driver/Src/stm32f1xx_hal_pcd.c ****         if (ep->xfer_len_db >= ep->maxpacket)
2532:Drivers/STM32F1xx_HAL_Driver/Src/stm32f1xx_hal_pcd.c ****         {
2533:Drivers/STM32F1xx_HAL_Driver/Src/stm32f1xx_hal_pcd.c ****           len = ep->maxpacket;
2534:Drivers/STM32F1xx_HAL_Driver/Src/stm32f1xx_hal_pcd.c ****           ep->xfer_len_db -= len;
ARM GAS  /tmp/ccdzNYOe.s 			page 69


2535:Drivers/STM32F1xx_HAL_Driver/Src/stm32f1xx_hal_pcd.c ****         }
2536:Drivers/STM32F1xx_HAL_Driver/Src/stm32f1xx_hal_pcd.c ****         else if (ep->xfer_len_db == 0U)
2537:Drivers/STM32F1xx_HAL_Driver/Src/stm32f1xx_hal_pcd.c ****         {
2538:Drivers/STM32F1xx_HAL_Driver/Src/stm32f1xx_hal_pcd.c ****           len = TxByteNbre;
2539:Drivers/STM32F1xx_HAL_Driver/Src/stm32f1xx_hal_pcd.c ****           ep->xfer_fill_db = 0U;
2540:Drivers/STM32F1xx_HAL_Driver/Src/stm32f1xx_hal_pcd.c ****         }
2541:Drivers/STM32F1xx_HAL_Driver/Src/stm32f1xx_hal_pcd.c ****         else
2542:Drivers/STM32F1xx_HAL_Driver/Src/stm32f1xx_hal_pcd.c ****         {
2543:Drivers/STM32F1xx_HAL_Driver/Src/stm32f1xx_hal_pcd.c ****           len = ep->xfer_len_db;
2544:Drivers/STM32F1xx_HAL_Driver/Src/stm32f1xx_hal_pcd.c ****           ep->xfer_len_db = 0U;
2545:Drivers/STM32F1xx_HAL_Driver/Src/stm32f1xx_hal_pcd.c ****           ep->xfer_fill_db = 0;
2546:Drivers/STM32F1xx_HAL_Driver/Src/stm32f1xx_hal_pcd.c ****         }
2547:Drivers/STM32F1xx_HAL_Driver/Src/stm32f1xx_hal_pcd.c **** 
2548:Drivers/STM32F1xx_HAL_Driver/Src/stm32f1xx_hal_pcd.c ****         /* Set the Double buffer counter for pmabuffer1 */
2549:Drivers/STM32F1xx_HAL_Driver/Src/stm32f1xx_hal_pcd.c ****         PCD_SET_EP_DBUF1_CNT(hpcd->Instance, ep->num, ep->is_in, len);
2550:Drivers/STM32F1xx_HAL_Driver/Src/stm32f1xx_hal_pcd.c **** 
2551:Drivers/STM32F1xx_HAL_Driver/Src/stm32f1xx_hal_pcd.c ****         /* Copy the user buffer to USB PMA */
2552:Drivers/STM32F1xx_HAL_Driver/Src/stm32f1xx_hal_pcd.c ****         USB_WritePMA(hpcd->Instance, ep->xfer_buff,  ep->pmaaddr1, (uint16_t)len);
2553:Drivers/STM32F1xx_HAL_Driver/Src/stm32f1xx_hal_pcd.c ****       }
2554:Drivers/STM32F1xx_HAL_Driver/Src/stm32f1xx_hal_pcd.c ****     }
2555:Drivers/STM32F1xx_HAL_Driver/Src/stm32f1xx_hal_pcd.c ****   }
2556:Drivers/STM32F1xx_HAL_Driver/Src/stm32f1xx_hal_pcd.c **** 
2557:Drivers/STM32F1xx_HAL_Driver/Src/stm32f1xx_hal_pcd.c ****   /*enable endpoint IN*/
2558:Drivers/STM32F1xx_HAL_Driver/Src/stm32f1xx_hal_pcd.c ****   PCD_SET_EP_TX_STATUS(hpcd->Instance, ep->num, USB_EP_TX_VALID);
 1141              		.loc 1 2558 3 is_stmt 1 view .LVU362
 1142              	.LBB15:
 1143              		.loc 1 2558 3 view .LVU363
 1144              		.loc 1 2558 3 view .LVU364
 1145 013c 2A68     		ldr	r2, [r5]
 1146 013e 2178     		ldrb	r1, [r4]	@ zero_extendqisi2
 1147 0140 32F82130 		ldrh	r3, [r2, r1, lsl #2]
 1148 0144 9BB2     		uxth	r3, r3
 1149 0146 23F4E043 		bic	r3, r3, #28672
 1150 014a 23F04003 		bic	r3, r3, #64
 1151              	.LVL109:
 1152              		.loc 1 2558 3 view .LVU365
 1153              		.loc 1 2558 3 discriminator 1 view .LVU366
 1154              		.loc 1 2558 3 discriminator 3 view .LVU367
 1155              		.loc 1 2558 3 discriminator 4 view .LVU368
 1156 014e 83F03003 		eor	r3, r3, #48
 1157              	.LVL110:
 1158              		.loc 1 2558 3 discriminator 6 view .LVU369
 1159 0152 43F40043 		orr	r3, r3, #32768
 1160              	.LVL111:
 1161              		.loc 1 2558 3 is_stmt 0 discriminator 6 view .LVU370
 1162 0156 43F08003 		orr	r3, r3, #128
 1163 015a 22F82130 		strh	r3, [r2, r1, lsl #2]	@ movhi
 1164              	.LBE15:
 1165              		.loc 1 2558 3 is_stmt 1 view .LVU371
2559:Drivers/STM32F1xx_HAL_Driver/Src/stm32f1xx_hal_pcd.c **** 
2560:Drivers/STM32F1xx_HAL_Driver/Src/stm32f1xx_hal_pcd.c ****   return HAL_OK;
 1166              		.loc 1 2560 3 view .LVU372
2561:Drivers/STM32F1xx_HAL_Driver/Src/stm32f1xx_hal_pcd.c **** }
 1167              		.loc 1 2561 1 is_stmt 0 view .LVU373
 1168 015e 0020     		movs	r0, #0
 1169 0160 70BD     		pop	{r4, r5, r6, pc}
 1170              	.LVL112:
ARM GAS  /tmp/ccdzNYOe.s 			page 70


 1171              	.L88:
2453:Drivers/STM32F1xx_HAL_Driver/Src/stm32f1xx_hal_pcd.c ****         ep->xfer_count += TxByteNbre;
 1172              		.loc 1 2453 9 is_stmt 1 view .LVU374
2453:Drivers/STM32F1xx_HAL_Driver/Src/stm32f1xx_hal_pcd.c ****         ep->xfer_count += TxByteNbre;
 1173              		.loc 1 2453 11 is_stmt 0 view .LVU375
 1174 0162 6369     		ldr	r3, [r4, #20]
2453:Drivers/STM32F1xx_HAL_Driver/Src/stm32f1xx_hal_pcd.c ****         ep->xfer_count += TxByteNbre;
 1175              		.loc 1 2453 23 view .LVU376
 1176 0164 1344     		add	r3, r3, r2
 1177 0166 6361     		str	r3, [r4, #20]
2454:Drivers/STM32F1xx_HAL_Driver/Src/stm32f1xx_hal_pcd.c **** 
 1178              		.loc 1 2454 9 is_stmt 1 view .LVU377
2454:Drivers/STM32F1xx_HAL_Driver/Src/stm32f1xx_hal_pcd.c **** 
 1179              		.loc 1 2454 11 is_stmt 0 view .LVU378
 1180 0168 E369     		ldr	r3, [r4, #28]
2454:Drivers/STM32F1xx_HAL_Driver/Src/stm32f1xx_hal_pcd.c **** 
 1181              		.loc 1 2454 24 view .LVU379
 1182 016a 1344     		add	r3, r3, r2
 1183 016c E361     		str	r3, [r4, #28]
2457:Drivers/STM32F1xx_HAL_Driver/Src/stm32f1xx_hal_pcd.c ****         {
 1184              		.loc 1 2457 9 is_stmt 1 view .LVU380
2457:Drivers/STM32F1xx_HAL_Driver/Src/stm32f1xx_hal_pcd.c ****         {
 1185              		.loc 1 2457 15 is_stmt 0 view .LVU381
 1186 016e 216A     		ldr	r1, [r4, #32]
2457:Drivers/STM32F1xx_HAL_Driver/Src/stm32f1xx_hal_pcd.c ****         {
 1187              		.loc 1 2457 34 view .LVU382
 1188 0170 2369     		ldr	r3, [r4, #16]
2457:Drivers/STM32F1xx_HAL_Driver/Src/stm32f1xx_hal_pcd.c ****         {
 1189              		.loc 1 2457 12 view .LVU383
 1190 0172 9942     		cmp	r1, r3
 1191 0174 1FD3     		bcc	.L61
2459:Drivers/STM32F1xx_HAL_Driver/Src/stm32f1xx_hal_pcd.c ****           ep->xfer_len_db -= len;
 1192              		.loc 1 2459 11 is_stmt 1 view .LVU384
 1193              	.LVL113:
2460:Drivers/STM32F1xx_HAL_Driver/Src/stm32f1xx_hal_pcd.c ****         }
 1194              		.loc 1 2460 11 view .LVU385
2460:Drivers/STM32F1xx_HAL_Driver/Src/stm32f1xx_hal_pcd.c ****         }
 1195              		.loc 1 2460 27 is_stmt 0 view .LVU386
 1196 0176 C91A     		subs	r1, r1, r3
 1197 0178 2162     		str	r1, [r4, #32]
 1198              	.L62:
2476:Drivers/STM32F1xx_HAL_Driver/Src/stm32f1xx_hal_pcd.c **** 
 1199              		.loc 1 2476 9 is_stmt 1 view .LVU387
2476:Drivers/STM32F1xx_HAL_Driver/Src/stm32f1xx_hal_pcd.c **** 
 1200              		.loc 1 2476 9 view .LVU388
 1201 017a 6278     		ldrb	r2, [r4, #1]	@ zero_extendqisi2
 1202              	.LVL114:
2476:Drivers/STM32F1xx_HAL_Driver/Src/stm32f1xx_hal_pcd.c **** 
 1203              		.loc 1 2476 9 is_stmt 0 view .LVU389
 1204 017c 002A     		cmp	r2, #0
 1205 017e 3FD1     		bne	.L64
2476:Drivers/STM32F1xx_HAL_Driver/Src/stm32f1xx_hal_pcd.c **** 
 1206              		.loc 1 2476 9 is_stmt 1 discriminator 1 view .LVU390
 1207              	.LBB16:
2476:Drivers/STM32F1xx_HAL_Driver/Src/stm32f1xx_hal_pcd.c **** 
 1208              		.loc 1 2476 9 discriminator 1 view .LVU391
 1209 0180 2A68     		ldr	r2, [r5]
ARM GAS  /tmp/ccdzNYOe.s 			page 71


 1210              	.LVL115:
2476:Drivers/STM32F1xx_HAL_Driver/Src/stm32f1xx_hal_pcd.c **** 
 1211              		.loc 1 2476 9 view .LVU392
2476:Drivers/STM32F1xx_HAL_Driver/Src/stm32f1xx_hal_pcd.c **** 
 1212              		.loc 1 2476 9 view .LVU393
2476:Drivers/STM32F1xx_HAL_Driver/Src/stm32f1xx_hal_pcd.c **** 
 1213              		.loc 1 2476 9 is_stmt 0 discriminator 1 view .LVU394
 1214 0182 B2F85010 		ldrh	r1, [r2, #80]
 1215 0186 89B2     		uxth	r1, r1
 1216 0188 0A44     		add	r2, r2, r1
 1217              	.LVL116:
2476:Drivers/STM32F1xx_HAL_Driver/Src/stm32f1xx_hal_pcd.c **** 
 1218              		.loc 1 2476 9 is_stmt 1 view .LVU395
2476:Drivers/STM32F1xx_HAL_Driver/Src/stm32f1xx_hal_pcd.c **** 
 1219              		.loc 1 2476 9 is_stmt 0 discriminator 1 view .LVU396
 1220 018a 2178     		ldrb	r1, [r4]	@ zero_extendqisi2
 1221 018c 02EB0112 		add	r2, r2, r1, lsl #4
 1222              	.LVL117:
2476:Drivers/STM32F1xx_HAL_Driver/Src/stm32f1xx_hal_pcd.c **** 
 1223              		.loc 1 2476 9 is_stmt 1 view .LVU397
 1224              	.LBB17:
2476:Drivers/STM32F1xx_HAL_Driver/Src/stm32f1xx_hal_pcd.c **** 
 1225              		.loc 1 2476 9 view .LVU398
2476:Drivers/STM32F1xx_HAL_Driver/Src/stm32f1xx_hal_pcd.c **** 
 1226              		.loc 1 2476 9 view .LVU399
2476:Drivers/STM32F1xx_HAL_Driver/Src/stm32f1xx_hal_pcd.c **** 
 1227              		.loc 1 2476 9 is_stmt 0 discriminator 1 view .LVU400
 1228 0190 EBB9     		cbnz	r3, .L65
2476:Drivers/STM32F1xx_HAL_Driver/Src/stm32f1xx_hal_pcd.c **** 
 1229              		.loc 1 2476 9 is_stmt 1 discriminator 3 view .LVU401
 1230 0192 B2F80414 		ldrh	r1, [r2, #1028]
 1231 0196 89B2     		uxth	r1, r1
 1232 0198 21F4F841 		bic	r1, r1, #31744
 1233 019c 89B2     		uxth	r1, r1
 1234 019e A2F80414 		strh	r1, [r2, #1028]	@ movhi
2476:Drivers/STM32F1xx_HAL_Driver/Src/stm32f1xx_hal_pcd.c **** 
 1235              		.loc 1 2476 9 view .LVU402
2476:Drivers/STM32F1xx_HAL_Driver/Src/stm32f1xx_hal_pcd.c **** 
 1236              		.loc 1 2476 9 is_stmt 0 discriminator 3 view .LVU403
 1237 01a2 B2F80414 		ldrh	r1, [r2, #1028]
 1238 01a6 6FEA4141 		mvn	r1, r1, lsl #17
 1239 01aa 6FEA5141 		mvn	r1, r1, lsr #17
 1240 01ae 89B2     		uxth	r1, r1
 1241 01b0 A2F80414 		strh	r1, [r2, #1028]	@ movhi
 1242 01b4 26E0     		b	.L66
 1243              	.LVL118:
 1244              	.L61:
2476:Drivers/STM32F1xx_HAL_Driver/Src/stm32f1xx_hal_pcd.c **** 
 1245              		.loc 1 2476 9 discriminator 3 view .LVU404
 1246              	.LBE17:
 1247              	.LBE16:
2462:Drivers/STM32F1xx_HAL_Driver/Src/stm32f1xx_hal_pcd.c ****         {
 1248              		.loc 1 2462 14 is_stmt 1 view .LVU405
2462:Drivers/STM32F1xx_HAL_Driver/Src/stm32f1xx_hal_pcd.c ****         {
 1249              		.loc 1 2462 17 is_stmt 0 view .LVU406
 1250 01b6 21B9     		cbnz	r1, .L63
2464:Drivers/STM32F1xx_HAL_Driver/Src/stm32f1xx_hal_pcd.c ****           ep->xfer_fill_db = 0U;
ARM GAS  /tmp/ccdzNYOe.s 			page 72


 1251              		.loc 1 2464 11 is_stmt 1 view .LVU407
 1252              	.LVL119:
2465:Drivers/STM32F1xx_HAL_Driver/Src/stm32f1xx_hal_pcd.c ****         }
 1253              		.loc 1 2465 11 view .LVU408
2465:Drivers/STM32F1xx_HAL_Driver/Src/stm32f1xx_hal_pcd.c ****         }
 1254              		.loc 1 2465 28 is_stmt 0 view .LVU409
 1255 01b8 0023     		movs	r3, #0
 1256 01ba 84F82430 		strb	r3, [r4, #36]
2464:Drivers/STM32F1xx_HAL_Driver/Src/stm32f1xx_hal_pcd.c ****           ep->xfer_fill_db = 0U;
 1257              		.loc 1 2464 15 view .LVU410
 1258 01be 1346     		mov	r3, r2
 1259 01c0 DBE7     		b	.L62
 1260              	.LVL120:
 1261              	.L63:
2469:Drivers/STM32F1xx_HAL_Driver/Src/stm32f1xx_hal_pcd.c ****           len = ep->xfer_len_db;
 1262              		.loc 1 2469 11 is_stmt 1 view .LVU411
2469:Drivers/STM32F1xx_HAL_Driver/Src/stm32f1xx_hal_pcd.c ****           len = ep->xfer_len_db;
 1263              		.loc 1 2469 28 is_stmt 0 view .LVU412
 1264 01c2 0023     		movs	r3, #0
 1265 01c4 84F82430 		strb	r3, [r4, #36]
2470:Drivers/STM32F1xx_HAL_Driver/Src/stm32f1xx_hal_pcd.c ****           ep->xfer_len_db = 0U;
 1266              		.loc 1 2470 11 is_stmt 1 view .LVU413
 1267              	.LVL121:
2471:Drivers/STM32F1xx_HAL_Driver/Src/stm32f1xx_hal_pcd.c ****         }
 1268              		.loc 1 2471 11 view .LVU414
2471:Drivers/STM32F1xx_HAL_Driver/Src/stm32f1xx_hal_pcd.c ****         }
 1269              		.loc 1 2471 27 is_stmt 0 view .LVU415
 1270 01c8 2362     		str	r3, [r4, #32]
2470:Drivers/STM32F1xx_HAL_Driver/Src/stm32f1xx_hal_pcd.c ****           ep->xfer_len_db = 0U;
 1271              		.loc 1 2470 15 view .LVU416
 1272 01ca 0B46     		mov	r3, r1
 1273 01cc D5E7     		b	.L62
 1274              	.LVL122:
 1275              	.L65:
 1276              	.LBB19:
 1277              	.LBB18:
2476:Drivers/STM32F1xx_HAL_Driver/Src/stm32f1xx_hal_pcd.c **** 
 1278              		.loc 1 2476 9 is_stmt 1 discriminator 4 view .LVU417
 1279 01ce 3E2B     		cmp	r3, #62
 1280 01d0 09D8     		bhi	.L67
2476:Drivers/STM32F1xx_HAL_Driver/Src/stm32f1xx_hal_pcd.c **** 
 1281              		.loc 1 2476 9 discriminator 6 view .LVU418
2476:Drivers/STM32F1xx_HAL_Driver/Src/stm32f1xx_hal_pcd.c **** 
 1282              		.loc 1 2476 9 discriminator 6 view .LVU419
 1283 01d2 5908     		lsrs	r1, r3, #1
 1284              	.LVL123:
2476:Drivers/STM32F1xx_HAL_Driver/Src/stm32f1xx_hal_pcd.c **** 
 1285              		.loc 1 2476 9 view .LVU420
2476:Drivers/STM32F1xx_HAL_Driver/Src/stm32f1xx_hal_pcd.c **** 
 1286              		.loc 1 2476 9 is_stmt 0 discriminator 6 view .LVU421
 1287 01d4 13F0010F 		tst	r3, #1
 1288 01d8 00D0     		beq	.L68
2476:Drivers/STM32F1xx_HAL_Driver/Src/stm32f1xx_hal_pcd.c **** 
 1289              		.loc 1 2476 9 is_stmt 1 discriminator 8 view .LVU422
 1290 01da 0131     		adds	r1, r1, #1
 1291              	.LVL124:
 1292              	.L68:
ARM GAS  /tmp/ccdzNYOe.s 			page 73


2476:Drivers/STM32F1xx_HAL_Driver/Src/stm32f1xx_hal_pcd.c **** 
 1293              		.loc 1 2476 9 discriminator 10 view .LVU423
 1294 01dc 8902     		lsls	r1, r1, #10
 1295              	.LVL125:
2476:Drivers/STM32F1xx_HAL_Driver/Src/stm32f1xx_hal_pcd.c **** 
 1296              		.loc 1 2476 9 is_stmt 0 discriminator 10 view .LVU424
 1297 01de 89B2     		uxth	r1, r1
 1298 01e0 A2F80414 		strh	r1, [r2, #1028]	@ movhi
2476:Drivers/STM32F1xx_HAL_Driver/Src/stm32f1xx_hal_pcd.c **** 
 1299              		.loc 1 2476 9 is_stmt 1 view .LVU425
 1300 01e4 0EE0     		b	.L66
 1301              	.LVL126:
 1302              	.L67:
2476:Drivers/STM32F1xx_HAL_Driver/Src/stm32f1xx_hal_pcd.c **** 
 1303              		.loc 1 2476 9 discriminator 7 view .LVU426
2476:Drivers/STM32F1xx_HAL_Driver/Src/stm32f1xx_hal_pcd.c **** 
 1304              		.loc 1 2476 9 discriminator 7 view .LVU427
 1305 01e6 5909     		lsrs	r1, r3, #5
 1306              	.LVL127:
2476:Drivers/STM32F1xx_HAL_Driver/Src/stm32f1xx_hal_pcd.c **** 
 1307              		.loc 1 2476 9 view .LVU428
2476:Drivers/STM32F1xx_HAL_Driver/Src/stm32f1xx_hal_pcd.c **** 
 1308              		.loc 1 2476 9 is_stmt 0 discriminator 7 view .LVU429
 1309 01e8 13F01F0F 		tst	r3, #31
 1310 01ec 00D1     		bne	.L69
2476:Drivers/STM32F1xx_HAL_Driver/Src/stm32f1xx_hal_pcd.c **** 
 1311              		.loc 1 2476 9 is_stmt 1 discriminator 12 view .LVU430
 1312 01ee 0139     		subs	r1, r1, #1
 1313              	.LVL128:
 1314              	.L69:
2476:Drivers/STM32F1xx_HAL_Driver/Src/stm32f1xx_hal_pcd.c **** 
 1315              		.loc 1 2476 9 discriminator 14 view .LVU431
 1316 01f0 6FEAC161 		mvn	r1, r1, lsl #27
 1317              	.LVL129:
2476:Drivers/STM32F1xx_HAL_Driver/Src/stm32f1xx_hal_pcd.c **** 
 1318              		.loc 1 2476 9 is_stmt 0 discriminator 14 view .LVU432
 1319 01f4 6FEA5141 		mvn	r1, r1, lsr #17
 1320 01f8 89B2     		uxth	r1, r1
 1321 01fa A2F80414 		strh	r1, [r2, #1028]	@ movhi
2476:Drivers/STM32F1xx_HAL_Driver/Src/stm32f1xx_hal_pcd.c **** 
 1322              		.loc 1 2476 9 discriminator 14 view .LVU433
 1323 01fe 01E0     		b	.L66
 1324              	.LVL130:
 1325              	.L64:
2476:Drivers/STM32F1xx_HAL_Driver/Src/stm32f1xx_hal_pcd.c **** 
 1326              		.loc 1 2476 9 discriminator 14 view .LVU434
 1327              	.LBE18:
 1328              	.LBE19:
2476:Drivers/STM32F1xx_HAL_Driver/Src/stm32f1xx_hal_pcd.c **** 
 1329              		.loc 1 2476 9 is_stmt 1 discriminator 2 view .LVU435
 1330 0200 012A     		cmp	r2, #1
 1331 0202 06D0     		beq	.L89
 1332              	.L66:
2476:Drivers/STM32F1xx_HAL_Driver/Src/stm32f1xx_hal_pcd.c **** 
 1333              		.loc 1 2476 9 discriminator 18 view .LVU436
2476:Drivers/STM32F1xx_HAL_Driver/Src/stm32f1xx_hal_pcd.c **** 
 1334              		.loc 1 2476 9 discriminator 18 view .LVU437
ARM GAS  /tmp/ccdzNYOe.s 			page 74


2479:Drivers/STM32F1xx_HAL_Driver/Src/stm32f1xx_hal_pcd.c ****       }
 1335              		.loc 1 2479 9 view .LVU438
 1336 0204 9BB2     		uxth	r3, r3
 1337              	.LVL131:
2479:Drivers/STM32F1xx_HAL_Driver/Src/stm32f1xx_hal_pcd.c ****       }
 1338              		.loc 1 2479 9 is_stmt 0 view .LVU439
 1339 0206 2289     		ldrh	r2, [r4, #8]
 1340 0208 6169     		ldr	r1, [r4, #20]
 1341 020a 2868     		ldr	r0, [r5]
 1342 020c FFF7FEFF 		bl	USB_WritePMA
 1343              	.LVL132:
 1344 0210 94E7     		b	.L59
 1345              	.LVL133:
 1346              	.L89:
2476:Drivers/STM32F1xx_HAL_Driver/Src/stm32f1xx_hal_pcd.c **** 
 1347              		.loc 1 2476 9 is_stmt 1 discriminator 16 view .LVU440
 1348              	.LBB20:
2476:Drivers/STM32F1xx_HAL_Driver/Src/stm32f1xx_hal_pcd.c **** 
 1349              		.loc 1 2476 9 discriminator 16 view .LVU441
 1350 0212 2A68     		ldr	r2, [r5]
 1351              	.LVL134:
2476:Drivers/STM32F1xx_HAL_Driver/Src/stm32f1xx_hal_pcd.c **** 
 1352              		.loc 1 2476 9 view .LVU442
2476:Drivers/STM32F1xx_HAL_Driver/Src/stm32f1xx_hal_pcd.c **** 
 1353              		.loc 1 2476 9 view .LVU443
2476:Drivers/STM32F1xx_HAL_Driver/Src/stm32f1xx_hal_pcd.c **** 
 1354              		.loc 1 2476 9 is_stmt 0 discriminator 16 view .LVU444
 1355 0214 B2F85010 		ldrh	r1, [r2, #80]
 1356 0218 89B2     		uxth	r1, r1
 1357 021a 0A44     		add	r2, r2, r1
 1358              	.LVL135:
2476:Drivers/STM32F1xx_HAL_Driver/Src/stm32f1xx_hal_pcd.c **** 
 1359              		.loc 1 2476 9 is_stmt 1 view .LVU445
2476:Drivers/STM32F1xx_HAL_Driver/Src/stm32f1xx_hal_pcd.c **** 
 1360              		.loc 1 2476 9 is_stmt 0 discriminator 16 view .LVU446
 1361 021c 2178     		ldrb	r1, [r4]	@ zero_extendqisi2
 1362 021e 02EB0112 		add	r2, r2, r1, lsl #4
 1363              	.LVL136:
2476:Drivers/STM32F1xx_HAL_Driver/Src/stm32f1xx_hal_pcd.c **** 
 1364              		.loc 1 2476 9 is_stmt 1 view .LVU447
2476:Drivers/STM32F1xx_HAL_Driver/Src/stm32f1xx_hal_pcd.c **** 
 1365              		.loc 1 2476 9 is_stmt 0 discriminator 16 view .LVU448
 1366 0222 99B2     		uxth	r1, r3
 1367 0224 A2F80414 		strh	r1, [r2, #1028]	@ movhi
2476:Drivers/STM32F1xx_HAL_Driver/Src/stm32f1xx_hal_pcd.c **** 
 1368              		.loc 1 2476 9 discriminator 16 view .LVU449
 1369 0228 ECE7     		b	.L66
 1370              	.LVL137:
 1371              	.L51:
2476:Drivers/STM32F1xx_HAL_Driver/Src/stm32f1xx_hal_pcd.c **** 
 1372              		.loc 1 2476 9 discriminator 16 view .LVU450
 1373              	.LBE20:
2486:Drivers/STM32F1xx_HAL_Driver/Src/stm32f1xx_hal_pcd.c **** 
 1374              		.loc 1 2486 5 is_stmt 1 view .LVU451
2486:Drivers/STM32F1xx_HAL_Driver/Src/stm32f1xx_hal_pcd.c **** 
 1375              		.loc 1 2486 28 is_stmt 0 view .LVU452
 1376 022a 0268     		ldr	r2, [r0]
ARM GAS  /tmp/ccdzNYOe.s 			page 75


 1377              	.LVL138:
2486:Drivers/STM32F1xx_HAL_Driver/Src/stm32f1xx_hal_pcd.c **** 
 1378              		.loc 1 2486 28 view .LVU453
 1379 022c B2F85030 		ldrh	r3, [r2, #80]
 1380 0230 9BB2     		uxth	r3, r3
 1381 0232 0978     		ldrb	r1, [r1]	@ zero_extendqisi2
 1382              	.LVL139:
2486:Drivers/STM32F1xx_HAL_Driver/Src/stm32f1xx_hal_pcd.c **** 
 1383              		.loc 1 2486 28 view .LVU454
 1384 0234 03EBC103 		add	r3, r3, r1, lsl #3
 1385 0238 0633     		adds	r3, r3, #6
 1386 023a 02EB4302 		add	r2, r2, r3, lsl #1
 1387 023e B2F80024 		ldrh	r2, [r2, #1024]
2486:Drivers/STM32F1xx_HAL_Driver/Src/stm32f1xx_hal_pcd.c **** 
 1388              		.loc 1 2486 16 view .LVU455
 1389 0242 C2F30902 		ubfx	r2, r2, #0, #10
 1390              	.LVL140:
2488:Drivers/STM32F1xx_HAL_Driver/Src/stm32f1xx_hal_pcd.c ****     {
 1391              		.loc 1 2488 5 is_stmt 1 view .LVU456
2488:Drivers/STM32F1xx_HAL_Driver/Src/stm32f1xx_hal_pcd.c ****     {
 1392              		.loc 1 2488 11 is_stmt 0 view .LVU457
 1393 0246 A369     		ldr	r3, [r4, #24]
2488:Drivers/STM32F1xx_HAL_Driver/Src/stm32f1xx_hal_pcd.c ****     {
 1394              		.loc 1 2488 8 view .LVU458
 1395 0248 9342     		cmp	r3, r2
 1396 024a 53D3     		bcc	.L70
2490:Drivers/STM32F1xx_HAL_Driver/Src/stm32f1xx_hal_pcd.c ****     }
 1397              		.loc 1 2490 7 is_stmt 1 view .LVU459
2490:Drivers/STM32F1xx_HAL_Driver/Src/stm32f1xx_hal_pcd.c ****     }
 1398              		.loc 1 2490 20 is_stmt 0 view .LVU460
 1399 024c 9B1A     		subs	r3, r3, r2
 1400 024e A361     		str	r3, [r4, #24]
 1401              	.L71:
2498:Drivers/STM32F1xx_HAL_Driver/Src/stm32f1xx_hal_pcd.c ****     {
 1402              		.loc 1 2498 5 is_stmt 1 view .LVU461
2498:Drivers/STM32F1xx_HAL_Driver/Src/stm32f1xx_hal_pcd.c ****     {
 1403              		.loc 1 2498 11 is_stmt 0 view .LVU462
 1404 0250 A369     		ldr	r3, [r4, #24]
2498:Drivers/STM32F1xx_HAL_Driver/Src/stm32f1xx_hal_pcd.c ****     {
 1405              		.loc 1 2498 8 view .LVU463
 1406 0252 002B     		cmp	r3, #0
 1407 0254 6BD1     		bne	.L72
2500:Drivers/STM32F1xx_HAL_Driver/Src/stm32f1xx_hal_pcd.c ****       PCD_SET_EP_DBUF1_CNT(hpcd->Instance, ep->num, ep->is_in, 0U);
 1408              		.loc 1 2500 7 is_stmt 1 view .LVU464
2500:Drivers/STM32F1xx_HAL_Driver/Src/stm32f1xx_hal_pcd.c ****       PCD_SET_EP_DBUF1_CNT(hpcd->Instance, ep->num, ep->is_in, 0U);
 1409              		.loc 1 2500 7 view .LVU465
 1410 0256 6378     		ldrb	r3, [r4, #1]	@ zero_extendqisi2
 1411 0258 002B     		cmp	r3, #0
 1412 025a 4ED1     		bne	.L73
2500:Drivers/STM32F1xx_HAL_Driver/Src/stm32f1xx_hal_pcd.c ****       PCD_SET_EP_DBUF1_CNT(hpcd->Instance, ep->num, ep->is_in, 0U);
 1413              		.loc 1 2500 7 discriminator 1 view .LVU466
 1414              	.LBB21:
2500:Drivers/STM32F1xx_HAL_Driver/Src/stm32f1xx_hal_pcd.c ****       PCD_SET_EP_DBUF1_CNT(hpcd->Instance, ep->num, ep->is_in, 0U);
 1415              		.loc 1 2500 7 discriminator 1 view .LVU467
 1416 025c 2B68     		ldr	r3, [r5]
 1417              	.LVL141:
2500:Drivers/STM32F1xx_HAL_Driver/Src/stm32f1xx_hal_pcd.c ****       PCD_SET_EP_DBUF1_CNT(hpcd->Instance, ep->num, ep->is_in, 0U);
ARM GAS  /tmp/ccdzNYOe.s 			page 76


 1418              		.loc 1 2500 7 view .LVU468
2500:Drivers/STM32F1xx_HAL_Driver/Src/stm32f1xx_hal_pcd.c ****       PCD_SET_EP_DBUF1_CNT(hpcd->Instance, ep->num, ep->is_in, 0U);
 1419              		.loc 1 2500 7 view .LVU469
2500:Drivers/STM32F1xx_HAL_Driver/Src/stm32f1xx_hal_pcd.c ****       PCD_SET_EP_DBUF1_CNT(hpcd->Instance, ep->num, ep->is_in, 0U);
 1420              		.loc 1 2500 7 is_stmt 0 discriminator 1 view .LVU470
 1421 025e B3F85020 		ldrh	r2, [r3, #80]
 1422              	.LVL142:
2500:Drivers/STM32F1xx_HAL_Driver/Src/stm32f1xx_hal_pcd.c ****       PCD_SET_EP_DBUF1_CNT(hpcd->Instance, ep->num, ep->is_in, 0U);
 1423              		.loc 1 2500 7 discriminator 1 view .LVU471
 1424 0262 92B2     		uxth	r2, r2
 1425 0264 1344     		add	r3, r3, r2
 1426              	.LVL143:
2500:Drivers/STM32F1xx_HAL_Driver/Src/stm32f1xx_hal_pcd.c ****       PCD_SET_EP_DBUF1_CNT(hpcd->Instance, ep->num, ep->is_in, 0U);
 1427              		.loc 1 2500 7 is_stmt 1 view .LVU472
2500:Drivers/STM32F1xx_HAL_Driver/Src/stm32f1xx_hal_pcd.c ****       PCD_SET_EP_DBUF1_CNT(hpcd->Instance, ep->num, ep->is_in, 0U);
 1428              		.loc 1 2500 7 is_stmt 0 discriminator 1 view .LVU473
 1429 0266 03EB0113 		add	r3, r3, r1, lsl #4
 1430              	.LVL144:
2500:Drivers/STM32F1xx_HAL_Driver/Src/stm32f1xx_hal_pcd.c ****       PCD_SET_EP_DBUF1_CNT(hpcd->Instance, ep->num, ep->is_in, 0U);
 1431              		.loc 1 2500 7 is_stmt 1 view .LVU474
 1432              	.LBB22:
2500:Drivers/STM32F1xx_HAL_Driver/Src/stm32f1xx_hal_pcd.c ****       PCD_SET_EP_DBUF1_CNT(hpcd->Instance, ep->num, ep->is_in, 0U);
 1433              		.loc 1 2500 7 view .LVU475
2500:Drivers/STM32F1xx_HAL_Driver/Src/stm32f1xx_hal_pcd.c ****       PCD_SET_EP_DBUF1_CNT(hpcd->Instance, ep->num, ep->is_in, 0U);
 1434              		.loc 1 2500 7 view .LVU476
2500:Drivers/STM32F1xx_HAL_Driver/Src/stm32f1xx_hal_pcd.c ****       PCD_SET_EP_DBUF1_CNT(hpcd->Instance, ep->num, ep->is_in, 0U);
 1435              		.loc 1 2500 7 discriminator 3 view .LVU477
 1436 026a B3F80424 		ldrh	r2, [r3, #1028]
 1437              	.LVL145:
2500:Drivers/STM32F1xx_HAL_Driver/Src/stm32f1xx_hal_pcd.c ****       PCD_SET_EP_DBUF1_CNT(hpcd->Instance, ep->num, ep->is_in, 0U);
 1438              		.loc 1 2500 7 is_stmt 0 discriminator 3 view .LVU478
 1439 026e 92B2     		uxth	r2, r2
 1440 0270 22F4F842 		bic	r2, r2, #31744
 1441 0274 92B2     		uxth	r2, r2
 1442 0276 A3F80424 		strh	r2, [r3, #1028]	@ movhi
2500:Drivers/STM32F1xx_HAL_Driver/Src/stm32f1xx_hal_pcd.c ****       PCD_SET_EP_DBUF1_CNT(hpcd->Instance, ep->num, ep->is_in, 0U);
 1443              		.loc 1 2500 7 is_stmt 1 view .LVU479
2500:Drivers/STM32F1xx_HAL_Driver/Src/stm32f1xx_hal_pcd.c ****       PCD_SET_EP_DBUF1_CNT(hpcd->Instance, ep->num, ep->is_in, 0U);
 1444              		.loc 1 2500 7 is_stmt 0 discriminator 3 view .LVU480
 1445 027a B3F80424 		ldrh	r2, [r3, #1028]
 1446 027e 6FEA4242 		mvn	r2, r2, lsl #17
 1447 0282 6FEA5242 		mvn	r2, r2, lsr #17
 1448 0286 92B2     		uxth	r2, r2
 1449 0288 A3F80424 		strh	r2, [r3, #1028]	@ movhi
2500:Drivers/STM32F1xx_HAL_Driver/Src/stm32f1xx_hal_pcd.c ****       PCD_SET_EP_DBUF1_CNT(hpcd->Instance, ep->num, ep->is_in, 0U);
 1450              		.loc 1 2500 7 is_stmt 1 discriminator 15 view .LVU481
 1451              	.LBE22:
2500:Drivers/STM32F1xx_HAL_Driver/Src/stm32f1xx_hal_pcd.c ****       PCD_SET_EP_DBUF1_CNT(hpcd->Instance, ep->num, ep->is_in, 0U);
 1452              		.loc 1 2500 7 discriminator 15 view .LVU482
 1453              	.LBE21:
2500:Drivers/STM32F1xx_HAL_Driver/Src/stm32f1xx_hal_pcd.c ****       PCD_SET_EP_DBUF1_CNT(hpcd->Instance, ep->num, ep->is_in, 0U);
 1454              		.loc 1 2500 7 discriminator 15 view .LVU483
 1455              	.LVL146:
 1456              	.L74:
2500:Drivers/STM32F1xx_HAL_Driver/Src/stm32f1xx_hal_pcd.c ****       PCD_SET_EP_DBUF1_CNT(hpcd->Instance, ep->num, ep->is_in, 0U);
 1457              		.loc 1 2500 7 discriminator 18 view .LVU484
2500:Drivers/STM32F1xx_HAL_Driver/Src/stm32f1xx_hal_pcd.c ****       PCD_SET_EP_DBUF1_CNT(hpcd->Instance, ep->num, ep->is_in, 0U);
ARM GAS  /tmp/ccdzNYOe.s 			page 77


 1458              		.loc 1 2500 7 discriminator 18 view .LVU485
2501:Drivers/STM32F1xx_HAL_Driver/Src/stm32f1xx_hal_pcd.c **** 
 1459              		.loc 1 2501 7 view .LVU486
 1460              	.LBB23:
2501:Drivers/STM32F1xx_HAL_Driver/Src/stm32f1xx_hal_pcd.c **** 
 1461              		.loc 1 2501 7 view .LVU487
 1462 028c 2B68     		ldr	r3, [r5]
 1463              	.LVL147:
2501:Drivers/STM32F1xx_HAL_Driver/Src/stm32f1xx_hal_pcd.c **** 
 1464              		.loc 1 2501 7 view .LVU488
2501:Drivers/STM32F1xx_HAL_Driver/Src/stm32f1xx_hal_pcd.c **** 
 1465              		.loc 1 2501 7 view .LVU489
 1466 028e 6278     		ldrb	r2, [r4, #1]	@ zero_extendqisi2
 1467 0290 002A     		cmp	r2, #0
 1468 0292 3FD1     		bne	.L75
2501:Drivers/STM32F1xx_HAL_Driver/Src/stm32f1xx_hal_pcd.c **** 
 1469              		.loc 1 2501 7 discriminator 1 view .LVU490
 1470              	.LBB24:
2501:Drivers/STM32F1xx_HAL_Driver/Src/stm32f1xx_hal_pcd.c **** 
 1471              		.loc 1 2501 7 discriminator 1 view .LVU491
 1472              	.LVL148:
2501:Drivers/STM32F1xx_HAL_Driver/Src/stm32f1xx_hal_pcd.c **** 
 1473              		.loc 1 2501 7 view .LVU492
2501:Drivers/STM32F1xx_HAL_Driver/Src/stm32f1xx_hal_pcd.c **** 
 1474              		.loc 1 2501 7 view .LVU493
2501:Drivers/STM32F1xx_HAL_Driver/Src/stm32f1xx_hal_pcd.c **** 
 1475              		.loc 1 2501 7 is_stmt 0 discriminator 1 view .LVU494
 1476 0294 B3F85020 		ldrh	r2, [r3, #80]
 1477 0298 92B2     		uxth	r2, r2
 1478 029a 1344     		add	r3, r3, r2
 1479              	.LVL149:
2501:Drivers/STM32F1xx_HAL_Driver/Src/stm32f1xx_hal_pcd.c **** 
 1480              		.loc 1 2501 7 is_stmt 1 view .LVU495
2501:Drivers/STM32F1xx_HAL_Driver/Src/stm32f1xx_hal_pcd.c **** 
 1481              		.loc 1 2501 7 is_stmt 0 discriminator 1 view .LVU496
 1482 029c 2278     		ldrb	r2, [r4]	@ zero_extendqisi2
 1483 029e 03EB0213 		add	r3, r3, r2, lsl #4
 1484              	.LVL150:
2501:Drivers/STM32F1xx_HAL_Driver/Src/stm32f1xx_hal_pcd.c **** 
 1485              		.loc 1 2501 7 is_stmt 1 view .LVU497
 1486              	.LBB25:
2501:Drivers/STM32F1xx_HAL_Driver/Src/stm32f1xx_hal_pcd.c **** 
 1487              		.loc 1 2501 7 view .LVU498
2501:Drivers/STM32F1xx_HAL_Driver/Src/stm32f1xx_hal_pcd.c **** 
 1488              		.loc 1 2501 7 view .LVU499
2501:Drivers/STM32F1xx_HAL_Driver/Src/stm32f1xx_hal_pcd.c **** 
 1489              		.loc 1 2501 7 discriminator 3 view .LVU500
 1490 02a2 B3F80C24 		ldrh	r2, [r3, #1036]
 1491 02a6 92B2     		uxth	r2, r2
 1492 02a8 22F4F842 		bic	r2, r2, #31744
 1493 02ac 92B2     		uxth	r2, r2
 1494 02ae A3F80C24 		strh	r2, [r3, #1036]	@ movhi
 1495              	.LVL151:
2501:Drivers/STM32F1xx_HAL_Driver/Src/stm32f1xx_hal_pcd.c **** 
 1496              		.loc 1 2501 7 view .LVU501
2501:Drivers/STM32F1xx_HAL_Driver/Src/stm32f1xx_hal_pcd.c **** 
 1497              		.loc 1 2501 7 is_stmt 0 discriminator 3 view .LVU502
ARM GAS  /tmp/ccdzNYOe.s 			page 78


 1498 02b2 B3F80C24 		ldrh	r2, [r3, #1036]
 1499 02b6 6FEA4242 		mvn	r2, r2, lsl #17
 1500 02ba 6FEA5242 		mvn	r2, r2, lsr #17
 1501 02be 92B2     		uxth	r2, r2
 1502 02c0 A3F80C24 		strh	r2, [r3, #1036]	@ movhi
2501:Drivers/STM32F1xx_HAL_Driver/Src/stm32f1xx_hal_pcd.c **** 
 1503              		.loc 1 2501 7 is_stmt 1 discriminator 15 view .LVU503
 1504              	.LBE25:
2501:Drivers/STM32F1xx_HAL_Driver/Src/stm32f1xx_hal_pcd.c **** 
 1505              		.loc 1 2501 7 discriminator 15 view .LVU504
 1506              	.LBE24:
2501:Drivers/STM32F1xx_HAL_Driver/Src/stm32f1xx_hal_pcd.c **** 
 1507              		.loc 1 2501 7 discriminator 15 view .LVU505
 1508              	.LVL152:
 1509              	.L76:
2501:Drivers/STM32F1xx_HAL_Driver/Src/stm32f1xx_hal_pcd.c **** 
 1510              		.loc 1 2501 7 is_stmt 0 discriminator 15 view .LVU506
 1511              	.LBE23:
2501:Drivers/STM32F1xx_HAL_Driver/Src/stm32f1xx_hal_pcd.c **** 
 1512              		.loc 1 2501 7 is_stmt 1 discriminator 18 view .LVU507
2507:Drivers/STM32F1xx_HAL_Driver/Src/stm32f1xx_hal_pcd.c **** #endif /* USE_HAL_PCD_REGISTER_CALLBACKS */
 1513              		.loc 1 2507 7 view .LVU508
 1514 02c4 2178     		ldrb	r1, [r4]	@ zero_extendqisi2
 1515 02c6 2846     		mov	r0, r5
 1516              	.LVL153:
2507:Drivers/STM32F1xx_HAL_Driver/Src/stm32f1xx_hal_pcd.c **** #endif /* USE_HAL_PCD_REGISTER_CALLBACKS */
 1517              		.loc 1 2507 7 is_stmt 0 view .LVU509
 1518 02c8 FFF7FEFF 		bl	HAL_PCD_DataInStageCallback
 1519              	.LVL154:
2511:Drivers/STM32F1xx_HAL_Driver/Src/stm32f1xx_hal_pcd.c ****       {
 1520              		.loc 1 2511 7 is_stmt 1 view .LVU510
2511:Drivers/STM32F1xx_HAL_Driver/Src/stm32f1xx_hal_pcd.c ****       {
 1521              		.loc 1 2511 10 is_stmt 0 view .LVU511
 1522 02cc 16F4804F 		tst	r6, #16384
 1523 02d0 7FF434AF 		bne	.L59
2513:Drivers/STM32F1xx_HAL_Driver/Src/stm32f1xx_hal_pcd.c ****       }
 1524              		.loc 1 2513 9 is_stmt 1 view .LVU512
2513:Drivers/STM32F1xx_HAL_Driver/Src/stm32f1xx_hal_pcd.c ****       }
 1525              		.loc 1 2513 9 view .LVU513
2513:Drivers/STM32F1xx_HAL_Driver/Src/stm32f1xx_hal_pcd.c ****       }
 1526              		.loc 1 2513 9 discriminator 2 view .LVU514
2513:Drivers/STM32F1xx_HAL_Driver/Src/stm32f1xx_hal_pcd.c ****       }
 1527              		.loc 1 2513 9 discriminator 4 view .LVU515
 1528              	.LBB26:
2513:Drivers/STM32F1xx_HAL_Driver/Src/stm32f1xx_hal_pcd.c ****       }
 1529              		.loc 1 2513 9 discriminator 4 view .LVU516
2513:Drivers/STM32F1xx_HAL_Driver/Src/stm32f1xx_hal_pcd.c ****       }
 1530              		.loc 1 2513 9 discriminator 4 view .LVU517
 1531 02d4 2A68     		ldr	r2, [r5]
 1532 02d6 2178     		ldrb	r1, [r4]	@ zero_extendqisi2
 1533 02d8 32F82130 		ldrh	r3, [r2, r1, lsl #2]
 1534 02dc 9BB2     		uxth	r3, r3
 1535 02de 23F4E043 		bic	r3, r3, #28672
 1536 02e2 23F07003 		bic	r3, r3, #112
 1537              	.LVL155:
2513:Drivers/STM32F1xx_HAL_Driver/Src/stm32f1xx_hal_pcd.c ****       }
 1538              		.loc 1 2513 9 view .LVU518
ARM GAS  /tmp/ccdzNYOe.s 			page 79


2513:Drivers/STM32F1xx_HAL_Driver/Src/stm32f1xx_hal_pcd.c ****       }
 1539              		.loc 1 2513 9 is_stmt 0 discriminator 4 view .LVU519
 1540 02e6 43F44043 		orr	r3, r3, #49152
 1541              	.LVL156:
2513:Drivers/STM32F1xx_HAL_Driver/Src/stm32f1xx_hal_pcd.c ****       }
 1542              		.loc 1 2513 9 discriminator 4 view .LVU520
 1543 02ea 43F08003 		orr	r3, r3, #128
 1544 02ee 22F82130 		strh	r3, [r2, r1, lsl #2]	@ movhi
 1545 02f2 23E7     		b	.L59
 1546              	.LVL157:
 1547              	.L70:
2513:Drivers/STM32F1xx_HAL_Driver/Src/stm32f1xx_hal_pcd.c ****       }
 1548              		.loc 1 2513 9 discriminator 4 view .LVU521
 1549              	.LBE26:
2494:Drivers/STM32F1xx_HAL_Driver/Src/stm32f1xx_hal_pcd.c ****     }
 1550              		.loc 1 2494 7 is_stmt 1 view .LVU522
2494:Drivers/STM32F1xx_HAL_Driver/Src/stm32f1xx_hal_pcd.c ****     }
 1551              		.loc 1 2494 20 is_stmt 0 view .LVU523
 1552 02f4 0023     		movs	r3, #0
 1553 02f6 A361     		str	r3, [r4, #24]
 1554 02f8 AAE7     		b	.L71
 1555              	.L73:
2500:Drivers/STM32F1xx_HAL_Driver/Src/stm32f1xx_hal_pcd.c ****       PCD_SET_EP_DBUF1_CNT(hpcd->Instance, ep->num, ep->is_in, 0U);
 1556              		.loc 1 2500 7 is_stmt 1 discriminator 2 view .LVU524
 1557 02fa 012B     		cmp	r3, #1
 1558 02fc C6D1     		bne	.L74
2500:Drivers/STM32F1xx_HAL_Driver/Src/stm32f1xx_hal_pcd.c ****       PCD_SET_EP_DBUF1_CNT(hpcd->Instance, ep->num, ep->is_in, 0U);
 1559              		.loc 1 2500 7 discriminator 16 view .LVU525
 1560              	.LBB27:
2500:Drivers/STM32F1xx_HAL_Driver/Src/stm32f1xx_hal_pcd.c ****       PCD_SET_EP_DBUF1_CNT(hpcd->Instance, ep->num, ep->is_in, 0U);
 1561              		.loc 1 2500 7 discriminator 16 view .LVU526
 1562 02fe 2B68     		ldr	r3, [r5]
 1563              	.LVL158:
2500:Drivers/STM32F1xx_HAL_Driver/Src/stm32f1xx_hal_pcd.c ****       PCD_SET_EP_DBUF1_CNT(hpcd->Instance, ep->num, ep->is_in, 0U);
 1564              		.loc 1 2500 7 view .LVU527
2500:Drivers/STM32F1xx_HAL_Driver/Src/stm32f1xx_hal_pcd.c ****       PCD_SET_EP_DBUF1_CNT(hpcd->Instance, ep->num, ep->is_in, 0U);
 1565              		.loc 1 2500 7 view .LVU528
2500:Drivers/STM32F1xx_HAL_Driver/Src/stm32f1xx_hal_pcd.c ****       PCD_SET_EP_DBUF1_CNT(hpcd->Instance, ep->num, ep->is_in, 0U);
 1566              		.loc 1 2500 7 is_stmt 0 discriminator 16 view .LVU529
 1567 0300 B3F85020 		ldrh	r2, [r3, #80]
 1568              	.LVL159:
2500:Drivers/STM32F1xx_HAL_Driver/Src/stm32f1xx_hal_pcd.c ****       PCD_SET_EP_DBUF1_CNT(hpcd->Instance, ep->num, ep->is_in, 0U);
 1569              		.loc 1 2500 7 discriminator 16 view .LVU530
 1570 0304 92B2     		uxth	r2, r2
 1571 0306 1344     		add	r3, r3, r2
 1572              	.LVL160:
2500:Drivers/STM32F1xx_HAL_Driver/Src/stm32f1xx_hal_pcd.c ****       PCD_SET_EP_DBUF1_CNT(hpcd->Instance, ep->num, ep->is_in, 0U);
 1573              		.loc 1 2500 7 is_stmt 1 view .LVU531
2500:Drivers/STM32F1xx_HAL_Driver/Src/stm32f1xx_hal_pcd.c ****       PCD_SET_EP_DBUF1_CNT(hpcd->Instance, ep->num, ep->is_in, 0U);
 1574              		.loc 1 2500 7 is_stmt 0 discriminator 16 view .LVU532
 1575 0308 03EB0113 		add	r3, r3, r1, lsl #4
 1576              	.LVL161:
2500:Drivers/STM32F1xx_HAL_Driver/Src/stm32f1xx_hal_pcd.c ****       PCD_SET_EP_DBUF1_CNT(hpcd->Instance, ep->num, ep->is_in, 0U);
 1577              		.loc 1 2500 7 is_stmt 1 view .LVU533
2500:Drivers/STM32F1xx_HAL_Driver/Src/stm32f1xx_hal_pcd.c ****       PCD_SET_EP_DBUF1_CNT(hpcd->Instance, ep->num, ep->is_in, 0U);
 1578              		.loc 1 2500 7 is_stmt 0 discriminator 16 view .LVU534
 1579 030c 0022     		movs	r2, #0
ARM GAS  /tmp/ccdzNYOe.s 			page 80


 1580              	.LVL162:
2500:Drivers/STM32F1xx_HAL_Driver/Src/stm32f1xx_hal_pcd.c ****       PCD_SET_EP_DBUF1_CNT(hpcd->Instance, ep->num, ep->is_in, 0U);
 1581              		.loc 1 2500 7 discriminator 16 view .LVU535
 1582 030e A3F80424 		strh	r2, [r3, #1028]	@ movhi
2500:Drivers/STM32F1xx_HAL_Driver/Src/stm32f1xx_hal_pcd.c ****       PCD_SET_EP_DBUF1_CNT(hpcd->Instance, ep->num, ep->is_in, 0U);
 1583              		.loc 1 2500 7 discriminator 16 view .LVU536
 1584 0312 BBE7     		b	.L74
 1585              	.LVL163:
 1586              	.L75:
2500:Drivers/STM32F1xx_HAL_Driver/Src/stm32f1xx_hal_pcd.c ****       PCD_SET_EP_DBUF1_CNT(hpcd->Instance, ep->num, ep->is_in, 0U);
 1587              		.loc 1 2500 7 discriminator 16 view .LVU537
 1588              	.LBE27:
 1589              	.LBB28:
2501:Drivers/STM32F1xx_HAL_Driver/Src/stm32f1xx_hal_pcd.c **** 
 1590              		.loc 1 2501 7 is_stmt 1 discriminator 2 view .LVU538
 1591 0314 012A     		cmp	r2, #1
 1592 0316 D5D1     		bne	.L76
2501:Drivers/STM32F1xx_HAL_Driver/Src/stm32f1xx_hal_pcd.c **** 
 1593              		.loc 1 2501 7 discriminator 16 view .LVU539
 1594 0318 B3F85020 		ldrh	r2, [r3, #80]
 1595 031c 92B2     		uxth	r2, r2
 1596 031e 1344     		add	r3, r3, r2
 1597              	.LVL164:
2501:Drivers/STM32F1xx_HAL_Driver/Src/stm32f1xx_hal_pcd.c **** 
 1598              		.loc 1 2501 7 view .LVU540
2501:Drivers/STM32F1xx_HAL_Driver/Src/stm32f1xx_hal_pcd.c **** 
 1599              		.loc 1 2501 7 is_stmt 0 discriminator 16 view .LVU541
 1600 0320 2278     		ldrb	r2, [r4]	@ zero_extendqisi2
 1601 0322 03EB0213 		add	r3, r3, r2, lsl #4
 1602              	.LVL165:
2501:Drivers/STM32F1xx_HAL_Driver/Src/stm32f1xx_hal_pcd.c **** 
 1603              		.loc 1 2501 7 is_stmt 1 view .LVU542
2501:Drivers/STM32F1xx_HAL_Driver/Src/stm32f1xx_hal_pcd.c **** 
 1604              		.loc 1 2501 7 is_stmt 0 discriminator 16 view .LVU543
 1605 0326 0022     		movs	r2, #0
 1606 0328 A3F80C24 		strh	r2, [r3, #1036]	@ movhi
2501:Drivers/STM32F1xx_HAL_Driver/Src/stm32f1xx_hal_pcd.c **** 
 1607              		.loc 1 2501 7 discriminator 16 view .LVU544
 1608 032c CAE7     		b	.L76
 1609              	.LVL166:
 1610              	.L72:
2501:Drivers/STM32F1xx_HAL_Driver/Src/stm32f1xx_hal_pcd.c **** 
 1611              		.loc 1 2501 7 discriminator 16 view .LVU545
 1612              	.LBE28:
2519:Drivers/STM32F1xx_HAL_Driver/Src/stm32f1xx_hal_pcd.c ****       {
 1613              		.loc 1 2519 7 is_stmt 1 view .LVU546
2519:Drivers/STM32F1xx_HAL_Driver/Src/stm32f1xx_hal_pcd.c ****       {
 1614              		.loc 1 2519 10 is_stmt 0 view .LVU547
 1615 032e 16F4804F 		tst	r6, #16384
 1616 0332 0DD1     		bne	.L77
2521:Drivers/STM32F1xx_HAL_Driver/Src/stm32f1xx_hal_pcd.c ****       }
 1617              		.loc 1 2521 9 is_stmt 1 view .LVU548
2521:Drivers/STM32F1xx_HAL_Driver/Src/stm32f1xx_hal_pcd.c ****       }
 1618              		.loc 1 2521 9 view .LVU549
2521:Drivers/STM32F1xx_HAL_Driver/Src/stm32f1xx_hal_pcd.c ****       }
 1619              		.loc 1 2521 9 discriminator 2 view .LVU550
2521:Drivers/STM32F1xx_HAL_Driver/Src/stm32f1xx_hal_pcd.c ****       }
ARM GAS  /tmp/ccdzNYOe.s 			page 81


 1620              		.loc 1 2521 9 discriminator 4 view .LVU551
 1621              	.LBB29:
2521:Drivers/STM32F1xx_HAL_Driver/Src/stm32f1xx_hal_pcd.c ****       }
 1622              		.loc 1 2521 9 discriminator 4 view .LVU552
2521:Drivers/STM32F1xx_HAL_Driver/Src/stm32f1xx_hal_pcd.c ****       }
 1623              		.loc 1 2521 9 discriminator 4 view .LVU553
 1624 0334 2868     		ldr	r0, [r5]
 1625              	.LVL167:
2521:Drivers/STM32F1xx_HAL_Driver/Src/stm32f1xx_hal_pcd.c ****       }
 1626              		.loc 1 2521 9 is_stmt 0 discriminator 4 view .LVU554
 1627 0336 30F82130 		ldrh	r3, [r0, r1, lsl #2]
 1628 033a 9BB2     		uxth	r3, r3
 1629 033c 23F4E043 		bic	r3, r3, #28672
 1630 0340 23F07003 		bic	r3, r3, #112
 1631              	.LVL168:
2521:Drivers/STM32F1xx_HAL_Driver/Src/stm32f1xx_hal_pcd.c ****       }
 1632              		.loc 1 2521 9 is_stmt 1 view .LVU555
2521:Drivers/STM32F1xx_HAL_Driver/Src/stm32f1xx_hal_pcd.c ****       }
 1633              		.loc 1 2521 9 is_stmt 0 discriminator 4 view .LVU556
 1634 0344 43F44043 		orr	r3, r3, #49152
 1635              	.LVL169:
2521:Drivers/STM32F1xx_HAL_Driver/Src/stm32f1xx_hal_pcd.c ****       }
 1636              		.loc 1 2521 9 discriminator 4 view .LVU557
 1637 0348 43F08003 		orr	r3, r3, #128
 1638 034c 20F82130 		strh	r3, [r0, r1, lsl #2]	@ movhi
 1639              	.LVL170:
 1640              	.L77:
2521:Drivers/STM32F1xx_HAL_Driver/Src/stm32f1xx_hal_pcd.c ****       }
 1641              		.loc 1 2521 9 discriminator 4 view .LVU558
 1642              	.LBE29:
2521:Drivers/STM32F1xx_HAL_Driver/Src/stm32f1xx_hal_pcd.c ****       }
 1643              		.loc 1 2521 9 is_stmt 1 discriminator 6 view .LVU559
2521:Drivers/STM32F1xx_HAL_Driver/Src/stm32f1xx_hal_pcd.c ****       }
 1644              		.loc 1 2521 9 discriminator 6 view .LVU560
2525:Drivers/STM32F1xx_HAL_Driver/Src/stm32f1xx_hal_pcd.c ****       {
 1645              		.loc 1 2525 7 view .LVU561
2525:Drivers/STM32F1xx_HAL_Driver/Src/stm32f1xx_hal_pcd.c ****       {
 1646              		.loc 1 2525 13 is_stmt 0 view .LVU562
 1647 0350 94F82430 		ldrb	r3, [r4, #36]	@ zero_extendqisi2
2525:Drivers/STM32F1xx_HAL_Driver/Src/stm32f1xx_hal_pcd.c ****       {
 1648              		.loc 1 2525 10 view .LVU563
 1649 0354 012B     		cmp	r3, #1
 1650 0356 7FF4F1AE 		bne	.L59
2527:Drivers/STM32F1xx_HAL_Driver/Src/stm32f1xx_hal_pcd.c ****         ep->xfer_count += TxByteNbre;
 1651              		.loc 1 2527 9 is_stmt 1 view .LVU564
2527:Drivers/STM32F1xx_HAL_Driver/Src/stm32f1xx_hal_pcd.c ****         ep->xfer_count += TxByteNbre;
 1652              		.loc 1 2527 11 is_stmt 0 view .LVU565
 1653 035a 6369     		ldr	r3, [r4, #20]
2527:Drivers/STM32F1xx_HAL_Driver/Src/stm32f1xx_hal_pcd.c ****         ep->xfer_count += TxByteNbre;
 1654              		.loc 1 2527 23 view .LVU566
 1655 035c 1344     		add	r3, r3, r2
 1656 035e 6361     		str	r3, [r4, #20]
2528:Drivers/STM32F1xx_HAL_Driver/Src/stm32f1xx_hal_pcd.c **** 
 1657              		.loc 1 2528 9 is_stmt 1 view .LVU567
2528:Drivers/STM32F1xx_HAL_Driver/Src/stm32f1xx_hal_pcd.c **** 
 1658              		.loc 1 2528 11 is_stmt 0 view .LVU568
 1659 0360 E369     		ldr	r3, [r4, #28]
ARM GAS  /tmp/ccdzNYOe.s 			page 82


2528:Drivers/STM32F1xx_HAL_Driver/Src/stm32f1xx_hal_pcd.c **** 
 1660              		.loc 1 2528 24 view .LVU569
 1661 0362 1344     		add	r3, r3, r2
 1662 0364 E361     		str	r3, [r4, #28]
2531:Drivers/STM32F1xx_HAL_Driver/Src/stm32f1xx_hal_pcd.c ****         {
 1663              		.loc 1 2531 9 is_stmt 1 view .LVU570
2531:Drivers/STM32F1xx_HAL_Driver/Src/stm32f1xx_hal_pcd.c ****         {
 1664              		.loc 1 2531 15 is_stmt 0 view .LVU571
 1665 0366 216A     		ldr	r1, [r4, #32]
2531:Drivers/STM32F1xx_HAL_Driver/Src/stm32f1xx_hal_pcd.c ****         {
 1666              		.loc 1 2531 34 view .LVU572
 1667 0368 2369     		ldr	r3, [r4, #16]
2531:Drivers/STM32F1xx_HAL_Driver/Src/stm32f1xx_hal_pcd.c ****         {
 1668              		.loc 1 2531 12 view .LVU573
 1669 036a 9942     		cmp	r1, r3
 1670 036c 1FD3     		bcc	.L78
2533:Drivers/STM32F1xx_HAL_Driver/Src/stm32f1xx_hal_pcd.c ****           ep->xfer_len_db -= len;
 1671              		.loc 1 2533 11 is_stmt 1 view .LVU574
 1672              	.LVL171:
2534:Drivers/STM32F1xx_HAL_Driver/Src/stm32f1xx_hal_pcd.c ****         }
 1673              		.loc 1 2534 11 view .LVU575
2534:Drivers/STM32F1xx_HAL_Driver/Src/stm32f1xx_hal_pcd.c ****         }
 1674              		.loc 1 2534 27 is_stmt 0 view .LVU576
 1675 036e C91A     		subs	r1, r1, r3
 1676 0370 2162     		str	r1, [r4, #32]
 1677              	.L79:
2549:Drivers/STM32F1xx_HAL_Driver/Src/stm32f1xx_hal_pcd.c **** 
 1678              		.loc 1 2549 9 is_stmt 1 view .LVU577
 1679              	.LBB30:
2549:Drivers/STM32F1xx_HAL_Driver/Src/stm32f1xx_hal_pcd.c **** 
 1680              		.loc 1 2549 9 view .LVU578
 1681 0372 2A68     		ldr	r2, [r5]
 1682              	.LVL172:
2549:Drivers/STM32F1xx_HAL_Driver/Src/stm32f1xx_hal_pcd.c **** 
 1683              		.loc 1 2549 9 view .LVU579
2549:Drivers/STM32F1xx_HAL_Driver/Src/stm32f1xx_hal_pcd.c **** 
 1684              		.loc 1 2549 9 view .LVU580
 1685 0374 6178     		ldrb	r1, [r4, #1]	@ zero_extendqisi2
 1686 0376 0029     		cmp	r1, #0
 1687 0378 3ED1     		bne	.L81
2549:Drivers/STM32F1xx_HAL_Driver/Src/stm32f1xx_hal_pcd.c **** 
 1688              		.loc 1 2549 9 discriminator 1 view .LVU581
 1689              	.LBB31:
2549:Drivers/STM32F1xx_HAL_Driver/Src/stm32f1xx_hal_pcd.c **** 
 1690              		.loc 1 2549 9 discriminator 1 view .LVU582
 1691              	.LVL173:
2549:Drivers/STM32F1xx_HAL_Driver/Src/stm32f1xx_hal_pcd.c **** 
 1692              		.loc 1 2549 9 view .LVU583
2549:Drivers/STM32F1xx_HAL_Driver/Src/stm32f1xx_hal_pcd.c **** 
 1693              		.loc 1 2549 9 view .LVU584
2549:Drivers/STM32F1xx_HAL_Driver/Src/stm32f1xx_hal_pcd.c **** 
 1694              		.loc 1 2549 9 is_stmt 0 discriminator 1 view .LVU585
 1695 037a B2F85010 		ldrh	r1, [r2, #80]
 1696 037e 89B2     		uxth	r1, r1
 1697 0380 0A44     		add	r2, r2, r1
 1698              	.LVL174:
2549:Drivers/STM32F1xx_HAL_Driver/Src/stm32f1xx_hal_pcd.c **** 
ARM GAS  /tmp/ccdzNYOe.s 			page 83


 1699              		.loc 1 2549 9 is_stmt 1 view .LVU586
2549:Drivers/STM32F1xx_HAL_Driver/Src/stm32f1xx_hal_pcd.c **** 
 1700              		.loc 1 2549 9 is_stmt 0 discriminator 1 view .LVU587
 1701 0382 2178     		ldrb	r1, [r4]	@ zero_extendqisi2
 1702 0384 02EB0112 		add	r2, r2, r1, lsl #4
 1703              	.LVL175:
2549:Drivers/STM32F1xx_HAL_Driver/Src/stm32f1xx_hal_pcd.c **** 
 1704              		.loc 1 2549 9 is_stmt 1 view .LVU588
 1705              	.LBB32:
2549:Drivers/STM32F1xx_HAL_Driver/Src/stm32f1xx_hal_pcd.c **** 
 1706              		.loc 1 2549 9 view .LVU589
2549:Drivers/STM32F1xx_HAL_Driver/Src/stm32f1xx_hal_pcd.c **** 
 1707              		.loc 1 2549 9 view .LVU590
2549:Drivers/STM32F1xx_HAL_Driver/Src/stm32f1xx_hal_pcd.c **** 
 1708              		.loc 1 2549 9 is_stmt 0 discriminator 1 view .LVU591
 1709 0388 EBB9     		cbnz	r3, .L82
2549:Drivers/STM32F1xx_HAL_Driver/Src/stm32f1xx_hal_pcd.c **** 
 1710              		.loc 1 2549 9 is_stmt 1 discriminator 3 view .LVU592
 1711 038a B2F80C14 		ldrh	r1, [r2, #1036]
 1712 038e 89B2     		uxth	r1, r1
 1713 0390 21F4F841 		bic	r1, r1, #31744
 1714 0394 89B2     		uxth	r1, r1
 1715 0396 A2F80C14 		strh	r1, [r2, #1036]	@ movhi
 1716              	.LVL176:
2549:Drivers/STM32F1xx_HAL_Driver/Src/stm32f1xx_hal_pcd.c **** 
 1717              		.loc 1 2549 9 view .LVU593
2549:Drivers/STM32F1xx_HAL_Driver/Src/stm32f1xx_hal_pcd.c **** 
 1718              		.loc 1 2549 9 is_stmt 0 discriminator 3 view .LVU594
 1719 039a B2F80C14 		ldrh	r1, [r2, #1036]
 1720 039e 6FEA4141 		mvn	r1, r1, lsl #17
 1721 03a2 6FEA5141 		mvn	r1, r1, lsr #17
 1722 03a6 89B2     		uxth	r1, r1
 1723 03a8 A2F80C14 		strh	r1, [r2, #1036]	@ movhi
 1724 03ac 26E0     		b	.L83
 1725              	.LVL177:
 1726              	.L78:
2549:Drivers/STM32F1xx_HAL_Driver/Src/stm32f1xx_hal_pcd.c **** 
 1727              		.loc 1 2549 9 discriminator 3 view .LVU595
 1728              	.LBE32:
 1729              	.LBE31:
 1730              	.LBE30:
2536:Drivers/STM32F1xx_HAL_Driver/Src/stm32f1xx_hal_pcd.c ****         {
 1731              		.loc 1 2536 14 is_stmt 1 view .LVU596
2536:Drivers/STM32F1xx_HAL_Driver/Src/stm32f1xx_hal_pcd.c ****         {
 1732              		.loc 1 2536 17 is_stmt 0 view .LVU597
 1733 03ae 21B9     		cbnz	r1, .L80
2538:Drivers/STM32F1xx_HAL_Driver/Src/stm32f1xx_hal_pcd.c ****           ep->xfer_fill_db = 0U;
 1734              		.loc 1 2538 11 is_stmt 1 view .LVU598
 1735              	.LVL178:
2539:Drivers/STM32F1xx_HAL_Driver/Src/stm32f1xx_hal_pcd.c ****         }
 1736              		.loc 1 2539 11 view .LVU599
2539:Drivers/STM32F1xx_HAL_Driver/Src/stm32f1xx_hal_pcd.c ****         }
 1737              		.loc 1 2539 28 is_stmt 0 view .LVU600
 1738 03b0 0023     		movs	r3, #0
 1739 03b2 84F82430 		strb	r3, [r4, #36]
2538:Drivers/STM32F1xx_HAL_Driver/Src/stm32f1xx_hal_pcd.c ****           ep->xfer_fill_db = 0U;
 1740              		.loc 1 2538 15 view .LVU601
ARM GAS  /tmp/ccdzNYOe.s 			page 84


 1741 03b6 1346     		mov	r3, r2
 1742 03b8 DBE7     		b	.L79
 1743              	.LVL179:
 1744              	.L80:
2543:Drivers/STM32F1xx_HAL_Driver/Src/stm32f1xx_hal_pcd.c ****           ep->xfer_len_db = 0U;
 1745              		.loc 1 2543 11 is_stmt 1 view .LVU602
2544:Drivers/STM32F1xx_HAL_Driver/Src/stm32f1xx_hal_pcd.c ****           ep->xfer_fill_db = 0;
 1746              		.loc 1 2544 11 view .LVU603
2544:Drivers/STM32F1xx_HAL_Driver/Src/stm32f1xx_hal_pcd.c ****           ep->xfer_fill_db = 0;
 1747              		.loc 1 2544 27 is_stmt 0 view .LVU604
 1748 03ba 0023     		movs	r3, #0
 1749 03bc 2362     		str	r3, [r4, #32]
2545:Drivers/STM32F1xx_HAL_Driver/Src/stm32f1xx_hal_pcd.c ****         }
 1750              		.loc 1 2545 11 is_stmt 1 view .LVU605
2545:Drivers/STM32F1xx_HAL_Driver/Src/stm32f1xx_hal_pcd.c ****         }
 1751              		.loc 1 2545 28 is_stmt 0 view .LVU606
 1752 03be 84F82430 		strb	r3, [r4, #36]
2543:Drivers/STM32F1xx_HAL_Driver/Src/stm32f1xx_hal_pcd.c ****           ep->xfer_len_db = 0U;
 1753              		.loc 1 2543 15 view .LVU607
 1754 03c2 0B46     		mov	r3, r1
 1755 03c4 D5E7     		b	.L79
 1756              	.LVL180:
 1757              	.L82:
 1758              	.LBB35:
 1759              	.LBB34:
 1760              	.LBB33:
2549:Drivers/STM32F1xx_HAL_Driver/Src/stm32f1xx_hal_pcd.c **** 
 1761              		.loc 1 2549 9 is_stmt 1 discriminator 4 view .LVU608
 1762 03c6 3E2B     		cmp	r3, #62
 1763 03c8 09D8     		bhi	.L84
2549:Drivers/STM32F1xx_HAL_Driver/Src/stm32f1xx_hal_pcd.c **** 
 1764              		.loc 1 2549 9 discriminator 6 view .LVU609
2549:Drivers/STM32F1xx_HAL_Driver/Src/stm32f1xx_hal_pcd.c **** 
 1765              		.loc 1 2549 9 discriminator 6 view .LVU610
 1766 03ca 5908     		lsrs	r1, r3, #1
 1767              	.LVL181:
2549:Drivers/STM32F1xx_HAL_Driver/Src/stm32f1xx_hal_pcd.c **** 
 1768              		.loc 1 2549 9 view .LVU611
2549:Drivers/STM32F1xx_HAL_Driver/Src/stm32f1xx_hal_pcd.c **** 
 1769              		.loc 1 2549 9 is_stmt 0 discriminator 6 view .LVU612
 1770 03cc 13F0010F 		tst	r3, #1
 1771 03d0 00D0     		beq	.L85
2549:Drivers/STM32F1xx_HAL_Driver/Src/stm32f1xx_hal_pcd.c **** 
 1772              		.loc 1 2549 9 is_stmt 1 discriminator 8 view .LVU613
 1773 03d2 0131     		adds	r1, r1, #1
 1774              	.LVL182:
 1775              	.L85:
2549:Drivers/STM32F1xx_HAL_Driver/Src/stm32f1xx_hal_pcd.c **** 
 1776              		.loc 1 2549 9 discriminator 10 view .LVU614
 1777 03d4 8902     		lsls	r1, r1, #10
 1778              	.LVL183:
2549:Drivers/STM32F1xx_HAL_Driver/Src/stm32f1xx_hal_pcd.c **** 
 1779              		.loc 1 2549 9 is_stmt 0 discriminator 10 view .LVU615
 1780 03d6 89B2     		uxth	r1, r1
 1781 03d8 A2F80C14 		strh	r1, [r2, #1036]	@ movhi
 1782              	.LVL184:
2549:Drivers/STM32F1xx_HAL_Driver/Src/stm32f1xx_hal_pcd.c **** 
ARM GAS  /tmp/ccdzNYOe.s 			page 85


 1783              		.loc 1 2549 9 is_stmt 1 view .LVU616
 1784 03dc 0EE0     		b	.L83
 1785              	.LVL185:
 1786              	.L84:
2549:Drivers/STM32F1xx_HAL_Driver/Src/stm32f1xx_hal_pcd.c **** 
 1787              		.loc 1 2549 9 discriminator 7 view .LVU617
2549:Drivers/STM32F1xx_HAL_Driver/Src/stm32f1xx_hal_pcd.c **** 
 1788              		.loc 1 2549 9 discriminator 7 view .LVU618
 1789 03de 5909     		lsrs	r1, r3, #5
 1790              	.LVL186:
2549:Drivers/STM32F1xx_HAL_Driver/Src/stm32f1xx_hal_pcd.c **** 
 1791              		.loc 1 2549 9 view .LVU619
2549:Drivers/STM32F1xx_HAL_Driver/Src/stm32f1xx_hal_pcd.c **** 
 1792              		.loc 1 2549 9 is_stmt 0 discriminator 7 view .LVU620
 1793 03e0 13F01F0F 		tst	r3, #31
 1794 03e4 00D1     		bne	.L86
2549:Drivers/STM32F1xx_HAL_Driver/Src/stm32f1xx_hal_pcd.c **** 
 1795              		.loc 1 2549 9 is_stmt 1 discriminator 12 view .LVU621
 1796 03e6 0139     		subs	r1, r1, #1
 1797              	.LVL187:
 1798              	.L86:
2549:Drivers/STM32F1xx_HAL_Driver/Src/stm32f1xx_hal_pcd.c **** 
 1799              		.loc 1 2549 9 discriminator 14 view .LVU622
 1800 03e8 6FEAC161 		mvn	r1, r1, lsl #27
 1801              	.LVL188:
2549:Drivers/STM32F1xx_HAL_Driver/Src/stm32f1xx_hal_pcd.c **** 
 1802              		.loc 1 2549 9 is_stmt 0 discriminator 14 view .LVU623
 1803 03ec 6FEA5141 		mvn	r1, r1, lsr #17
 1804 03f0 89B2     		uxth	r1, r1
 1805 03f2 A2F80C14 		strh	r1, [r2, #1036]	@ movhi
 1806              	.LVL189:
2549:Drivers/STM32F1xx_HAL_Driver/Src/stm32f1xx_hal_pcd.c **** 
 1807              		.loc 1 2549 9 discriminator 14 view .LVU624
 1808 03f6 01E0     		b	.L83
 1809              	.LVL190:
 1810              	.L81:
2549:Drivers/STM32F1xx_HAL_Driver/Src/stm32f1xx_hal_pcd.c **** 
 1811              		.loc 1 2549 9 discriminator 14 view .LVU625
 1812              	.LBE33:
 1813              	.LBE34:
2549:Drivers/STM32F1xx_HAL_Driver/Src/stm32f1xx_hal_pcd.c **** 
 1814              		.loc 1 2549 9 is_stmt 1 discriminator 2 view .LVU626
 1815 03f8 0129     		cmp	r1, #1
 1816 03fa 06D0     		beq	.L90
 1817              	.LVL191:
 1818              	.L83:
2549:Drivers/STM32F1xx_HAL_Driver/Src/stm32f1xx_hal_pcd.c **** 
 1819              		.loc 1 2549 9 is_stmt 0 discriminator 2 view .LVU627
 1820              	.LBE35:
2549:Drivers/STM32F1xx_HAL_Driver/Src/stm32f1xx_hal_pcd.c **** 
 1821              		.loc 1 2549 9 is_stmt 1 discriminator 18 view .LVU628
2552:Drivers/STM32F1xx_HAL_Driver/Src/stm32f1xx_hal_pcd.c ****       }
 1822              		.loc 1 2552 9 view .LVU629
 1823 03fc 9BB2     		uxth	r3, r3
 1824              	.LVL192:
2552:Drivers/STM32F1xx_HAL_Driver/Src/stm32f1xx_hal_pcd.c ****       }
 1825              		.loc 1 2552 9 is_stmt 0 view .LVU630
ARM GAS  /tmp/ccdzNYOe.s 			page 86


 1826 03fe 6289     		ldrh	r2, [r4, #10]
 1827 0400 6169     		ldr	r1, [r4, #20]
 1828 0402 2868     		ldr	r0, [r5]
 1829 0404 FFF7FEFF 		bl	USB_WritePMA
 1830              	.LVL193:
 1831 0408 98E6     		b	.L59
 1832              	.LVL194:
 1833              	.L90:
 1834              	.LBB36:
2549:Drivers/STM32F1xx_HAL_Driver/Src/stm32f1xx_hal_pcd.c **** 
 1835              		.loc 1 2549 9 is_stmt 1 discriminator 16 view .LVU631
 1836 040a B2F85010 		ldrh	r1, [r2, #80]
 1837 040e 89B2     		uxth	r1, r1
 1838 0410 0A44     		add	r2, r2, r1
 1839              	.LVL195:
2549:Drivers/STM32F1xx_HAL_Driver/Src/stm32f1xx_hal_pcd.c **** 
 1840              		.loc 1 2549 9 view .LVU632
2549:Drivers/STM32F1xx_HAL_Driver/Src/stm32f1xx_hal_pcd.c **** 
 1841              		.loc 1 2549 9 is_stmt 0 discriminator 16 view .LVU633
 1842 0412 2178     		ldrb	r1, [r4]	@ zero_extendqisi2
 1843 0414 02EB0112 		add	r2, r2, r1, lsl #4
 1844              	.LVL196:
2549:Drivers/STM32F1xx_HAL_Driver/Src/stm32f1xx_hal_pcd.c **** 
 1845              		.loc 1 2549 9 is_stmt 1 view .LVU634
2549:Drivers/STM32F1xx_HAL_Driver/Src/stm32f1xx_hal_pcd.c **** 
 1846              		.loc 1 2549 9 is_stmt 0 discriminator 16 view .LVU635
 1847 0418 99B2     		uxth	r1, r3
 1848 041a A2F80C14 		strh	r1, [r2, #1036]	@ movhi
2549:Drivers/STM32F1xx_HAL_Driver/Src/stm32f1xx_hal_pcd.c **** 
 1849              		.loc 1 2549 9 discriminator 16 view .LVU636
 1850 041e EDE7     		b	.L83
 1851              	.LBE36:
 1852              		.cfi_endproc
 1853              	.LFE100:
 1855              		.section	.text.HAL_PCD_SetupStageCallback,"ax",%progbits
 1856              		.align	1
 1857              		.weak	HAL_PCD_SetupStageCallback
 1858              		.syntax unified
 1859              		.thumb
 1860              		.thumb_func
 1862              	HAL_PCD_SetupStageCallback:
 1863              	.LVL197:
 1864              	.LFB75:
1417:Drivers/STM32F1xx_HAL_Driver/Src/stm32f1xx_hal_pcd.c ****   /* Prevent unused argument(s) compilation warning */
 1865              		.loc 1 1417 1 is_stmt 1 view -0
 1866              		.cfi_startproc
 1867              		@ args = 0, pretend = 0, frame = 0
 1868              		@ frame_needed = 0, uses_anonymous_args = 0
 1869              		@ link register save eliminated.
1419:Drivers/STM32F1xx_HAL_Driver/Src/stm32f1xx_hal_pcd.c **** 
 1870              		.loc 1 1419 3 view .LVU638
1424:Drivers/STM32F1xx_HAL_Driver/Src/stm32f1xx_hal_pcd.c **** 
 1871              		.loc 1 1424 1 is_stmt 0 view .LVU639
 1872 0000 7047     		bx	lr
 1873              		.cfi_endproc
 1874              	.LFE75:
 1876              		.section	.text.PCD_EP_ISR_Handler,"ax",%progbits
ARM GAS  /tmp/ccdzNYOe.s 			page 87


 1877              		.align	1
 1878              		.syntax unified
 1879              		.thumb
 1880              		.thumb_func
 1882              	PCD_EP_ISR_Handler:
 1883              	.LVL198:
 1884              	.LFB98:
2086:Drivers/STM32F1xx_HAL_Driver/Src/stm32f1xx_hal_pcd.c ****   PCD_EPTypeDef *ep;
 1885              		.loc 1 2086 1 is_stmt 1 view -0
 1886              		.cfi_startproc
 1887              		@ args = 0, pretend = 0, frame = 0
 1888              		@ frame_needed = 0, uses_anonymous_args = 0
2086:Drivers/STM32F1xx_HAL_Driver/Src/stm32f1xx_hal_pcd.c ****   PCD_EPTypeDef *ep;
 1889              		.loc 1 2086 1 is_stmt 0 view .LVU641
 1890 0000 2DE9F041 		push	{r4, r5, r6, r7, r8, lr}
 1891              	.LCFI10:
 1892              		.cfi_def_cfa_offset 24
 1893              		.cfi_offset 4, -24
 1894              		.cfi_offset 5, -20
 1895              		.cfi_offset 6, -16
 1896              		.cfi_offset 7, -12
 1897              		.cfi_offset 8, -8
 1898              		.cfi_offset 14, -4
 1899 0004 0546     		mov	r5, r0
2087:Drivers/STM32F1xx_HAL_Driver/Src/stm32f1xx_hal_pcd.c ****   uint16_t count, wIstr, wEPVal, TxByteNbre;
 1900              		.loc 1 2087 3 is_stmt 1 view .LVU642
2088:Drivers/STM32F1xx_HAL_Driver/Src/stm32f1xx_hal_pcd.c ****   uint8_t epindex;
 1901              		.loc 1 2088 3 view .LVU643
2089:Drivers/STM32F1xx_HAL_Driver/Src/stm32f1xx_hal_pcd.c **** 
 1902              		.loc 1 2089 3 view .LVU644
2092:Drivers/STM32F1xx_HAL_Driver/Src/stm32f1xx_hal_pcd.c ****   {
 1903              		.loc 1 2092 3 view .LVU645
 1904              	.LVL199:
 1905              	.L93:
2092:Drivers/STM32F1xx_HAL_Driver/Src/stm32f1xx_hal_pcd.c ****   {
 1906              		.loc 1 2092 48 view .LVU646
2092:Drivers/STM32F1xx_HAL_Driver/Src/stm32f1xx_hal_pcd.c ****   {
 1907              		.loc 1 2092 15 is_stmt 0 view .LVU647
 1908 0006 2868     		ldr	r0, [r5]
2092:Drivers/STM32F1xx_HAL_Driver/Src/stm32f1xx_hal_pcd.c ****   {
 1909              		.loc 1 2092 25 view .LVU648
 1910 0008 B0F84430 		ldrh	r3, [r0, #68]
2092:Drivers/STM32F1xx_HAL_Driver/Src/stm32f1xx_hal_pcd.c ****   {
 1911              		.loc 1 2092 48 view .LVU649
 1912 000c 13F4004F 		tst	r3, #32768
 1913 0010 00F01382 		beq	.L118
2094:Drivers/STM32F1xx_HAL_Driver/Src/stm32f1xx_hal_pcd.c **** 
 1914              		.loc 1 2094 5 is_stmt 1 view .LVU650
2094:Drivers/STM32F1xx_HAL_Driver/Src/stm32f1xx_hal_pcd.c **** 
 1915              		.loc 1 2094 11 is_stmt 0 view .LVU651
 1916 0014 B0F84440 		ldrh	r4, [r0, #68]
 1917 0018 A3B2     		uxth	r3, r4
 1918              	.LVL200:
2097:Drivers/STM32F1xx_HAL_Driver/Src/stm32f1xx_hal_pcd.c **** 
 1919              		.loc 1 2097 5 is_stmt 1 view .LVU652
2099:Drivers/STM32F1xx_HAL_Driver/Src/stm32f1xx_hal_pcd.c ****     {
 1920              		.loc 1 2099 5 view .LVU653
ARM GAS  /tmp/ccdzNYOe.s 			page 88


2099:Drivers/STM32F1xx_HAL_Driver/Src/stm32f1xx_hal_pcd.c ****     {
 1921              		.loc 1 2099 8 is_stmt 0 view .LVU654
 1922 001a 14F00F04 		ands	r4, r4, #15
 1923              	.LVL201:
2099:Drivers/STM32F1xx_HAL_Driver/Src/stm32f1xx_hal_pcd.c ****     {
 1924              		.loc 1 2099 8 view .LVU655
 1925 001e 40F0D880 		bne	.L94
2104:Drivers/STM32F1xx_HAL_Driver/Src/stm32f1xx_hal_pcd.c ****       {
 1926              		.loc 1 2104 7 is_stmt 1 view .LVU656
2104:Drivers/STM32F1xx_HAL_Driver/Src/stm32f1xx_hal_pcd.c ****       {
 1927              		.loc 1 2104 10 is_stmt 0 view .LVU657
 1928 0022 13F0100F 		tst	r3, #16
 1929 0026 61D0     		beq	.L119
2135:Drivers/STM32F1xx_HAL_Driver/Src/stm32f1xx_hal_pcd.c ****         wEPVal = PCD_GET_ENDPOINT(hpcd->Instance, PCD_ENDP0);
 1930              		.loc 1 2135 9 is_stmt 1 view .LVU658
 1931              	.LVL202:
2136:Drivers/STM32F1xx_HAL_Driver/Src/stm32f1xx_hal_pcd.c **** 
 1932              		.loc 1 2136 9 view .LVU659
2136:Drivers/STM32F1xx_HAL_Driver/Src/stm32f1xx_hal_pcd.c **** 
 1933              		.loc 1 2136 16 is_stmt 0 view .LVU660
 1934 0028 0388     		ldrh	r3, [r0]
 1935              	.LVL203:
2136:Drivers/STM32F1xx_HAL_Driver/Src/stm32f1xx_hal_pcd.c **** 
 1936              		.loc 1 2136 16 view .LVU661
 1937 002a 9AB2     		uxth	r2, r3
 1938              	.LVL204:
2138:Drivers/STM32F1xx_HAL_Driver/Src/stm32f1xx_hal_pcd.c ****         {
 1939              		.loc 1 2138 9 is_stmt 1 view .LVU662
2138:Drivers/STM32F1xx_HAL_Driver/Src/stm32f1xx_hal_pcd.c ****         {
 1940              		.loc 1 2138 12 is_stmt 0 view .LVU663
 1941 002c 13F4006F 		tst	r3, #2048
 1942 0030 40F09380 		bne	.L120
2156:Drivers/STM32F1xx_HAL_Driver/Src/stm32f1xx_hal_pcd.c ****         {
 1943              		.loc 1 2156 14 is_stmt 1 view .LVU664
2156:Drivers/STM32F1xx_HAL_Driver/Src/stm32f1xx_hal_pcd.c ****         {
 1944              		.loc 1 2156 17 is_stmt 0 view .LVU665
 1945 0034 12F4004F 		tst	r2, #32768
 1946 0038 E5D0     		beq	.L93
2158:Drivers/STM32F1xx_HAL_Driver/Src/stm32f1xx_hal_pcd.c **** 
 1947              		.loc 1 2158 11 is_stmt 1 view .LVU666
 1948              	.LBB37:
2158:Drivers/STM32F1xx_HAL_Driver/Src/stm32f1xx_hal_pcd.c **** 
 1949              		.loc 1 2158 11 view .LVU667
2158:Drivers/STM32F1xx_HAL_Driver/Src/stm32f1xx_hal_pcd.c **** 
 1950              		.loc 1 2158 11 view .LVU668
 1951 003a 0388     		ldrh	r3, [r0]
 1952 003c 23F07003 		bic	r3, r3, #112
 1953 0040 1B05     		lsls	r3, r3, #20
 1954 0042 1B0D     		lsrs	r3, r3, #20
 1955              	.LVL205:
2158:Drivers/STM32F1xx_HAL_Driver/Src/stm32f1xx_hal_pcd.c **** 
 1956              		.loc 1 2158 11 view .LVU669
 1957 0044 43F08003 		orr	r3, r3, #128
 1958              	.LVL206:
2158:Drivers/STM32F1xx_HAL_Driver/Src/stm32f1xx_hal_pcd.c **** 
 1959              		.loc 1 2158 11 is_stmt 0 view .LVU670
 1960 0048 0380     		strh	r3, [r0]	@ movhi
ARM GAS  /tmp/ccdzNYOe.s 			page 89


 1961              	.LBE37:
2158:Drivers/STM32F1xx_HAL_Driver/Src/stm32f1xx_hal_pcd.c **** 
 1962              		.loc 1 2158 11 is_stmt 1 view .LVU671
2161:Drivers/STM32F1xx_HAL_Driver/Src/stm32f1xx_hal_pcd.c **** 
 1963              		.loc 1 2161 11 view .LVU672
2161:Drivers/STM32F1xx_HAL_Driver/Src/stm32f1xx_hal_pcd.c **** 
 1964              		.loc 1 2161 28 is_stmt 0 view .LVU673
 1965 004a 2868     		ldr	r0, [r5]
 1966 004c B0F85030 		ldrh	r3, [r0, #80]
 1967 0050 9BB2     		uxth	r3, r3
 1968 0052 95F86821 		ldrb	r2, [r5, #360]	@ zero_extendqisi2
 1969              	.LVL207:
2161:Drivers/STM32F1xx_HAL_Driver/Src/stm32f1xx_hal_pcd.c **** 
 1970              		.loc 1 2161 28 view .LVU674
 1971 0056 03EBC203 		add	r3, r3, r2, lsl #3
 1972 005a 0633     		adds	r3, r3, #6
 1973 005c 00EB4303 		add	r3, r0, r3, lsl #1
 1974 0060 B3F80034 		ldrh	r3, [r3, #1024]
 1975 0064 C3F30903 		ubfx	r3, r3, #0, #10
2161:Drivers/STM32F1xx_HAL_Driver/Src/stm32f1xx_hal_pcd.c **** 
 1976              		.loc 1 2161 26 view .LVU675
 1977 0068 C5F88431 		str	r3, [r5, #388]
2163:Drivers/STM32F1xx_HAL_Driver/Src/stm32f1xx_hal_pcd.c ****           {
 1978              		.loc 1 2163 11 is_stmt 1 view .LVU676
2163:Drivers/STM32F1xx_HAL_Driver/Src/stm32f1xx_hal_pcd.c ****           {
 1979              		.loc 1 2163 14 is_stmt 0 view .LVU677
 1980 006c 8BB1     		cbz	r3, .L98
2163:Drivers/STM32F1xx_HAL_Driver/Src/stm32f1xx_hal_pcd.c ****           {
 1981              		.loc 1 2163 44 discriminator 1 view .LVU678
 1982 006e D5F87C11 		ldr	r1, [r5, #380]
2163:Drivers/STM32F1xx_HAL_Driver/Src/stm32f1xx_hal_pcd.c ****           {
 1983              		.loc 1 2163 38 discriminator 1 view .LVU679
 1984 0072 71B1     		cbz	r1, .L98
2165:Drivers/STM32F1xx_HAL_Driver/Src/stm32f1xx_hal_pcd.c ****                         ep->pmaadress, (uint16_t)ep->xfer_count);
 1985              		.loc 1 2165 13 is_stmt 1 view .LVU680
 1986 0074 B5F86E21 		ldrh	r2, [r5, #366]
 1987 0078 FFF7FEFF 		bl	USB_ReadPMA
 1988              	.LVL208:
2168:Drivers/STM32F1xx_HAL_Driver/Src/stm32f1xx_hal_pcd.c **** 
 1989              		.loc 1 2168 13 view .LVU681
2168:Drivers/STM32F1xx_HAL_Driver/Src/stm32f1xx_hal_pcd.c **** 
 1990              		.loc 1 2168 15 is_stmt 0 view .LVU682
 1991 007c D5F87C31 		ldr	r3, [r5, #380]
2168:Drivers/STM32F1xx_HAL_Driver/Src/stm32f1xx_hal_pcd.c **** 
 1992              		.loc 1 2168 32 view .LVU683
 1993 0080 D5F88421 		ldr	r2, [r5, #388]
2168:Drivers/STM32F1xx_HAL_Driver/Src/stm32f1xx_hal_pcd.c **** 
 1994              		.loc 1 2168 27 view .LVU684
 1995 0084 1344     		add	r3, r3, r2
 1996 0086 C5F87C31 		str	r3, [r5, #380]
2174:Drivers/STM32F1xx_HAL_Driver/Src/stm32f1xx_hal_pcd.c **** #endif /* USE_HAL_PCD_REGISTER_CALLBACKS */
 1997              		.loc 1 2174 13 is_stmt 1 view .LVU685
 1998 008a 0021     		movs	r1, #0
 1999 008c 2846     		mov	r0, r5
 2000 008e FFF7FEFF 		bl	HAL_PCD_DataOutStageCallback
 2001              	.LVL209:
 2002              	.L98:
ARM GAS  /tmp/ccdzNYOe.s 			page 90


2178:Drivers/STM32F1xx_HAL_Driver/Src/stm32f1xx_hal_pcd.c ****           {
 2003              		.loc 1 2178 11 view .LVU686
2178:Drivers/STM32F1xx_HAL_Driver/Src/stm32f1xx_hal_pcd.c ****           {
 2004              		.loc 1 2178 16 is_stmt 0 view .LVU687
 2005 0092 2B68     		ldr	r3, [r5]
 2006 0094 1A88     		ldrh	r2, [r3]
2178:Drivers/STM32F1xx_HAL_Driver/Src/stm32f1xx_hal_pcd.c ****           {
 2007              		.loc 1 2178 14 view .LVU688
 2008 0096 12F4006F 		tst	r2, #2048
 2009 009a B4D1     		bne	.L93
2180:Drivers/STM32F1xx_HAL_Driver/Src/stm32f1xx_hal_pcd.c ****             PCD_SET_EP_RX_STATUS(hpcd->Instance, PCD_ENDP0, USB_EP_RX_VALID);
 2010              		.loc 1 2180 13 is_stmt 1 view .LVU689
 2011              	.LBB38:
2180:Drivers/STM32F1xx_HAL_Driver/Src/stm32f1xx_hal_pcd.c ****             PCD_SET_EP_RX_STATUS(hpcd->Instance, PCD_ENDP0, USB_EP_RX_VALID);
 2012              		.loc 1 2180 13 view .LVU690
 2013              	.LVL210:
2180:Drivers/STM32F1xx_HAL_Driver/Src/stm32f1xx_hal_pcd.c ****             PCD_SET_EP_RX_STATUS(hpcd->Instance, PCD_ENDP0, USB_EP_RX_VALID);
 2014              		.loc 1 2180 13 view .LVU691
2180:Drivers/STM32F1xx_HAL_Driver/Src/stm32f1xx_hal_pcd.c ****             PCD_SET_EP_RX_STATUS(hpcd->Instance, PCD_ENDP0, USB_EP_RX_VALID);
 2015              		.loc 1 2180 13 view .LVU692
 2016 009c B3F85020 		ldrh	r2, [r3, #80]
 2017 00a0 92B2     		uxth	r2, r2
 2018 00a2 1344     		add	r3, r3, r2
 2019              	.LVL211:
2180:Drivers/STM32F1xx_HAL_Driver/Src/stm32f1xx_hal_pcd.c ****             PCD_SET_EP_RX_STATUS(hpcd->Instance, PCD_ENDP0, USB_EP_RX_VALID);
 2020              		.loc 1 2180 13 view .LVU693
2180:Drivers/STM32F1xx_HAL_Driver/Src/stm32f1xx_hal_pcd.c ****             PCD_SET_EP_RX_STATUS(hpcd->Instance, PCD_ENDP0, USB_EP_RX_VALID);
 2021              		.loc 1 2180 13 view .LVU694
 2022              	.LBB39:
2180:Drivers/STM32F1xx_HAL_Driver/Src/stm32f1xx_hal_pcd.c ****             PCD_SET_EP_RX_STATUS(hpcd->Instance, PCD_ENDP0, USB_EP_RX_VALID);
 2023              		.loc 1 2180 13 view .LVU695
2180:Drivers/STM32F1xx_HAL_Driver/Src/stm32f1xx_hal_pcd.c ****             PCD_SET_EP_RX_STATUS(hpcd->Instance, PCD_ENDP0, USB_EP_RX_VALID);
 2024              		.loc 1 2180 13 view .LVU696
 2025 00a4 D5F87821 		ldr	r2, [r5, #376]
 2026 00a8 002A     		cmp	r2, #0
 2027 00aa 79D1     		bne	.L99
2180:Drivers/STM32F1xx_HAL_Driver/Src/stm32f1xx_hal_pcd.c ****             PCD_SET_EP_RX_STATUS(hpcd->Instance, PCD_ENDP0, USB_EP_RX_VALID);
 2028              		.loc 1 2180 13 discriminator 1 view .LVU697
 2029 00ac B3F80C24 		ldrh	r2, [r3, #1036]
 2030 00b0 92B2     		uxth	r2, r2
 2031 00b2 22F4F842 		bic	r2, r2, #31744
 2032 00b6 92B2     		uxth	r2, r2
 2033 00b8 A3F80C24 		strh	r2, [r3, #1036]	@ movhi
2180:Drivers/STM32F1xx_HAL_Driver/Src/stm32f1xx_hal_pcd.c ****             PCD_SET_EP_RX_STATUS(hpcd->Instance, PCD_ENDP0, USB_EP_RX_VALID);
 2034              		.loc 1 2180 13 view .LVU698
2180:Drivers/STM32F1xx_HAL_Driver/Src/stm32f1xx_hal_pcd.c ****             PCD_SET_EP_RX_STATUS(hpcd->Instance, PCD_ENDP0, USB_EP_RX_VALID);
 2035              		.loc 1 2180 13 is_stmt 0 discriminator 1 view .LVU699
 2036 00bc B3F80C24 		ldrh	r2, [r3, #1036]
 2037 00c0 6FEA4242 		mvn	r2, r2, lsl #17
 2038 00c4 6FEA5242 		mvn	r2, r2, lsr #17
 2039 00c8 92B2     		uxth	r2, r2
 2040 00ca A3F80C24 		strh	r2, [r3, #1036]	@ movhi
 2041              	.L100:
2180:Drivers/STM32F1xx_HAL_Driver/Src/stm32f1xx_hal_pcd.c ****             PCD_SET_EP_RX_STATUS(hpcd->Instance, PCD_ENDP0, USB_EP_RX_VALID);
 2042              		.loc 1 2180 13 is_stmt 1 discriminator 13 view .LVU700
 2043              	.LBE39:
2180:Drivers/STM32F1xx_HAL_Driver/Src/stm32f1xx_hal_pcd.c ****             PCD_SET_EP_RX_STATUS(hpcd->Instance, PCD_ENDP0, USB_EP_RX_VALID);
ARM GAS  /tmp/ccdzNYOe.s 			page 91


 2044              		.loc 1 2180 13 discriminator 13 view .LVU701
 2045              	.LBE38:
2180:Drivers/STM32F1xx_HAL_Driver/Src/stm32f1xx_hal_pcd.c ****             PCD_SET_EP_RX_STATUS(hpcd->Instance, PCD_ENDP0, USB_EP_RX_VALID);
 2046              		.loc 1 2180 13 discriminator 13 view .LVU702
2181:Drivers/STM32F1xx_HAL_Driver/Src/stm32f1xx_hal_pcd.c ****           }
 2047              		.loc 1 2181 13 view .LVU703
 2048              	.LBB41:
2181:Drivers/STM32F1xx_HAL_Driver/Src/stm32f1xx_hal_pcd.c ****           }
 2049              		.loc 1 2181 13 view .LVU704
2181:Drivers/STM32F1xx_HAL_Driver/Src/stm32f1xx_hal_pcd.c ****           }
 2050              		.loc 1 2181 13 view .LVU705
 2051 00ce 2A68     		ldr	r2, [r5]
 2052 00d0 1388     		ldrh	r3, [r2]
 2053              	.LVL212:
2181:Drivers/STM32F1xx_HAL_Driver/Src/stm32f1xx_hal_pcd.c ****           }
 2054              		.loc 1 2181 13 is_stmt 0 view .LVU706
 2055 00d2 9BB2     		uxth	r3, r3
 2056 00d4 23F48043 		bic	r3, r3, #16384
 2057 00d8 23F07003 		bic	r3, r3, #112
 2058              	.LVL213:
2181:Drivers/STM32F1xx_HAL_Driver/Src/stm32f1xx_hal_pcd.c ****           }
 2059              		.loc 1 2181 13 is_stmt 1 view .LVU707
2181:Drivers/STM32F1xx_HAL_Driver/Src/stm32f1xx_hal_pcd.c ****           }
 2060              		.loc 1 2181 13 discriminator 1 view .LVU708
2181:Drivers/STM32F1xx_HAL_Driver/Src/stm32f1xx_hal_pcd.c ****           }
 2061              		.loc 1 2181 13 discriminator 3 view .LVU709
2181:Drivers/STM32F1xx_HAL_Driver/Src/stm32f1xx_hal_pcd.c ****           }
 2062              		.loc 1 2181 13 discriminator 4 view .LVU710
 2063 00dc 83F44053 		eor	r3, r3, #12288
 2064              	.LVL214:
2181:Drivers/STM32F1xx_HAL_Driver/Src/stm32f1xx_hal_pcd.c ****           }
 2065              		.loc 1 2181 13 discriminator 6 view .LVU711
 2066 00e0 43F40043 		orr	r3, r3, #32768
 2067              	.LVL215:
2181:Drivers/STM32F1xx_HAL_Driver/Src/stm32f1xx_hal_pcd.c ****           }
 2068              		.loc 1 2181 13 is_stmt 0 discriminator 6 view .LVU712
 2069 00e4 43F08003 		orr	r3, r3, #128
 2070 00e8 1380     		strh	r3, [r2]	@ movhi
 2071 00ea 8CE7     		b	.L93
 2072              	.LVL216:
 2073              	.L119:
2181:Drivers/STM32F1xx_HAL_Driver/Src/stm32f1xx_hal_pcd.c ****           }
 2074              		.loc 1 2181 13 discriminator 6 view .LVU713
 2075              	.LBE41:
2110:Drivers/STM32F1xx_HAL_Driver/Src/stm32f1xx_hal_pcd.c ****         ep = &hpcd->IN_ep[0];
 2076              		.loc 1 2110 9 is_stmt 1 view .LVU714
 2077              	.LBB42:
2110:Drivers/STM32F1xx_HAL_Driver/Src/stm32f1xx_hal_pcd.c ****         ep = &hpcd->IN_ep[0];
 2078              		.loc 1 2110 9 view .LVU715
2110:Drivers/STM32F1xx_HAL_Driver/Src/stm32f1xx_hal_pcd.c ****         ep = &hpcd->IN_ep[0];
 2079              		.loc 1 2110 9 view .LVU716
 2080 00ec 0388     		ldrh	r3, [r0]
 2081              	.LVL217:
2110:Drivers/STM32F1xx_HAL_Driver/Src/stm32f1xx_hal_pcd.c ****         ep = &hpcd->IN_ep[0];
 2082              		.loc 1 2110 9 is_stmt 0 view .LVU717
 2083 00ee 9BB2     		uxth	r3, r3
 2084 00f0 23F4E143 		bic	r3, r3, #28800
ARM GAS  /tmp/ccdzNYOe.s 			page 92


 2085 00f4 23F07003 		bic	r3, r3, #112
 2086              	.LVL218:
2110:Drivers/STM32F1xx_HAL_Driver/Src/stm32f1xx_hal_pcd.c ****         ep = &hpcd->IN_ep[0];
 2087              		.loc 1 2110 9 is_stmt 1 view .LVU718
 2088 00f8 6FEA4343 		mvn	r3, r3, lsl #17
 2089              	.LVL219:
2110:Drivers/STM32F1xx_HAL_Driver/Src/stm32f1xx_hal_pcd.c ****         ep = &hpcd->IN_ep[0];
 2090              		.loc 1 2110 9 is_stmt 0 view .LVU719
 2091 00fc 6FEA5343 		mvn	r3, r3, lsr #17
 2092 0100 9BB2     		uxth	r3, r3
 2093 0102 0380     		strh	r3, [r0]	@ movhi
 2094              	.LBE42:
2110:Drivers/STM32F1xx_HAL_Driver/Src/stm32f1xx_hal_pcd.c ****         ep = &hpcd->IN_ep[0];
 2095              		.loc 1 2110 9 is_stmt 1 view .LVU720
2111:Drivers/STM32F1xx_HAL_Driver/Src/stm32f1xx_hal_pcd.c **** 
 2096              		.loc 1 2111 9 view .LVU721
 2097              	.LVL220:
2113:Drivers/STM32F1xx_HAL_Driver/Src/stm32f1xx_hal_pcd.c ****         ep->xfer_buff += ep->xfer_count;
 2098              		.loc 1 2113 9 view .LVU722
2113:Drivers/STM32F1xx_HAL_Driver/Src/stm32f1xx_hal_pcd.c ****         ep->xfer_buff += ep->xfer_count;
 2099              		.loc 1 2113 26 is_stmt 0 view .LVU723
 2100 0104 2A68     		ldr	r2, [r5]
 2101 0106 B2F85030 		ldrh	r3, [r2, #80]
 2102 010a 9BB2     		uxth	r3, r3
 2103 010c 95F82810 		ldrb	r1, [r5, #40]	@ zero_extendqisi2
 2104 0110 03EBC103 		add	r3, r3, r1, lsl #3
 2105 0114 0233     		adds	r3, r3, #2
 2106 0116 02EB4302 		add	r2, r2, r3, lsl #1
 2107 011a B2F80034 		ldrh	r3, [r2, #1024]
 2108 011e C3F30903 		ubfx	r3, r3, #0, #10
2113:Drivers/STM32F1xx_HAL_Driver/Src/stm32f1xx_hal_pcd.c ****         ep->xfer_buff += ep->xfer_count;
 2109              		.loc 1 2113 24 view .LVU724
 2110 0122 6B64     		str	r3, [r5, #68]
2114:Drivers/STM32F1xx_HAL_Driver/Src/stm32f1xx_hal_pcd.c **** 
 2111              		.loc 1 2114 9 is_stmt 1 view .LVU725
2114:Drivers/STM32F1xx_HAL_Driver/Src/stm32f1xx_hal_pcd.c **** 
 2112              		.loc 1 2114 11 is_stmt 0 view .LVU726
 2113 0124 EA6B     		ldr	r2, [r5, #60]
2114:Drivers/STM32F1xx_HAL_Driver/Src/stm32f1xx_hal_pcd.c **** 
 2114              		.loc 1 2114 23 view .LVU727
 2115 0126 1A44     		add	r2, r2, r3
 2116 0128 EA63     		str	r2, [r5, #60]
2120:Drivers/STM32F1xx_HAL_Driver/Src/stm32f1xx_hal_pcd.c **** #endif /* USE_HAL_PCD_REGISTER_CALLBACKS */
 2117              		.loc 1 2120 9 is_stmt 1 view .LVU728
 2118 012a 0021     		movs	r1, #0
 2119 012c 2846     		mov	r0, r5
 2120 012e FFF7FEFF 		bl	HAL_PCD_DataInStageCallback
 2121              	.LVL221:
2123:Drivers/STM32F1xx_HAL_Driver/Src/stm32f1xx_hal_pcd.c ****         {
 2122              		.loc 1 2123 9 view .LVU729
2123:Drivers/STM32F1xx_HAL_Driver/Src/stm32f1xx_hal_pcd.c ****         {
 2123              		.loc 1 2123 18 is_stmt 0 view .LVU730
 2124 0132 95F82430 		ldrb	r3, [r5, #36]	@ zero_extendqisi2
2123:Drivers/STM32F1xx_HAL_Driver/Src/stm32f1xx_hal_pcd.c ****         {
 2125              		.loc 1 2123 12 view .LVU731
 2126 0136 002B     		cmp	r3, #0
 2127 0138 3FF465AF 		beq	.L93
ARM GAS  /tmp/ccdzNYOe.s 			page 93


2123:Drivers/STM32F1xx_HAL_Driver/Src/stm32f1xx_hal_pcd.c ****         {
 2128              		.loc 1 2123 44 discriminator 1 view .LVU732
 2129 013c 2B6C     		ldr	r3, [r5, #64]
2123:Drivers/STM32F1xx_HAL_Driver/Src/stm32f1xx_hal_pcd.c ****         {
 2130              		.loc 1 2123 38 discriminator 1 view .LVU733
 2131 013e 002B     		cmp	r3, #0
 2132 0140 7FF461AF 		bne	.L93
2125:Drivers/STM32F1xx_HAL_Driver/Src/stm32f1xx_hal_pcd.c ****           hpcd->USB_Address = 0U;
 2133              		.loc 1 2125 11 is_stmt 1 view .LVU734
2125:Drivers/STM32F1xx_HAL_Driver/Src/stm32f1xx_hal_pcd.c ****           hpcd->USB_Address = 0U;
 2134              		.loc 1 2125 50 is_stmt 0 view .LVU735
 2135 0144 95F82430 		ldrb	r3, [r5, #36]	@ zero_extendqisi2
2125:Drivers/STM32F1xx_HAL_Driver/Src/stm32f1xx_hal_pcd.c ****           hpcd->USB_Address = 0U;
 2136              		.loc 1 2125 15 view .LVU736
 2137 0148 2A68     		ldr	r2, [r5]
2125:Drivers/STM32F1xx_HAL_Driver/Src/stm32f1xx_hal_pcd.c ****           hpcd->USB_Address = 0U;
 2138              		.loc 1 2125 33 view .LVU737
 2139 014a 43F08003 		orr	r3, r3, #128
 2140 014e A2F84C30 		strh	r3, [r2, #76]	@ movhi
2126:Drivers/STM32F1xx_HAL_Driver/Src/stm32f1xx_hal_pcd.c ****         }
 2141              		.loc 1 2126 11 is_stmt 1 view .LVU738
2126:Drivers/STM32F1xx_HAL_Driver/Src/stm32f1xx_hal_pcd.c ****         }
 2142              		.loc 1 2126 29 is_stmt 0 view .LVU739
 2143 0152 0023     		movs	r3, #0
 2144 0154 85F82430 		strb	r3, [r5, #36]
 2145 0158 55E7     		b	.L93
 2146              	.LVL222:
 2147              	.L120:
2141:Drivers/STM32F1xx_HAL_Driver/Src/stm32f1xx_hal_pcd.c **** 
 2148              		.loc 1 2141 11 is_stmt 1 view .LVU740
2141:Drivers/STM32F1xx_HAL_Driver/Src/stm32f1xx_hal_pcd.c **** 
 2149              		.loc 1 2141 28 is_stmt 0 view .LVU741
 2150 015a B0F85030 		ldrh	r3, [r0, #80]
 2151 015e 9BB2     		uxth	r3, r3
 2152 0160 95F86821 		ldrb	r2, [r5, #360]	@ zero_extendqisi2
 2153              	.LVL223:
2141:Drivers/STM32F1xx_HAL_Driver/Src/stm32f1xx_hal_pcd.c **** 
 2154              		.loc 1 2141 28 view .LVU742
 2155 0164 03EBC203 		add	r3, r3, r2, lsl #3
 2156 0168 0633     		adds	r3, r3, #6
 2157 016a 00EB4303 		add	r3, r0, r3, lsl #1
 2158 016e B3F80034 		ldrh	r3, [r3, #1024]
 2159 0172 C3F30903 		ubfx	r3, r3, #0, #10
2141:Drivers/STM32F1xx_HAL_Driver/Src/stm32f1xx_hal_pcd.c **** 
 2160              		.loc 1 2141 26 view .LVU743
 2161 0176 C5F88431 		str	r3, [r5, #388]
2143:Drivers/STM32F1xx_HAL_Driver/Src/stm32f1xx_hal_pcd.c ****                       ep->pmaadress, (uint16_t)ep->xfer_count);
 2162              		.loc 1 2143 11 is_stmt 1 view .LVU744
 2163 017a B5F86E21 		ldrh	r2, [r5, #366]
 2164 017e 05F52C71 		add	r1, r5, #688
 2165 0182 FFF7FEFF 		bl	USB_ReadPMA
 2166              	.LVL224:
2147:Drivers/STM32F1xx_HAL_Driver/Src/stm32f1xx_hal_pcd.c **** 
 2167              		.loc 1 2147 11 view .LVU745
 2168              	.LBB43:
2147:Drivers/STM32F1xx_HAL_Driver/Src/stm32f1xx_hal_pcd.c **** 
 2169              		.loc 1 2147 11 view .LVU746
ARM GAS  /tmp/ccdzNYOe.s 			page 94


2147:Drivers/STM32F1xx_HAL_Driver/Src/stm32f1xx_hal_pcd.c **** 
 2170              		.loc 1 2147 11 view .LVU747
 2171 0186 2A68     		ldr	r2, [r5]
 2172 0188 1388     		ldrh	r3, [r2]
 2173 018a 23F07003 		bic	r3, r3, #112
 2174 018e 1B05     		lsls	r3, r3, #20
 2175 0190 1B0D     		lsrs	r3, r3, #20
 2176              	.LVL225:
2147:Drivers/STM32F1xx_HAL_Driver/Src/stm32f1xx_hal_pcd.c **** 
 2177              		.loc 1 2147 11 view .LVU748
 2178 0192 43F08003 		orr	r3, r3, #128
 2179              	.LVL226:
2147:Drivers/STM32F1xx_HAL_Driver/Src/stm32f1xx_hal_pcd.c **** 
 2180              		.loc 1 2147 11 is_stmt 0 view .LVU749
 2181 0196 1380     		strh	r3, [r2]	@ movhi
 2182              	.LBE43:
2147:Drivers/STM32F1xx_HAL_Driver/Src/stm32f1xx_hal_pcd.c **** 
 2183              		.loc 1 2147 11 is_stmt 1 view .LVU750
2153:Drivers/STM32F1xx_HAL_Driver/Src/stm32f1xx_hal_pcd.c **** #endif /* USE_HAL_PCD_REGISTER_CALLBACKS */
 2184              		.loc 1 2153 11 view .LVU751
 2185 0198 2846     		mov	r0, r5
 2186 019a FFF7FEFF 		bl	HAL_PCD_SetupStageCallback
 2187              	.LVL227:
 2188 019e 32E7     		b	.L93
 2189              	.LVL228:
 2190              	.L99:
 2191              	.LBB44:
 2192              	.LBB40:
2180:Drivers/STM32F1xx_HAL_Driver/Src/stm32f1xx_hal_pcd.c ****             PCD_SET_EP_RX_STATUS(hpcd->Instance, PCD_ENDP0, USB_EP_RX_VALID);
 2193              		.loc 1 2180 13 discriminator 2 view .LVU752
 2194 01a0 3E2A     		cmp	r2, #62
 2195 01a2 09D8     		bhi	.L101
2180:Drivers/STM32F1xx_HAL_Driver/Src/stm32f1xx_hal_pcd.c ****             PCD_SET_EP_RX_STATUS(hpcd->Instance, PCD_ENDP0, USB_EP_RX_VALID);
 2196              		.loc 1 2180 13 discriminator 4 view .LVU753
2180:Drivers/STM32F1xx_HAL_Driver/Src/stm32f1xx_hal_pcd.c ****             PCD_SET_EP_RX_STATUS(hpcd->Instance, PCD_ENDP0, USB_EP_RX_VALID);
 2197              		.loc 1 2180 13 discriminator 4 view .LVU754
 2198 01a4 5108     		lsrs	r1, r2, #1
 2199              	.LVL229:
2180:Drivers/STM32F1xx_HAL_Driver/Src/stm32f1xx_hal_pcd.c ****             PCD_SET_EP_RX_STATUS(hpcd->Instance, PCD_ENDP0, USB_EP_RX_VALID);
 2200              		.loc 1 2180 13 view .LVU755
2180:Drivers/STM32F1xx_HAL_Driver/Src/stm32f1xx_hal_pcd.c ****             PCD_SET_EP_RX_STATUS(hpcd->Instance, PCD_ENDP0, USB_EP_RX_VALID);
 2201              		.loc 1 2180 13 is_stmt 0 discriminator 4 view .LVU756
 2202 01a6 12F0010F 		tst	r2, #1
 2203 01aa 00D0     		beq	.L102
2180:Drivers/STM32F1xx_HAL_Driver/Src/stm32f1xx_hal_pcd.c ****             PCD_SET_EP_RX_STATUS(hpcd->Instance, PCD_ENDP0, USB_EP_RX_VALID);
 2204              		.loc 1 2180 13 is_stmt 1 discriminator 6 view .LVU757
 2205 01ac 0131     		adds	r1, r1, #1
 2206              	.LVL230:
 2207              	.L102:
2180:Drivers/STM32F1xx_HAL_Driver/Src/stm32f1xx_hal_pcd.c ****             PCD_SET_EP_RX_STATUS(hpcd->Instance, PCD_ENDP0, USB_EP_RX_VALID);
 2208              		.loc 1 2180 13 discriminator 8 view .LVU758
 2209 01ae 8A02     		lsls	r2, r1, #10
 2210 01b0 92B2     		uxth	r2, r2
 2211 01b2 A3F80C24 		strh	r2, [r3, #1036]	@ movhi
2180:Drivers/STM32F1xx_HAL_Driver/Src/stm32f1xx_hal_pcd.c ****             PCD_SET_EP_RX_STATUS(hpcd->Instance, PCD_ENDP0, USB_EP_RX_VALID);
 2212              		.loc 1 2180 13 view .LVU759
 2213 01b6 8AE7     		b	.L100
ARM GAS  /tmp/ccdzNYOe.s 			page 95


 2214              	.LVL231:
 2215              	.L101:
2180:Drivers/STM32F1xx_HAL_Driver/Src/stm32f1xx_hal_pcd.c ****             PCD_SET_EP_RX_STATUS(hpcd->Instance, PCD_ENDP0, USB_EP_RX_VALID);
 2216              		.loc 1 2180 13 discriminator 5 view .LVU760
2180:Drivers/STM32F1xx_HAL_Driver/Src/stm32f1xx_hal_pcd.c ****             PCD_SET_EP_RX_STATUS(hpcd->Instance, PCD_ENDP0, USB_EP_RX_VALID);
 2217              		.loc 1 2180 13 discriminator 5 view .LVU761
 2218 01b8 5109     		lsrs	r1, r2, #5
 2219              	.LVL232:
2180:Drivers/STM32F1xx_HAL_Driver/Src/stm32f1xx_hal_pcd.c ****             PCD_SET_EP_RX_STATUS(hpcd->Instance, PCD_ENDP0, USB_EP_RX_VALID);
 2220              		.loc 1 2180 13 view .LVU762
2180:Drivers/STM32F1xx_HAL_Driver/Src/stm32f1xx_hal_pcd.c ****             PCD_SET_EP_RX_STATUS(hpcd->Instance, PCD_ENDP0, USB_EP_RX_VALID);
 2221              		.loc 1 2180 13 is_stmt 0 discriminator 5 view .LVU763
 2222 01ba 12F01F0F 		tst	r2, #31
 2223 01be 00D1     		bne	.L103
2180:Drivers/STM32F1xx_HAL_Driver/Src/stm32f1xx_hal_pcd.c ****             PCD_SET_EP_RX_STATUS(hpcd->Instance, PCD_ENDP0, USB_EP_RX_VALID);
 2224              		.loc 1 2180 13 is_stmt 1 discriminator 10 view .LVU764
 2225 01c0 0139     		subs	r1, r1, #1
 2226              	.LVL233:
 2227              	.L103:
2180:Drivers/STM32F1xx_HAL_Driver/Src/stm32f1xx_hal_pcd.c ****             PCD_SET_EP_RX_STATUS(hpcd->Instance, PCD_ENDP0, USB_EP_RX_VALID);
 2228              		.loc 1 2180 13 discriminator 12 view .LVU765
 2229 01c2 6FEAC162 		mvn	r2, r1, lsl #27
 2230 01c6 6FEA5242 		mvn	r2, r2, lsr #17
 2231 01ca 92B2     		uxth	r2, r2
 2232 01cc A3F80C24 		strh	r2, [r3, #1036]	@ movhi
 2233 01d0 7DE7     		b	.L100
 2234              	.LVL234:
 2235              	.L94:
2180:Drivers/STM32F1xx_HAL_Driver/Src/stm32f1xx_hal_pcd.c ****             PCD_SET_EP_RX_STATUS(hpcd->Instance, PCD_ENDP0, USB_EP_RX_VALID);
 2236              		.loc 1 2180 13 is_stmt 0 discriminator 12 view .LVU766
 2237              	.LBE40:
 2238              	.LBE44:
2190:Drivers/STM32F1xx_HAL_Driver/Src/stm32f1xx_hal_pcd.c **** 
 2239              		.loc 1 2190 7 is_stmt 1 view .LVU767
2190:Drivers/STM32F1xx_HAL_Driver/Src/stm32f1xx_hal_pcd.c **** 
 2240              		.loc 1 2190 14 is_stmt 0 view .LVU768
 2241 01d2 30F82430 		ldrh	r3, [r0, r4, lsl #2]
 2242              	.LVL235:
2190:Drivers/STM32F1xx_HAL_Driver/Src/stm32f1xx_hal_pcd.c **** 
 2243              		.loc 1 2190 14 view .LVU769
 2244 01d6 9EB2     		uxth	r6, r3
 2245              	.LVL236:
2192:Drivers/STM32F1xx_HAL_Driver/Src/stm32f1xx_hal_pcd.c ****       {
 2246              		.loc 1 2192 7 is_stmt 1 view .LVU770
2192:Drivers/STM32F1xx_HAL_Driver/Src/stm32f1xx_hal_pcd.c ****       {
 2247              		.loc 1 2192 10 is_stmt 0 view .LVU771
 2248 01d8 13F4004F 		tst	r3, #32768
 2249 01dc 4FD1     		bne	.L121
 2250              	.L104:
2262:Drivers/STM32F1xx_HAL_Driver/Src/stm32f1xx_hal_pcd.c ****       {
 2251              		.loc 1 2262 7 is_stmt 1 view .LVU772
2262:Drivers/STM32F1xx_HAL_Driver/Src/stm32f1xx_hal_pcd.c ****       {
 2252              		.loc 1 2262 10 is_stmt 0 view .LVU773
 2253 01de 16F0800F 		tst	r6, #128
 2254 01e2 3FF410AF 		beq	.L93
2264:Drivers/STM32F1xx_HAL_Driver/Src/stm32f1xx_hal_pcd.c **** 
 2255              		.loc 1 2264 9 is_stmt 1 view .LVU774
ARM GAS  /tmp/ccdzNYOe.s 			page 96


2264:Drivers/STM32F1xx_HAL_Driver/Src/stm32f1xx_hal_pcd.c **** 
 2256              		.loc 1 2264 12 is_stmt 0 view .LVU775
 2257 01e6 621C     		adds	r2, r4, #1
 2258 01e8 02EB8201 		add	r1, r2, r2, lsl #2
 2259 01ec 05EBC101 		add	r1, r5, r1, lsl #3
 2260              	.LVL237:
2267:Drivers/STM32F1xx_HAL_Driver/Src/stm32f1xx_hal_pcd.c **** 
 2261              		.loc 1 2267 9 is_stmt 1 view .LVU776
 2262              	.LBB45:
2267:Drivers/STM32F1xx_HAL_Driver/Src/stm32f1xx_hal_pcd.c **** 
 2263              		.loc 1 2267 9 view .LVU777
2267:Drivers/STM32F1xx_HAL_Driver/Src/stm32f1xx_hal_pcd.c **** 
 2264              		.loc 1 2267 9 view .LVU778
 2265 01f0 2868     		ldr	r0, [r5]
 2266 01f2 30F82430 		ldrh	r3, [r0, r4, lsl #2]
 2267 01f6 9BB2     		uxth	r3, r3
 2268 01f8 23F4E143 		bic	r3, r3, #28800
 2269 01fc 23F07003 		bic	r3, r3, #112
 2270              	.LVL238:
2267:Drivers/STM32F1xx_HAL_Driver/Src/stm32f1xx_hal_pcd.c **** 
 2271              		.loc 1 2267 9 view .LVU779
 2272 0200 6FEA4343 		mvn	r3, r3, lsl #17
 2273              	.LVL239:
2267:Drivers/STM32F1xx_HAL_Driver/Src/stm32f1xx_hal_pcd.c **** 
 2274              		.loc 1 2267 9 is_stmt 0 view .LVU780
 2275 0204 6FEA5343 		mvn	r3, r3, lsr #17
 2276 0208 9BB2     		uxth	r3, r3
 2277 020a 20F82430 		strh	r3, [r0, r4, lsl #2]	@ movhi
 2278              	.LBE45:
2267:Drivers/STM32F1xx_HAL_Driver/Src/stm32f1xx_hal_pcd.c **** 
 2279              		.loc 1 2267 9 is_stmt 1 view .LVU781
2270:Drivers/STM32F1xx_HAL_Driver/Src/stm32f1xx_hal_pcd.c ****            ((ep->type == EP_TYPE_BULK) && ((wEPVal & USB_EP_KIND) == 0U)))
 2280              		.loc 1 2270 9 view .LVU782
2270:Drivers/STM32F1xx_HAL_Driver/Src/stm32f1xx_hal_pcd.c ****            ((ep->type == EP_TYPE_BULK) && ((wEPVal & USB_EP_KIND) == 0U)))
 2281              		.loc 1 2270 16 is_stmt 0 view .LVU783
 2282 020e CB78     		ldrb	r3, [r1, #3]	@ zero_extendqisi2
2270:Drivers/STM32F1xx_HAL_Driver/Src/stm32f1xx_hal_pcd.c ****            ((ep->type == EP_TYPE_BULK) && ((wEPVal & USB_EP_KIND) == 0U)))
 2283              		.loc 1 2270 12 view .LVU784
 2284 0210 032B     		cmp	r3, #3
 2285 0212 07D0     		beq	.L111
2270:Drivers/STM32F1xx_HAL_Driver/Src/stm32f1xx_hal_pcd.c ****            ((ep->type == EP_TYPE_BULK) && ((wEPVal & USB_EP_KIND) == 0U)))
 2286              		.loc 1 2270 40 discriminator 1 view .LVU785
 2287 0214 33B1     		cbz	r3, .L111
2270:Drivers/STM32F1xx_HAL_Driver/Src/stm32f1xx_hal_pcd.c ****            ((ep->type == EP_TYPE_BULK) && ((wEPVal & USB_EP_KIND) == 0U)))
 2288              		.loc 1 2270 70 discriminator 2 view .LVU786
 2289 0216 022B     		cmp	r3, #2
 2290 0218 40F00A81 		bne	.L112
2271:Drivers/STM32F1xx_HAL_Driver/Src/stm32f1xx_hal_pcd.c ****         {
 2291              		.loc 1 2271 40 view .LVU787
 2292 021c 16F4807F 		tst	r6, #256
 2293 0220 40F00681 		bne	.L112
 2294              	.L111:
2274:Drivers/STM32F1xx_HAL_Driver/Src/stm32f1xx_hal_pcd.c **** 
 2295              		.loc 1 2274 11 is_stmt 1 view .LVU788
2274:Drivers/STM32F1xx_HAL_Driver/Src/stm32f1xx_hal_pcd.c **** 
 2296              		.loc 1 2274 34 is_stmt 0 view .LVU789
 2297 0224 2868     		ldr	r0, [r5]
ARM GAS  /tmp/ccdzNYOe.s 			page 97


 2298 0226 B0F85030 		ldrh	r3, [r0, #80]
 2299 022a 9BB2     		uxth	r3, r3
 2300 022c 621C     		adds	r2, r4, #1
 2301 022e 02EB8202 		add	r2, r2, r2, lsl #2
 2302 0232 15F83260 		ldrb	r6, [r5, r2, lsl #3]	@ zero_extendqisi2
 2303              	.LVL240:
2274:Drivers/STM32F1xx_HAL_Driver/Src/stm32f1xx_hal_pcd.c **** 
 2304              		.loc 1 2274 34 view .LVU790
 2305 0236 03EBC603 		add	r3, r3, r6, lsl #3
 2306 023a 0233     		adds	r3, r3, #2
 2307 023c 00EB4303 		add	r3, r0, r3, lsl #1
 2308 0240 B3F80034 		ldrh	r3, [r3, #1024]
2274:Drivers/STM32F1xx_HAL_Driver/Src/stm32f1xx_hal_pcd.c **** 
 2309              		.loc 1 2274 22 view .LVU791
 2310 0244 C3F30903 		ubfx	r3, r3, #0, #10
 2311              	.LVL241:
2276:Drivers/STM32F1xx_HAL_Driver/Src/stm32f1xx_hal_pcd.c ****           {
 2312              		.loc 1 2276 11 is_stmt 1 view .LVU792
2276:Drivers/STM32F1xx_HAL_Driver/Src/stm32f1xx_hal_pcd.c ****           {
 2313              		.loc 1 2276 17 is_stmt 0 view .LVU793
 2314 0248 04EB8402 		add	r2, r4, r4, lsl #2
 2315 024c 05EBC202 		add	r2, r5, r2, lsl #3
 2316 0250 126C     		ldr	r2, [r2, #64]
2276:Drivers/STM32F1xx_HAL_Driver/Src/stm32f1xx_hal_pcd.c ****           {
 2317              		.loc 1 2276 14 view .LVU794
 2318 0252 9A42     		cmp	r2, r3
 2319 0254 40F2D480 		bls	.L113
2278:Drivers/STM32F1xx_HAL_Driver/Src/stm32f1xx_hal_pcd.c ****           }
 2320              		.loc 1 2278 13 is_stmt 1 view .LVU795
2278:Drivers/STM32F1xx_HAL_Driver/Src/stm32f1xx_hal_pcd.c ****           }
 2321              		.loc 1 2278 26 is_stmt 0 view .LVU796
 2322 0258 04EB8407 		add	r7, r4, r4, lsl #2
 2323 025c 05EBC707 		add	r7, r5, r7, lsl #3
 2324 0260 D21A     		subs	r2, r2, r3
 2325 0262 3A64     		str	r2, [r7, #64]
 2326              	.L114:
2286:Drivers/STM32F1xx_HAL_Driver/Src/stm32f1xx_hal_pcd.c ****           {
 2327              		.loc 1 2286 11 is_stmt 1 view .LVU797
2286:Drivers/STM32F1xx_HAL_Driver/Src/stm32f1xx_hal_pcd.c ****           {
 2328              		.loc 1 2286 17 is_stmt 0 view .LVU798
 2329 0264 04EB8402 		add	r2, r4, r4, lsl #2
 2330 0268 05EBC202 		add	r2, r5, r2, lsl #3
 2331 026c 126C     		ldr	r2, [r2, #64]
2286:Drivers/STM32F1xx_HAL_Driver/Src/stm32f1xx_hal_pcd.c ****           {
 2332              		.loc 1 2286 14 view .LVU799
 2333 026e 002A     		cmp	r2, #0
 2334 0270 40F0CD80 		bne	.L115
2292:Drivers/STM32F1xx_HAL_Driver/Src/stm32f1xx_hal_pcd.c **** #endif /* USE_HAL_PCD_REGISTER_CALLBACKS */
 2335              		.loc 1 2292 13 is_stmt 1 view .LVU800
 2336 0274 3146     		mov	r1, r6
 2337              	.LVL242:
2292:Drivers/STM32F1xx_HAL_Driver/Src/stm32f1xx_hal_pcd.c **** #endif /* USE_HAL_PCD_REGISTER_CALLBACKS */
 2338              		.loc 1 2292 13 is_stmt 0 view .LVU801
 2339 0276 2846     		mov	r0, r5
 2340 0278 FFF7FEFF 		bl	HAL_PCD_DataInStageCallback
 2341              	.LVL243:
2292:Drivers/STM32F1xx_HAL_Driver/Src/stm32f1xx_hal_pcd.c **** #endif /* USE_HAL_PCD_REGISTER_CALLBACKS */
ARM GAS  /tmp/ccdzNYOe.s 			page 98


 2342              		.loc 1 2292 13 view .LVU802
 2343 027c C3E6     		b	.L93
 2344              	.LVL244:
 2345              	.L121:
2195:Drivers/STM32F1xx_HAL_Driver/Src/stm32f1xx_hal_pcd.c ****         ep = &hpcd->OUT_ep[epindex];
 2346              		.loc 1 2195 9 is_stmt 1 view .LVU803
 2347              	.LBB46:
2195:Drivers/STM32F1xx_HAL_Driver/Src/stm32f1xx_hal_pcd.c ****         ep = &hpcd->OUT_ep[epindex];
 2348              		.loc 1 2195 9 view .LVU804
2195:Drivers/STM32F1xx_HAL_Driver/Src/stm32f1xx_hal_pcd.c ****         ep = &hpcd->OUT_ep[epindex];
 2349              		.loc 1 2195 9 view .LVU805
 2350 027e 30F82430 		ldrh	r3, [r0, r4, lsl #2]
 2351 0282 23F07003 		bic	r3, r3, #112
 2352 0286 1B05     		lsls	r3, r3, #20
 2353 0288 1B0D     		lsrs	r3, r3, #20
 2354              	.LVL245:
2195:Drivers/STM32F1xx_HAL_Driver/Src/stm32f1xx_hal_pcd.c ****         ep = &hpcd->OUT_ep[epindex];
 2355              		.loc 1 2195 9 view .LVU806
 2356 028a 43F08003 		orr	r3, r3, #128
 2357              	.LVL246:
2195:Drivers/STM32F1xx_HAL_Driver/Src/stm32f1xx_hal_pcd.c ****         ep = &hpcd->OUT_ep[epindex];
 2358              		.loc 1 2195 9 is_stmt 0 view .LVU807
 2359 028e 20F82430 		strh	r3, [r0, r4, lsl #2]	@ movhi
 2360              	.LBE46:
2195:Drivers/STM32F1xx_HAL_Driver/Src/stm32f1xx_hal_pcd.c ****         ep = &hpcd->OUT_ep[epindex];
 2361              		.loc 1 2195 9 is_stmt 1 view .LVU808
2196:Drivers/STM32F1xx_HAL_Driver/Src/stm32f1xx_hal_pcd.c **** 
 2362              		.loc 1 2196 9 view .LVU809
2196:Drivers/STM32F1xx_HAL_Driver/Src/stm32f1xx_hal_pcd.c **** 
 2363              		.loc 1 2196 12 is_stmt 0 view .LVU810
 2364 0292 04EB8401 		add	r1, r4, r4, lsl #2
 2365 0296 C900     		lsls	r1, r1, #3
 2366 0298 01F5B471 		add	r1, r1, #360
 2367 029c 05EB0108 		add	r8, r5, r1
 2368              	.LVL247:
2199:Drivers/STM32F1xx_HAL_Driver/Src/stm32f1xx_hal_pcd.c ****         {
 2369              		.loc 1 2199 9 is_stmt 1 view .LVU811
2199:Drivers/STM32F1xx_HAL_Driver/Src/stm32f1xx_hal_pcd.c ****         {
 2370              		.loc 1 2199 15 is_stmt 0 view .LVU812
 2371 02a0 04EB8403 		add	r3, r4, r4, lsl #2
 2372 02a4 05EBC303 		add	r3, r5, r3, lsl #3
 2373 02a8 93F87431 		ldrb	r3, [r3, #372]	@ zero_extendqisi2
2199:Drivers/STM32F1xx_HAL_Driver/Src/stm32f1xx_hal_pcd.c ****         {
 2374              		.loc 1 2199 12 view .LVU813
 2375 02ac 002B     		cmp	r3, #0
 2376 02ae 42D1     		bne	.L105
2201:Drivers/STM32F1xx_HAL_Driver/Src/stm32f1xx_hal_pcd.c **** 
 2377              		.loc 1 2201 11 is_stmt 1 view .LVU814
2201:Drivers/STM32F1xx_HAL_Driver/Src/stm32f1xx_hal_pcd.c **** 
 2378              		.loc 1 2201 29 is_stmt 0 view .LVU815
 2379 02b0 2868     		ldr	r0, [r5]
 2380 02b2 B0F85030 		ldrh	r3, [r0, #80]
 2381 02b6 9BB2     		uxth	r3, r3
 2382 02b8 04EB8402 		add	r2, r4, r4, lsl #2
 2383 02bc 05EBC202 		add	r2, r5, r2, lsl #3
 2384 02c0 92F86821 		ldrb	r2, [r2, #360]	@ zero_extendqisi2
 2385 02c4 03EBC203 		add	r3, r3, r2, lsl #3
ARM GAS  /tmp/ccdzNYOe.s 			page 99


 2386 02c8 0633     		adds	r3, r3, #6
 2387 02ca 00EB4303 		add	r3, r0, r3, lsl #1
 2388 02ce B3F80074 		ldrh	r7, [r3, #1024]
2201:Drivers/STM32F1xx_HAL_Driver/Src/stm32f1xx_hal_pcd.c **** 
 2389              		.loc 1 2201 17 view .LVU816
 2390 02d2 C7F30907 		ubfx	r7, r7, #0, #10
 2391              	.LVL248:
2203:Drivers/STM32F1xx_HAL_Driver/Src/stm32f1xx_hal_pcd.c ****           {
 2392              		.loc 1 2203 11 is_stmt 1 view .LVU817
2203:Drivers/STM32F1xx_HAL_Driver/Src/stm32f1xx_hal_pcd.c ****           {
 2393              		.loc 1 2203 14 is_stmt 0 view .LVU818
 2394 02d6 17BB     		cbnz	r7, .L122
 2395              	.L106:
2243:Drivers/STM32F1xx_HAL_Driver/Src/stm32f1xx_hal_pcd.c ****         ep->xfer_buff += count;
 2396              		.loc 1 2243 9 is_stmt 1 view .LVU819
2243:Drivers/STM32F1xx_HAL_Driver/Src/stm32f1xx_hal_pcd.c ****         ep->xfer_buff += count;
 2397              		.loc 1 2243 11 is_stmt 0 view .LVU820
 2398 02d8 04EB8403 		add	r3, r4, r4, lsl #2
 2399 02dc 05EBC303 		add	r3, r5, r3, lsl #3
 2400 02e0 D3F88421 		ldr	r2, [r3, #388]
2243:Drivers/STM32F1xx_HAL_Driver/Src/stm32f1xx_hal_pcd.c ****         ep->xfer_buff += count;
 2401              		.loc 1 2243 24 view .LVU821
 2402 02e4 3A44     		add	r2, r2, r7
 2403 02e6 C3F88421 		str	r2, [r3, #388]
2244:Drivers/STM32F1xx_HAL_Driver/Src/stm32f1xx_hal_pcd.c **** 
 2404              		.loc 1 2244 9 is_stmt 1 view .LVU822
2244:Drivers/STM32F1xx_HAL_Driver/Src/stm32f1xx_hal_pcd.c **** 
 2405              		.loc 1 2244 11 is_stmt 0 view .LVU823
 2406 02ea D3F87C21 		ldr	r2, [r3, #380]
2244:Drivers/STM32F1xx_HAL_Driver/Src/stm32f1xx_hal_pcd.c **** 
 2407              		.loc 1 2244 23 view .LVU824
 2408 02ee 3A44     		add	r2, r2, r7
 2409 02f0 C3F87C21 		str	r2, [r3, #380]
2246:Drivers/STM32F1xx_HAL_Driver/Src/stm32f1xx_hal_pcd.c ****         {
 2410              		.loc 1 2246 9 is_stmt 1 view .LVU825
2246:Drivers/STM32F1xx_HAL_Driver/Src/stm32f1xx_hal_pcd.c ****         {
 2411              		.loc 1 2246 16 is_stmt 0 view .LVU826
 2412 02f4 D3F88031 		ldr	r3, [r3, #384]
2246:Drivers/STM32F1xx_HAL_Driver/Src/stm32f1xx_hal_pcd.c ****         {
 2413              		.loc 1 2246 12 view .LVU827
 2414 02f8 3BB1     		cbz	r3, .L109
2246:Drivers/STM32F1xx_HAL_Driver/Src/stm32f1xx_hal_pcd.c ****         {
 2415              		.loc 1 2246 48 discriminator 1 view .LVU828
 2416 02fa 04EB8403 		add	r3, r4, r4, lsl #2
 2417 02fe 05EBC303 		add	r3, r5, r3, lsl #3
 2418 0302 D3F87831 		ldr	r3, [r3, #376]
2246:Drivers/STM32F1xx_HAL_Driver/Src/stm32f1xx_hal_pcd.c ****         {
 2419              		.loc 1 2246 34 discriminator 1 view .LVU829
 2420 0306 9F42     		cmp	r7, r3
 2421 0308 75D2     		bcs	.L110
 2422              	.L109:
2252:Drivers/STM32F1xx_HAL_Driver/Src/stm32f1xx_hal_pcd.c **** #endif /* USE_HAL_PCD_REGISTER_CALLBACKS */
 2423              		.loc 1 2252 11 is_stmt 1 view .LVU830
 2424 030a 04EB8403 		add	r3, r4, r4, lsl #2
 2425 030e 05EBC303 		add	r3, r5, r3, lsl #3
 2426 0312 93F86811 		ldrb	r1, [r3, #360]	@ zero_extendqisi2
 2427 0316 2846     		mov	r0, r5
ARM GAS  /tmp/ccdzNYOe.s 			page 100


 2428 0318 FFF7FEFF 		bl	HAL_PCD_DataOutStageCallback
 2429              	.LVL249:
 2430 031c 5FE7     		b	.L104
 2431              	.L122:
2205:Drivers/STM32F1xx_HAL_Driver/Src/stm32f1xx_hal_pcd.c ****           }
 2432              		.loc 1 2205 13 view .LVU831
 2433 031e 04EB8401 		add	r1, r4, r4, lsl #2
 2434 0322 05EBC101 		add	r1, r5, r1, lsl #3
 2435 0326 3B46     		mov	r3, r7
 2436 0328 B1F86E21 		ldrh	r2, [r1, #366]
 2437 032c D1F87C11 		ldr	r1, [r1, #380]
 2438 0330 FFF7FEFF 		bl	USB_ReadPMA
 2439              	.LVL250:
 2440 0334 D0E7     		b	.L106
 2441              	.LVL251:
 2442              	.L105:
2211:Drivers/STM32F1xx_HAL_Driver/Src/stm32f1xx_hal_pcd.c ****           {
 2443              		.loc 1 2211 11 view .LVU832
2211:Drivers/STM32F1xx_HAL_Driver/Src/stm32f1xx_hal_pcd.c ****           {
 2444              		.loc 1 2211 17 is_stmt 0 view .LVU833
 2445 0336 04EB8403 		add	r3, r4, r4, lsl #2
 2446 033a 05EBC303 		add	r3, r5, r3, lsl #3
 2447 033e 93F86B31 		ldrb	r3, [r3, #363]	@ zero_extendqisi2
2211:Drivers/STM32F1xx_HAL_Driver/Src/stm32f1xx_hal_pcd.c ****           {
 2448              		.loc 1 2211 14 view .LVU834
 2449 0342 022B     		cmp	r3, #2
 2450 0344 35D0     		beq	.L123
2218:Drivers/STM32F1xx_HAL_Driver/Src/stm32f1xx_hal_pcd.c **** 
 2451              		.loc 1 2218 13 is_stmt 1 view .LVU835
2218:Drivers/STM32F1xx_HAL_Driver/Src/stm32f1xx_hal_pcd.c **** 
 2452              		.loc 1 2218 13 view .LVU836
2218:Drivers/STM32F1xx_HAL_Driver/Src/stm32f1xx_hal_pcd.c **** 
 2453              		.loc 1 2218 13 discriminator 1 view .LVU837
 2454              	.LBB47:
2218:Drivers/STM32F1xx_HAL_Driver/Src/stm32f1xx_hal_pcd.c **** 
 2455              		.loc 1 2218 13 discriminator 1 view .LVU838
2218:Drivers/STM32F1xx_HAL_Driver/Src/stm32f1xx_hal_pcd.c **** 
 2456              		.loc 1 2218 13 discriminator 1 view .LVU839
 2457 0346 2968     		ldr	r1, [r5]
 2458 0348 04EB8402 		add	r2, r4, r4, lsl #2
 2459 034c 05EBC202 		add	r2, r5, r2, lsl #3
 2460 0350 92F86801 		ldrb	r0, [r2, #360]	@ zero_extendqisi2
 2461 0354 31F82030 		ldrh	r3, [r1, r0, lsl #2]
 2462 0358 9BB2     		uxth	r3, r3
 2463 035a 23F4E043 		bic	r3, r3, #28672
 2464 035e 23F07003 		bic	r3, r3, #112
 2465              	.LVL252:
2218:Drivers/STM32F1xx_HAL_Driver/Src/stm32f1xx_hal_pcd.c **** 
 2466              		.loc 1 2218 13 view .LVU840
2218:Drivers/STM32F1xx_HAL_Driver/Src/stm32f1xx_hal_pcd.c **** 
 2467              		.loc 1 2218 13 is_stmt 0 discriminator 1 view .LVU841
 2468 0362 43F40043 		orr	r3, r3, #32768
 2469              	.LVL253:
2218:Drivers/STM32F1xx_HAL_Driver/Src/stm32f1xx_hal_pcd.c **** 
 2470              		.loc 1 2218 13 discriminator 1 view .LVU842
 2471 0366 43F0C003 		orr	r3, r3, #192
 2472 036a 21F82030 		strh	r3, [r1, r0, lsl #2]	@ movhi
ARM GAS  /tmp/ccdzNYOe.s 			page 101


 2473              	.LBE47:
2218:Drivers/STM32F1xx_HAL_Driver/Src/stm32f1xx_hal_pcd.c **** 
 2474              		.loc 1 2218 13 is_stmt 1 view .LVU843
2218:Drivers/STM32F1xx_HAL_Driver/Src/stm32f1xx_hal_pcd.c **** 
 2475              		.loc 1 2218 13 discriminator 6 view .LVU844
2218:Drivers/STM32F1xx_HAL_Driver/Src/stm32f1xx_hal_pcd.c **** 
 2476              		.loc 1 2218 13 discriminator 6 view .LVU845
2220:Drivers/STM32F1xx_HAL_Driver/Src/stm32f1xx_hal_pcd.c ****             {
 2477              		.loc 1 2220 13 view .LVU846
2220:Drivers/STM32F1xx_HAL_Driver/Src/stm32f1xx_hal_pcd.c ****             {
 2478              		.loc 1 2220 18 is_stmt 0 view .LVU847
 2479 036e 2868     		ldr	r0, [r5]
 2480 0370 92F86821 		ldrb	r2, [r2, #360]	@ zero_extendqisi2
 2481 0374 30F82230 		ldrh	r3, [r0, r2, lsl #2]
2220:Drivers/STM32F1xx_HAL_Driver/Src/stm32f1xx_hal_pcd.c ****             {
 2482              		.loc 1 2220 16 view .LVU848
 2483 0378 13F4804F 		tst	r3, #16384
 2484 037c 20D0     		beq	.L108
2223:Drivers/STM32F1xx_HAL_Driver/Src/stm32f1xx_hal_pcd.c **** 
 2485              		.loc 1 2223 15 is_stmt 1 view .LVU849
2223:Drivers/STM32F1xx_HAL_Driver/Src/stm32f1xx_hal_pcd.c **** 
 2486              		.loc 1 2223 33 is_stmt 0 view .LVU850
 2487 037e B0F85030 		ldrh	r3, [r0, #80]
 2488 0382 9BB2     		uxth	r3, r3
 2489 0384 03EBC203 		add	r3, r3, r2, lsl #3
 2490 0388 0233     		adds	r3, r3, #2
 2491 038a 00EB4303 		add	r3, r0, r3, lsl #1
 2492 038e B3F80074 		ldrh	r7, [r3, #1024]
2223:Drivers/STM32F1xx_HAL_Driver/Src/stm32f1xx_hal_pcd.c **** 
 2493              		.loc 1 2223 21 view .LVU851
 2494 0392 C7F30907 		ubfx	r7, r7, #0, #10
 2495              	.LVL254:
2225:Drivers/STM32F1xx_HAL_Driver/Src/stm32f1xx_hal_pcd.c ****               {
 2496              		.loc 1 2225 15 is_stmt 1 view .LVU852
2225:Drivers/STM32F1xx_HAL_Driver/Src/stm32f1xx_hal_pcd.c ****               {
 2497              		.loc 1 2225 18 is_stmt 0 view .LVU853
 2498 0396 002F     		cmp	r7, #0
 2499 0398 9ED0     		beq	.L106
2227:Drivers/STM32F1xx_HAL_Driver/Src/stm32f1xx_hal_pcd.c ****               }
 2500              		.loc 1 2227 17 is_stmt 1 view .LVU854
 2501 039a 04EB8401 		add	r1, r4, r4, lsl #2
 2502 039e 05EBC101 		add	r1, r5, r1, lsl #3
 2503 03a2 3B46     		mov	r3, r7
 2504 03a4 B1F87021 		ldrh	r2, [r1, #368]
 2505 03a8 D1F87C11 		ldr	r1, [r1, #380]
 2506 03ac FFF7FEFF 		bl	USB_ReadPMA
 2507              	.LVL255:
 2508 03b0 92E7     		b	.L106
 2509              	.LVL256:
 2510              	.L123:
2213:Drivers/STM32F1xx_HAL_Driver/Src/stm32f1xx_hal_pcd.c ****           }
 2511              		.loc 1 2213 13 view .LVU855
2213:Drivers/STM32F1xx_HAL_Driver/Src/stm32f1xx_hal_pcd.c ****           }
 2512              		.loc 1 2213 21 is_stmt 0 view .LVU856
 2513 03b2 3246     		mov	r2, r6
 2514 03b4 4146     		mov	r1, r8
 2515 03b6 2846     		mov	r0, r5
ARM GAS  /tmp/ccdzNYOe.s 			page 102


 2516 03b8 FFF7FEFF 		bl	HAL_PCD_EP_DB_Receive
 2517              	.LVL257:
 2518 03bc 0746     		mov	r7, r0
 2519              	.LVL258:
2213:Drivers/STM32F1xx_HAL_Driver/Src/stm32f1xx_hal_pcd.c ****           }
 2520              		.loc 1 2213 21 view .LVU857
 2521 03be 8BE7     		b	.L106
 2522              	.LVL259:
 2523              	.L108:
2233:Drivers/STM32F1xx_HAL_Driver/Src/stm32f1xx_hal_pcd.c **** 
 2524              		.loc 1 2233 15 is_stmt 1 view .LVU858
2233:Drivers/STM32F1xx_HAL_Driver/Src/stm32f1xx_hal_pcd.c **** 
 2525              		.loc 1 2233 33 is_stmt 0 view .LVU859
 2526 03c0 B0F85030 		ldrh	r3, [r0, #80]
 2527 03c4 9BB2     		uxth	r3, r3
 2528 03c6 03EBC203 		add	r3, r3, r2, lsl #3
 2529 03ca 0633     		adds	r3, r3, #6
 2530 03cc 00EB4303 		add	r3, r0, r3, lsl #1
 2531 03d0 B3F80074 		ldrh	r7, [r3, #1024]
2233:Drivers/STM32F1xx_HAL_Driver/Src/stm32f1xx_hal_pcd.c **** 
 2532              		.loc 1 2233 21 view .LVU860
 2533 03d4 C7F30907 		ubfx	r7, r7, #0, #10
 2534              	.LVL260:
2235:Drivers/STM32F1xx_HAL_Driver/Src/stm32f1xx_hal_pcd.c ****               {
 2535              		.loc 1 2235 15 is_stmt 1 view .LVU861
2235:Drivers/STM32F1xx_HAL_Driver/Src/stm32f1xx_hal_pcd.c ****               {
 2536              		.loc 1 2235 18 is_stmt 0 view .LVU862
 2537 03d8 002F     		cmp	r7, #0
 2538 03da 3FF47DAF 		beq	.L106
2237:Drivers/STM32F1xx_HAL_Driver/Src/stm32f1xx_hal_pcd.c ****               }
 2539              		.loc 1 2237 17 is_stmt 1 view .LVU863
 2540 03de 04EB8401 		add	r1, r4, r4, lsl #2
 2541 03e2 05EBC101 		add	r1, r5, r1, lsl #3
 2542 03e6 3B46     		mov	r3, r7
 2543 03e8 B1F87221 		ldrh	r2, [r1, #370]
 2544 03ec D1F87C11 		ldr	r1, [r1, #380]
 2545 03f0 FFF7FEFF 		bl	USB_ReadPMA
 2546              	.LVL261:
 2547 03f4 70E7     		b	.L106
 2548              	.LVL262:
 2549              	.L110:
2257:Drivers/STM32F1xx_HAL_Driver/Src/stm32f1xx_hal_pcd.c ****         }
 2550              		.loc 1 2257 11 view .LVU864
2257:Drivers/STM32F1xx_HAL_Driver/Src/stm32f1xx_hal_pcd.c ****         }
 2551              		.loc 1 2257 18 is_stmt 0 view .LVU865
 2552 03f6 4146     		mov	r1, r8
 2553 03f8 2868     		ldr	r0, [r5]
 2554 03fa FFF7FEFF 		bl	USB_EPStartXfer
 2555              	.LVL263:
 2556 03fe EEE6     		b	.L104
 2557              	.LVL264:
 2558              	.L113:
2282:Drivers/STM32F1xx_HAL_Driver/Src/stm32f1xx_hal_pcd.c ****           }
 2559              		.loc 1 2282 13 is_stmt 1 view .LVU866
2282:Drivers/STM32F1xx_HAL_Driver/Src/stm32f1xx_hal_pcd.c ****           }
 2560              		.loc 1 2282 26 is_stmt 0 view .LVU867
 2561 0400 04EB8402 		add	r2, r4, r4, lsl #2
ARM GAS  /tmp/ccdzNYOe.s 			page 103


 2562 0404 05EBC202 		add	r2, r5, r2, lsl #3
 2563 0408 0027     		movs	r7, #0
 2564 040a 1764     		str	r7, [r2, #64]
 2565 040c 2AE7     		b	.L114
 2566              	.L115:
2298:Drivers/STM32F1xx_HAL_Driver/Src/stm32f1xx_hal_pcd.c ****             ep->xfer_count += TxByteNbre;
 2567              		.loc 1 2298 13 is_stmt 1 view .LVU868
2298:Drivers/STM32F1xx_HAL_Driver/Src/stm32f1xx_hal_pcd.c ****             ep->xfer_count += TxByteNbre;
 2568              		.loc 1 2298 15 is_stmt 0 view .LVU869
 2569 040e 04EB8402 		add	r2, r4, r4, lsl #2
 2570 0412 05EBC202 		add	r2, r5, r2, lsl #3
 2571 0416 D66B     		ldr	r6, [r2, #60]
2298:Drivers/STM32F1xx_HAL_Driver/Src/stm32f1xx_hal_pcd.c ****             ep->xfer_count += TxByteNbre;
 2572              		.loc 1 2298 27 view .LVU870
 2573 0418 1E44     		add	r6, r6, r3
 2574 041a D663     		str	r6, [r2, #60]
2299:Drivers/STM32F1xx_HAL_Driver/Src/stm32f1xx_hal_pcd.c ****             (void)USB_EPStartXfer(hpcd->Instance, ep);
 2575              		.loc 1 2299 13 is_stmt 1 view .LVU871
2299:Drivers/STM32F1xx_HAL_Driver/Src/stm32f1xx_hal_pcd.c ****             (void)USB_EPStartXfer(hpcd->Instance, ep);
 2576              		.loc 1 2299 15 is_stmt 0 view .LVU872
 2577 041c 526C     		ldr	r2, [r2, #68]
2299:Drivers/STM32F1xx_HAL_Driver/Src/stm32f1xx_hal_pcd.c ****             (void)USB_EPStartXfer(hpcd->Instance, ep);
 2578              		.loc 1 2299 28 view .LVU873
 2579 041e 04EB8404 		add	r4, r4, r4, lsl #2
 2580 0422 05EBC404 		add	r4, r5, r4, lsl #3
 2581 0426 1344     		add	r3, r3, r2
 2582              	.LVL265:
2299:Drivers/STM32F1xx_HAL_Driver/Src/stm32f1xx_hal_pcd.c ****             (void)USB_EPStartXfer(hpcd->Instance, ep);
 2583              		.loc 1 2299 28 view .LVU874
 2584 0428 6364     		str	r3, [r4, #68]
2300:Drivers/STM32F1xx_HAL_Driver/Src/stm32f1xx_hal_pcd.c ****           }
 2585              		.loc 1 2300 13 is_stmt 1 view .LVU875
2300:Drivers/STM32F1xx_HAL_Driver/Src/stm32f1xx_hal_pcd.c ****           }
 2586              		.loc 1 2300 19 is_stmt 0 view .LVU876
 2587 042a FFF7FEFF 		bl	USB_EPStartXfer
 2588              	.LVL266:
2300:Drivers/STM32F1xx_HAL_Driver/Src/stm32f1xx_hal_pcd.c ****           }
 2589              		.loc 1 2300 19 view .LVU877
 2590 042e EAE5     		b	.L93
 2591              	.LVL267:
 2592              	.L112:
2306:Drivers/STM32F1xx_HAL_Driver/Src/stm32f1xx_hal_pcd.c ****         }
 2593              		.loc 1 2306 11 is_stmt 1 view .LVU878
2306:Drivers/STM32F1xx_HAL_Driver/Src/stm32f1xx_hal_pcd.c ****         }
 2594              		.loc 1 2306 17 is_stmt 0 view .LVU879
 2595 0430 3246     		mov	r2, r6
 2596 0432 2846     		mov	r0, r5
 2597 0434 FFF7FEFF 		bl	HAL_PCD_EP_DB_Transmit
 2598              	.LVL268:
2306:Drivers/STM32F1xx_HAL_Driver/Src/stm32f1xx_hal_pcd.c ****         }
 2599              		.loc 1 2306 17 view .LVU880
 2600 0438 E5E5     		b	.L93
 2601              	.LVL269:
 2602              	.L118:
2312:Drivers/STM32F1xx_HAL_Driver/Src/stm32f1xx_hal_pcd.c **** }
 2603              		.loc 1 2312 3 is_stmt 1 view .LVU881
2313:Drivers/STM32F1xx_HAL_Driver/Src/stm32f1xx_hal_pcd.c **** 
ARM GAS  /tmp/ccdzNYOe.s 			page 104


 2604              		.loc 1 2313 1 is_stmt 0 view .LVU882
 2605 043a 0020     		movs	r0, #0
 2606 043c BDE8F081 		pop	{r4, r5, r6, r7, r8, pc}
2313:Drivers/STM32F1xx_HAL_Driver/Src/stm32f1xx_hal_pcd.c **** 
 2607              		.loc 1 2313 1 view .LVU883
 2608              		.cfi_endproc
 2609              	.LFE98:
 2611              		.section	.text.HAL_PCD_SOFCallback,"ax",%progbits
 2612              		.align	1
 2613              		.weak	HAL_PCD_SOFCallback
 2614              		.syntax unified
 2615              		.thumb
 2616              		.thumb_func
 2618              	HAL_PCD_SOFCallback:
 2619              	.LVL270:
 2620              	.LFB76:
1432:Drivers/STM32F1xx_HAL_Driver/Src/stm32f1xx_hal_pcd.c ****   /* Prevent unused argument(s) compilation warning */
 2621              		.loc 1 1432 1 is_stmt 1 view -0
 2622              		.cfi_startproc
 2623              		@ args = 0, pretend = 0, frame = 0
 2624              		@ frame_needed = 0, uses_anonymous_args = 0
 2625              		@ link register save eliminated.
1434:Drivers/STM32F1xx_HAL_Driver/Src/stm32f1xx_hal_pcd.c **** 
 2626              		.loc 1 1434 3 view .LVU885
1439:Drivers/STM32F1xx_HAL_Driver/Src/stm32f1xx_hal_pcd.c **** 
 2627              		.loc 1 1439 1 is_stmt 0 view .LVU886
 2628 0000 7047     		bx	lr
 2629              		.cfi_endproc
 2630              	.LFE76:
 2632              		.section	.text.HAL_PCD_ResetCallback,"ax",%progbits
 2633              		.align	1
 2634              		.weak	HAL_PCD_ResetCallback
 2635              		.syntax unified
 2636              		.thumb
 2637              		.thumb_func
 2639              	HAL_PCD_ResetCallback:
 2640              	.LVL271:
 2641              	.LFB77:
1447:Drivers/STM32F1xx_HAL_Driver/Src/stm32f1xx_hal_pcd.c ****   /* Prevent unused argument(s) compilation warning */
 2642              		.loc 1 1447 1 is_stmt 1 view -0
 2643              		.cfi_startproc
 2644              		@ args = 0, pretend = 0, frame = 0
 2645              		@ frame_needed = 0, uses_anonymous_args = 0
 2646              		@ link register save eliminated.
1449:Drivers/STM32F1xx_HAL_Driver/Src/stm32f1xx_hal_pcd.c **** 
 2647              		.loc 1 1449 3 view .LVU888
1454:Drivers/STM32F1xx_HAL_Driver/Src/stm32f1xx_hal_pcd.c **** 
 2648              		.loc 1 1454 1 is_stmt 0 view .LVU889
 2649 0000 7047     		bx	lr
 2650              		.cfi_endproc
 2651              	.LFE77:
 2653              		.section	.text.HAL_PCD_SuspendCallback,"ax",%progbits
 2654              		.align	1
 2655              		.weak	HAL_PCD_SuspendCallback
 2656              		.syntax unified
 2657              		.thumb
 2658              		.thumb_func
ARM GAS  /tmp/ccdzNYOe.s 			page 105


 2660              	HAL_PCD_SuspendCallback:
 2661              	.LVL272:
 2662              	.LFB78:
1462:Drivers/STM32F1xx_HAL_Driver/Src/stm32f1xx_hal_pcd.c ****   /* Prevent unused argument(s) compilation warning */
 2663              		.loc 1 1462 1 is_stmt 1 view -0
 2664              		.cfi_startproc
 2665              		@ args = 0, pretend = 0, frame = 0
 2666              		@ frame_needed = 0, uses_anonymous_args = 0
 2667              		@ link register save eliminated.
1464:Drivers/STM32F1xx_HAL_Driver/Src/stm32f1xx_hal_pcd.c **** 
 2668              		.loc 1 1464 3 view .LVU891
1469:Drivers/STM32F1xx_HAL_Driver/Src/stm32f1xx_hal_pcd.c **** 
 2669              		.loc 1 1469 1 is_stmt 0 view .LVU892
 2670 0000 7047     		bx	lr
 2671              		.cfi_endproc
 2672              	.LFE78:
 2674              		.section	.text.HAL_PCD_ResumeCallback,"ax",%progbits
 2675              		.align	1
 2676              		.weak	HAL_PCD_ResumeCallback
 2677              		.syntax unified
 2678              		.thumb
 2679              		.thumb_func
 2681              	HAL_PCD_ResumeCallback:
 2682              	.LVL273:
 2683              	.LFB79:
1477:Drivers/STM32F1xx_HAL_Driver/Src/stm32f1xx_hal_pcd.c ****   /* Prevent unused argument(s) compilation warning */
 2684              		.loc 1 1477 1 is_stmt 1 view -0
 2685              		.cfi_startproc
 2686              		@ args = 0, pretend = 0, frame = 0
 2687              		@ frame_needed = 0, uses_anonymous_args = 0
 2688              		@ link register save eliminated.
1479:Drivers/STM32F1xx_HAL_Driver/Src/stm32f1xx_hal_pcd.c **** 
 2689              		.loc 1 1479 3 view .LVU894
1484:Drivers/STM32F1xx_HAL_Driver/Src/stm32f1xx_hal_pcd.c **** 
 2690              		.loc 1 1484 1 is_stmt 0 view .LVU895
 2691 0000 7047     		bx	lr
 2692              		.cfi_endproc
 2693              	.LFE79:
 2695              		.section	.text.HAL_PCD_ISOOUTIncompleteCallback,"ax",%progbits
 2696              		.align	1
 2697              		.weak	HAL_PCD_ISOOUTIncompleteCallback
 2698              		.syntax unified
 2699              		.thumb
 2700              		.thumb_func
 2702              	HAL_PCD_ISOOUTIncompleteCallback:
 2703              	.LVL274:
 2704              	.LFB80:
1493:Drivers/STM32F1xx_HAL_Driver/Src/stm32f1xx_hal_pcd.c ****   /* Prevent unused argument(s) compilation warning */
 2705              		.loc 1 1493 1 is_stmt 1 view -0
 2706              		.cfi_startproc
 2707              		@ args = 0, pretend = 0, frame = 0
 2708              		@ frame_needed = 0, uses_anonymous_args = 0
 2709              		@ link register save eliminated.
1495:Drivers/STM32F1xx_HAL_Driver/Src/stm32f1xx_hal_pcd.c ****   UNUSED(epnum);
 2710              		.loc 1 1495 3 view .LVU897
1496:Drivers/STM32F1xx_HAL_Driver/Src/stm32f1xx_hal_pcd.c **** 
 2711              		.loc 1 1496 3 view .LVU898
ARM GAS  /tmp/ccdzNYOe.s 			page 106


1501:Drivers/STM32F1xx_HAL_Driver/Src/stm32f1xx_hal_pcd.c **** 
 2712              		.loc 1 1501 1 is_stmt 0 view .LVU899
 2713 0000 7047     		bx	lr
 2714              		.cfi_endproc
 2715              	.LFE80:
 2717              		.section	.text.HAL_PCD_ISOINIncompleteCallback,"ax",%progbits
 2718              		.align	1
 2719              		.weak	HAL_PCD_ISOINIncompleteCallback
 2720              		.syntax unified
 2721              		.thumb
 2722              		.thumb_func
 2724              	HAL_PCD_ISOINIncompleteCallback:
 2725              	.LVL275:
 2726              	.LFB81:
1510:Drivers/STM32F1xx_HAL_Driver/Src/stm32f1xx_hal_pcd.c ****   /* Prevent unused argument(s) compilation warning */
 2727              		.loc 1 1510 1 is_stmt 1 view -0
 2728              		.cfi_startproc
 2729              		@ args = 0, pretend = 0, frame = 0
 2730              		@ frame_needed = 0, uses_anonymous_args = 0
 2731              		@ link register save eliminated.
1512:Drivers/STM32F1xx_HAL_Driver/Src/stm32f1xx_hal_pcd.c ****   UNUSED(epnum);
 2732              		.loc 1 1512 3 view .LVU901
1513:Drivers/STM32F1xx_HAL_Driver/Src/stm32f1xx_hal_pcd.c **** 
 2733              		.loc 1 1513 3 view .LVU902
1518:Drivers/STM32F1xx_HAL_Driver/Src/stm32f1xx_hal_pcd.c **** 
 2734              		.loc 1 1518 1 is_stmt 0 view .LVU903
 2735 0000 7047     		bx	lr
 2736              		.cfi_endproc
 2737              	.LFE81:
 2739              		.section	.text.HAL_PCD_ConnectCallback,"ax",%progbits
 2740              		.align	1
 2741              		.weak	HAL_PCD_ConnectCallback
 2742              		.syntax unified
 2743              		.thumb
 2744              		.thumb_func
 2746              	HAL_PCD_ConnectCallback:
 2747              	.LVL276:
 2748              	.LFB82:
1526:Drivers/STM32F1xx_HAL_Driver/Src/stm32f1xx_hal_pcd.c ****   /* Prevent unused argument(s) compilation warning */
 2749              		.loc 1 1526 1 is_stmt 1 view -0
 2750              		.cfi_startproc
 2751              		@ args = 0, pretend = 0, frame = 0
 2752              		@ frame_needed = 0, uses_anonymous_args = 0
 2753              		@ link register save eliminated.
1528:Drivers/STM32F1xx_HAL_Driver/Src/stm32f1xx_hal_pcd.c **** 
 2754              		.loc 1 1528 3 view .LVU905
1533:Drivers/STM32F1xx_HAL_Driver/Src/stm32f1xx_hal_pcd.c **** 
 2755              		.loc 1 1533 1 is_stmt 0 view .LVU906
 2756 0000 7047     		bx	lr
 2757              		.cfi_endproc
 2758              	.LFE82:
 2760              		.section	.text.HAL_PCD_DisconnectCallback,"ax",%progbits
 2761              		.align	1
 2762              		.weak	HAL_PCD_DisconnectCallback
 2763              		.syntax unified
 2764              		.thumb
 2765              		.thumb_func
ARM GAS  /tmp/ccdzNYOe.s 			page 107


 2767              	HAL_PCD_DisconnectCallback:
 2768              	.LVL277:
 2769              	.LFB83:
1541:Drivers/STM32F1xx_HAL_Driver/Src/stm32f1xx_hal_pcd.c ****   /* Prevent unused argument(s) compilation warning */
 2770              		.loc 1 1541 1 is_stmt 1 view -0
 2771              		.cfi_startproc
 2772              		@ args = 0, pretend = 0, frame = 0
 2773              		@ frame_needed = 0, uses_anonymous_args = 0
 2774              		@ link register save eliminated.
1543:Drivers/STM32F1xx_HAL_Driver/Src/stm32f1xx_hal_pcd.c **** 
 2775              		.loc 1 1543 3 view .LVU908
1548:Drivers/STM32F1xx_HAL_Driver/Src/stm32f1xx_hal_pcd.c **** 
 2776              		.loc 1 1548 1 is_stmt 0 view .LVU909
 2777 0000 7047     		bx	lr
 2778              		.cfi_endproc
 2779              	.LFE83:
 2781              		.section	.text.HAL_PCD_DevConnect,"ax",%progbits
 2782              		.align	1
 2783              		.global	HAL_PCD_DevConnect
 2784              		.syntax unified
 2785              		.thumb
 2786              		.thumb_func
 2788              	HAL_PCD_DevConnect:
 2789              	.LVL278:
 2790              	.LFB84:
1575:Drivers/STM32F1xx_HAL_Driver/Src/stm32f1xx_hal_pcd.c ****   __HAL_LOCK(hpcd);
 2791              		.loc 1 1575 1 is_stmt 1 view -0
 2792              		.cfi_startproc
 2793              		@ args = 0, pretend = 0, frame = 0
 2794              		@ frame_needed = 0, uses_anonymous_args = 0
1576:Drivers/STM32F1xx_HAL_Driver/Src/stm32f1xx_hal_pcd.c **** 
 2795              		.loc 1 1576 3 view .LVU911
1576:Drivers/STM32F1xx_HAL_Driver/Src/stm32f1xx_hal_pcd.c **** 
 2796              		.loc 1 1576 3 view .LVU912
 2797 0000 90F8A832 		ldrb	r3, [r0, #680]	@ zero_extendqisi2
 2798 0004 012B     		cmp	r3, #1
 2799 0006 0DD0     		beq	.L134
1575:Drivers/STM32F1xx_HAL_Driver/Src/stm32f1xx_hal_pcd.c ****   __HAL_LOCK(hpcd);
 2800              		.loc 1 1575 1 is_stmt 0 view .LVU913
 2801 0008 10B5     		push	{r4, lr}
 2802              	.LCFI11:
 2803              		.cfi_def_cfa_offset 8
 2804              		.cfi_offset 4, -8
 2805              		.cfi_offset 14, -4
 2806 000a 0446     		mov	r4, r0
1576:Drivers/STM32F1xx_HAL_Driver/Src/stm32f1xx_hal_pcd.c **** 
 2807              		.loc 1 1576 3 is_stmt 1 discriminator 2 view .LVU914
 2808 000c 0121     		movs	r1, #1
 2809 000e 80F8A812 		strb	r1, [r0, #680]
1576:Drivers/STM32F1xx_HAL_Driver/Src/stm32f1xx_hal_pcd.c **** 
 2810              		.loc 1 1576 3 view .LVU915
1579:Drivers/STM32F1xx_HAL_Driver/Src/stm32f1xx_hal_pcd.c **** #endif /* defined (USB) */
 2811              		.loc 1 1579 3 view .LVU916
 2812 0012 FFF7FEFF 		bl	HAL_PCDEx_SetConnectionState
 2813              	.LVL279:
1582:Drivers/STM32F1xx_HAL_Driver/Src/stm32f1xx_hal_pcd.c ****   __HAL_UNLOCK(hpcd);
 2814              		.loc 1 1582 3 view .LVU917
ARM GAS  /tmp/ccdzNYOe.s 			page 108


1582:Drivers/STM32F1xx_HAL_Driver/Src/stm32f1xx_hal_pcd.c ****   __HAL_UNLOCK(hpcd);
 2815              		.loc 1 1582 9 is_stmt 0 view .LVU918
 2816 0016 2068     		ldr	r0, [r4]
 2817 0018 FFF7FEFF 		bl	USB_DevConnect
 2818              	.LVL280:
1583:Drivers/STM32F1xx_HAL_Driver/Src/stm32f1xx_hal_pcd.c **** 
 2819              		.loc 1 1583 3 is_stmt 1 view .LVU919
1583:Drivers/STM32F1xx_HAL_Driver/Src/stm32f1xx_hal_pcd.c **** 
 2820              		.loc 1 1583 3 view .LVU920
 2821 001c 0020     		movs	r0, #0
 2822 001e 84F8A802 		strb	r0, [r4, #680]
1583:Drivers/STM32F1xx_HAL_Driver/Src/stm32f1xx_hal_pcd.c **** 
 2823              		.loc 1 1583 3 view .LVU921
1585:Drivers/STM32F1xx_HAL_Driver/Src/stm32f1xx_hal_pcd.c **** }
 2824              		.loc 1 1585 3 view .LVU922
1586:Drivers/STM32F1xx_HAL_Driver/Src/stm32f1xx_hal_pcd.c **** 
 2825              		.loc 1 1586 1 is_stmt 0 view .LVU923
 2826 0022 10BD     		pop	{r4, pc}
 2827              	.LVL281:
 2828              	.L134:
 2829              	.LCFI12:
 2830              		.cfi_def_cfa_offset 0
 2831              		.cfi_restore 4
 2832              		.cfi_restore 14
1576:Drivers/STM32F1xx_HAL_Driver/Src/stm32f1xx_hal_pcd.c **** 
 2833              		.loc 1 1576 3 discriminator 1 view .LVU924
 2834 0024 0220     		movs	r0, #2
 2835              	.LVL282:
1586:Drivers/STM32F1xx_HAL_Driver/Src/stm32f1xx_hal_pcd.c **** 
 2836              		.loc 1 1586 1 view .LVU925
 2837 0026 7047     		bx	lr
 2838              		.cfi_endproc
 2839              	.LFE84:
 2841              		.section	.text.HAL_PCD_DevDisconnect,"ax",%progbits
 2842              		.align	1
 2843              		.global	HAL_PCD_DevDisconnect
 2844              		.syntax unified
 2845              		.thumb
 2846              		.thumb_func
 2848              	HAL_PCD_DevDisconnect:
 2849              	.LVL283:
 2850              	.LFB85:
1594:Drivers/STM32F1xx_HAL_Driver/Src/stm32f1xx_hal_pcd.c ****   __HAL_LOCK(hpcd);
 2851              		.loc 1 1594 1 is_stmt 1 view -0
 2852              		.cfi_startproc
 2853              		@ args = 0, pretend = 0, frame = 0
 2854              		@ frame_needed = 0, uses_anonymous_args = 0
1595:Drivers/STM32F1xx_HAL_Driver/Src/stm32f1xx_hal_pcd.c **** 
 2855              		.loc 1 1595 3 view .LVU927
1595:Drivers/STM32F1xx_HAL_Driver/Src/stm32f1xx_hal_pcd.c **** 
 2856              		.loc 1 1595 3 view .LVU928
 2857 0000 90F8A832 		ldrb	r3, [r0, #680]	@ zero_extendqisi2
 2858 0004 012B     		cmp	r3, #1
 2859 0006 0ED0     		beq	.L141
1594:Drivers/STM32F1xx_HAL_Driver/Src/stm32f1xx_hal_pcd.c ****   __HAL_LOCK(hpcd);
 2860              		.loc 1 1594 1 is_stmt 0 view .LVU929
 2861 0008 10B5     		push	{r4, lr}
ARM GAS  /tmp/ccdzNYOe.s 			page 109


 2862              	.LCFI13:
 2863              		.cfi_def_cfa_offset 8
 2864              		.cfi_offset 4, -8
 2865              		.cfi_offset 14, -4
 2866 000a 0446     		mov	r4, r0
1595:Drivers/STM32F1xx_HAL_Driver/Src/stm32f1xx_hal_pcd.c **** 
 2867              		.loc 1 1595 3 is_stmt 1 discriminator 2 view .LVU930
 2868 000c 0123     		movs	r3, #1
 2869 000e 80F8A832 		strb	r3, [r0, #680]
1595:Drivers/STM32F1xx_HAL_Driver/Src/stm32f1xx_hal_pcd.c **** 
 2870              		.loc 1 1595 3 view .LVU931
1598:Drivers/STM32F1xx_HAL_Driver/Src/stm32f1xx_hal_pcd.c **** #endif /* defined (USB) */
 2871              		.loc 1 1598 3 view .LVU932
 2872 0012 0021     		movs	r1, #0
 2873 0014 FFF7FEFF 		bl	HAL_PCDEx_SetConnectionState
 2874              	.LVL284:
1601:Drivers/STM32F1xx_HAL_Driver/Src/stm32f1xx_hal_pcd.c ****   __HAL_UNLOCK(hpcd);
 2875              		.loc 1 1601 3 view .LVU933
1601:Drivers/STM32F1xx_HAL_Driver/Src/stm32f1xx_hal_pcd.c ****   __HAL_UNLOCK(hpcd);
 2876              		.loc 1 1601 9 is_stmt 0 view .LVU934
 2877 0018 2068     		ldr	r0, [r4]
 2878 001a FFF7FEFF 		bl	USB_DevDisconnect
 2879              	.LVL285:
1602:Drivers/STM32F1xx_HAL_Driver/Src/stm32f1xx_hal_pcd.c **** 
 2880              		.loc 1 1602 3 is_stmt 1 view .LVU935
1602:Drivers/STM32F1xx_HAL_Driver/Src/stm32f1xx_hal_pcd.c **** 
 2881              		.loc 1 1602 3 view .LVU936
 2882 001e 0020     		movs	r0, #0
 2883 0020 84F8A802 		strb	r0, [r4, #680]
1602:Drivers/STM32F1xx_HAL_Driver/Src/stm32f1xx_hal_pcd.c **** 
 2884              		.loc 1 1602 3 view .LVU937
1604:Drivers/STM32F1xx_HAL_Driver/Src/stm32f1xx_hal_pcd.c **** }
 2885              		.loc 1 1604 3 view .LVU938
1605:Drivers/STM32F1xx_HAL_Driver/Src/stm32f1xx_hal_pcd.c **** 
 2886              		.loc 1 1605 1 is_stmt 0 view .LVU939
 2887 0024 10BD     		pop	{r4, pc}
 2888              	.LVL286:
 2889              	.L141:
 2890              	.LCFI14:
 2891              		.cfi_def_cfa_offset 0
 2892              		.cfi_restore 4
 2893              		.cfi_restore 14
1595:Drivers/STM32F1xx_HAL_Driver/Src/stm32f1xx_hal_pcd.c **** 
 2894              		.loc 1 1595 3 discriminator 1 view .LVU940
 2895 0026 0220     		movs	r0, #2
 2896              	.LVL287:
1605:Drivers/STM32F1xx_HAL_Driver/Src/stm32f1xx_hal_pcd.c **** 
 2897              		.loc 1 1605 1 view .LVU941
 2898 0028 7047     		bx	lr
 2899              		.cfi_endproc
 2900              	.LFE85:
 2902              		.section	.text.HAL_PCD_SetAddress,"ax",%progbits
 2903              		.align	1
 2904              		.global	HAL_PCD_SetAddress
 2905              		.syntax unified
 2906              		.thumb
 2907              		.thumb_func
ARM GAS  /tmp/ccdzNYOe.s 			page 110


 2909              	HAL_PCD_SetAddress:
 2910              	.LVL288:
 2911              	.LFB86:
1614:Drivers/STM32F1xx_HAL_Driver/Src/stm32f1xx_hal_pcd.c ****   __HAL_LOCK(hpcd);
 2912              		.loc 1 1614 1 is_stmt 1 view -0
 2913              		.cfi_startproc
 2914              		@ args = 0, pretend = 0, frame = 0
 2915              		@ frame_needed = 0, uses_anonymous_args = 0
1615:Drivers/STM32F1xx_HAL_Driver/Src/stm32f1xx_hal_pcd.c ****   hpcd->USB_Address = address;
 2916              		.loc 1 1615 3 view .LVU943
1615:Drivers/STM32F1xx_HAL_Driver/Src/stm32f1xx_hal_pcd.c ****   hpcd->USB_Address = address;
 2917              		.loc 1 1615 3 view .LVU944
 2918 0000 90F8A832 		ldrb	r3, [r0, #680]	@ zero_extendqisi2
 2919 0004 012B     		cmp	r3, #1
 2920 0006 0DD0     		beq	.L148
1614:Drivers/STM32F1xx_HAL_Driver/Src/stm32f1xx_hal_pcd.c ****   __HAL_LOCK(hpcd);
 2921              		.loc 1 1614 1 is_stmt 0 view .LVU945
 2922 0008 10B5     		push	{r4, lr}
 2923              	.LCFI15:
 2924              		.cfi_def_cfa_offset 8
 2925              		.cfi_offset 4, -8
 2926              		.cfi_offset 14, -4
 2927 000a 0446     		mov	r4, r0
1615:Drivers/STM32F1xx_HAL_Driver/Src/stm32f1xx_hal_pcd.c ****   hpcd->USB_Address = address;
 2928              		.loc 1 1615 3 is_stmt 1 discriminator 2 view .LVU946
 2929 000c 0123     		movs	r3, #1
 2930 000e 80F8A832 		strb	r3, [r0, #680]
1615:Drivers/STM32F1xx_HAL_Driver/Src/stm32f1xx_hal_pcd.c ****   hpcd->USB_Address = address;
 2931              		.loc 1 1615 3 view .LVU947
1616:Drivers/STM32F1xx_HAL_Driver/Src/stm32f1xx_hal_pcd.c ****   (void)USB_SetDevAddress(hpcd->Instance, address);
 2932              		.loc 1 1616 3 view .LVU948
1616:Drivers/STM32F1xx_HAL_Driver/Src/stm32f1xx_hal_pcd.c ****   (void)USB_SetDevAddress(hpcd->Instance, address);
 2933              		.loc 1 1616 21 is_stmt 0 view .LVU949
 2934 0012 80F82410 		strb	r1, [r0, #36]
1617:Drivers/STM32F1xx_HAL_Driver/Src/stm32f1xx_hal_pcd.c ****   __HAL_UNLOCK(hpcd);
 2935              		.loc 1 1617 3 is_stmt 1 view .LVU950
1617:Drivers/STM32F1xx_HAL_Driver/Src/stm32f1xx_hal_pcd.c ****   __HAL_UNLOCK(hpcd);
 2936              		.loc 1 1617 9 is_stmt 0 view .LVU951
 2937 0016 0068     		ldr	r0, [r0]
 2938              	.LVL289:
1617:Drivers/STM32F1xx_HAL_Driver/Src/stm32f1xx_hal_pcd.c ****   __HAL_UNLOCK(hpcd);
 2939              		.loc 1 1617 9 view .LVU952
 2940 0018 FFF7FEFF 		bl	USB_SetDevAddress
 2941              	.LVL290:
1618:Drivers/STM32F1xx_HAL_Driver/Src/stm32f1xx_hal_pcd.c **** 
 2942              		.loc 1 1618 3 is_stmt 1 view .LVU953
1618:Drivers/STM32F1xx_HAL_Driver/Src/stm32f1xx_hal_pcd.c **** 
 2943              		.loc 1 1618 3 view .LVU954
 2944 001c 0020     		movs	r0, #0
 2945 001e 84F8A802 		strb	r0, [r4, #680]
1618:Drivers/STM32F1xx_HAL_Driver/Src/stm32f1xx_hal_pcd.c **** 
 2946              		.loc 1 1618 3 view .LVU955
1620:Drivers/STM32F1xx_HAL_Driver/Src/stm32f1xx_hal_pcd.c **** }
 2947              		.loc 1 1620 3 view .LVU956
1621:Drivers/STM32F1xx_HAL_Driver/Src/stm32f1xx_hal_pcd.c **** /**
 2948              		.loc 1 1621 1 is_stmt 0 view .LVU957
 2949 0022 10BD     		pop	{r4, pc}
ARM GAS  /tmp/ccdzNYOe.s 			page 111


 2950              	.LVL291:
 2951              	.L148:
 2952              	.LCFI16:
 2953              		.cfi_def_cfa_offset 0
 2954              		.cfi_restore 4
 2955              		.cfi_restore 14
1615:Drivers/STM32F1xx_HAL_Driver/Src/stm32f1xx_hal_pcd.c ****   hpcd->USB_Address = address;
 2956              		.loc 1 1615 3 discriminator 1 view .LVU958
 2957 0024 0220     		movs	r0, #2
 2958              	.LVL292:
1621:Drivers/STM32F1xx_HAL_Driver/Src/stm32f1xx_hal_pcd.c **** /**
 2959              		.loc 1 1621 1 view .LVU959
 2960 0026 7047     		bx	lr
 2961              		.cfi_endproc
 2962              	.LFE86:
 2964              		.section	.text.HAL_PCD_IRQHandler,"ax",%progbits
 2965              		.align	1
 2966              		.global	HAL_PCD_IRQHandler
 2967              		.syntax unified
 2968              		.thumb
 2969              		.thumb_func
 2971              	HAL_PCD_IRQHandler:
 2972              	.LVL293:
 2973              	.LFB71:
1254:Drivers/STM32F1xx_HAL_Driver/Src/stm32f1xx_hal_pcd.c ****   uint16_t store_ep[8];
 2974              		.loc 1 1254 1 is_stmt 1 view -0
 2975              		.cfi_startproc
 2976              		@ args = 0, pretend = 0, frame = 16
 2977              		@ frame_needed = 0, uses_anonymous_args = 0
1254:Drivers/STM32F1xx_HAL_Driver/Src/stm32f1xx_hal_pcd.c ****   uint16_t store_ep[8];
 2978              		.loc 1 1254 1 is_stmt 0 view .LVU961
 2979 0000 10B5     		push	{r4, lr}
 2980              	.LCFI17:
 2981              		.cfi_def_cfa_offset 8
 2982              		.cfi_offset 4, -8
 2983              		.cfi_offset 14, -4
 2984 0002 84B0     		sub	sp, sp, #16
 2985              	.LCFI18:
 2986              		.cfi_def_cfa_offset 24
 2987 0004 0446     		mov	r4, r0
1255:Drivers/STM32F1xx_HAL_Driver/Src/stm32f1xx_hal_pcd.c ****   uint8_t i;
 2988              		.loc 1 1255 3 is_stmt 1 view .LVU962
1256:Drivers/STM32F1xx_HAL_Driver/Src/stm32f1xx_hal_pcd.c **** 
 2989              		.loc 1 1256 3 view .LVU963
1258:Drivers/STM32F1xx_HAL_Driver/Src/stm32f1xx_hal_pcd.c ****   {
 2990              		.loc 1 1258 3 view .LVU964
1258:Drivers/STM32F1xx_HAL_Driver/Src/stm32f1xx_hal_pcd.c ****   {
 2991              		.loc 1 1258 7 is_stmt 0 view .LVU965
 2992 0006 0068     		ldr	r0, [r0]
 2993              	.LVL294:
1258:Drivers/STM32F1xx_HAL_Driver/Src/stm32f1xx_hal_pcd.c ****   {
 2994              		.loc 1 1258 7 view .LVU966
 2995 0008 FFF7FEFF 		bl	USB_ReadInterrupts
 2996              	.LVL295:
1258:Drivers/STM32F1xx_HAL_Driver/Src/stm32f1xx_hal_pcd.c ****   {
 2997              		.loc 1 1258 6 discriminator 1 view .LVU967
 2998 000c 10F4004F 		tst	r0, #32768
ARM GAS  /tmp/ccdzNYOe.s 			page 112


 2999 0010 47D1     		bne	.L169
 3000              	.L154:
1265:Drivers/STM32F1xx_HAL_Driver/Src/stm32f1xx_hal_pcd.c ****   {
 3001              		.loc 1 1265 3 is_stmt 1 view .LVU968
1265:Drivers/STM32F1xx_HAL_Driver/Src/stm32f1xx_hal_pcd.c ****   {
 3002              		.loc 1 1265 7 is_stmt 0 view .LVU969
 3003 0012 2068     		ldr	r0, [r4]
 3004 0014 FFF7FEFF 		bl	USB_ReadInterrupts
 3005              	.LVL296:
1265:Drivers/STM32F1xx_HAL_Driver/Src/stm32f1xx_hal_pcd.c ****   {
 3006              		.loc 1 1265 6 discriminator 1 view .LVU970
 3007 0018 10F4806F 		tst	r0, #1024
 3008 001c 45D1     		bne	.L170
 3009              	.L155:
1278:Drivers/STM32F1xx_HAL_Driver/Src/stm32f1xx_hal_pcd.c ****   {
 3010              		.loc 1 1278 3 is_stmt 1 view .LVU971
1278:Drivers/STM32F1xx_HAL_Driver/Src/stm32f1xx_hal_pcd.c ****   {
 3011              		.loc 1 1278 7 is_stmt 0 view .LVU972
 3012 001e 2068     		ldr	r0, [r4]
 3013 0020 FFF7FEFF 		bl	USB_ReadInterrupts
 3014              	.LVL297:
1278:Drivers/STM32F1xx_HAL_Driver/Src/stm32f1xx_hal_pcd.c ****   {
 3015              		.loc 1 1278 6 discriminator 1 view .LVU973
 3016 0024 10F4804F 		tst	r0, #16384
 3017 0028 08D0     		beq	.L156
1280:Drivers/STM32F1xx_HAL_Driver/Src/stm32f1xx_hal_pcd.c ****   }
 3018              		.loc 1 1280 5 is_stmt 1 view .LVU974
 3019 002a 2268     		ldr	r2, [r4]
 3020 002c B2F84430 		ldrh	r3, [r2, #68]
 3021 0030 9BB2     		uxth	r3, r3
 3022 0032 23F48043 		bic	r3, r3, #16384
 3023 0036 9BB2     		uxth	r3, r3
 3024 0038 A2F84430 		strh	r3, [r2, #68]	@ movhi
 3025              	.L156:
1283:Drivers/STM32F1xx_HAL_Driver/Src/stm32f1xx_hal_pcd.c ****   {
 3026              		.loc 1 1283 3 view .LVU975
1283:Drivers/STM32F1xx_HAL_Driver/Src/stm32f1xx_hal_pcd.c ****   {
 3027              		.loc 1 1283 7 is_stmt 0 view .LVU976
 3028 003c 2068     		ldr	r0, [r4]
 3029 003e FFF7FEFF 		bl	USB_ReadInterrupts
 3030              	.LVL298:
1283:Drivers/STM32F1xx_HAL_Driver/Src/stm32f1xx_hal_pcd.c ****   {
 3031              		.loc 1 1283 6 discriminator 1 view .LVU977
 3032 0042 10F4005F 		tst	r0, #8192
 3033 0046 08D0     		beq	.L157
1285:Drivers/STM32F1xx_HAL_Driver/Src/stm32f1xx_hal_pcd.c ****   }
 3034              		.loc 1 1285 5 is_stmt 1 view .LVU978
 3035 0048 2268     		ldr	r2, [r4]
 3036 004a B2F84430 		ldrh	r3, [r2, #68]
 3037 004e 9BB2     		uxth	r3, r3
 3038 0050 23F40053 		bic	r3, r3, #8192
 3039 0054 9BB2     		uxth	r3, r3
 3040 0056 A2F84430 		strh	r3, [r2, #68]	@ movhi
 3041              	.L157:
1288:Drivers/STM32F1xx_HAL_Driver/Src/stm32f1xx_hal_pcd.c ****   {
 3042              		.loc 1 1288 3 view .LVU979
1288:Drivers/STM32F1xx_HAL_Driver/Src/stm32f1xx_hal_pcd.c ****   {
ARM GAS  /tmp/ccdzNYOe.s 			page 113


 3043              		.loc 1 1288 7 is_stmt 0 view .LVU980
 3044 005a 2068     		ldr	r0, [r4]
 3045 005c FFF7FEFF 		bl	USB_ReadInterrupts
 3046              	.LVL299:
1288:Drivers/STM32F1xx_HAL_Driver/Src/stm32f1xx_hal_pcd.c ****   {
 3047              		.loc 1 1288 6 discriminator 1 view .LVU981
 3048 0060 10F4805F 		tst	r0, #4096
 3049 0064 32D1     		bne	.L171
 3050              	.L158:
1302:Drivers/STM32F1xx_HAL_Driver/Src/stm32f1xx_hal_pcd.c ****   {
 3051              		.loc 1 1302 3 is_stmt 1 view .LVU982
1302:Drivers/STM32F1xx_HAL_Driver/Src/stm32f1xx_hal_pcd.c ****   {
 3052              		.loc 1 1302 7 is_stmt 0 view .LVU983
 3053 0066 2068     		ldr	r0, [r4]
 3054 0068 FFF7FEFF 		bl	USB_ReadInterrupts
 3055              	.LVL300:
1302:Drivers/STM32F1xx_HAL_Driver/Src/stm32f1xx_hal_pcd.c ****   {
 3056              		.loc 1 1302 6 discriminator 1 view .LVU984
 3057 006c 10F4006F 		tst	r0, #2048
 3058 0070 78D1     		bne	.L167
 3059              	.L160:
1347:Drivers/STM32F1xx_HAL_Driver/Src/stm32f1xx_hal_pcd.c ****   {
 3060              		.loc 1 1347 3 is_stmt 1 view .LVU985
1347:Drivers/STM32F1xx_HAL_Driver/Src/stm32f1xx_hal_pcd.c ****   {
 3061              		.loc 1 1347 7 is_stmt 0 view .LVU986
 3062 0072 2068     		ldr	r0, [r4]
 3063 0074 FFF7FEFF 		bl	USB_ReadInterrupts
 3064              	.LVL301:
1347:Drivers/STM32F1xx_HAL_Driver/Src/stm32f1xx_hal_pcd.c ****   {
 3065              		.loc 1 1347 6 discriminator 1 view .LVU987
 3066 0078 10F4007F 		tst	r0, #512
 3067 007c 40F09D80 		bne	.L172
 3068              	.L165:
1358:Drivers/STM32F1xx_HAL_Driver/Src/stm32f1xx_hal_pcd.c ****   {
 3069              		.loc 1 1358 3 is_stmt 1 view .LVU988
1358:Drivers/STM32F1xx_HAL_Driver/Src/stm32f1xx_hal_pcd.c ****   {
 3070              		.loc 1 1358 7 is_stmt 0 view .LVU989
 3071 0080 2068     		ldr	r0, [r4]
 3072 0082 FFF7FEFF 		bl	USB_ReadInterrupts
 3073              	.LVL302:
1358:Drivers/STM32F1xx_HAL_Driver/Src/stm32f1xx_hal_pcd.c ****   {
 3074              		.loc 1 1358 6 discriminator 1 view .LVU990
 3075 0086 10F4807F 		tst	r0, #256
 3076 008a 08D0     		beq	.L153
1361:Drivers/STM32F1xx_HAL_Driver/Src/stm32f1xx_hal_pcd.c ****   }
 3077              		.loc 1 1361 5 is_stmt 1 view .LVU991
 3078 008c 2268     		ldr	r2, [r4]
 3079 008e B2F84430 		ldrh	r3, [r2, #68]
 3080 0092 9BB2     		uxth	r3, r3
 3081 0094 23F48073 		bic	r3, r3, #256
 3082 0098 9BB2     		uxth	r3, r3
 3083 009a A2F84430 		strh	r3, [r2, #68]	@ movhi
 3084              	.L153:
1363:Drivers/STM32F1xx_HAL_Driver/Src/stm32f1xx_hal_pcd.c **** 
 3085              		.loc 1 1363 1 is_stmt 0 view .LVU992
 3086 009e 04B0     		add	sp, sp, #16
 3087              	.LCFI19:
ARM GAS  /tmp/ccdzNYOe.s 			page 114


 3088              		.cfi_remember_state
 3089              		.cfi_def_cfa_offset 8
 3090              		@ sp needed
 3091 00a0 10BD     		pop	{r4, pc}
 3092              	.LVL303:
 3093              	.L169:
 3094              	.LCFI20:
 3095              		.cfi_restore_state
1262:Drivers/STM32F1xx_HAL_Driver/Src/stm32f1xx_hal_pcd.c ****   }
 3096              		.loc 1 1262 5 is_stmt 1 view .LVU993
1262:Drivers/STM32F1xx_HAL_Driver/Src/stm32f1xx_hal_pcd.c ****   }
 3097              		.loc 1 1262 11 is_stmt 0 view .LVU994
 3098 00a2 2046     		mov	r0, r4
 3099 00a4 FFF7FEFF 		bl	PCD_EP_ISR_Handler
 3100              	.LVL304:
 3101 00a8 B3E7     		b	.L154
 3102              	.L170:
1267:Drivers/STM32F1xx_HAL_Driver/Src/stm32f1xx_hal_pcd.c **** 
 3103              		.loc 1 1267 5 is_stmt 1 view .LVU995
 3104 00aa 2268     		ldr	r2, [r4]
 3105 00ac B2F84430 		ldrh	r3, [r2, #68]
 3106 00b0 9BB2     		uxth	r3, r3
 3107 00b2 23F48063 		bic	r3, r3, #1024
 3108 00b6 9BB2     		uxth	r3, r3
 3109 00b8 A2F84430 		strh	r3, [r2, #68]	@ movhi
1272:Drivers/STM32F1xx_HAL_Driver/Src/stm32f1xx_hal_pcd.c **** #endif /* USE_HAL_PCD_REGISTER_CALLBACKS */
 3110              		.loc 1 1272 5 view .LVU996
 3111 00bc 2046     		mov	r0, r4
 3112 00be FFF7FEFF 		bl	HAL_PCD_ResetCallback
 3113              	.LVL305:
1275:Drivers/STM32F1xx_HAL_Driver/Src/stm32f1xx_hal_pcd.c ****   }
 3114              		.loc 1 1275 5 view .LVU997
1275:Drivers/STM32F1xx_HAL_Driver/Src/stm32f1xx_hal_pcd.c ****   }
 3115              		.loc 1 1275 11 is_stmt 0 view .LVU998
 3116 00c2 0021     		movs	r1, #0
 3117 00c4 2046     		mov	r0, r4
 3118 00c6 FFF7FEFF 		bl	HAL_PCD_SetAddress
 3119              	.LVL306:
 3120 00ca A8E7     		b	.L155
 3121              	.L171:
1290:Drivers/STM32F1xx_HAL_Driver/Src/stm32f1xx_hal_pcd.c ****     hpcd->Instance->CNTR &= (uint16_t) ~(USB_CNTR_FSUSP);
 3122              		.loc 1 1290 5 is_stmt 1 view .LVU999
1290:Drivers/STM32F1xx_HAL_Driver/Src/stm32f1xx_hal_pcd.c ****     hpcd->Instance->CNTR &= (uint16_t) ~(USB_CNTR_FSUSP);
 3123              		.loc 1 1290 9 is_stmt 0 view .LVU1000
 3124 00cc 2268     		ldr	r2, [r4]
1290:Drivers/STM32F1xx_HAL_Driver/Src/stm32f1xx_hal_pcd.c ****     hpcd->Instance->CNTR &= (uint16_t) ~(USB_CNTR_FSUSP);
 3125              		.loc 1 1290 19 view .LVU1001
 3126 00ce B2F84030 		ldrh	r3, [r2, #64]
 3127 00d2 9BB2     		uxth	r3, r3
1290:Drivers/STM32F1xx_HAL_Driver/Src/stm32f1xx_hal_pcd.c ****     hpcd->Instance->CNTR &= (uint16_t) ~(USB_CNTR_FSUSP);
 3128              		.loc 1 1290 26 view .LVU1002
 3129 00d4 23F00403 		bic	r3, r3, #4
 3130 00d8 9BB2     		uxth	r3, r3
 3131 00da A2F84030 		strh	r3, [r2, #64]	@ movhi
1291:Drivers/STM32F1xx_HAL_Driver/Src/stm32f1xx_hal_pcd.c **** 
 3132              		.loc 1 1291 5 is_stmt 1 view .LVU1003
1291:Drivers/STM32F1xx_HAL_Driver/Src/stm32f1xx_hal_pcd.c **** 
ARM GAS  /tmp/ccdzNYOe.s 			page 115


 3133              		.loc 1 1291 9 is_stmt 0 view .LVU1004
 3134 00de 2268     		ldr	r2, [r4]
1291:Drivers/STM32F1xx_HAL_Driver/Src/stm32f1xx_hal_pcd.c **** 
 3135              		.loc 1 1291 19 view .LVU1005
 3136 00e0 B2F84030 		ldrh	r3, [r2, #64]
 3137 00e4 9BB2     		uxth	r3, r3
1291:Drivers/STM32F1xx_HAL_Driver/Src/stm32f1xx_hal_pcd.c **** 
 3138              		.loc 1 1291 26 view .LVU1006
 3139 00e6 23F00803 		bic	r3, r3, #8
 3140 00ea 9BB2     		uxth	r3, r3
 3141 00ec A2F84030 		strh	r3, [r2, #64]	@ movhi
1296:Drivers/STM32F1xx_HAL_Driver/Src/stm32f1xx_hal_pcd.c **** #endif /* USE_HAL_PCD_REGISTER_CALLBACKS */
 3142              		.loc 1 1296 5 is_stmt 1 view .LVU1007
 3143 00f0 2046     		mov	r0, r4
 3144 00f2 FFF7FEFF 		bl	HAL_PCD_ResumeCallback
 3145              	.LVL307:
1299:Drivers/STM32F1xx_HAL_Driver/Src/stm32f1xx_hal_pcd.c ****   }
 3146              		.loc 1 1299 5 view .LVU1008
 3147 00f6 2268     		ldr	r2, [r4]
 3148 00f8 B2F84430 		ldrh	r3, [r2, #68]
 3149 00fc 9BB2     		uxth	r3, r3
 3150 00fe 23F48053 		bic	r3, r3, #4096
 3151 0102 9BB2     		uxth	r3, r3
 3152 0104 A2F84430 		strh	r3, [r2, #68]	@ movhi
 3153 0108 ADE7     		b	.L158
 3154              	.LVL308:
 3155              	.L161:
1309:Drivers/STM32F1xx_HAL_Driver/Src/stm32f1xx_hal_pcd.c ****     }
 3156              		.loc 1 1309 7 view .LVU1009
1309:Drivers/STM32F1xx_HAL_Driver/Src/stm32f1xx_hal_pcd.c ****     }
 3157              		.loc 1 1309 21 is_stmt 0 view .LVU1010
 3158 010a 2268     		ldr	r2, [r4]
 3159 010c 32F82310 		ldrh	r1, [r2, r3, lsl #2]
1309:Drivers/STM32F1xx_HAL_Driver/Src/stm32f1xx_hal_pcd.c ****     }
 3160              		.loc 1 1309 19 view .LVU1011
 3161 0110 04AA     		add	r2, sp, #16
 3162 0112 02EB4302 		add	r2, r2, r3, lsl #1
 3163 0116 22F8101C 		strh	r1, [r2, #-16]	@ movhi
1307:Drivers/STM32F1xx_HAL_Driver/Src/stm32f1xx_hal_pcd.c ****     {
 3164              		.loc 1 1307 27 is_stmt 1 discriminator 3 view .LVU1012
 3165 011a 0133     		adds	r3, r3, #1
 3166              	.LVL309:
1307:Drivers/STM32F1xx_HAL_Driver/Src/stm32f1xx_hal_pcd.c ****     {
 3167              		.loc 1 1307 27 is_stmt 0 discriminator 3 view .LVU1013
 3168 011c DBB2     		uxtb	r3, r3
 3169              	.LVL310:
 3170              	.L159:
1307:Drivers/STM32F1xx_HAL_Driver/Src/stm32f1xx_hal_pcd.c ****     {
 3171              		.loc 1 1307 20 is_stmt 1 discriminator 1 view .LVU1014
 3172 011e 072B     		cmp	r3, #7
 3173 0120 F3D9     		bls	.L161
1313:Drivers/STM32F1xx_HAL_Driver/Src/stm32f1xx_hal_pcd.c **** 
 3174              		.loc 1 1313 5 view .LVU1015
1313:Drivers/STM32F1xx_HAL_Driver/Src/stm32f1xx_hal_pcd.c **** 
 3175              		.loc 1 1313 9 is_stmt 0 view .LVU1016
 3176 0122 2268     		ldr	r2, [r4]
1313:Drivers/STM32F1xx_HAL_Driver/Src/stm32f1xx_hal_pcd.c **** 
ARM GAS  /tmp/ccdzNYOe.s 			page 116


 3177              		.loc 1 1313 19 view .LVU1017
 3178 0124 B2F84030 		ldrh	r3, [r2, #64]
 3179              	.LVL311:
1313:Drivers/STM32F1xx_HAL_Driver/Src/stm32f1xx_hal_pcd.c **** 
 3180              		.loc 1 1313 19 view .LVU1018
 3181 0128 9BB2     		uxth	r3, r3
1313:Drivers/STM32F1xx_HAL_Driver/Src/stm32f1xx_hal_pcd.c **** 
 3182              		.loc 1 1313 26 view .LVU1019
 3183 012a 43F00103 		orr	r3, r3, #1
 3184 012e A2F84030 		strh	r3, [r2, #64]	@ movhi
1316:Drivers/STM32F1xx_HAL_Driver/Src/stm32f1xx_hal_pcd.c **** 
 3185              		.loc 1 1316 5 is_stmt 1 view .LVU1020
1316:Drivers/STM32F1xx_HAL_Driver/Src/stm32f1xx_hal_pcd.c **** 
 3186              		.loc 1 1316 9 is_stmt 0 view .LVU1021
 3187 0132 2268     		ldr	r2, [r4]
1316:Drivers/STM32F1xx_HAL_Driver/Src/stm32f1xx_hal_pcd.c **** 
 3188              		.loc 1 1316 19 view .LVU1022
 3189 0134 B2F84030 		ldrh	r3, [r2, #64]
 3190 0138 9BB2     		uxth	r3, r3
1316:Drivers/STM32F1xx_HAL_Driver/Src/stm32f1xx_hal_pcd.c **** 
 3191              		.loc 1 1316 26 view .LVU1023
 3192 013a 23F00103 		bic	r3, r3, #1
 3193 013e 9BB2     		uxth	r3, r3
 3194 0140 A2F84030 		strh	r3, [r2, #64]	@ movhi
1319:Drivers/STM32F1xx_HAL_Driver/Src/stm32f1xx_hal_pcd.c ****     {
 3195              		.loc 1 1319 5 is_stmt 1 view .LVU1024
 3196              	.L162:
1321:Drivers/STM32F1xx_HAL_Driver/Src/stm32f1xx_hal_pcd.c **** 
 3197              		.loc 1 1321 5 view .LVU1025
1319:Drivers/STM32F1xx_HAL_Driver/Src/stm32f1xx_hal_pcd.c ****     {
 3198              		.loc 1 1319 52 discriminator 1 view .LVU1026
1319:Drivers/STM32F1xx_HAL_Driver/Src/stm32f1xx_hal_pcd.c ****     {
 3199              		.loc 1 1319 17 is_stmt 0 discriminator 1 view .LVU1027
 3200 0144 2368     		ldr	r3, [r4]
1319:Drivers/STM32F1xx_HAL_Driver/Src/stm32f1xx_hal_pcd.c ****     {
 3201              		.loc 1 1319 27 discriminator 1 view .LVU1028
 3202 0146 B3F84420 		ldrh	r2, [r3, #68]
1319:Drivers/STM32F1xx_HAL_Driver/Src/stm32f1xx_hal_pcd.c ****     {
 3203              		.loc 1 1319 52 discriminator 1 view .LVU1029
 3204 014a 12F4806F 		tst	r2, #1024
 3205 014e F9D0     		beq	.L162
1324:Drivers/STM32F1xx_HAL_Driver/Src/stm32f1xx_hal_pcd.c **** 
 3206              		.loc 1 1324 5 is_stmt 1 view .LVU1030
 3207 0150 B3F84420 		ldrh	r2, [r3, #68]
 3208 0154 92B2     		uxth	r2, r2
 3209 0156 22F48062 		bic	r2, r2, #1024
 3210 015a 92B2     		uxth	r2, r2
 3211 015c A3F84420 		strh	r2, [r3, #68]	@ movhi
1327:Drivers/STM32F1xx_HAL_Driver/Src/stm32f1xx_hal_pcd.c ****     {
 3212              		.loc 1 1327 5 view .LVU1031
 3213              	.LVL312:
1327:Drivers/STM32F1xx_HAL_Driver/Src/stm32f1xx_hal_pcd.c ****     {
 3214              		.loc 1 1327 12 is_stmt 0 view .LVU1032
 3215 0160 0023     		movs	r3, #0
1327:Drivers/STM32F1xx_HAL_Driver/Src/stm32f1xx_hal_pcd.c ****     {
 3216              		.loc 1 1327 5 view .LVU1033
 3217 0162 0BE0     		b	.L163
ARM GAS  /tmp/ccdzNYOe.s 			page 117


 3218              	.LVL313:
 3219              	.L167:
1307:Drivers/STM32F1xx_HAL_Driver/Src/stm32f1xx_hal_pcd.c ****     {
 3220              		.loc 1 1307 12 view .LVU1034
 3221 0164 0023     		movs	r3, #0
 3222 0166 DAE7     		b	.L159
 3223              	.LVL314:
 3224              	.L164:
1329:Drivers/STM32F1xx_HAL_Driver/Src/stm32f1xx_hal_pcd.c ****     }
 3225              		.loc 1 1329 7 is_stmt 1 view .LVU1035
 3226 0168 2268     		ldr	r2, [r4]
 3227 016a 04A9     		add	r1, sp, #16
 3228 016c 01EB4301 		add	r1, r1, r3, lsl #1
 3229 0170 31F8101C 		ldrh	r1, [r1, #-16]
 3230 0174 22F82310 		strh	r1, [r2, r3, lsl #2]	@ movhi
1327:Drivers/STM32F1xx_HAL_Driver/Src/stm32f1xx_hal_pcd.c ****     {
 3231              		.loc 1 1327 27 discriminator 3 view .LVU1036
 3232 0178 0133     		adds	r3, r3, #1
 3233              	.LVL315:
1327:Drivers/STM32F1xx_HAL_Driver/Src/stm32f1xx_hal_pcd.c ****     {
 3234              		.loc 1 1327 27 is_stmt 0 discriminator 3 view .LVU1037
 3235 017a DBB2     		uxtb	r3, r3
 3236              	.LVL316:
 3237              	.L163:
1327:Drivers/STM32F1xx_HAL_Driver/Src/stm32f1xx_hal_pcd.c ****     {
 3238              		.loc 1 1327 20 is_stmt 1 discriminator 1 view .LVU1038
 3239 017c 072B     		cmp	r3, #7
 3240 017e F3D9     		bls	.L164
1333:Drivers/STM32F1xx_HAL_Driver/Src/stm32f1xx_hal_pcd.c **** 
 3241              		.loc 1 1333 5 view .LVU1039
1333:Drivers/STM32F1xx_HAL_Driver/Src/stm32f1xx_hal_pcd.c **** 
 3242              		.loc 1 1333 9 is_stmt 0 view .LVU1040
 3243 0180 2268     		ldr	r2, [r4]
1333:Drivers/STM32F1xx_HAL_Driver/Src/stm32f1xx_hal_pcd.c **** 
 3244              		.loc 1 1333 19 view .LVU1041
 3245 0182 B2F84030 		ldrh	r3, [r2, #64]
 3246              	.LVL317:
1333:Drivers/STM32F1xx_HAL_Driver/Src/stm32f1xx_hal_pcd.c **** 
 3247              		.loc 1 1333 19 view .LVU1042
 3248 0186 9BB2     		uxth	r3, r3
1333:Drivers/STM32F1xx_HAL_Driver/Src/stm32f1xx_hal_pcd.c **** 
 3249              		.loc 1 1333 26 view .LVU1043
 3250 0188 43F00803 		orr	r3, r3, #8
 3251 018c A2F84030 		strh	r3, [r2, #64]	@ movhi
1336:Drivers/STM32F1xx_HAL_Driver/Src/stm32f1xx_hal_pcd.c **** 
 3252              		.loc 1 1336 5 is_stmt 1 view .LVU1044
 3253 0190 2268     		ldr	r2, [r4]
 3254 0192 B2F84430 		ldrh	r3, [r2, #68]
 3255 0196 9BB2     		uxth	r3, r3
 3256 0198 23F40063 		bic	r3, r3, #2048
 3257 019c 9BB2     		uxth	r3, r3
 3258 019e A2F84430 		strh	r3, [r2, #68]	@ movhi
1338:Drivers/STM32F1xx_HAL_Driver/Src/stm32f1xx_hal_pcd.c **** 
 3259              		.loc 1 1338 5 view .LVU1045
1338:Drivers/STM32F1xx_HAL_Driver/Src/stm32f1xx_hal_pcd.c **** 
 3260              		.loc 1 1338 9 is_stmt 0 view .LVU1046
 3261 01a2 2268     		ldr	r2, [r4]
ARM GAS  /tmp/ccdzNYOe.s 			page 118


1338:Drivers/STM32F1xx_HAL_Driver/Src/stm32f1xx_hal_pcd.c **** 
 3262              		.loc 1 1338 19 view .LVU1047
 3263 01a4 B2F84030 		ldrh	r3, [r2, #64]
 3264 01a8 9BB2     		uxth	r3, r3
1338:Drivers/STM32F1xx_HAL_Driver/Src/stm32f1xx_hal_pcd.c **** 
 3265              		.loc 1 1338 26 view .LVU1048
 3266 01aa 43F00403 		orr	r3, r3, #4
 3267 01ae A2F84030 		strh	r3, [r2, #64]	@ movhi
1343:Drivers/STM32F1xx_HAL_Driver/Src/stm32f1xx_hal_pcd.c **** #endif /* USE_HAL_PCD_REGISTER_CALLBACKS */
 3268              		.loc 1 1343 5 is_stmt 1 view .LVU1049
 3269 01b2 2046     		mov	r0, r4
 3270 01b4 FFF7FEFF 		bl	HAL_PCD_SuspendCallback
 3271              	.LVL318:
 3272 01b8 5BE7     		b	.L160
 3273              	.LVL319:
 3274              	.L172:
1349:Drivers/STM32F1xx_HAL_Driver/Src/stm32f1xx_hal_pcd.c **** 
 3275              		.loc 1 1349 5 view .LVU1050
 3276 01ba 2268     		ldr	r2, [r4]
 3277 01bc B2F84430 		ldrh	r3, [r2, #68]
 3278 01c0 9BB2     		uxth	r3, r3
 3279 01c2 23F40073 		bic	r3, r3, #512
 3280 01c6 9BB2     		uxth	r3, r3
 3281 01c8 A2F84430 		strh	r3, [r2, #68]	@ movhi
1354:Drivers/STM32F1xx_HAL_Driver/Src/stm32f1xx_hal_pcd.c **** #endif /* USE_HAL_PCD_REGISTER_CALLBACKS */
 3282              		.loc 1 1354 5 view .LVU1051
 3283 01cc 2046     		mov	r0, r4
 3284 01ce FFF7FEFF 		bl	HAL_PCD_SOFCallback
 3285              	.LVL320:
 3286 01d2 55E7     		b	.L165
 3287              		.cfi_endproc
 3288              	.LFE71:
 3290              		.section	.text.HAL_PCD_EP_Open,"ax",%progbits
 3291              		.align	1
 3292              		.global	HAL_PCD_EP_Open
 3293              		.syntax unified
 3294              		.thumb
 3295              		.thumb_func
 3297              	HAL_PCD_EP_Open:
 3298              	.LVL321:
 3299              	.LFB87:
1632:Drivers/STM32F1xx_HAL_Driver/Src/stm32f1xx_hal_pcd.c ****   HAL_StatusTypeDef  ret = HAL_OK;
 3300              		.loc 1 1632 1 view -0
 3301              		.cfi_startproc
 3302              		@ args = 0, pretend = 0, frame = 0
 3303              		@ frame_needed = 0, uses_anonymous_args = 0
1632:Drivers/STM32F1xx_HAL_Driver/Src/stm32f1xx_hal_pcd.c ****   HAL_StatusTypeDef  ret = HAL_OK;
 3304              		.loc 1 1632 1 is_stmt 0 view .LVU1053
 3305 0000 10B5     		push	{r4, lr}
 3306              	.LCFI21:
 3307              		.cfi_def_cfa_offset 8
 3308              		.cfi_offset 4, -8
 3309              		.cfi_offset 14, -4
 3310 0002 0446     		mov	r4, r0
 3311 0004 8C46     		mov	ip, r1
1633:Drivers/STM32F1xx_HAL_Driver/Src/stm32f1xx_hal_pcd.c ****   PCD_EPTypeDef *ep;
 3312              		.loc 1 1633 3 is_stmt 1 view .LVU1054
ARM GAS  /tmp/ccdzNYOe.s 			page 119


 3313              	.LVL322:
1634:Drivers/STM32F1xx_HAL_Driver/Src/stm32f1xx_hal_pcd.c **** 
 3314              		.loc 1 1634 3 view .LVU1055
1636:Drivers/STM32F1xx_HAL_Driver/Src/stm32f1xx_hal_pcd.c ****   {
 3315              		.loc 1 1636 3 view .LVU1056
1636:Drivers/STM32F1xx_HAL_Driver/Src/stm32f1xx_hal_pcd.c ****   {
 3316              		.loc 1 1636 6 is_stmt 0 view .LVU1057
 3317 0006 11F0800F 		tst	r1, #128
 3318 000a 2AD1     		bne	.L181
1643:Drivers/STM32F1xx_HAL_Driver/Src/stm32f1xx_hal_pcd.c ****     ep->is_in = 0U;
 3319              		.loc 1 1643 5 is_stmt 1 view .LVU1058
1643:Drivers/STM32F1xx_HAL_Driver/Src/stm32f1xx_hal_pcd.c ****     ep->is_in = 0U;
 3320              		.loc 1 1643 32 is_stmt 0 view .LVU1059
 3321 000c 01F00700 		and	r0, r1, #7
 3322              	.LVL323:
1643:Drivers/STM32F1xx_HAL_Driver/Src/stm32f1xx_hal_pcd.c ****     ep->is_in = 0U;
 3323              		.loc 1 1643 8 view .LVU1060
 3324 0010 00EB8001 		add	r1, r0, r0, lsl #2
 3325              	.LVL324:
1643:Drivers/STM32F1xx_HAL_Driver/Src/stm32f1xx_hal_pcd.c ****     ep->is_in = 0U;
 3326              		.loc 1 1643 8 view .LVU1061
 3327 0014 C900     		lsls	r1, r1, #3
 3328 0016 01F5B47E 		add	lr, r1, #360
 3329 001a 04EB0E01 		add	r1, r4, lr
 3330              	.LVL325:
1644:Drivers/STM32F1xx_HAL_Driver/Src/stm32f1xx_hal_pcd.c ****   }
 3331              		.loc 1 1644 5 is_stmt 1 view .LVU1062
1644:Drivers/STM32F1xx_HAL_Driver/Src/stm32f1xx_hal_pcd.c ****   }
 3332              		.loc 1 1644 15 is_stmt 0 view .LVU1063
 3333 001e 00EB8000 		add	r0, r0, r0, lsl #2
 3334 0022 04EBC000 		add	r0, r4, r0, lsl #3
 3335 0026 4FF0000E 		mov	lr, #0
 3336 002a 80F869E1 		strb	lr, [r0, #361]
 3337              	.L175:
1647:Drivers/STM32F1xx_HAL_Driver/Src/stm32f1xx_hal_pcd.c ****   ep->maxpacket = ep_mps;
 3338              		.loc 1 1647 3 is_stmt 1 view .LVU1064
1647:Drivers/STM32F1xx_HAL_Driver/Src/stm32f1xx_hal_pcd.c ****   ep->maxpacket = ep_mps;
 3339              		.loc 1 1647 21 is_stmt 0 view .LVU1065
 3340 002e 0CF0070C 		and	ip, ip, #7
 3341              	.LVL326:
1647:Drivers/STM32F1xx_HAL_Driver/Src/stm32f1xx_hal_pcd.c ****   ep->maxpacket = ep_mps;
 3342              		.loc 1 1647 11 view .LVU1066
 3343 0032 81F800C0 		strb	ip, [r1]
1648:Drivers/STM32F1xx_HAL_Driver/Src/stm32f1xx_hal_pcd.c ****   ep->type = ep_type;
 3344              		.loc 1 1648 3 is_stmt 1 view .LVU1067
1648:Drivers/STM32F1xx_HAL_Driver/Src/stm32f1xx_hal_pcd.c ****   ep->type = ep_type;
 3345              		.loc 1 1648 17 is_stmt 0 view .LVU1068
 3346 0036 0A61     		str	r2, [r1, #16]
1649:Drivers/STM32F1xx_HAL_Driver/Src/stm32f1xx_hal_pcd.c **** 
 3347              		.loc 1 1649 3 is_stmt 1 view .LVU1069
1649:Drivers/STM32F1xx_HAL_Driver/Src/stm32f1xx_hal_pcd.c **** 
 3348              		.loc 1 1649 12 is_stmt 0 view .LVU1070
 3349 0038 CB70     		strb	r3, [r1, #3]
1651:Drivers/STM32F1xx_HAL_Driver/Src/stm32f1xx_hal_pcd.c ****   {
 3350              		.loc 1 1651 3 is_stmt 1 view .LVU1071
1651:Drivers/STM32F1xx_HAL_Driver/Src/stm32f1xx_hal_pcd.c ****   {
 3351              		.loc 1 1651 9 is_stmt 0 view .LVU1072
ARM GAS  /tmp/ccdzNYOe.s 			page 120


 3352 003a 4A78     		ldrb	r2, [r1, #1]	@ zero_extendqisi2
 3353              	.LVL327:
1651:Drivers/STM32F1xx_HAL_Driver/Src/stm32f1xx_hal_pcd.c ****   {
 3354              		.loc 1 1651 6 view .LVU1073
 3355 003c 0AB1     		cbz	r2, .L176
1654:Drivers/STM32F1xx_HAL_Driver/Src/stm32f1xx_hal_pcd.c ****   }
 3356              		.loc 1 1654 5 is_stmt 1 view .LVU1074
1654:Drivers/STM32F1xx_HAL_Driver/Src/stm32f1xx_hal_pcd.c ****   }
 3357              		.loc 1 1654 21 is_stmt 0 view .LVU1075
 3358 003e A1F80EC0 		strh	ip, [r1, #14]	@ movhi
 3359              	.L176:
1657:Drivers/STM32F1xx_HAL_Driver/Src/stm32f1xx_hal_pcd.c ****   {
 3360              		.loc 1 1657 3 is_stmt 1 view .LVU1076
1657:Drivers/STM32F1xx_HAL_Driver/Src/stm32f1xx_hal_pcd.c ****   {
 3361              		.loc 1 1657 6 is_stmt 0 view .LVU1077
 3362 0042 022B     		cmp	r3, #2
 3363 0044 19D0     		beq	.L182
 3364              	.LVL328:
 3365              	.L177:
1662:Drivers/STM32F1xx_HAL_Driver/Src/stm32f1xx_hal_pcd.c ****   (void)USB_ActivateEndpoint(hpcd->Instance, ep);
 3366              		.loc 1 1662 3 is_stmt 1 view .LVU1078
1662:Drivers/STM32F1xx_HAL_Driver/Src/stm32f1xx_hal_pcd.c ****   (void)USB_ActivateEndpoint(hpcd->Instance, ep);
 3367              		.loc 1 1662 3 view .LVU1079
 3368 0046 94F8A832 		ldrb	r3, [r4, #680]	@ zero_extendqisi2
 3369 004a 012B     		cmp	r3, #1
 3370 004c 18D0     		beq	.L179
1662:Drivers/STM32F1xx_HAL_Driver/Src/stm32f1xx_hal_pcd.c ****   (void)USB_ActivateEndpoint(hpcd->Instance, ep);
 3371              		.loc 1 1662 3 discriminator 2 view .LVU1080
 3372 004e 0123     		movs	r3, #1
 3373 0050 84F8A832 		strb	r3, [r4, #680]
 3374              	.LVL329:
1662:Drivers/STM32F1xx_HAL_Driver/Src/stm32f1xx_hal_pcd.c ****   (void)USB_ActivateEndpoint(hpcd->Instance, ep);
 3375              		.loc 1 1662 3 view .LVU1081
1663:Drivers/STM32F1xx_HAL_Driver/Src/stm32f1xx_hal_pcd.c ****   __HAL_UNLOCK(hpcd);
 3376              		.loc 1 1663 3 view .LVU1082
1663:Drivers/STM32F1xx_HAL_Driver/Src/stm32f1xx_hal_pcd.c ****   __HAL_UNLOCK(hpcd);
 3377              		.loc 1 1663 9 is_stmt 0 view .LVU1083
 3378 0054 2068     		ldr	r0, [r4]
 3379 0056 FFF7FEFF 		bl	USB_ActivateEndpoint
 3380              	.LVL330:
1664:Drivers/STM32F1xx_HAL_Driver/Src/stm32f1xx_hal_pcd.c **** 
 3381              		.loc 1 1664 3 is_stmt 1 view .LVU1084
1664:Drivers/STM32F1xx_HAL_Driver/Src/stm32f1xx_hal_pcd.c **** 
 3382              		.loc 1 1664 3 view .LVU1085
 3383 005a 0020     		movs	r0, #0
 3384 005c 84F8A802 		strb	r0, [r4, #680]
1664:Drivers/STM32F1xx_HAL_Driver/Src/stm32f1xx_hal_pcd.c **** 
 3385              		.loc 1 1664 3 view .LVU1086
1666:Drivers/STM32F1xx_HAL_Driver/Src/stm32f1xx_hal_pcd.c **** }
 3386              		.loc 1 1666 3 view .LVU1087
 3387              	.L178:
1667:Drivers/STM32F1xx_HAL_Driver/Src/stm32f1xx_hal_pcd.c **** 
 3388              		.loc 1 1667 1 is_stmt 0 view .LVU1088
 3389 0060 10BD     		pop	{r4, pc}
 3390              	.LVL331:
 3391              	.L181:
1638:Drivers/STM32F1xx_HAL_Driver/Src/stm32f1xx_hal_pcd.c ****     ep->is_in = 1U;
ARM GAS  /tmp/ccdzNYOe.s 			page 121


 3392              		.loc 1 1638 5 is_stmt 1 view .LVU1089
1638:Drivers/STM32F1xx_HAL_Driver/Src/stm32f1xx_hal_pcd.c ****     ep->is_in = 1U;
 3393              		.loc 1 1638 31 is_stmt 0 view .LVU1090
 3394 0062 01F00700 		and	r0, r1, #7
 3395              	.LVL332:
1638:Drivers/STM32F1xx_HAL_Driver/Src/stm32f1xx_hal_pcd.c ****     ep->is_in = 1U;
 3396              		.loc 1 1638 8 view .LVU1091
 3397 0066 0130     		adds	r0, r0, #1
 3398 0068 00EB8001 		add	r1, r0, r0, lsl #2
 3399              	.LVL333:
1638:Drivers/STM32F1xx_HAL_Driver/Src/stm32f1xx_hal_pcd.c ****     ep->is_in = 1U;
 3400              		.loc 1 1638 8 view .LVU1092
 3401 006c 04EBC101 		add	r1, r4, r1, lsl #3
 3402              	.LVL334:
1639:Drivers/STM32F1xx_HAL_Driver/Src/stm32f1xx_hal_pcd.c ****   }
 3403              		.loc 1 1639 5 is_stmt 1 view .LVU1093
1639:Drivers/STM32F1xx_HAL_Driver/Src/stm32f1xx_hal_pcd.c ****   }
 3404              		.loc 1 1639 15 is_stmt 0 view .LVU1094
 3405 0070 4FF0010E 		mov	lr, #1
 3406 0074 81F801E0 		strb	lr, [r1, #1]
 3407 0078 D9E7     		b	.L175
 3408              	.LVL335:
 3409              	.L182:
1659:Drivers/STM32F1xx_HAL_Driver/Src/stm32f1xx_hal_pcd.c ****   }
 3410              		.loc 1 1659 5 is_stmt 1 view .LVU1095
1659:Drivers/STM32F1xx_HAL_Driver/Src/stm32f1xx_hal_pcd.c ****   }
 3411              		.loc 1 1659 24 is_stmt 0 view .LVU1096
 3412 007a 0023     		movs	r3, #0
 3413              	.LVL336:
1659:Drivers/STM32F1xx_HAL_Driver/Src/stm32f1xx_hal_pcd.c ****   }
 3414              		.loc 1 1659 24 view .LVU1097
 3415 007c 0B71     		strb	r3, [r1, #4]
 3416 007e E2E7     		b	.L177
 3417              	.L179:
1662:Drivers/STM32F1xx_HAL_Driver/Src/stm32f1xx_hal_pcd.c ****   (void)USB_ActivateEndpoint(hpcd->Instance, ep);
 3418              		.loc 1 1662 3 discriminator 1 view .LVU1098
 3419 0080 0220     		movs	r0, #2
 3420 0082 EDE7     		b	.L178
 3421              		.cfi_endproc
 3422              	.LFE87:
 3424              		.section	.text.HAL_PCD_EP_Close,"ax",%progbits
 3425              		.align	1
 3426              		.global	HAL_PCD_EP_Close
 3427              		.syntax unified
 3428              		.thumb
 3429              		.thumb_func
 3431              	HAL_PCD_EP_Close:
 3432              	.LVL337:
 3433              	.LFB88:
1676:Drivers/STM32F1xx_HAL_Driver/Src/stm32f1xx_hal_pcd.c ****   PCD_EPTypeDef *ep;
 3434              		.loc 1 1676 1 is_stmt 1 view -0
 3435              		.cfi_startproc
 3436              		@ args = 0, pretend = 0, frame = 0
 3437              		@ frame_needed = 0, uses_anonymous_args = 0
1676:Drivers/STM32F1xx_HAL_Driver/Src/stm32f1xx_hal_pcd.c ****   PCD_EPTypeDef *ep;
 3438              		.loc 1 1676 1 is_stmt 0 view .LVU1100
 3439 0000 10B5     		push	{r4, lr}
ARM GAS  /tmp/ccdzNYOe.s 			page 122


 3440              	.LCFI22:
 3441              		.cfi_def_cfa_offset 8
 3442              		.cfi_offset 4, -8
 3443              		.cfi_offset 14, -4
 3444 0002 0446     		mov	r4, r0
 3445 0004 0B46     		mov	r3, r1
1677:Drivers/STM32F1xx_HAL_Driver/Src/stm32f1xx_hal_pcd.c **** 
 3446              		.loc 1 1677 3 is_stmt 1 view .LVU1101
1679:Drivers/STM32F1xx_HAL_Driver/Src/stm32f1xx_hal_pcd.c ****   {
 3447              		.loc 1 1679 3 view .LVU1102
1679:Drivers/STM32F1xx_HAL_Driver/Src/stm32f1xx_hal_pcd.c ****   {
 3448              		.loc 1 1679 6 is_stmt 0 view .LVU1103
 3449 0006 11F0800F 		tst	r1, #128
 3450 000a 1FD1     		bne	.L189
1686:Drivers/STM32F1xx_HAL_Driver/Src/stm32f1xx_hal_pcd.c ****     ep->is_in = 0U;
 3451              		.loc 1 1686 5 is_stmt 1 view .LVU1104
1686:Drivers/STM32F1xx_HAL_Driver/Src/stm32f1xx_hal_pcd.c ****     ep->is_in = 0U;
 3452              		.loc 1 1686 32 is_stmt 0 view .LVU1105
 3453 000c 01F00702 		and	r2, r1, #7
1686:Drivers/STM32F1xx_HAL_Driver/Src/stm32f1xx_hal_pcd.c ****     ep->is_in = 0U;
 3454              		.loc 1 1686 8 view .LVU1106
 3455 0010 02EB8201 		add	r1, r2, r2, lsl #2
 3456              	.LVL338:
1686:Drivers/STM32F1xx_HAL_Driver/Src/stm32f1xx_hal_pcd.c ****     ep->is_in = 0U;
 3457              		.loc 1 1686 8 view .LVU1107
 3458 0014 C900     		lsls	r1, r1, #3
 3459 0016 01F5B471 		add	r1, r1, #360
 3460 001a 0144     		add	r1, r1, r0
 3461              	.LVL339:
1687:Drivers/STM32F1xx_HAL_Driver/Src/stm32f1xx_hal_pcd.c ****   }
 3462              		.loc 1 1687 5 is_stmt 1 view .LVU1108
1687:Drivers/STM32F1xx_HAL_Driver/Src/stm32f1xx_hal_pcd.c ****   }
 3463              		.loc 1 1687 15 is_stmt 0 view .LVU1109
 3464 001c 02EB8202 		add	r2, r2, r2, lsl #2
 3465 0020 00EBC202 		add	r2, r0, r2, lsl #3
 3466 0024 0020     		movs	r0, #0
 3467              	.LVL340:
1687:Drivers/STM32F1xx_HAL_Driver/Src/stm32f1xx_hal_pcd.c ****   }
 3468              		.loc 1 1687 15 view .LVU1110
 3469 0026 82F86901 		strb	r0, [r2, #361]
 3470              	.L185:
1689:Drivers/STM32F1xx_HAL_Driver/Src/stm32f1xx_hal_pcd.c **** 
 3471              		.loc 1 1689 3 is_stmt 1 view .LVU1111
1689:Drivers/STM32F1xx_HAL_Driver/Src/stm32f1xx_hal_pcd.c **** 
 3472              		.loc 1 1689 23 is_stmt 0 view .LVU1112
 3473 002a 03F00703 		and	r3, r3, #7
 3474              	.LVL341:
1689:Drivers/STM32F1xx_HAL_Driver/Src/stm32f1xx_hal_pcd.c **** 
 3475              		.loc 1 1689 13 view .LVU1113
 3476 002e 0B70     		strb	r3, [r1]
1691:Drivers/STM32F1xx_HAL_Driver/Src/stm32f1xx_hal_pcd.c ****   (void)USB_DeactivateEndpoint(hpcd->Instance, ep);
 3477              		.loc 1 1691 3 is_stmt 1 view .LVU1114
1691:Drivers/STM32F1xx_HAL_Driver/Src/stm32f1xx_hal_pcd.c ****   (void)USB_DeactivateEndpoint(hpcd->Instance, ep);
 3478              		.loc 1 1691 3 view .LVU1115
 3479 0030 94F8A832 		ldrb	r3, [r4, #680]	@ zero_extendqisi2
 3480 0034 012B     		cmp	r3, #1
 3481 0036 13D0     		beq	.L187
ARM GAS  /tmp/ccdzNYOe.s 			page 123


1691:Drivers/STM32F1xx_HAL_Driver/Src/stm32f1xx_hal_pcd.c ****   (void)USB_DeactivateEndpoint(hpcd->Instance, ep);
 3482              		.loc 1 1691 3 discriminator 2 view .LVU1116
 3483 0038 0123     		movs	r3, #1
 3484 003a 84F8A832 		strb	r3, [r4, #680]
1691:Drivers/STM32F1xx_HAL_Driver/Src/stm32f1xx_hal_pcd.c ****   (void)USB_DeactivateEndpoint(hpcd->Instance, ep);
 3485              		.loc 1 1691 3 view .LVU1117
1692:Drivers/STM32F1xx_HAL_Driver/Src/stm32f1xx_hal_pcd.c ****   __HAL_UNLOCK(hpcd);
 3486              		.loc 1 1692 3 view .LVU1118
1692:Drivers/STM32F1xx_HAL_Driver/Src/stm32f1xx_hal_pcd.c ****   __HAL_UNLOCK(hpcd);
 3487              		.loc 1 1692 9 is_stmt 0 view .LVU1119
 3488 003e 2068     		ldr	r0, [r4]
 3489 0040 FFF7FEFF 		bl	USB_DeactivateEndpoint
 3490              	.LVL342:
1693:Drivers/STM32F1xx_HAL_Driver/Src/stm32f1xx_hal_pcd.c ****   return HAL_OK;
 3491              		.loc 1 1693 3 is_stmt 1 view .LVU1120
1693:Drivers/STM32F1xx_HAL_Driver/Src/stm32f1xx_hal_pcd.c ****   return HAL_OK;
 3492              		.loc 1 1693 3 view .LVU1121
 3493 0044 0020     		movs	r0, #0
 3494 0046 84F8A802 		strb	r0, [r4, #680]
1693:Drivers/STM32F1xx_HAL_Driver/Src/stm32f1xx_hal_pcd.c ****   return HAL_OK;
 3495              		.loc 1 1693 3 view .LVU1122
1694:Drivers/STM32F1xx_HAL_Driver/Src/stm32f1xx_hal_pcd.c **** }
 3496              		.loc 1 1694 3 view .LVU1123
 3497              	.L186:
1695:Drivers/STM32F1xx_HAL_Driver/Src/stm32f1xx_hal_pcd.c **** 
 3498              		.loc 1 1695 1 is_stmt 0 view .LVU1124
 3499 004a 10BD     		pop	{r4, pc}
 3500              	.LVL343:
 3501              	.L189:
1681:Drivers/STM32F1xx_HAL_Driver/Src/stm32f1xx_hal_pcd.c ****     ep->is_in = 1U;
 3502              		.loc 1 1681 5 is_stmt 1 view .LVU1125
1681:Drivers/STM32F1xx_HAL_Driver/Src/stm32f1xx_hal_pcd.c ****     ep->is_in = 1U;
 3503              		.loc 1 1681 31 is_stmt 0 view .LVU1126
 3504 004c 01F00702 		and	r2, r1, #7
1681:Drivers/STM32F1xx_HAL_Driver/Src/stm32f1xx_hal_pcd.c ****     ep->is_in = 1U;
 3505              		.loc 1 1681 8 view .LVU1127
 3506 0050 0132     		adds	r2, r2, #1
 3507 0052 02EB8201 		add	r1, r2, r2, lsl #2
 3508              	.LVL344:
1681:Drivers/STM32F1xx_HAL_Driver/Src/stm32f1xx_hal_pcd.c ****     ep->is_in = 1U;
 3509              		.loc 1 1681 8 view .LVU1128
 3510 0056 00EBC101 		add	r1, r0, r1, lsl #3
 3511              	.LVL345:
1682:Drivers/STM32F1xx_HAL_Driver/Src/stm32f1xx_hal_pcd.c ****   }
 3512              		.loc 1 1682 5 is_stmt 1 view .LVU1129
1682:Drivers/STM32F1xx_HAL_Driver/Src/stm32f1xx_hal_pcd.c ****   }
 3513              		.loc 1 1682 15 is_stmt 0 view .LVU1130
 3514 005a 0120     		movs	r0, #1
 3515              	.LVL346:
1682:Drivers/STM32F1xx_HAL_Driver/Src/stm32f1xx_hal_pcd.c ****   }
 3516              		.loc 1 1682 15 view .LVU1131
 3517 005c 4870     		strb	r0, [r1, #1]
 3518 005e E4E7     		b	.L185
 3519              	.LVL347:
 3520              	.L187:
1691:Drivers/STM32F1xx_HAL_Driver/Src/stm32f1xx_hal_pcd.c ****   (void)USB_DeactivateEndpoint(hpcd->Instance, ep);
 3521              		.loc 1 1691 3 discriminator 1 view .LVU1132
ARM GAS  /tmp/ccdzNYOe.s 			page 124


 3522 0060 0220     		movs	r0, #2
 3523 0062 F2E7     		b	.L186
 3524              		.cfi_endproc
 3525              	.LFE88:
 3527              		.section	.text.HAL_PCD_EP_Receive,"ax",%progbits
 3528              		.align	1
 3529              		.global	HAL_PCD_EP_Receive
 3530              		.syntax unified
 3531              		.thumb
 3532              		.thumb_func
 3534              	HAL_PCD_EP_Receive:
 3535              	.LVL348:
 3536              	.LFB89:
1707:Drivers/STM32F1xx_HAL_Driver/Src/stm32f1xx_hal_pcd.c ****   PCD_EPTypeDef *ep;
 3537              		.loc 1 1707 1 is_stmt 1 view -0
 3538              		.cfi_startproc
 3539              		@ args = 0, pretend = 0, frame = 0
 3540              		@ frame_needed = 0, uses_anonymous_args = 0
1707:Drivers/STM32F1xx_HAL_Driver/Src/stm32f1xx_hal_pcd.c ****   PCD_EPTypeDef *ep;
 3541              		.loc 1 1707 1 is_stmt 0 view .LVU1134
 3542 0000 10B5     		push	{r4, lr}
 3543              	.LCFI23:
 3544              		.cfi_def_cfa_offset 8
 3545              		.cfi_offset 4, -8
 3546              		.cfi_offset 14, -4
1708:Drivers/STM32F1xx_HAL_Driver/Src/stm32f1xx_hal_pcd.c **** 
 3547              		.loc 1 1708 3 is_stmt 1 view .LVU1135
1710:Drivers/STM32F1xx_HAL_Driver/Src/stm32f1xx_hal_pcd.c **** 
 3548              		.loc 1 1710 3 view .LVU1136
 3549 0002 01F00704 		and	r4, r1, #7
1710:Drivers/STM32F1xx_HAL_Driver/Src/stm32f1xx_hal_pcd.c **** 
 3550              		.loc 1 1710 6 is_stmt 0 view .LVU1137
 3551 0006 04EB8401 		add	r1, r4, r4, lsl #2
 3552              	.LVL349:
1710:Drivers/STM32F1xx_HAL_Driver/Src/stm32f1xx_hal_pcd.c **** 
 3553              		.loc 1 1710 6 view .LVU1138
 3554 000a C900     		lsls	r1, r1, #3
 3555 000c 01F5B471 		add	r1, r1, #360
 3556 0010 0144     		add	r1, r1, r0
 3557              	.LVL350:
1713:Drivers/STM32F1xx_HAL_Driver/Src/stm32f1xx_hal_pcd.c ****   ep->xfer_len = len;
 3558              		.loc 1 1713 3 is_stmt 1 view .LVU1139
1713:Drivers/STM32F1xx_HAL_Driver/Src/stm32f1xx_hal_pcd.c ****   ep->xfer_len = len;
 3559              		.loc 1 1713 17 is_stmt 0 view .LVU1140
 3560 0012 04EB840C 		add	ip, r4, r4, lsl #2
 3561 0016 00EBCC0C 		add	ip, r0, ip, lsl #3
 3562 001a CCF87C21 		str	r2, [ip, #380]
1714:Drivers/STM32F1xx_HAL_Driver/Src/stm32f1xx_hal_pcd.c ****   ep->xfer_count = 0U;
 3563              		.loc 1 1714 3 is_stmt 1 view .LVU1141
1714:Drivers/STM32F1xx_HAL_Driver/Src/stm32f1xx_hal_pcd.c ****   ep->xfer_count = 0U;
 3564              		.loc 1 1714 16 is_stmt 0 view .LVU1142
 3565 001e CCF88031 		str	r3, [ip, #384]
1715:Drivers/STM32F1xx_HAL_Driver/Src/stm32f1xx_hal_pcd.c ****   ep->is_in = 0U;
 3566              		.loc 1 1715 3 is_stmt 1 view .LVU1143
1715:Drivers/STM32F1xx_HAL_Driver/Src/stm32f1xx_hal_pcd.c ****   ep->is_in = 0U;
 3567              		.loc 1 1715 18 is_stmt 0 view .LVU1144
 3568 0022 0023     		movs	r3, #0
ARM GAS  /tmp/ccdzNYOe.s 			page 125


 3569              	.LVL351:
1715:Drivers/STM32F1xx_HAL_Driver/Src/stm32f1xx_hal_pcd.c ****   ep->is_in = 0U;
 3570              		.loc 1 1715 18 view .LVU1145
 3571 0024 CCF88431 		str	r3, [ip, #388]
1716:Drivers/STM32F1xx_HAL_Driver/Src/stm32f1xx_hal_pcd.c ****   ep->num = ep_addr & EP_ADDR_MSK;
 3572              		.loc 1 1716 3 is_stmt 1 view .LVU1146
1716:Drivers/STM32F1xx_HAL_Driver/Src/stm32f1xx_hal_pcd.c ****   ep->num = ep_addr & EP_ADDR_MSK;
 3573              		.loc 1 1716 13 is_stmt 0 view .LVU1147
 3574 0028 8CF86931 		strb	r3, [ip, #361]
1717:Drivers/STM32F1xx_HAL_Driver/Src/stm32f1xx_hal_pcd.c **** 
 3575              		.loc 1 1717 3 is_stmt 1 view .LVU1148
1717:Drivers/STM32F1xx_HAL_Driver/Src/stm32f1xx_hal_pcd.c **** 
 3576              		.loc 1 1717 11 is_stmt 0 view .LVU1149
 3577 002c 8CF86841 		strb	r4, [ip, #360]
1719:Drivers/STM32F1xx_HAL_Driver/Src/stm32f1xx_hal_pcd.c ****   {
 3578              		.loc 1 1719 3 is_stmt 1 view .LVU1150
1719:Drivers/STM32F1xx_HAL_Driver/Src/stm32f1xx_hal_pcd.c ****   {
 3579              		.loc 1 1719 6 is_stmt 0 view .LVU1151
 3580 0030 24B9     		cbnz	r4, .L191
1721:Drivers/STM32F1xx_HAL_Driver/Src/stm32f1xx_hal_pcd.c ****   }
 3581              		.loc 1 1721 5 is_stmt 1 view .LVU1152
1721:Drivers/STM32F1xx_HAL_Driver/Src/stm32f1xx_hal_pcd.c ****   }
 3582              		.loc 1 1721 11 is_stmt 0 view .LVU1153
 3583 0032 0068     		ldr	r0, [r0]
 3584              	.LVL352:
1721:Drivers/STM32F1xx_HAL_Driver/Src/stm32f1xx_hal_pcd.c ****   }
 3585              		.loc 1 1721 11 view .LVU1154
 3586 0034 FFF7FEFF 		bl	USB_EPStartXfer
 3587              	.LVL353:
 3588              	.L192:
1728:Drivers/STM32F1xx_HAL_Driver/Src/stm32f1xx_hal_pcd.c **** }
 3589              		.loc 1 1728 3 is_stmt 1 view .LVU1155
1729:Drivers/STM32F1xx_HAL_Driver/Src/stm32f1xx_hal_pcd.c **** 
 3590              		.loc 1 1729 1 is_stmt 0 view .LVU1156
 3591 0038 0020     		movs	r0, #0
 3592 003a 10BD     		pop	{r4, pc}
 3593              	.LVL354:
 3594              	.L191:
1725:Drivers/STM32F1xx_HAL_Driver/Src/stm32f1xx_hal_pcd.c ****   }
 3595              		.loc 1 1725 5 is_stmt 1 view .LVU1157
1725:Drivers/STM32F1xx_HAL_Driver/Src/stm32f1xx_hal_pcd.c ****   }
 3596              		.loc 1 1725 11 is_stmt 0 view .LVU1158
 3597 003c 0068     		ldr	r0, [r0]
 3598              	.LVL355:
1725:Drivers/STM32F1xx_HAL_Driver/Src/stm32f1xx_hal_pcd.c ****   }
 3599              		.loc 1 1725 11 view .LVU1159
 3600 003e FFF7FEFF 		bl	USB_EPStartXfer
 3601              	.LVL356:
1725:Drivers/STM32F1xx_HAL_Driver/Src/stm32f1xx_hal_pcd.c ****   }
 3602              		.loc 1 1725 11 view .LVU1160
 3603 0042 F9E7     		b	.L192
 3604              		.cfi_endproc
 3605              	.LFE89:
 3607              		.section	.text.HAL_PCD_EP_GetRxCount,"ax",%progbits
 3608              		.align	1
 3609              		.global	HAL_PCD_EP_GetRxCount
 3610              		.syntax unified
ARM GAS  /tmp/ccdzNYOe.s 			page 126


 3611              		.thumb
 3612              		.thumb_func
 3614              	HAL_PCD_EP_GetRxCount:
 3615              	.LVL357:
 3616              	.LFB90:
1738:Drivers/STM32F1xx_HAL_Driver/Src/stm32f1xx_hal_pcd.c ****   return hpcd->OUT_ep[ep_addr & EP_ADDR_MSK].xfer_count;
 3617              		.loc 1 1738 1 is_stmt 1 view -0
 3618              		.cfi_startproc
 3619              		@ args = 0, pretend = 0, frame = 0
 3620              		@ frame_needed = 0, uses_anonymous_args = 0
 3621              		@ link register save eliminated.
1739:Drivers/STM32F1xx_HAL_Driver/Src/stm32f1xx_hal_pcd.c **** }
 3622              		.loc 1 1739 3 view .LVU1162
1739:Drivers/STM32F1xx_HAL_Driver/Src/stm32f1xx_hal_pcd.c **** }
 3623              		.loc 1 1739 31 is_stmt 0 view .LVU1163
 3624 0000 01F00701 		and	r1, r1, #7
 3625              	.LVL358:
1739:Drivers/STM32F1xx_HAL_Driver/Src/stm32f1xx_hal_pcd.c **** }
 3626              		.loc 1 1739 45 view .LVU1164
 3627 0004 01EB8101 		add	r1, r1, r1, lsl #2
 3628 0008 00EBC100 		add	r0, r0, r1, lsl #3
 3629              	.LVL359:
1740:Drivers/STM32F1xx_HAL_Driver/Src/stm32f1xx_hal_pcd.c **** /**
 3630              		.loc 1 1740 1 view .LVU1165
 3631 000c D0F88401 		ldr	r0, [r0, #388]
 3632 0010 7047     		bx	lr
 3633              		.cfi_endproc
 3634              	.LFE90:
 3636              		.section	.text.HAL_PCD_EP_Transmit,"ax",%progbits
 3637              		.align	1
 3638              		.global	HAL_PCD_EP_Transmit
 3639              		.syntax unified
 3640              		.thumb
 3641              		.thumb_func
 3643              	HAL_PCD_EP_Transmit:
 3644              	.LVL360:
 3645              	.LFB91:
1750:Drivers/STM32F1xx_HAL_Driver/Src/stm32f1xx_hal_pcd.c ****   PCD_EPTypeDef *ep;
 3646              		.loc 1 1750 1 is_stmt 1 view -0
 3647              		.cfi_startproc
 3648              		@ args = 0, pretend = 0, frame = 0
 3649              		@ frame_needed = 0, uses_anonymous_args = 0
1750:Drivers/STM32F1xx_HAL_Driver/Src/stm32f1xx_hal_pcd.c ****   PCD_EPTypeDef *ep;
 3650              		.loc 1 1750 1 is_stmt 0 view .LVU1167
 3651 0000 10B5     		push	{r4, lr}
 3652              	.LCFI24:
 3653              		.cfi_def_cfa_offset 8
 3654              		.cfi_offset 4, -8
 3655              		.cfi_offset 14, -4
1751:Drivers/STM32F1xx_HAL_Driver/Src/stm32f1xx_hal_pcd.c **** 
 3656              		.loc 1 1751 3 is_stmt 1 view .LVU1168
1753:Drivers/STM32F1xx_HAL_Driver/Src/stm32f1xx_hal_pcd.c **** 
 3657              		.loc 1 1753 3 view .LVU1169
 3658 0002 01F00704 		and	r4, r1, #7
1753:Drivers/STM32F1xx_HAL_Driver/Src/stm32f1xx_hal_pcd.c **** 
 3659              		.loc 1 1753 6 is_stmt 0 view .LVU1170
 3660 0006 04F1010C 		add	ip, r4, #1
ARM GAS  /tmp/ccdzNYOe.s 			page 127


 3661 000a 0CEB8C01 		add	r1, ip, ip, lsl #2
 3662              	.LVL361:
1753:Drivers/STM32F1xx_HAL_Driver/Src/stm32f1xx_hal_pcd.c **** 
 3663              		.loc 1 1753 6 view .LVU1171
 3664 000e 00EBC101 		add	r1, r0, r1, lsl #3
 3665              	.LVL362:
1756:Drivers/STM32F1xx_HAL_Driver/Src/stm32f1xx_hal_pcd.c ****   ep->xfer_len = len;
 3666              		.loc 1 1756 3 is_stmt 1 view .LVU1172
1756:Drivers/STM32F1xx_HAL_Driver/Src/stm32f1xx_hal_pcd.c ****   ep->xfer_len = len;
 3667              		.loc 1 1756 17 is_stmt 0 view .LVU1173
 3668 0012 04EB840E 		add	lr, r4, r4, lsl #2
 3669 0016 00EBCE0E 		add	lr, r0, lr, lsl #3
 3670 001a CEF83C20 		str	r2, [lr, #60]
1757:Drivers/STM32F1xx_HAL_Driver/Src/stm32f1xx_hal_pcd.c **** #if defined (USB)
 3671              		.loc 1 1757 3 is_stmt 1 view .LVU1174
1757:Drivers/STM32F1xx_HAL_Driver/Src/stm32f1xx_hal_pcd.c **** #if defined (USB)
 3672              		.loc 1 1757 16 is_stmt 0 view .LVU1175
 3673 001e CEF84030 		str	r3, [lr, #64]
1759:Drivers/STM32F1xx_HAL_Driver/Src/stm32f1xx_hal_pcd.c ****   ep->xfer_len_db = len;
 3674              		.loc 1 1759 3 is_stmt 1 view .LVU1176
1759:Drivers/STM32F1xx_HAL_Driver/Src/stm32f1xx_hal_pcd.c ****   ep->xfer_len_db = len;
 3675              		.loc 1 1759 20 is_stmt 0 view .LVU1177
 3676 0022 0122     		movs	r2, #1
 3677              	.LVL363:
1759:Drivers/STM32F1xx_HAL_Driver/Src/stm32f1xx_hal_pcd.c ****   ep->xfer_len_db = len;
 3678              		.loc 1 1759 20 view .LVU1178
 3679 0024 8EF84C20 		strb	r2, [lr, #76]
1760:Drivers/STM32F1xx_HAL_Driver/Src/stm32f1xx_hal_pcd.c **** #endif /* defined (USB) */
 3680              		.loc 1 1760 3 is_stmt 1 view .LVU1179
1760:Drivers/STM32F1xx_HAL_Driver/Src/stm32f1xx_hal_pcd.c **** #endif /* defined (USB) */
 3681              		.loc 1 1760 19 is_stmt 0 view .LVU1180
 3682 0028 CEF84830 		str	r3, [lr, #72]
1762:Drivers/STM32F1xx_HAL_Driver/Src/stm32f1xx_hal_pcd.c ****   ep->is_in = 1U;
 3683              		.loc 1 1762 3 is_stmt 1 view .LVU1181
1762:Drivers/STM32F1xx_HAL_Driver/Src/stm32f1xx_hal_pcd.c ****   ep->is_in = 1U;
 3684              		.loc 1 1762 18 is_stmt 0 view .LVU1182
 3685 002c 0023     		movs	r3, #0
 3686              	.LVL364:
1762:Drivers/STM32F1xx_HAL_Driver/Src/stm32f1xx_hal_pcd.c ****   ep->is_in = 1U;
 3687              		.loc 1 1762 18 view .LVU1183
 3688 002e CEF84430 		str	r3, [lr, #68]
1763:Drivers/STM32F1xx_HAL_Driver/Src/stm32f1xx_hal_pcd.c ****   ep->num = ep_addr & EP_ADDR_MSK;
 3689              		.loc 1 1763 3 is_stmt 1 view .LVU1184
1763:Drivers/STM32F1xx_HAL_Driver/Src/stm32f1xx_hal_pcd.c ****   ep->num = ep_addr & EP_ADDR_MSK;
 3690              		.loc 1 1763 13 is_stmt 0 view .LVU1185
 3691 0032 4A70     		strb	r2, [r1, #1]
 3692              	.LVL365:
1764:Drivers/STM32F1xx_HAL_Driver/Src/stm32f1xx_hal_pcd.c **** 
 3693              		.loc 1 1764 3 is_stmt 1 view .LVU1186
1764:Drivers/STM32F1xx_HAL_Driver/Src/stm32f1xx_hal_pcd.c **** 
 3694              		.loc 1 1764 11 is_stmt 0 view .LVU1187
 3695 0034 0CEB8C0C 		add	ip, ip, ip, lsl #2
 3696 0038 00F83C40 		strb	r4, [r0, ip, lsl #3]
1766:Drivers/STM32F1xx_HAL_Driver/Src/stm32f1xx_hal_pcd.c ****   {
 3697              		.loc 1 1766 3 is_stmt 1 view .LVU1188
1766:Drivers/STM32F1xx_HAL_Driver/Src/stm32f1xx_hal_pcd.c ****   {
 3698              		.loc 1 1766 6 is_stmt 0 view .LVU1189
ARM GAS  /tmp/ccdzNYOe.s 			page 128


 3699 003c 24B9     		cbnz	r4, .L196
1768:Drivers/STM32F1xx_HAL_Driver/Src/stm32f1xx_hal_pcd.c ****   }
 3700              		.loc 1 1768 5 is_stmt 1 view .LVU1190
1768:Drivers/STM32F1xx_HAL_Driver/Src/stm32f1xx_hal_pcd.c ****   }
 3701              		.loc 1 1768 11 is_stmt 0 view .LVU1191
 3702 003e 0068     		ldr	r0, [r0]
 3703              	.LVL366:
1768:Drivers/STM32F1xx_HAL_Driver/Src/stm32f1xx_hal_pcd.c ****   }
 3704              		.loc 1 1768 11 view .LVU1192
 3705 0040 FFF7FEFF 		bl	USB_EPStartXfer
 3706              	.LVL367:
 3707              	.L197:
1775:Drivers/STM32F1xx_HAL_Driver/Src/stm32f1xx_hal_pcd.c **** }
 3708              		.loc 1 1775 3 is_stmt 1 view .LVU1193
1776:Drivers/STM32F1xx_HAL_Driver/Src/stm32f1xx_hal_pcd.c **** 
 3709              		.loc 1 1776 1 is_stmt 0 view .LVU1194
 3710 0044 0020     		movs	r0, #0
 3711 0046 10BD     		pop	{r4, pc}
 3712              	.LVL368:
 3713              	.L196:
1772:Drivers/STM32F1xx_HAL_Driver/Src/stm32f1xx_hal_pcd.c ****   }
 3714              		.loc 1 1772 5 is_stmt 1 view .LVU1195
1772:Drivers/STM32F1xx_HAL_Driver/Src/stm32f1xx_hal_pcd.c ****   }
 3715              		.loc 1 1772 11 is_stmt 0 view .LVU1196
 3716 0048 0068     		ldr	r0, [r0]
 3717              	.LVL369:
1772:Drivers/STM32F1xx_HAL_Driver/Src/stm32f1xx_hal_pcd.c ****   }
 3718              		.loc 1 1772 11 view .LVU1197
 3719 004a FFF7FEFF 		bl	USB_EPStartXfer
 3720              	.LVL370:
1772:Drivers/STM32F1xx_HAL_Driver/Src/stm32f1xx_hal_pcd.c ****   }
 3721              		.loc 1 1772 11 view .LVU1198
 3722 004e F9E7     		b	.L197
 3723              		.cfi_endproc
 3724              	.LFE91:
 3726              		.section	.text.HAL_PCD_EP_SetStall,"ax",%progbits
 3727              		.align	1
 3728              		.global	HAL_PCD_EP_SetStall
 3729              		.syntax unified
 3730              		.thumb
 3731              		.thumb_func
 3733              	HAL_PCD_EP_SetStall:
 3734              	.LVL371:
 3735              	.LFB92:
1785:Drivers/STM32F1xx_HAL_Driver/Src/stm32f1xx_hal_pcd.c ****   PCD_EPTypeDef *ep;
 3736              		.loc 1 1785 1 is_stmt 1 view -0
 3737              		.cfi_startproc
 3738              		@ args = 0, pretend = 0, frame = 0
 3739              		@ frame_needed = 0, uses_anonymous_args = 0
1785:Drivers/STM32F1xx_HAL_Driver/Src/stm32f1xx_hal_pcd.c ****   PCD_EPTypeDef *ep;
 3740              		.loc 1 1785 1 is_stmt 0 view .LVU1200
 3741 0000 38B5     		push	{r3, r4, r5, lr}
 3742              	.LCFI25:
 3743              		.cfi_def_cfa_offset 16
 3744              		.cfi_offset 3, -16
 3745              		.cfi_offset 4, -12
 3746              		.cfi_offset 5, -8
ARM GAS  /tmp/ccdzNYOe.s 			page 129


 3747              		.cfi_offset 14, -4
1786:Drivers/STM32F1xx_HAL_Driver/Src/stm32f1xx_hal_pcd.c **** 
 3748              		.loc 1 1786 3 is_stmt 1 view .LVU1201
1788:Drivers/STM32F1xx_HAL_Driver/Src/stm32f1xx_hal_pcd.c ****   {
 3749              		.loc 1 1788 3 view .LVU1202
 3750 0002 01F00705 		and	r5, r1, #7
1788:Drivers/STM32F1xx_HAL_Driver/Src/stm32f1xx_hal_pcd.c ****   {
 3751              		.loc 1 1788 53 is_stmt 0 view .LVU1203
 3752 0006 4268     		ldr	r2, [r0, #4]
1788:Drivers/STM32F1xx_HAL_Driver/Src/stm32f1xx_hal_pcd.c ****   {
 3753              		.loc 1 1788 6 view .LVU1204
 3754 0008 9542     		cmp	r5, r2
 3755 000a 31D8     		bhi	.L204
 3756 000c 0446     		mov	r4, r0
 3757 000e 0B46     		mov	r3, r1
1793:Drivers/STM32F1xx_HAL_Driver/Src/stm32f1xx_hal_pcd.c ****   {
 3758              		.loc 1 1793 3 is_stmt 1 view .LVU1205
1793:Drivers/STM32F1xx_HAL_Driver/Src/stm32f1xx_hal_pcd.c ****   {
 3759              		.loc 1 1793 6 is_stmt 0 view .LVU1206
 3760 0010 11F0800F 		tst	r1, #128
 3761 0014 1ED1     		bne	.L207
1800:Drivers/STM32F1xx_HAL_Driver/Src/stm32f1xx_hal_pcd.c ****     ep->is_in = 0U;
 3762              		.loc 1 1800 5 is_stmt 1 view .LVU1207
1800:Drivers/STM32F1xx_HAL_Driver/Src/stm32f1xx_hal_pcd.c ****     ep->is_in = 0U;
 3763              		.loc 1 1800 8 is_stmt 0 view .LVU1208
 3764 0016 01EB8101 		add	r1, r1, r1, lsl #2
 3765              	.LVL372:
1800:Drivers/STM32F1xx_HAL_Driver/Src/stm32f1xx_hal_pcd.c ****     ep->is_in = 0U;
 3766              		.loc 1 1800 8 view .LVU1209
 3767 001a C900     		lsls	r1, r1, #3
 3768 001c 01F5B471 		add	r1, r1, #360
 3769 0020 0144     		add	r1, r1, r0
 3770              	.LVL373:
1801:Drivers/STM32F1xx_HAL_Driver/Src/stm32f1xx_hal_pcd.c ****   }
 3771              		.loc 1 1801 5 is_stmt 1 view .LVU1210
1801:Drivers/STM32F1xx_HAL_Driver/Src/stm32f1xx_hal_pcd.c ****   }
 3772              		.loc 1 1801 15 is_stmt 0 view .LVU1211
 3773 0022 03EB8303 		add	r3, r3, r3, lsl #2
 3774              	.LVL374:
1801:Drivers/STM32F1xx_HAL_Driver/Src/stm32f1xx_hal_pcd.c ****   }
 3775              		.loc 1 1801 15 view .LVU1212
 3776 0026 00EBC303 		add	r3, r0, r3, lsl #3
 3777 002a 0022     		movs	r2, #0
 3778 002c 83F86921 		strb	r2, [r3, #361]
 3779              	.L202:
1804:Drivers/STM32F1xx_HAL_Driver/Src/stm32f1xx_hal_pcd.c ****   ep->num = ep_addr & EP_ADDR_MSK;
 3780              		.loc 1 1804 3 is_stmt 1 view .LVU1213
1804:Drivers/STM32F1xx_HAL_Driver/Src/stm32f1xx_hal_pcd.c ****   ep->num = ep_addr & EP_ADDR_MSK;
 3781              		.loc 1 1804 16 is_stmt 0 view .LVU1214
 3782 0030 0123     		movs	r3, #1
 3783 0032 8B70     		strb	r3, [r1, #2]
1805:Drivers/STM32F1xx_HAL_Driver/Src/stm32f1xx_hal_pcd.c **** 
 3784              		.loc 1 1805 3 is_stmt 1 view .LVU1215
1805:Drivers/STM32F1xx_HAL_Driver/Src/stm32f1xx_hal_pcd.c **** 
 3785              		.loc 1 1805 11 is_stmt 0 view .LVU1216
 3786 0034 0D70     		strb	r5, [r1]
1807:Drivers/STM32F1xx_HAL_Driver/Src/stm32f1xx_hal_pcd.c **** 
ARM GAS  /tmp/ccdzNYOe.s 			page 130


 3787              		.loc 1 1807 3 is_stmt 1 view .LVU1217
1807:Drivers/STM32F1xx_HAL_Driver/Src/stm32f1xx_hal_pcd.c **** 
 3788              		.loc 1 1807 3 view .LVU1218
 3789 0036 94F8A832 		ldrb	r3, [r4, #680]	@ zero_extendqisi2
 3790 003a 012B     		cmp	r3, #1
 3791 003c 1AD0     		beq	.L205
1807:Drivers/STM32F1xx_HAL_Driver/Src/stm32f1xx_hal_pcd.c **** 
 3792              		.loc 1 1807 3 discriminator 2 view .LVU1219
 3793 003e 0123     		movs	r3, #1
 3794 0040 84F8A832 		strb	r3, [r4, #680]
1807:Drivers/STM32F1xx_HAL_Driver/Src/stm32f1xx_hal_pcd.c **** 
 3795              		.loc 1 1807 3 view .LVU1220
1809:Drivers/STM32F1xx_HAL_Driver/Src/stm32f1xx_hal_pcd.c **** 
 3796              		.loc 1 1809 3 view .LVU1221
1809:Drivers/STM32F1xx_HAL_Driver/Src/stm32f1xx_hal_pcd.c **** 
 3797              		.loc 1 1809 9 is_stmt 0 view .LVU1222
 3798 0044 2068     		ldr	r0, [r4]
 3799              	.LVL375:
1809:Drivers/STM32F1xx_HAL_Driver/Src/stm32f1xx_hal_pcd.c **** 
 3800              		.loc 1 1809 9 view .LVU1223
 3801 0046 FFF7FEFF 		bl	USB_EPSetStall
 3802              	.LVL376:
1811:Drivers/STM32F1xx_HAL_Driver/Src/stm32f1xx_hal_pcd.c ****   {
 3803              		.loc 1 1811 3 is_stmt 1 view .LVU1224
1811:Drivers/STM32F1xx_HAL_Driver/Src/stm32f1xx_hal_pcd.c ****   {
 3804              		.loc 1 1811 6 is_stmt 0 view .LVU1225
 3805 004a 5DB1     		cbz	r5, .L208
 3806              	.L203:
1816:Drivers/STM32F1xx_HAL_Driver/Src/stm32f1xx_hal_pcd.c **** 
 3807              		.loc 1 1816 3 is_stmt 1 view .LVU1226
1816:Drivers/STM32F1xx_HAL_Driver/Src/stm32f1xx_hal_pcd.c **** 
 3808              		.loc 1 1816 3 view .LVU1227
 3809 004c 0020     		movs	r0, #0
 3810 004e 84F8A802 		strb	r0, [r4, #680]
1816:Drivers/STM32F1xx_HAL_Driver/Src/stm32f1xx_hal_pcd.c **** 
 3811              		.loc 1 1816 3 view .LVU1228
1818:Drivers/STM32F1xx_HAL_Driver/Src/stm32f1xx_hal_pcd.c **** }
 3812              		.loc 1 1818 3 view .LVU1229
 3813              	.LVL377:
 3814              	.L200:
1819:Drivers/STM32F1xx_HAL_Driver/Src/stm32f1xx_hal_pcd.c **** 
 3815              		.loc 1 1819 1 is_stmt 0 view .LVU1230
 3816 0052 38BD     		pop	{r3, r4, r5, pc}
 3817              	.LVL378:
 3818              	.L207:
1795:Drivers/STM32F1xx_HAL_Driver/Src/stm32f1xx_hal_pcd.c ****     ep->is_in = 1U;
 3819              		.loc 1 1795 5 is_stmt 1 view .LVU1231
1795:Drivers/STM32F1xx_HAL_Driver/Src/stm32f1xx_hal_pcd.c ****     ep->is_in = 1U;
 3820              		.loc 1 1795 8 is_stmt 0 view .LVU1232
 3821 0054 6B1C     		adds	r3, r5, #1
 3822 0056 03EB8301 		add	r1, r3, r3, lsl #2
 3823              	.LVL379:
1795:Drivers/STM32F1xx_HAL_Driver/Src/stm32f1xx_hal_pcd.c ****     ep->is_in = 1U;
 3824              		.loc 1 1795 8 view .LVU1233
 3825 005a 00EBC101 		add	r1, r0, r1, lsl #3
 3826              	.LVL380:
1796:Drivers/STM32F1xx_HAL_Driver/Src/stm32f1xx_hal_pcd.c ****   }
ARM GAS  /tmp/ccdzNYOe.s 			page 131


 3827              		.loc 1 1796 5 is_stmt 1 view .LVU1234
1796:Drivers/STM32F1xx_HAL_Driver/Src/stm32f1xx_hal_pcd.c ****   }
 3828              		.loc 1 1796 15 is_stmt 0 view .LVU1235
 3829 005e 0122     		movs	r2, #1
 3830 0060 4A70     		strb	r2, [r1, #1]
 3831 0062 E5E7     		b	.L202
 3832              	.LVL381:
 3833              	.L208:
1813:Drivers/STM32F1xx_HAL_Driver/Src/stm32f1xx_hal_pcd.c ****   }
 3834              		.loc 1 1813 5 is_stmt 1 view .LVU1236
1813:Drivers/STM32F1xx_HAL_Driver/Src/stm32f1xx_hal_pcd.c ****   }
 3835              		.loc 1 1813 11 is_stmt 0 view .LVU1237
 3836 0064 04F52C71 		add	r1, r4, #688
 3837 0068 2068     		ldr	r0, [r4]
 3838 006a FFF7FEFF 		bl	USB_EP0_OutStart
 3839              	.LVL382:
 3840 006e EDE7     		b	.L203
 3841              	.LVL383:
 3842              	.L204:
1790:Drivers/STM32F1xx_HAL_Driver/Src/stm32f1xx_hal_pcd.c ****   }
 3843              		.loc 1 1790 12 view .LVU1238
 3844 0070 0120     		movs	r0, #1
 3845              	.LVL384:
1790:Drivers/STM32F1xx_HAL_Driver/Src/stm32f1xx_hal_pcd.c ****   }
 3846              		.loc 1 1790 12 view .LVU1239
 3847 0072 EEE7     		b	.L200
 3848              	.LVL385:
 3849              	.L205:
1807:Drivers/STM32F1xx_HAL_Driver/Src/stm32f1xx_hal_pcd.c **** 
 3850              		.loc 1 1807 3 discriminator 1 view .LVU1240
 3851 0074 0220     		movs	r0, #2
 3852              	.LVL386:
1807:Drivers/STM32F1xx_HAL_Driver/Src/stm32f1xx_hal_pcd.c **** 
 3853              		.loc 1 1807 3 discriminator 1 view .LVU1241
 3854 0076 ECE7     		b	.L200
 3855              		.cfi_endproc
 3856              	.LFE92:
 3858              		.section	.text.HAL_PCD_EP_ClrStall,"ax",%progbits
 3859              		.align	1
 3860              		.global	HAL_PCD_EP_ClrStall
 3861              		.syntax unified
 3862              		.thumb
 3863              		.thumb_func
 3865              	HAL_PCD_EP_ClrStall:
 3866              	.LVL387:
 3867              	.LFB93:
1828:Drivers/STM32F1xx_HAL_Driver/Src/stm32f1xx_hal_pcd.c ****   PCD_EPTypeDef *ep;
 3868              		.loc 1 1828 1 is_stmt 1 view -0
 3869              		.cfi_startproc
 3870              		@ args = 0, pretend = 0, frame = 0
 3871              		@ frame_needed = 0, uses_anonymous_args = 0
1828:Drivers/STM32F1xx_HAL_Driver/Src/stm32f1xx_hal_pcd.c ****   PCD_EPTypeDef *ep;
 3872              		.loc 1 1828 1 is_stmt 0 view .LVU1243
 3873 0000 0B46     		mov	r3, r1
1829:Drivers/STM32F1xx_HAL_Driver/Src/stm32f1xx_hal_pcd.c **** 
 3874              		.loc 1 1829 3 is_stmt 1 view .LVU1244
1831:Drivers/STM32F1xx_HAL_Driver/Src/stm32f1xx_hal_pcd.c ****   {
ARM GAS  /tmp/ccdzNYOe.s 			page 132


 3875              		.loc 1 1831 3 view .LVU1245
1831:Drivers/STM32F1xx_HAL_Driver/Src/stm32f1xx_hal_pcd.c ****   {
 3876              		.loc 1 1831 26 is_stmt 0 view .LVU1246
 3877 0002 01F00F01 		and	r1, r1, #15
 3878              	.LVL388:
1831:Drivers/STM32F1xx_HAL_Driver/Src/stm32f1xx_hal_pcd.c ****   {
 3879              		.loc 1 1831 47 view .LVU1247
 3880 0006 4268     		ldr	r2, [r0, #4]
1831:Drivers/STM32F1xx_HAL_Driver/Src/stm32f1xx_hal_pcd.c ****   {
 3881              		.loc 1 1831 6 view .LVU1248
 3882 0008 9142     		cmp	r1, r2
 3883 000a 30D8     		bhi	.L213
1828:Drivers/STM32F1xx_HAL_Driver/Src/stm32f1xx_hal_pcd.c ****   PCD_EPTypeDef *ep;
 3884              		.loc 1 1828 1 view .LVU1249
 3885 000c 10B5     		push	{r4, lr}
 3886              	.LCFI26:
 3887              		.cfi_def_cfa_offset 8
 3888              		.cfi_offset 4, -8
 3889              		.cfi_offset 14, -4
 3890 000e 0446     		mov	r4, r0
1836:Drivers/STM32F1xx_HAL_Driver/Src/stm32f1xx_hal_pcd.c ****   {
 3891              		.loc 1 1836 3 is_stmt 1 view .LVU1250
1836:Drivers/STM32F1xx_HAL_Driver/Src/stm32f1xx_hal_pcd.c ****   {
 3892              		.loc 1 1836 6 is_stmt 0 view .LVU1251
 3893 0010 13F0800F 		tst	r3, #128
 3894 0014 21D1     		bne	.L219
1843:Drivers/STM32F1xx_HAL_Driver/Src/stm32f1xx_hal_pcd.c ****     ep->is_in = 0U;
 3895              		.loc 1 1843 5 is_stmt 1 view .LVU1252
1843:Drivers/STM32F1xx_HAL_Driver/Src/stm32f1xx_hal_pcd.c ****     ep->is_in = 0U;
 3896              		.loc 1 1843 32 is_stmt 0 view .LVU1253
 3897 0016 03F00702 		and	r2, r3, #7
1843:Drivers/STM32F1xx_HAL_Driver/Src/stm32f1xx_hal_pcd.c ****     ep->is_in = 0U;
 3898              		.loc 1 1843 8 view .LVU1254
 3899 001a 02EB8201 		add	r1, r2, r2, lsl #2
 3900 001e C900     		lsls	r1, r1, #3
 3901 0020 01F5B471 		add	r1, r1, #360
 3902 0024 0144     		add	r1, r1, r0
 3903              	.LVL389:
1844:Drivers/STM32F1xx_HAL_Driver/Src/stm32f1xx_hal_pcd.c ****   }
 3904              		.loc 1 1844 5 is_stmt 1 view .LVU1255
1844:Drivers/STM32F1xx_HAL_Driver/Src/stm32f1xx_hal_pcd.c ****   }
 3905              		.loc 1 1844 15 is_stmt 0 view .LVU1256
 3906 0026 02EB8202 		add	r2, r2, r2, lsl #2
 3907 002a 00EBC202 		add	r2, r0, r2, lsl #3
 3908 002e 0020     		movs	r0, #0
 3909              	.LVL390:
1844:Drivers/STM32F1xx_HAL_Driver/Src/stm32f1xx_hal_pcd.c ****   }
 3910              		.loc 1 1844 15 view .LVU1257
 3911 0030 82F86901 		strb	r0, [r2, #361]
 3912              	.L212:
1847:Drivers/STM32F1xx_HAL_Driver/Src/stm32f1xx_hal_pcd.c ****   ep->num = ep_addr & EP_ADDR_MSK;
 3913              		.loc 1 1847 3 is_stmt 1 view .LVU1258
1847:Drivers/STM32F1xx_HAL_Driver/Src/stm32f1xx_hal_pcd.c ****   ep->num = ep_addr & EP_ADDR_MSK;
 3914              		.loc 1 1847 16 is_stmt 0 view .LVU1259
 3915 0034 0022     		movs	r2, #0
 3916 0036 8A70     		strb	r2, [r1, #2]
1848:Drivers/STM32F1xx_HAL_Driver/Src/stm32f1xx_hal_pcd.c **** 
ARM GAS  /tmp/ccdzNYOe.s 			page 133


 3917              		.loc 1 1848 3 is_stmt 1 view .LVU1260
1848:Drivers/STM32F1xx_HAL_Driver/Src/stm32f1xx_hal_pcd.c **** 
 3918              		.loc 1 1848 21 is_stmt 0 view .LVU1261
 3919 0038 03F00703 		and	r3, r3, #7
 3920              	.LVL391:
1848:Drivers/STM32F1xx_HAL_Driver/Src/stm32f1xx_hal_pcd.c **** 
 3921              		.loc 1 1848 11 view .LVU1262
 3922 003c 0B70     		strb	r3, [r1]
1850:Drivers/STM32F1xx_HAL_Driver/Src/stm32f1xx_hal_pcd.c ****   (void)USB_EPClearStall(hpcd->Instance, ep);
 3923              		.loc 1 1850 3 is_stmt 1 view .LVU1263
1850:Drivers/STM32F1xx_HAL_Driver/Src/stm32f1xx_hal_pcd.c ****   (void)USB_EPClearStall(hpcd->Instance, ep);
 3924              		.loc 1 1850 3 view .LVU1264
 3925 003e 94F8A832 		ldrb	r3, [r4, #680]	@ zero_extendqisi2
 3926 0042 012B     		cmp	r3, #1
 3927 0044 15D0     		beq	.L214
1850:Drivers/STM32F1xx_HAL_Driver/Src/stm32f1xx_hal_pcd.c ****   (void)USB_EPClearStall(hpcd->Instance, ep);
 3928              		.loc 1 1850 3 discriminator 2 view .LVU1265
 3929 0046 0123     		movs	r3, #1
 3930 0048 84F8A832 		strb	r3, [r4, #680]
1850:Drivers/STM32F1xx_HAL_Driver/Src/stm32f1xx_hal_pcd.c ****   (void)USB_EPClearStall(hpcd->Instance, ep);
 3931              		.loc 1 1850 3 view .LVU1266
1851:Drivers/STM32F1xx_HAL_Driver/Src/stm32f1xx_hal_pcd.c ****   __HAL_UNLOCK(hpcd);
 3932              		.loc 1 1851 3 view .LVU1267
1851:Drivers/STM32F1xx_HAL_Driver/Src/stm32f1xx_hal_pcd.c ****   __HAL_UNLOCK(hpcd);
 3933              		.loc 1 1851 9 is_stmt 0 view .LVU1268
 3934 004c 2068     		ldr	r0, [r4]
 3935 004e FFF7FEFF 		bl	USB_EPClearStall
 3936              	.LVL392:
1852:Drivers/STM32F1xx_HAL_Driver/Src/stm32f1xx_hal_pcd.c **** 
 3937              		.loc 1 1852 3 is_stmt 1 view .LVU1269
1852:Drivers/STM32F1xx_HAL_Driver/Src/stm32f1xx_hal_pcd.c **** 
 3938              		.loc 1 1852 3 view .LVU1270
 3939 0052 0020     		movs	r0, #0
 3940 0054 84F8A802 		strb	r0, [r4, #680]
1852:Drivers/STM32F1xx_HAL_Driver/Src/stm32f1xx_hal_pcd.c **** 
 3941              		.loc 1 1852 3 view .LVU1271
1854:Drivers/STM32F1xx_HAL_Driver/Src/stm32f1xx_hal_pcd.c **** }
 3942              		.loc 1 1854 3 view .LVU1272
 3943              	.L210:
1855:Drivers/STM32F1xx_HAL_Driver/Src/stm32f1xx_hal_pcd.c **** 
 3944              		.loc 1 1855 1 is_stmt 0 view .LVU1273
 3945 0058 10BD     		pop	{r4, pc}
 3946              	.LVL393:
 3947              	.L219:
1838:Drivers/STM32F1xx_HAL_Driver/Src/stm32f1xx_hal_pcd.c ****     ep->is_in = 1U;
 3948              		.loc 1 1838 5 is_stmt 1 view .LVU1274
1838:Drivers/STM32F1xx_HAL_Driver/Src/stm32f1xx_hal_pcd.c ****     ep->is_in = 1U;
 3949              		.loc 1 1838 31 is_stmt 0 view .LVU1275
 3950 005a 03F00702 		and	r2, r3, #7
1838:Drivers/STM32F1xx_HAL_Driver/Src/stm32f1xx_hal_pcd.c ****     ep->is_in = 1U;
 3951              		.loc 1 1838 8 view .LVU1276
 3952 005e 0132     		adds	r2, r2, #1
 3953 0060 02EB8201 		add	r1, r2, r2, lsl #2
 3954 0064 00EBC101 		add	r1, r0, r1, lsl #3
 3955              	.LVL394:
1839:Drivers/STM32F1xx_HAL_Driver/Src/stm32f1xx_hal_pcd.c ****   }
 3956              		.loc 1 1839 5 is_stmt 1 view .LVU1277
ARM GAS  /tmp/ccdzNYOe.s 			page 134


1839:Drivers/STM32F1xx_HAL_Driver/Src/stm32f1xx_hal_pcd.c ****   }
 3957              		.loc 1 1839 15 is_stmt 0 view .LVU1278
 3958 0068 0120     		movs	r0, #1
 3959              	.LVL395:
1839:Drivers/STM32F1xx_HAL_Driver/Src/stm32f1xx_hal_pcd.c ****   }
 3960              		.loc 1 1839 15 view .LVU1279
 3961 006a 4870     		strb	r0, [r1, #1]
 3962 006c E2E7     		b	.L212
 3963              	.LVL396:
 3964              	.L213:
 3965              	.LCFI27:
 3966              		.cfi_def_cfa_offset 0
 3967              		.cfi_restore 4
 3968              		.cfi_restore 14
1833:Drivers/STM32F1xx_HAL_Driver/Src/stm32f1xx_hal_pcd.c ****   }
 3969              		.loc 1 1833 12 view .LVU1280
 3970 006e 0120     		movs	r0, #1
 3971              	.LVL397:
1855:Drivers/STM32F1xx_HAL_Driver/Src/stm32f1xx_hal_pcd.c **** 
 3972              		.loc 1 1855 1 view .LVU1281
 3973 0070 7047     		bx	lr
 3974              	.LVL398:
 3975              	.L214:
 3976              	.LCFI28:
 3977              		.cfi_def_cfa_offset 8
 3978              		.cfi_offset 4, -8
 3979              		.cfi_offset 14, -4
1850:Drivers/STM32F1xx_HAL_Driver/Src/stm32f1xx_hal_pcd.c ****   (void)USB_EPClearStall(hpcd->Instance, ep);
 3980              		.loc 1 1850 3 discriminator 1 view .LVU1282
 3981 0072 0220     		movs	r0, #2
 3982 0074 F0E7     		b	.L210
 3983              		.cfi_endproc
 3984              	.LFE93:
 3986              		.section	.text.HAL_PCD_EP_Flush,"ax",%progbits
 3987              		.align	1
 3988              		.global	HAL_PCD_EP_Flush
 3989              		.syntax unified
 3990              		.thumb
 3991              		.thumb_func
 3993              	HAL_PCD_EP_Flush:
 3994              	.LVL399:
 3995              	.LFB94:
1864:Drivers/STM32F1xx_HAL_Driver/Src/stm32f1xx_hal_pcd.c ****   __HAL_LOCK(hpcd);
 3996              		.loc 1 1864 1 is_stmt 1 view -0
 3997              		.cfi_startproc
 3998              		@ args = 0, pretend = 0, frame = 0
 3999              		@ frame_needed = 0, uses_anonymous_args = 0
1865:Drivers/STM32F1xx_HAL_Driver/Src/stm32f1xx_hal_pcd.c **** 
 4000              		.loc 1 1865 3 view .LVU1284
1865:Drivers/STM32F1xx_HAL_Driver/Src/stm32f1xx_hal_pcd.c **** 
 4001              		.loc 1 1865 3 view .LVU1285
 4002 0000 90F8A832 		ldrb	r3, [r0, #680]	@ zero_extendqisi2
 4003 0004 012B     		cmp	r3, #1
 4004 0006 14D0     		beq	.L224
1864:Drivers/STM32F1xx_HAL_Driver/Src/stm32f1xx_hal_pcd.c ****   __HAL_LOCK(hpcd);
 4005              		.loc 1 1864 1 is_stmt 0 view .LVU1286
 4006 0008 10B5     		push	{r4, lr}
ARM GAS  /tmp/ccdzNYOe.s 			page 135


 4007              	.LCFI29:
 4008              		.cfi_def_cfa_offset 8
 4009              		.cfi_offset 4, -8
 4010              		.cfi_offset 14, -4
 4011 000a 0446     		mov	r4, r0
1865:Drivers/STM32F1xx_HAL_Driver/Src/stm32f1xx_hal_pcd.c **** 
 4012              		.loc 1 1865 3 is_stmt 1 discriminator 2 view .LVU1287
 4013 000c 0123     		movs	r3, #1
 4014 000e 80F8A832 		strb	r3, [r0, #680]
1865:Drivers/STM32F1xx_HAL_Driver/Src/stm32f1xx_hal_pcd.c **** 
 4015              		.loc 1 1865 3 view .LVU1288
1867:Drivers/STM32F1xx_HAL_Driver/Src/stm32f1xx_hal_pcd.c ****   {
 4016              		.loc 1 1867 3 view .LVU1289
1867:Drivers/STM32F1xx_HAL_Driver/Src/stm32f1xx_hal_pcd.c ****   {
 4017              		.loc 1 1867 6 is_stmt 0 view .LVU1290
 4018 0012 11F0800F 		tst	r1, #128
 4019 0016 06D1     		bne	.L229
1873:Drivers/STM32F1xx_HAL_Driver/Src/stm32f1xx_hal_pcd.c ****   }
 4020              		.loc 1 1873 5 is_stmt 1 view .LVU1291
1873:Drivers/STM32F1xx_HAL_Driver/Src/stm32f1xx_hal_pcd.c ****   }
 4021              		.loc 1 1873 11 is_stmt 0 view .LVU1292
 4022 0018 0068     		ldr	r0, [r0]
 4023              	.LVL400:
1873:Drivers/STM32F1xx_HAL_Driver/Src/stm32f1xx_hal_pcd.c ****   }
 4024              		.loc 1 1873 11 view .LVU1293
 4025 001a FFF7FEFF 		bl	USB_FlushRxFifo
 4026              	.LVL401:
 4027              	.L223:
1876:Drivers/STM32F1xx_HAL_Driver/Src/stm32f1xx_hal_pcd.c **** 
 4028              		.loc 1 1876 3 is_stmt 1 view .LVU1294
1876:Drivers/STM32F1xx_HAL_Driver/Src/stm32f1xx_hal_pcd.c **** 
 4029              		.loc 1 1876 3 view .LVU1295
 4030 001e 0020     		movs	r0, #0
 4031 0020 84F8A802 		strb	r0, [r4, #680]
1876:Drivers/STM32F1xx_HAL_Driver/Src/stm32f1xx_hal_pcd.c **** 
 4032              		.loc 1 1876 3 view .LVU1296
1878:Drivers/STM32F1xx_HAL_Driver/Src/stm32f1xx_hal_pcd.c **** }
 4033              		.loc 1 1878 3 view .LVU1297
1879:Drivers/STM32F1xx_HAL_Driver/Src/stm32f1xx_hal_pcd.c **** 
 4034              		.loc 1 1879 1 is_stmt 0 view .LVU1298
 4035 0024 10BD     		pop	{r4, pc}
 4036              	.LVL402:
 4037              	.L229:
1869:Drivers/STM32F1xx_HAL_Driver/Src/stm32f1xx_hal_pcd.c ****   }
 4038              		.loc 1 1869 5 is_stmt 1 view .LVU1299
1869:Drivers/STM32F1xx_HAL_Driver/Src/stm32f1xx_hal_pcd.c ****   }
 4039              		.loc 1 1869 11 is_stmt 0 view .LVU1300
 4040 0026 01F00701 		and	r1, r1, #7
 4041              	.LVL403:
1869:Drivers/STM32F1xx_HAL_Driver/Src/stm32f1xx_hal_pcd.c ****   }
 4042              		.loc 1 1869 11 view .LVU1301
 4043 002a 0068     		ldr	r0, [r0]
 4044              	.LVL404:
1869:Drivers/STM32F1xx_HAL_Driver/Src/stm32f1xx_hal_pcd.c ****   }
 4045              		.loc 1 1869 11 view .LVU1302
 4046 002c FFF7FEFF 		bl	USB_FlushTxFifo
 4047              	.LVL405:
ARM GAS  /tmp/ccdzNYOe.s 			page 136


 4048 0030 F5E7     		b	.L223
 4049              	.LVL406:
 4050              	.L224:
 4051              	.LCFI30:
 4052              		.cfi_def_cfa_offset 0
 4053              		.cfi_restore 4
 4054              		.cfi_restore 14
1865:Drivers/STM32F1xx_HAL_Driver/Src/stm32f1xx_hal_pcd.c **** 
 4055              		.loc 1 1865 3 discriminator 1 view .LVU1303
 4056 0032 0220     		movs	r0, #2
 4057              	.LVL407:
1879:Drivers/STM32F1xx_HAL_Driver/Src/stm32f1xx_hal_pcd.c **** 
 4058              		.loc 1 1879 1 view .LVU1304
 4059 0034 7047     		bx	lr
 4060              		.cfi_endproc
 4061              	.LFE94:
 4063              		.section	.text.HAL_PCD_ActivateRemoteWakeup,"ax",%progbits
 4064              		.align	1
 4065              		.global	HAL_PCD_ActivateRemoteWakeup
 4066              		.syntax unified
 4067              		.thumb
 4068              		.thumb_func
 4070              	HAL_PCD_ActivateRemoteWakeup:
 4071              	.LVL408:
 4072              	.LFB95:
1887:Drivers/STM32F1xx_HAL_Driver/Src/stm32f1xx_hal_pcd.c ****   return (USB_ActivateRemoteWakeup(hpcd->Instance));
 4073              		.loc 1 1887 1 is_stmt 1 view -0
 4074              		.cfi_startproc
 4075              		@ args = 0, pretend = 0, frame = 0
 4076              		@ frame_needed = 0, uses_anonymous_args = 0
1887:Drivers/STM32F1xx_HAL_Driver/Src/stm32f1xx_hal_pcd.c ****   return (USB_ActivateRemoteWakeup(hpcd->Instance));
 4077              		.loc 1 1887 1 is_stmt 0 view .LVU1306
 4078 0000 08B5     		push	{r3, lr}
 4079              	.LCFI31:
 4080              		.cfi_def_cfa_offset 8
 4081              		.cfi_offset 3, -8
 4082              		.cfi_offset 14, -4
1888:Drivers/STM32F1xx_HAL_Driver/Src/stm32f1xx_hal_pcd.c **** }
 4083              		.loc 1 1888 3 is_stmt 1 view .LVU1307
1888:Drivers/STM32F1xx_HAL_Driver/Src/stm32f1xx_hal_pcd.c **** }
 4084              		.loc 1 1888 11 is_stmt 0 view .LVU1308
 4085 0002 0068     		ldr	r0, [r0]
 4086              	.LVL409:
1888:Drivers/STM32F1xx_HAL_Driver/Src/stm32f1xx_hal_pcd.c **** }
 4087              		.loc 1 1888 11 view .LVU1309
 4088 0004 FFF7FEFF 		bl	USB_ActivateRemoteWakeup
 4089              	.LVL410:
1889:Drivers/STM32F1xx_HAL_Driver/Src/stm32f1xx_hal_pcd.c **** 
 4090              		.loc 1 1889 1 view .LVU1310
 4091 0008 08BD     		pop	{r3, pc}
 4092              		.cfi_endproc
 4093              	.LFE95:
 4095              		.section	.text.HAL_PCD_DeActivateRemoteWakeup,"ax",%progbits
 4096              		.align	1
 4097              		.global	HAL_PCD_DeActivateRemoteWakeup
 4098              		.syntax unified
 4099              		.thumb
ARM GAS  /tmp/ccdzNYOe.s 			page 137


 4100              		.thumb_func
 4102              	HAL_PCD_DeActivateRemoteWakeup:
 4103              	.LVL411:
 4104              	.LFB96:
1897:Drivers/STM32F1xx_HAL_Driver/Src/stm32f1xx_hal_pcd.c ****   return (USB_DeActivateRemoteWakeup(hpcd->Instance));
 4105              		.loc 1 1897 1 is_stmt 1 view -0
 4106              		.cfi_startproc
 4107              		@ args = 0, pretend = 0, frame = 0
 4108              		@ frame_needed = 0, uses_anonymous_args = 0
1897:Drivers/STM32F1xx_HAL_Driver/Src/stm32f1xx_hal_pcd.c ****   return (USB_DeActivateRemoteWakeup(hpcd->Instance));
 4109              		.loc 1 1897 1 is_stmt 0 view .LVU1312
 4110 0000 08B5     		push	{r3, lr}
 4111              	.LCFI32:
 4112              		.cfi_def_cfa_offset 8
 4113              		.cfi_offset 3, -8
 4114              		.cfi_offset 14, -4
1898:Drivers/STM32F1xx_HAL_Driver/Src/stm32f1xx_hal_pcd.c **** }
 4115              		.loc 1 1898 3 is_stmt 1 view .LVU1313
1898:Drivers/STM32F1xx_HAL_Driver/Src/stm32f1xx_hal_pcd.c **** }
 4116              		.loc 1 1898 11 is_stmt 0 view .LVU1314
 4117 0002 0068     		ldr	r0, [r0]
 4118              	.LVL412:
1898:Drivers/STM32F1xx_HAL_Driver/Src/stm32f1xx_hal_pcd.c **** }
 4119              		.loc 1 1898 11 view .LVU1315
 4120 0004 FFF7FEFF 		bl	USB_DeActivateRemoteWakeup
 4121              	.LVL413:
1899:Drivers/STM32F1xx_HAL_Driver/Src/stm32f1xx_hal_pcd.c **** 
 4122              		.loc 1 1899 1 view .LVU1316
 4123 0008 08BD     		pop	{r3, pc}
 4124              		.cfi_endproc
 4125              	.LFE96:
 4127              		.section	.text.HAL_PCD_GetState,"ax",%progbits
 4128              		.align	1
 4129              		.global	HAL_PCD_GetState
 4130              		.syntax unified
 4131              		.thumb
 4132              		.thumb_func
 4134              	HAL_PCD_GetState:
 4135              	.LVL414:
 4136              	.LFB97:
1926:Drivers/STM32F1xx_HAL_Driver/Src/stm32f1xx_hal_pcd.c ****   return hpcd->State;
 4137              		.loc 1 1926 1 is_stmt 1 view -0
 4138              		.cfi_startproc
 4139              		@ args = 0, pretend = 0, frame = 0
 4140              		@ frame_needed = 0, uses_anonymous_args = 0
 4141              		@ link register save eliminated.
1927:Drivers/STM32F1xx_HAL_Driver/Src/stm32f1xx_hal_pcd.c **** }
 4142              		.loc 1 1927 3 view .LVU1318
1927:Drivers/STM32F1xx_HAL_Driver/Src/stm32f1xx_hal_pcd.c **** }
 4143              		.loc 1 1927 14 is_stmt 0 view .LVU1319
 4144 0000 90F8A902 		ldrb	r0, [r0, #681]	@ zero_extendqisi2
 4145              	.LVL415:
1928:Drivers/STM32F1xx_HAL_Driver/Src/stm32f1xx_hal_pcd.c **** 
 4146              		.loc 1 1928 1 view .LVU1320
 4147 0004 7047     		bx	lr
 4148              		.cfi_endproc
 4149              	.LFE97:
ARM GAS  /tmp/ccdzNYOe.s 			page 138


 4151              		.text
 4152              	.Letext0:
 4153              		.file 2 "/usr/lib/gcc/arm-none-eabi/14.2.1/include/stdint.h"
 4154              		.file 3 "Drivers/CMSIS/Device/ST/STM32F1xx/Include/stm32f103xb.h"
 4155              		.file 4 "Drivers/STM32F1xx_HAL_Driver/Inc/stm32f1xx_hal_def.h"
 4156              		.file 5 "Drivers/STM32F1xx_HAL_Driver/Inc/stm32f1xx_ll_usb.h"
 4157              		.file 6 "Drivers/STM32F1xx_HAL_Driver/Inc/stm32f1xx_hal_pcd.h"
 4158              		.file 7 "Drivers/STM32F1xx_HAL_Driver/Inc/stm32f1xx_hal_pcd_ex.h"
ARM GAS  /tmp/ccdzNYOe.s 			page 139


DEFINED SYMBOLS
                            *ABS*:00000000 stm32f1xx_hal_pcd.c
     /tmp/ccdzNYOe.s:19     .text.HAL_PCD_EP_DB_Receive:00000000 $t
     /tmp/ccdzNYOe.s:24     .text.HAL_PCD_EP_DB_Receive:00000000 HAL_PCD_EP_DB_Receive
     /tmp/ccdzNYOe.s:277    .text.HAL_PCD_MspInit:00000000 $t
     /tmp/ccdzNYOe.s:283    .text.HAL_PCD_MspInit:00000000 HAL_PCD_MspInit
     /tmp/ccdzNYOe.s:298    .text.HAL_PCD_Init:00000000 $t
     /tmp/ccdzNYOe.s:304    .text.HAL_PCD_Init:00000000 HAL_PCD_Init
     /tmp/ccdzNYOe.s:536    .text.HAL_PCD_MspDeInit:00000000 $t
     /tmp/ccdzNYOe.s:542    .text.HAL_PCD_MspDeInit:00000000 HAL_PCD_MspDeInit
     /tmp/ccdzNYOe.s:557    .text.HAL_PCD_DeInit:00000000 $t
     /tmp/ccdzNYOe.s:563    .text.HAL_PCD_DeInit:00000000 HAL_PCD_DeInit
     /tmp/ccdzNYOe.s:625    .text.HAL_PCD_Start:00000000 $t
     /tmp/ccdzNYOe.s:631    .text.HAL_PCD_Start:00000000 HAL_PCD_Start
     /tmp/ccdzNYOe.s:693    .text.HAL_PCD_Stop:00000000 $t
     /tmp/ccdzNYOe.s:699    .text.HAL_PCD_Stop:00000000 HAL_PCD_Stop
     /tmp/ccdzNYOe.s:761    .text.HAL_PCD_WKUP_IRQHandler:00000000 $t
     /tmp/ccdzNYOe.s:767    .text.HAL_PCD_WKUP_IRQHandler:00000000 HAL_PCD_WKUP_IRQHandler
     /tmp/ccdzNYOe.s:784    .text.HAL_PCD_WKUP_IRQHandler:0000000c $d
     /tmp/ccdzNYOe.s:789    .text.HAL_PCD_DataOutStageCallback:00000000 $t
     /tmp/ccdzNYOe.s:795    .text.HAL_PCD_DataOutStageCallback:00000000 HAL_PCD_DataOutStageCallback
     /tmp/ccdzNYOe.s:811    .text.HAL_PCD_DataInStageCallback:00000000 $t
     /tmp/ccdzNYOe.s:817    .text.HAL_PCD_DataInStageCallback:00000000 HAL_PCD_DataInStageCallback
     /tmp/ccdzNYOe.s:833    .text.HAL_PCD_EP_DB_Transmit:00000000 $t
     /tmp/ccdzNYOe.s:838    .text.HAL_PCD_EP_DB_Transmit:00000000 HAL_PCD_EP_DB_Transmit
     /tmp/ccdzNYOe.s:1856   .text.HAL_PCD_SetupStageCallback:00000000 $t
     /tmp/ccdzNYOe.s:1862   .text.HAL_PCD_SetupStageCallback:00000000 HAL_PCD_SetupStageCallback
     /tmp/ccdzNYOe.s:1877   .text.PCD_EP_ISR_Handler:00000000 $t
     /tmp/ccdzNYOe.s:1882   .text.PCD_EP_ISR_Handler:00000000 PCD_EP_ISR_Handler
     /tmp/ccdzNYOe.s:2612   .text.HAL_PCD_SOFCallback:00000000 $t
     /tmp/ccdzNYOe.s:2618   .text.HAL_PCD_SOFCallback:00000000 HAL_PCD_SOFCallback
     /tmp/ccdzNYOe.s:2633   .text.HAL_PCD_ResetCallback:00000000 $t
     /tmp/ccdzNYOe.s:2639   .text.HAL_PCD_ResetCallback:00000000 HAL_PCD_ResetCallback
     /tmp/ccdzNYOe.s:2654   .text.HAL_PCD_SuspendCallback:00000000 $t
     /tmp/ccdzNYOe.s:2660   .text.HAL_PCD_SuspendCallback:00000000 HAL_PCD_SuspendCallback
     /tmp/ccdzNYOe.s:2675   .text.HAL_PCD_ResumeCallback:00000000 $t
     /tmp/ccdzNYOe.s:2681   .text.HAL_PCD_ResumeCallback:00000000 HAL_PCD_ResumeCallback
     /tmp/ccdzNYOe.s:2696   .text.HAL_PCD_ISOOUTIncompleteCallback:00000000 $t
     /tmp/ccdzNYOe.s:2702   .text.HAL_PCD_ISOOUTIncompleteCallback:00000000 HAL_PCD_ISOOUTIncompleteCallback
     /tmp/ccdzNYOe.s:2718   .text.HAL_PCD_ISOINIncompleteCallback:00000000 $t
     /tmp/ccdzNYOe.s:2724   .text.HAL_PCD_ISOINIncompleteCallback:00000000 HAL_PCD_ISOINIncompleteCallback
     /tmp/ccdzNYOe.s:2740   .text.HAL_PCD_ConnectCallback:00000000 $t
     /tmp/ccdzNYOe.s:2746   .text.HAL_PCD_ConnectCallback:00000000 HAL_PCD_ConnectCallback
     /tmp/ccdzNYOe.s:2761   .text.HAL_PCD_DisconnectCallback:00000000 $t
     /tmp/ccdzNYOe.s:2767   .text.HAL_PCD_DisconnectCallback:00000000 HAL_PCD_DisconnectCallback
     /tmp/ccdzNYOe.s:2782   .text.HAL_PCD_DevConnect:00000000 $t
     /tmp/ccdzNYOe.s:2788   .text.HAL_PCD_DevConnect:00000000 HAL_PCD_DevConnect
     /tmp/ccdzNYOe.s:2842   .text.HAL_PCD_DevDisconnect:00000000 $t
     /tmp/ccdzNYOe.s:2848   .text.HAL_PCD_DevDisconnect:00000000 HAL_PCD_DevDisconnect
     /tmp/ccdzNYOe.s:2903   .text.HAL_PCD_SetAddress:00000000 $t
     /tmp/ccdzNYOe.s:2909   .text.HAL_PCD_SetAddress:00000000 HAL_PCD_SetAddress
     /tmp/ccdzNYOe.s:2965   .text.HAL_PCD_IRQHandler:00000000 $t
     /tmp/ccdzNYOe.s:2971   .text.HAL_PCD_IRQHandler:00000000 HAL_PCD_IRQHandler
     /tmp/ccdzNYOe.s:3291   .text.HAL_PCD_EP_Open:00000000 $t
     /tmp/ccdzNYOe.s:3297   .text.HAL_PCD_EP_Open:00000000 HAL_PCD_EP_Open
     /tmp/ccdzNYOe.s:3425   .text.HAL_PCD_EP_Close:00000000 $t
     /tmp/ccdzNYOe.s:3431   .text.HAL_PCD_EP_Close:00000000 HAL_PCD_EP_Close
ARM GAS  /tmp/ccdzNYOe.s 			page 140


     /tmp/ccdzNYOe.s:3528   .text.HAL_PCD_EP_Receive:00000000 $t
     /tmp/ccdzNYOe.s:3534   .text.HAL_PCD_EP_Receive:00000000 HAL_PCD_EP_Receive
     /tmp/ccdzNYOe.s:3608   .text.HAL_PCD_EP_GetRxCount:00000000 $t
     /tmp/ccdzNYOe.s:3614   .text.HAL_PCD_EP_GetRxCount:00000000 HAL_PCD_EP_GetRxCount
     /tmp/ccdzNYOe.s:3637   .text.HAL_PCD_EP_Transmit:00000000 $t
     /tmp/ccdzNYOe.s:3643   .text.HAL_PCD_EP_Transmit:00000000 HAL_PCD_EP_Transmit
     /tmp/ccdzNYOe.s:3727   .text.HAL_PCD_EP_SetStall:00000000 $t
     /tmp/ccdzNYOe.s:3733   .text.HAL_PCD_EP_SetStall:00000000 HAL_PCD_EP_SetStall
     /tmp/ccdzNYOe.s:3859   .text.HAL_PCD_EP_ClrStall:00000000 $t
     /tmp/ccdzNYOe.s:3865   .text.HAL_PCD_EP_ClrStall:00000000 HAL_PCD_EP_ClrStall
     /tmp/ccdzNYOe.s:3987   .text.HAL_PCD_EP_Flush:00000000 $t
     /tmp/ccdzNYOe.s:3993   .text.HAL_PCD_EP_Flush:00000000 HAL_PCD_EP_Flush
     /tmp/ccdzNYOe.s:4064   .text.HAL_PCD_ActivateRemoteWakeup:00000000 $t
     /tmp/ccdzNYOe.s:4070   .text.HAL_PCD_ActivateRemoteWakeup:00000000 HAL_PCD_ActivateRemoteWakeup
     /tmp/ccdzNYOe.s:4096   .text.HAL_PCD_DeActivateRemoteWakeup:00000000 $t
     /tmp/ccdzNYOe.s:4102   .text.HAL_PCD_DeActivateRemoteWakeup:00000000 HAL_PCD_DeActivateRemoteWakeup
     /tmp/ccdzNYOe.s:4128   .text.HAL_PCD_GetState:00000000 $t
     /tmp/ccdzNYOe.s:4134   .text.HAL_PCD_GetState:00000000 HAL_PCD_GetState

UNDEFINED SYMBOLS
USB_ReadPMA
USB_DisableGlobalInt
USB_CoreInit
USB_SetCurrentMode
USB_DevInit
USB_DevDisconnect
USB_StopDevice
USB_EnableGlobalInt
HAL_PCDEx_SetConnectionState
USB_DevConnect
USB_WritePMA
USB_EPStartXfer
USB_SetDevAddress
USB_ReadInterrupts
USB_ActivateEndpoint
USB_DeactivateEndpoint
USB_EPSetStall
USB_EP0_OutStart
USB_EPClearStall
USB_FlushRxFifo
USB_FlushTxFifo
USB_ActivateRemoteWakeup
USB_DeActivateRemoteWakeup
