ARM GAS  /tmp/ccRUdC2U.s 			page 1


   1              		.cpu cortex-m3
   2              		.arch armv7-m
   3              		.fpu softvfp
   4              		.eabi_attribute 20, 1
   5              		.eabi_attribute 21, 1
   6              		.eabi_attribute 23, 3
   7              		.eabi_attribute 24, 1
   8              		.eabi_attribute 25, 1
   9              		.eabi_attribute 26, 1
  10              		.eabi_attribute 30, 1
  11              		.eabi_attribute 34, 1
  12              		.eabi_attribute 18, 4
  13              		.file	"stm32f1xx_hal_dma.c"
  14              		.text
  15              	.Ltext0:
  16              		.cfi_sections	.debug_frame
  17              		.file 1 "Drivers/STM32F1xx_HAL_Driver/Src/stm32f1xx_hal_dma.c"
  18              		.section	.text.DMA_SetConfig,"ax",%progbits
  19              		.align	1
  20              		.syntax unified
  21              		.thumb
  22              		.thumb_func
  24              	DMA_SetConfig:
  25              	.LVL0:
  26              	.LFB77:
   1:Drivers/STM32F1xx_HAL_Driver/Src/stm32f1xx_hal_dma.c **** /**
   2:Drivers/STM32F1xx_HAL_Driver/Src/stm32f1xx_hal_dma.c ****   ******************************************************************************
   3:Drivers/STM32F1xx_HAL_Driver/Src/stm32f1xx_hal_dma.c ****   * @file    stm32f1xx_hal_dma.c
   4:Drivers/STM32F1xx_HAL_Driver/Src/stm32f1xx_hal_dma.c ****   * @author  MCD Application Team
   5:Drivers/STM32F1xx_HAL_Driver/Src/stm32f1xx_hal_dma.c ****   * @brief   DMA HAL module driver.
   6:Drivers/STM32F1xx_HAL_Driver/Src/stm32f1xx_hal_dma.c ****   *         This file provides firmware functions to manage the following
   7:Drivers/STM32F1xx_HAL_Driver/Src/stm32f1xx_hal_dma.c ****   *         functionalities of the Direct Memory Access (DMA) peripheral:
   8:Drivers/STM32F1xx_HAL_Driver/Src/stm32f1xx_hal_dma.c ****   *           + Initialization and de-initialization functions
   9:Drivers/STM32F1xx_HAL_Driver/Src/stm32f1xx_hal_dma.c ****   *           + IO operation functions
  10:Drivers/STM32F1xx_HAL_Driver/Src/stm32f1xx_hal_dma.c ****   *           + Peripheral State and errors functions
  11:Drivers/STM32F1xx_HAL_Driver/Src/stm32f1xx_hal_dma.c ****   @verbatim
  12:Drivers/STM32F1xx_HAL_Driver/Src/stm32f1xx_hal_dma.c ****   ==============================================================================
  13:Drivers/STM32F1xx_HAL_Driver/Src/stm32f1xx_hal_dma.c ****                         ##### How to use this driver #####
  14:Drivers/STM32F1xx_HAL_Driver/Src/stm32f1xx_hal_dma.c ****   ==============================================================================
  15:Drivers/STM32F1xx_HAL_Driver/Src/stm32f1xx_hal_dma.c ****   [..]
  16:Drivers/STM32F1xx_HAL_Driver/Src/stm32f1xx_hal_dma.c ****    (#) Enable and configure the peripheral to be connected to the DMA Channel
  17:Drivers/STM32F1xx_HAL_Driver/Src/stm32f1xx_hal_dma.c ****        (except for internal SRAM / FLASH memories: no initialization is 
  18:Drivers/STM32F1xx_HAL_Driver/Src/stm32f1xx_hal_dma.c ****        necessary). Please refer to the Reference manual for connection between peripherals
  19:Drivers/STM32F1xx_HAL_Driver/Src/stm32f1xx_hal_dma.c ****        and DMA requests.
  20:Drivers/STM32F1xx_HAL_Driver/Src/stm32f1xx_hal_dma.c **** 
  21:Drivers/STM32F1xx_HAL_Driver/Src/stm32f1xx_hal_dma.c ****    (#) For a given Channel, program the required configuration through the following parameters:
  22:Drivers/STM32F1xx_HAL_Driver/Src/stm32f1xx_hal_dma.c ****        Channel request, Transfer Direction, Source and Destination data formats,
  23:Drivers/STM32F1xx_HAL_Driver/Src/stm32f1xx_hal_dma.c ****        Circular or Normal mode, Channel Priority level, Source and Destination Increment mode
  24:Drivers/STM32F1xx_HAL_Driver/Src/stm32f1xx_hal_dma.c ****        using HAL_DMA_Init() function.
  25:Drivers/STM32F1xx_HAL_Driver/Src/stm32f1xx_hal_dma.c **** 
  26:Drivers/STM32F1xx_HAL_Driver/Src/stm32f1xx_hal_dma.c ****    (#) Use HAL_DMA_GetState() function to return the DMA state and HAL_DMA_GetError() in case of er
  27:Drivers/STM32F1xx_HAL_Driver/Src/stm32f1xx_hal_dma.c ****        detection.
  28:Drivers/STM32F1xx_HAL_Driver/Src/stm32f1xx_hal_dma.c ****                     
  29:Drivers/STM32F1xx_HAL_Driver/Src/stm32f1xx_hal_dma.c ****    (#) Use HAL_DMA_Abort() function to abort the current transfer
  30:Drivers/STM32F1xx_HAL_Driver/Src/stm32f1xx_hal_dma.c ****                    
  31:Drivers/STM32F1xx_HAL_Driver/Src/stm32f1xx_hal_dma.c ****      -@-   In Memory-to-Memory transfer mode, Circular mode is not allowed.
  32:Drivers/STM32F1xx_HAL_Driver/Src/stm32f1xx_hal_dma.c ****      *** Polling mode IO operation ***
ARM GAS  /tmp/ccRUdC2U.s 			page 2


  33:Drivers/STM32F1xx_HAL_Driver/Src/stm32f1xx_hal_dma.c ****      =================================
  34:Drivers/STM32F1xx_HAL_Driver/Src/stm32f1xx_hal_dma.c ****     [..]
  35:Drivers/STM32F1xx_HAL_Driver/Src/stm32f1xx_hal_dma.c ****           (+) Use HAL_DMA_Start() to start DMA transfer after the configuration of Source
  36:Drivers/STM32F1xx_HAL_Driver/Src/stm32f1xx_hal_dma.c ****               address and destination address and the Length of data to be transferred
  37:Drivers/STM32F1xx_HAL_Driver/Src/stm32f1xx_hal_dma.c ****           (+) Use HAL_DMA_PollForTransfer() to poll for the end of current transfer, in this
  38:Drivers/STM32F1xx_HAL_Driver/Src/stm32f1xx_hal_dma.c ****               case a fixed Timeout can be configured by User depending from his application.
  39:Drivers/STM32F1xx_HAL_Driver/Src/stm32f1xx_hal_dma.c **** 
  40:Drivers/STM32F1xx_HAL_Driver/Src/stm32f1xx_hal_dma.c ****      *** Interrupt mode IO operation ***
  41:Drivers/STM32F1xx_HAL_Driver/Src/stm32f1xx_hal_dma.c ****      ===================================
  42:Drivers/STM32F1xx_HAL_Driver/Src/stm32f1xx_hal_dma.c ****     [..]
  43:Drivers/STM32F1xx_HAL_Driver/Src/stm32f1xx_hal_dma.c ****           (+) Configure the DMA interrupt priority using HAL_NVIC_SetPriority()
  44:Drivers/STM32F1xx_HAL_Driver/Src/stm32f1xx_hal_dma.c ****           (+) Enable the DMA IRQ handler using HAL_NVIC_EnableIRQ()
  45:Drivers/STM32F1xx_HAL_Driver/Src/stm32f1xx_hal_dma.c ****           (+) Use HAL_DMA_Start_IT() to start DMA transfer after the configuration of
  46:Drivers/STM32F1xx_HAL_Driver/Src/stm32f1xx_hal_dma.c ****               Source address and destination address and the Length of data to be transferred.
  47:Drivers/STM32F1xx_HAL_Driver/Src/stm32f1xx_hal_dma.c ****               In this case the DMA interrupt is configured
  48:Drivers/STM32F1xx_HAL_Driver/Src/stm32f1xx_hal_dma.c ****           (+) Use HAL_DMA_IRQHandler() called under DMA_IRQHandler() Interrupt subroutine
  49:Drivers/STM32F1xx_HAL_Driver/Src/stm32f1xx_hal_dma.c ****           (+) At the end of data transfer HAL_DMA_IRQHandler() function is executed and user can
  50:Drivers/STM32F1xx_HAL_Driver/Src/stm32f1xx_hal_dma.c ****               add his own function by customization of function pointer XferCpltCallback and
  51:Drivers/STM32F1xx_HAL_Driver/Src/stm32f1xx_hal_dma.c ****               XferErrorCallback (i.e. a member of DMA handle structure).
  52:Drivers/STM32F1xx_HAL_Driver/Src/stm32f1xx_hal_dma.c **** 
  53:Drivers/STM32F1xx_HAL_Driver/Src/stm32f1xx_hal_dma.c ****      *** DMA HAL driver macros list ***
  54:Drivers/STM32F1xx_HAL_Driver/Src/stm32f1xx_hal_dma.c ****      ============================================= 
  55:Drivers/STM32F1xx_HAL_Driver/Src/stm32f1xx_hal_dma.c ****       [..]
  56:Drivers/STM32F1xx_HAL_Driver/Src/stm32f1xx_hal_dma.c ****        Below the list of most used macros in DMA HAL driver.
  57:Drivers/STM32F1xx_HAL_Driver/Src/stm32f1xx_hal_dma.c **** 
  58:Drivers/STM32F1xx_HAL_Driver/Src/stm32f1xx_hal_dma.c ****        (+) __HAL_DMA_ENABLE: Enable the specified DMA Channel.
  59:Drivers/STM32F1xx_HAL_Driver/Src/stm32f1xx_hal_dma.c ****        (+) __HAL_DMA_DISABLE: Disable the specified DMA Channel.
  60:Drivers/STM32F1xx_HAL_Driver/Src/stm32f1xx_hal_dma.c ****        (+) __HAL_DMA_GET_FLAG: Get the DMA Channel pending flags.
  61:Drivers/STM32F1xx_HAL_Driver/Src/stm32f1xx_hal_dma.c ****        (+) __HAL_DMA_CLEAR_FLAG: Clear the DMA Channel pending flags.
  62:Drivers/STM32F1xx_HAL_Driver/Src/stm32f1xx_hal_dma.c ****        (+) __HAL_DMA_ENABLE_IT: Enable the specified DMA Channel interrupts.
  63:Drivers/STM32F1xx_HAL_Driver/Src/stm32f1xx_hal_dma.c ****        (+) __HAL_DMA_DISABLE_IT: Disable the specified DMA Channel interrupts.
  64:Drivers/STM32F1xx_HAL_Driver/Src/stm32f1xx_hal_dma.c ****        (+) __HAL_DMA_GET_IT_SOURCE: Check whether the specified DMA Channel interrupt has occurred 
  65:Drivers/STM32F1xx_HAL_Driver/Src/stm32f1xx_hal_dma.c **** 
  66:Drivers/STM32F1xx_HAL_Driver/Src/stm32f1xx_hal_dma.c ****      [..] 
  67:Drivers/STM32F1xx_HAL_Driver/Src/stm32f1xx_hal_dma.c ****       (@) You can refer to the DMA HAL driver header file for more useful macros  
  68:Drivers/STM32F1xx_HAL_Driver/Src/stm32f1xx_hal_dma.c **** 
  69:Drivers/STM32F1xx_HAL_Driver/Src/stm32f1xx_hal_dma.c ****   @endverbatim
  70:Drivers/STM32F1xx_HAL_Driver/Src/stm32f1xx_hal_dma.c ****   ******************************************************************************
  71:Drivers/STM32F1xx_HAL_Driver/Src/stm32f1xx_hal_dma.c ****   * @attention
  72:Drivers/STM32F1xx_HAL_Driver/Src/stm32f1xx_hal_dma.c ****   *
  73:Drivers/STM32F1xx_HAL_Driver/Src/stm32f1xx_hal_dma.c ****   * <h2><center>&copy; Copyright (c) 2016 STMicroelectronics.
  74:Drivers/STM32F1xx_HAL_Driver/Src/stm32f1xx_hal_dma.c ****   * All rights reserved.</center></h2>
  75:Drivers/STM32F1xx_HAL_Driver/Src/stm32f1xx_hal_dma.c ****   *
  76:Drivers/STM32F1xx_HAL_Driver/Src/stm32f1xx_hal_dma.c ****   * This software component is licensed by ST under BSD 3-Clause license,
  77:Drivers/STM32F1xx_HAL_Driver/Src/stm32f1xx_hal_dma.c ****   * the "License"; You may not use this file except in compliance with the
  78:Drivers/STM32F1xx_HAL_Driver/Src/stm32f1xx_hal_dma.c ****   * License. You may obtain a copy of the License at:
  79:Drivers/STM32F1xx_HAL_Driver/Src/stm32f1xx_hal_dma.c ****   *                        opensource.org/licenses/BSD-3-Clause
  80:Drivers/STM32F1xx_HAL_Driver/Src/stm32f1xx_hal_dma.c ****   *
  81:Drivers/STM32F1xx_HAL_Driver/Src/stm32f1xx_hal_dma.c ****   ******************************************************************************
  82:Drivers/STM32F1xx_HAL_Driver/Src/stm32f1xx_hal_dma.c ****   */
  83:Drivers/STM32F1xx_HAL_Driver/Src/stm32f1xx_hal_dma.c **** 
  84:Drivers/STM32F1xx_HAL_Driver/Src/stm32f1xx_hal_dma.c **** /* Includes ------------------------------------------------------------------*/
  85:Drivers/STM32F1xx_HAL_Driver/Src/stm32f1xx_hal_dma.c **** #include "stm32f1xx_hal.h"
  86:Drivers/STM32F1xx_HAL_Driver/Src/stm32f1xx_hal_dma.c **** 
  87:Drivers/STM32F1xx_HAL_Driver/Src/stm32f1xx_hal_dma.c **** /** @addtogroup STM32F1xx_HAL_Driver
  88:Drivers/STM32F1xx_HAL_Driver/Src/stm32f1xx_hal_dma.c ****   * @{
  89:Drivers/STM32F1xx_HAL_Driver/Src/stm32f1xx_hal_dma.c ****   */
ARM GAS  /tmp/ccRUdC2U.s 			page 3


  90:Drivers/STM32F1xx_HAL_Driver/Src/stm32f1xx_hal_dma.c **** 
  91:Drivers/STM32F1xx_HAL_Driver/Src/stm32f1xx_hal_dma.c **** /** @defgroup DMA DMA
  92:Drivers/STM32F1xx_HAL_Driver/Src/stm32f1xx_hal_dma.c ****   * @brief DMA HAL module driver
  93:Drivers/STM32F1xx_HAL_Driver/Src/stm32f1xx_hal_dma.c ****   * @{
  94:Drivers/STM32F1xx_HAL_Driver/Src/stm32f1xx_hal_dma.c ****   */
  95:Drivers/STM32F1xx_HAL_Driver/Src/stm32f1xx_hal_dma.c **** 
  96:Drivers/STM32F1xx_HAL_Driver/Src/stm32f1xx_hal_dma.c **** #ifdef HAL_DMA_MODULE_ENABLED
  97:Drivers/STM32F1xx_HAL_Driver/Src/stm32f1xx_hal_dma.c **** 
  98:Drivers/STM32F1xx_HAL_Driver/Src/stm32f1xx_hal_dma.c **** /* Private typedef -----------------------------------------------------------*/
  99:Drivers/STM32F1xx_HAL_Driver/Src/stm32f1xx_hal_dma.c **** /* Private define ------------------------------------------------------------*/
 100:Drivers/STM32F1xx_HAL_Driver/Src/stm32f1xx_hal_dma.c **** /* Private macro -------------------------------------------------------------*/
 101:Drivers/STM32F1xx_HAL_Driver/Src/stm32f1xx_hal_dma.c **** /* Private variables ---------------------------------------------------------*/
 102:Drivers/STM32F1xx_HAL_Driver/Src/stm32f1xx_hal_dma.c **** /* Private function prototypes -----------------------------------------------*/
 103:Drivers/STM32F1xx_HAL_Driver/Src/stm32f1xx_hal_dma.c **** /** @defgroup DMA_Private_Functions DMA Private Functions
 104:Drivers/STM32F1xx_HAL_Driver/Src/stm32f1xx_hal_dma.c ****   * @{
 105:Drivers/STM32F1xx_HAL_Driver/Src/stm32f1xx_hal_dma.c ****   */
 106:Drivers/STM32F1xx_HAL_Driver/Src/stm32f1xx_hal_dma.c **** static void DMA_SetConfig(DMA_HandleTypeDef *hdma, uint32_t SrcAddress, uint32_t DstAddress, uint32
 107:Drivers/STM32F1xx_HAL_Driver/Src/stm32f1xx_hal_dma.c **** /**
 108:Drivers/STM32F1xx_HAL_Driver/Src/stm32f1xx_hal_dma.c ****   * @}
 109:Drivers/STM32F1xx_HAL_Driver/Src/stm32f1xx_hal_dma.c ****   */
 110:Drivers/STM32F1xx_HAL_Driver/Src/stm32f1xx_hal_dma.c **** 
 111:Drivers/STM32F1xx_HAL_Driver/Src/stm32f1xx_hal_dma.c **** /* Exported functions ---------------------------------------------------------*/
 112:Drivers/STM32F1xx_HAL_Driver/Src/stm32f1xx_hal_dma.c **** 
 113:Drivers/STM32F1xx_HAL_Driver/Src/stm32f1xx_hal_dma.c **** /** @defgroup DMA_Exported_Functions DMA Exported Functions
 114:Drivers/STM32F1xx_HAL_Driver/Src/stm32f1xx_hal_dma.c ****   * @{
 115:Drivers/STM32F1xx_HAL_Driver/Src/stm32f1xx_hal_dma.c ****   */
 116:Drivers/STM32F1xx_HAL_Driver/Src/stm32f1xx_hal_dma.c **** 
 117:Drivers/STM32F1xx_HAL_Driver/Src/stm32f1xx_hal_dma.c **** /** @defgroup DMA_Exported_Functions_Group1 Initialization and de-initialization functions
 118:Drivers/STM32F1xx_HAL_Driver/Src/stm32f1xx_hal_dma.c ****   *  @brief   Initialization and de-initialization functions 
 119:Drivers/STM32F1xx_HAL_Driver/Src/stm32f1xx_hal_dma.c ****   *
 120:Drivers/STM32F1xx_HAL_Driver/Src/stm32f1xx_hal_dma.c **** @verbatim
 121:Drivers/STM32F1xx_HAL_Driver/Src/stm32f1xx_hal_dma.c ****  ===============================================================================
 122:Drivers/STM32F1xx_HAL_Driver/Src/stm32f1xx_hal_dma.c ****              ##### Initialization and de-initialization functions  #####
 123:Drivers/STM32F1xx_HAL_Driver/Src/stm32f1xx_hal_dma.c ****  ===============================================================================
 124:Drivers/STM32F1xx_HAL_Driver/Src/stm32f1xx_hal_dma.c ****     [..]
 125:Drivers/STM32F1xx_HAL_Driver/Src/stm32f1xx_hal_dma.c ****     This section provides functions allowing to initialize the DMA Channel source
 126:Drivers/STM32F1xx_HAL_Driver/Src/stm32f1xx_hal_dma.c ****     and destination addresses, incrementation and data sizes, transfer direction, 
 127:Drivers/STM32F1xx_HAL_Driver/Src/stm32f1xx_hal_dma.c ****     circular/normal mode selection, memory-to-memory mode selection and Channel priority value.
 128:Drivers/STM32F1xx_HAL_Driver/Src/stm32f1xx_hal_dma.c ****     [..]
 129:Drivers/STM32F1xx_HAL_Driver/Src/stm32f1xx_hal_dma.c ****     The HAL_DMA_Init() function follows the DMA configuration procedures as described in
 130:Drivers/STM32F1xx_HAL_Driver/Src/stm32f1xx_hal_dma.c ****     reference manual.  
 131:Drivers/STM32F1xx_HAL_Driver/Src/stm32f1xx_hal_dma.c **** 
 132:Drivers/STM32F1xx_HAL_Driver/Src/stm32f1xx_hal_dma.c **** @endverbatim
 133:Drivers/STM32F1xx_HAL_Driver/Src/stm32f1xx_hal_dma.c ****   * @{
 134:Drivers/STM32F1xx_HAL_Driver/Src/stm32f1xx_hal_dma.c ****   */
 135:Drivers/STM32F1xx_HAL_Driver/Src/stm32f1xx_hal_dma.c **** 
 136:Drivers/STM32F1xx_HAL_Driver/Src/stm32f1xx_hal_dma.c **** /**
 137:Drivers/STM32F1xx_HAL_Driver/Src/stm32f1xx_hal_dma.c ****   * @brief  Initialize the DMA according to the specified
 138:Drivers/STM32F1xx_HAL_Driver/Src/stm32f1xx_hal_dma.c ****   *         parameters in the DMA_InitTypeDef and initialize the associated handle.
 139:Drivers/STM32F1xx_HAL_Driver/Src/stm32f1xx_hal_dma.c ****   * @param  hdma: Pointer to a DMA_HandleTypeDef structure that contains
 140:Drivers/STM32F1xx_HAL_Driver/Src/stm32f1xx_hal_dma.c ****   *               the configuration information for the specified DMA Channel.
 141:Drivers/STM32F1xx_HAL_Driver/Src/stm32f1xx_hal_dma.c ****   * @retval HAL status
 142:Drivers/STM32F1xx_HAL_Driver/Src/stm32f1xx_hal_dma.c ****   */
 143:Drivers/STM32F1xx_HAL_Driver/Src/stm32f1xx_hal_dma.c **** HAL_StatusTypeDef HAL_DMA_Init(DMA_HandleTypeDef *hdma)
 144:Drivers/STM32F1xx_HAL_Driver/Src/stm32f1xx_hal_dma.c **** {
 145:Drivers/STM32F1xx_HAL_Driver/Src/stm32f1xx_hal_dma.c ****   uint32_t tmp = 0U;
 146:Drivers/STM32F1xx_HAL_Driver/Src/stm32f1xx_hal_dma.c **** 
ARM GAS  /tmp/ccRUdC2U.s 			page 4


 147:Drivers/STM32F1xx_HAL_Driver/Src/stm32f1xx_hal_dma.c ****   /* Check the DMA handle allocation */
 148:Drivers/STM32F1xx_HAL_Driver/Src/stm32f1xx_hal_dma.c ****   if(hdma == NULL)
 149:Drivers/STM32F1xx_HAL_Driver/Src/stm32f1xx_hal_dma.c ****   {
 150:Drivers/STM32F1xx_HAL_Driver/Src/stm32f1xx_hal_dma.c ****     return HAL_ERROR;
 151:Drivers/STM32F1xx_HAL_Driver/Src/stm32f1xx_hal_dma.c ****   }
 152:Drivers/STM32F1xx_HAL_Driver/Src/stm32f1xx_hal_dma.c **** 
 153:Drivers/STM32F1xx_HAL_Driver/Src/stm32f1xx_hal_dma.c ****   /* Check the parameters */
 154:Drivers/STM32F1xx_HAL_Driver/Src/stm32f1xx_hal_dma.c ****   assert_param(IS_DMA_ALL_INSTANCE(hdma->Instance));
 155:Drivers/STM32F1xx_HAL_Driver/Src/stm32f1xx_hal_dma.c ****   assert_param(IS_DMA_DIRECTION(hdma->Init.Direction));
 156:Drivers/STM32F1xx_HAL_Driver/Src/stm32f1xx_hal_dma.c ****   assert_param(IS_DMA_PERIPHERAL_INC_STATE(hdma->Init.PeriphInc));
 157:Drivers/STM32F1xx_HAL_Driver/Src/stm32f1xx_hal_dma.c ****   assert_param(IS_DMA_MEMORY_INC_STATE(hdma->Init.MemInc));
 158:Drivers/STM32F1xx_HAL_Driver/Src/stm32f1xx_hal_dma.c ****   assert_param(IS_DMA_PERIPHERAL_DATA_SIZE(hdma->Init.PeriphDataAlignment));
 159:Drivers/STM32F1xx_HAL_Driver/Src/stm32f1xx_hal_dma.c ****   assert_param(IS_DMA_MEMORY_DATA_SIZE(hdma->Init.MemDataAlignment));
 160:Drivers/STM32F1xx_HAL_Driver/Src/stm32f1xx_hal_dma.c ****   assert_param(IS_DMA_MODE(hdma->Init.Mode));
 161:Drivers/STM32F1xx_HAL_Driver/Src/stm32f1xx_hal_dma.c ****   assert_param(IS_DMA_PRIORITY(hdma->Init.Priority));
 162:Drivers/STM32F1xx_HAL_Driver/Src/stm32f1xx_hal_dma.c **** 
 163:Drivers/STM32F1xx_HAL_Driver/Src/stm32f1xx_hal_dma.c **** #if defined (DMA2)
 164:Drivers/STM32F1xx_HAL_Driver/Src/stm32f1xx_hal_dma.c ****   /* calculation of the channel index */
 165:Drivers/STM32F1xx_HAL_Driver/Src/stm32f1xx_hal_dma.c ****   if ((uint32_t)(hdma->Instance) < (uint32_t)(DMA2_Channel1))
 166:Drivers/STM32F1xx_HAL_Driver/Src/stm32f1xx_hal_dma.c ****   {
 167:Drivers/STM32F1xx_HAL_Driver/Src/stm32f1xx_hal_dma.c ****     /* DMA1 */
 168:Drivers/STM32F1xx_HAL_Driver/Src/stm32f1xx_hal_dma.c ****     hdma->ChannelIndex = (((uint32_t)hdma->Instance - (uint32_t)DMA1_Channel1) / ((uint32_t)DMA1_Ch
 169:Drivers/STM32F1xx_HAL_Driver/Src/stm32f1xx_hal_dma.c ****     hdma->DmaBaseAddress = DMA1;
 170:Drivers/STM32F1xx_HAL_Driver/Src/stm32f1xx_hal_dma.c ****   }
 171:Drivers/STM32F1xx_HAL_Driver/Src/stm32f1xx_hal_dma.c ****   else 
 172:Drivers/STM32F1xx_HAL_Driver/Src/stm32f1xx_hal_dma.c ****   {
 173:Drivers/STM32F1xx_HAL_Driver/Src/stm32f1xx_hal_dma.c ****     /* DMA2 */
 174:Drivers/STM32F1xx_HAL_Driver/Src/stm32f1xx_hal_dma.c ****     hdma->ChannelIndex = (((uint32_t)hdma->Instance - (uint32_t)DMA2_Channel1) / ((uint32_t)DMA2_Ch
 175:Drivers/STM32F1xx_HAL_Driver/Src/stm32f1xx_hal_dma.c ****     hdma->DmaBaseAddress = DMA2;
 176:Drivers/STM32F1xx_HAL_Driver/Src/stm32f1xx_hal_dma.c ****   }
 177:Drivers/STM32F1xx_HAL_Driver/Src/stm32f1xx_hal_dma.c **** #else
 178:Drivers/STM32F1xx_HAL_Driver/Src/stm32f1xx_hal_dma.c ****   /* DMA1 */
 179:Drivers/STM32F1xx_HAL_Driver/Src/stm32f1xx_hal_dma.c ****   hdma->ChannelIndex = (((uint32_t)hdma->Instance - (uint32_t)DMA1_Channel1) / ((uint32_t)DMA1_Chan
 180:Drivers/STM32F1xx_HAL_Driver/Src/stm32f1xx_hal_dma.c ****   hdma->DmaBaseAddress = DMA1;
 181:Drivers/STM32F1xx_HAL_Driver/Src/stm32f1xx_hal_dma.c **** #endif /* DMA2 */
 182:Drivers/STM32F1xx_HAL_Driver/Src/stm32f1xx_hal_dma.c **** 
 183:Drivers/STM32F1xx_HAL_Driver/Src/stm32f1xx_hal_dma.c ****   /* Change DMA peripheral state */
 184:Drivers/STM32F1xx_HAL_Driver/Src/stm32f1xx_hal_dma.c ****   hdma->State = HAL_DMA_STATE_BUSY;
 185:Drivers/STM32F1xx_HAL_Driver/Src/stm32f1xx_hal_dma.c **** 
 186:Drivers/STM32F1xx_HAL_Driver/Src/stm32f1xx_hal_dma.c ****   /* Get the CR register value */
 187:Drivers/STM32F1xx_HAL_Driver/Src/stm32f1xx_hal_dma.c ****   tmp = hdma->Instance->CCR;
 188:Drivers/STM32F1xx_HAL_Driver/Src/stm32f1xx_hal_dma.c **** 
 189:Drivers/STM32F1xx_HAL_Driver/Src/stm32f1xx_hal_dma.c ****   /* Clear PL, MSIZE, PSIZE, MINC, PINC, CIRC and DIR bits */
 190:Drivers/STM32F1xx_HAL_Driver/Src/stm32f1xx_hal_dma.c ****   tmp &= ((uint32_t)~(DMA_CCR_PL    | DMA_CCR_MSIZE  | DMA_CCR_PSIZE  | \
 191:Drivers/STM32F1xx_HAL_Driver/Src/stm32f1xx_hal_dma.c ****                       DMA_CCR_MINC  | DMA_CCR_PINC   | DMA_CCR_CIRC   | \
 192:Drivers/STM32F1xx_HAL_Driver/Src/stm32f1xx_hal_dma.c ****                       DMA_CCR_DIR));
 193:Drivers/STM32F1xx_HAL_Driver/Src/stm32f1xx_hal_dma.c **** 
 194:Drivers/STM32F1xx_HAL_Driver/Src/stm32f1xx_hal_dma.c ****   /* Prepare the DMA Channel configuration */
 195:Drivers/STM32F1xx_HAL_Driver/Src/stm32f1xx_hal_dma.c ****   tmp |=  hdma->Init.Direction        |
 196:Drivers/STM32F1xx_HAL_Driver/Src/stm32f1xx_hal_dma.c ****           hdma->Init.PeriphInc           | hdma->Init.MemInc           |
 197:Drivers/STM32F1xx_HAL_Driver/Src/stm32f1xx_hal_dma.c ****           hdma->Init.PeriphDataAlignment | hdma->Init.MemDataAlignment |
 198:Drivers/STM32F1xx_HAL_Driver/Src/stm32f1xx_hal_dma.c ****           hdma->Init.Mode                | hdma->Init.Priority;
 199:Drivers/STM32F1xx_HAL_Driver/Src/stm32f1xx_hal_dma.c **** 
 200:Drivers/STM32F1xx_HAL_Driver/Src/stm32f1xx_hal_dma.c ****   /* Write to DMA Channel CR register */
 201:Drivers/STM32F1xx_HAL_Driver/Src/stm32f1xx_hal_dma.c ****   hdma->Instance->CCR = tmp;
 202:Drivers/STM32F1xx_HAL_Driver/Src/stm32f1xx_hal_dma.c **** 
 203:Drivers/STM32F1xx_HAL_Driver/Src/stm32f1xx_hal_dma.c ****   /* Initialise the error code */
ARM GAS  /tmp/ccRUdC2U.s 			page 5


 204:Drivers/STM32F1xx_HAL_Driver/Src/stm32f1xx_hal_dma.c ****   hdma->ErrorCode = HAL_DMA_ERROR_NONE;
 205:Drivers/STM32F1xx_HAL_Driver/Src/stm32f1xx_hal_dma.c **** 
 206:Drivers/STM32F1xx_HAL_Driver/Src/stm32f1xx_hal_dma.c ****   /* Initialize the DMA state*/
 207:Drivers/STM32F1xx_HAL_Driver/Src/stm32f1xx_hal_dma.c ****   hdma->State = HAL_DMA_STATE_READY;
 208:Drivers/STM32F1xx_HAL_Driver/Src/stm32f1xx_hal_dma.c ****   /* Allocate lock resource and initialize it */
 209:Drivers/STM32F1xx_HAL_Driver/Src/stm32f1xx_hal_dma.c ****   hdma->Lock = HAL_UNLOCKED;
 210:Drivers/STM32F1xx_HAL_Driver/Src/stm32f1xx_hal_dma.c **** 
 211:Drivers/STM32F1xx_HAL_Driver/Src/stm32f1xx_hal_dma.c ****   return HAL_OK;
 212:Drivers/STM32F1xx_HAL_Driver/Src/stm32f1xx_hal_dma.c **** }
 213:Drivers/STM32F1xx_HAL_Driver/Src/stm32f1xx_hal_dma.c **** 
 214:Drivers/STM32F1xx_HAL_Driver/Src/stm32f1xx_hal_dma.c **** /**
 215:Drivers/STM32F1xx_HAL_Driver/Src/stm32f1xx_hal_dma.c ****   * @brief  DeInitialize the DMA peripheral.
 216:Drivers/STM32F1xx_HAL_Driver/Src/stm32f1xx_hal_dma.c ****   * @param  hdma: pointer to a DMA_HandleTypeDef structure that contains
 217:Drivers/STM32F1xx_HAL_Driver/Src/stm32f1xx_hal_dma.c ****   *               the configuration information for the specified DMA Channel.
 218:Drivers/STM32F1xx_HAL_Driver/Src/stm32f1xx_hal_dma.c ****   * @retval HAL status
 219:Drivers/STM32F1xx_HAL_Driver/Src/stm32f1xx_hal_dma.c ****   */
 220:Drivers/STM32F1xx_HAL_Driver/Src/stm32f1xx_hal_dma.c **** HAL_StatusTypeDef HAL_DMA_DeInit(DMA_HandleTypeDef *hdma)
 221:Drivers/STM32F1xx_HAL_Driver/Src/stm32f1xx_hal_dma.c **** {
 222:Drivers/STM32F1xx_HAL_Driver/Src/stm32f1xx_hal_dma.c ****   /* Check the DMA handle allocation */
 223:Drivers/STM32F1xx_HAL_Driver/Src/stm32f1xx_hal_dma.c ****   if(hdma == NULL)
 224:Drivers/STM32F1xx_HAL_Driver/Src/stm32f1xx_hal_dma.c ****   {
 225:Drivers/STM32F1xx_HAL_Driver/Src/stm32f1xx_hal_dma.c ****     return HAL_ERROR;
 226:Drivers/STM32F1xx_HAL_Driver/Src/stm32f1xx_hal_dma.c ****   }
 227:Drivers/STM32F1xx_HAL_Driver/Src/stm32f1xx_hal_dma.c **** 
 228:Drivers/STM32F1xx_HAL_Driver/Src/stm32f1xx_hal_dma.c ****   /* Check the parameters */
 229:Drivers/STM32F1xx_HAL_Driver/Src/stm32f1xx_hal_dma.c ****   assert_param(IS_DMA_ALL_INSTANCE(hdma->Instance));
 230:Drivers/STM32F1xx_HAL_Driver/Src/stm32f1xx_hal_dma.c **** 
 231:Drivers/STM32F1xx_HAL_Driver/Src/stm32f1xx_hal_dma.c ****   /* Disable the selected DMA Channelx */
 232:Drivers/STM32F1xx_HAL_Driver/Src/stm32f1xx_hal_dma.c ****   __HAL_DMA_DISABLE(hdma);
 233:Drivers/STM32F1xx_HAL_Driver/Src/stm32f1xx_hal_dma.c **** 
 234:Drivers/STM32F1xx_HAL_Driver/Src/stm32f1xx_hal_dma.c ****   /* Reset DMA Channel control register */
 235:Drivers/STM32F1xx_HAL_Driver/Src/stm32f1xx_hal_dma.c ****   hdma->Instance->CCR  = 0U;
 236:Drivers/STM32F1xx_HAL_Driver/Src/stm32f1xx_hal_dma.c **** 
 237:Drivers/STM32F1xx_HAL_Driver/Src/stm32f1xx_hal_dma.c ****   /* Reset DMA Channel Number of Data to Transfer register */
 238:Drivers/STM32F1xx_HAL_Driver/Src/stm32f1xx_hal_dma.c ****   hdma->Instance->CNDTR = 0U;
 239:Drivers/STM32F1xx_HAL_Driver/Src/stm32f1xx_hal_dma.c **** 
 240:Drivers/STM32F1xx_HAL_Driver/Src/stm32f1xx_hal_dma.c ****   /* Reset DMA Channel peripheral address register */
 241:Drivers/STM32F1xx_HAL_Driver/Src/stm32f1xx_hal_dma.c ****   hdma->Instance->CPAR  = 0U;
 242:Drivers/STM32F1xx_HAL_Driver/Src/stm32f1xx_hal_dma.c **** 
 243:Drivers/STM32F1xx_HAL_Driver/Src/stm32f1xx_hal_dma.c ****   /* Reset DMA Channel memory address register */
 244:Drivers/STM32F1xx_HAL_Driver/Src/stm32f1xx_hal_dma.c ****   hdma->Instance->CMAR = 0U;
 245:Drivers/STM32F1xx_HAL_Driver/Src/stm32f1xx_hal_dma.c **** 
 246:Drivers/STM32F1xx_HAL_Driver/Src/stm32f1xx_hal_dma.c **** #if defined (DMA2)
 247:Drivers/STM32F1xx_HAL_Driver/Src/stm32f1xx_hal_dma.c ****   /* calculation of the channel index */
 248:Drivers/STM32F1xx_HAL_Driver/Src/stm32f1xx_hal_dma.c ****   if ((uint32_t)(hdma->Instance) < (uint32_t)(DMA2_Channel1))
 249:Drivers/STM32F1xx_HAL_Driver/Src/stm32f1xx_hal_dma.c ****   {
 250:Drivers/STM32F1xx_HAL_Driver/Src/stm32f1xx_hal_dma.c ****     /* DMA1 */
 251:Drivers/STM32F1xx_HAL_Driver/Src/stm32f1xx_hal_dma.c ****     hdma->ChannelIndex = (((uint32_t)hdma->Instance - (uint32_t)DMA1_Channel1) / ((uint32_t)DMA1_Ch
 252:Drivers/STM32F1xx_HAL_Driver/Src/stm32f1xx_hal_dma.c ****     hdma->DmaBaseAddress = DMA1;
 253:Drivers/STM32F1xx_HAL_Driver/Src/stm32f1xx_hal_dma.c ****   }
 254:Drivers/STM32F1xx_HAL_Driver/Src/stm32f1xx_hal_dma.c ****   else
 255:Drivers/STM32F1xx_HAL_Driver/Src/stm32f1xx_hal_dma.c ****   {
 256:Drivers/STM32F1xx_HAL_Driver/Src/stm32f1xx_hal_dma.c ****     /* DMA2 */
 257:Drivers/STM32F1xx_HAL_Driver/Src/stm32f1xx_hal_dma.c ****     hdma->ChannelIndex = (((uint32_t)hdma->Instance - (uint32_t)DMA2_Channel1) / ((uint32_t)DMA2_Ch
 258:Drivers/STM32F1xx_HAL_Driver/Src/stm32f1xx_hal_dma.c ****     hdma->DmaBaseAddress = DMA2;
 259:Drivers/STM32F1xx_HAL_Driver/Src/stm32f1xx_hal_dma.c ****   }
 260:Drivers/STM32F1xx_HAL_Driver/Src/stm32f1xx_hal_dma.c **** #else
ARM GAS  /tmp/ccRUdC2U.s 			page 6


 261:Drivers/STM32F1xx_HAL_Driver/Src/stm32f1xx_hal_dma.c ****   /* DMA1 */
 262:Drivers/STM32F1xx_HAL_Driver/Src/stm32f1xx_hal_dma.c ****   hdma->ChannelIndex = (((uint32_t)hdma->Instance - (uint32_t)DMA1_Channel1) / ((uint32_t)DMA1_Chan
 263:Drivers/STM32F1xx_HAL_Driver/Src/stm32f1xx_hal_dma.c ****   hdma->DmaBaseAddress = DMA1;
 264:Drivers/STM32F1xx_HAL_Driver/Src/stm32f1xx_hal_dma.c **** #endif /* DMA2 */
 265:Drivers/STM32F1xx_HAL_Driver/Src/stm32f1xx_hal_dma.c **** 
 266:Drivers/STM32F1xx_HAL_Driver/Src/stm32f1xx_hal_dma.c ****   /* Clear all flags */
 267:Drivers/STM32F1xx_HAL_Driver/Src/stm32f1xx_hal_dma.c ****   hdma->DmaBaseAddress->IFCR = (DMA_ISR_GIF1 << (hdma->ChannelIndex));
 268:Drivers/STM32F1xx_HAL_Driver/Src/stm32f1xx_hal_dma.c **** 
 269:Drivers/STM32F1xx_HAL_Driver/Src/stm32f1xx_hal_dma.c ****   /* Clean all callbacks */
 270:Drivers/STM32F1xx_HAL_Driver/Src/stm32f1xx_hal_dma.c ****   hdma->XferCpltCallback = NULL;
 271:Drivers/STM32F1xx_HAL_Driver/Src/stm32f1xx_hal_dma.c ****   hdma->XferHalfCpltCallback = NULL;
 272:Drivers/STM32F1xx_HAL_Driver/Src/stm32f1xx_hal_dma.c ****   hdma->XferErrorCallback = NULL;
 273:Drivers/STM32F1xx_HAL_Driver/Src/stm32f1xx_hal_dma.c ****   hdma->XferAbortCallback = NULL;
 274:Drivers/STM32F1xx_HAL_Driver/Src/stm32f1xx_hal_dma.c **** 
 275:Drivers/STM32F1xx_HAL_Driver/Src/stm32f1xx_hal_dma.c ****   /* Reset the error code */
 276:Drivers/STM32F1xx_HAL_Driver/Src/stm32f1xx_hal_dma.c ****   hdma->ErrorCode = HAL_DMA_ERROR_NONE;
 277:Drivers/STM32F1xx_HAL_Driver/Src/stm32f1xx_hal_dma.c **** 
 278:Drivers/STM32F1xx_HAL_Driver/Src/stm32f1xx_hal_dma.c ****   /* Reset the DMA state */
 279:Drivers/STM32F1xx_HAL_Driver/Src/stm32f1xx_hal_dma.c ****   hdma->State = HAL_DMA_STATE_RESET;
 280:Drivers/STM32F1xx_HAL_Driver/Src/stm32f1xx_hal_dma.c **** 
 281:Drivers/STM32F1xx_HAL_Driver/Src/stm32f1xx_hal_dma.c ****   /* Release Lock */
 282:Drivers/STM32F1xx_HAL_Driver/Src/stm32f1xx_hal_dma.c ****   __HAL_UNLOCK(hdma);
 283:Drivers/STM32F1xx_HAL_Driver/Src/stm32f1xx_hal_dma.c **** 
 284:Drivers/STM32F1xx_HAL_Driver/Src/stm32f1xx_hal_dma.c ****   return HAL_OK;
 285:Drivers/STM32F1xx_HAL_Driver/Src/stm32f1xx_hal_dma.c **** }
 286:Drivers/STM32F1xx_HAL_Driver/Src/stm32f1xx_hal_dma.c **** 
 287:Drivers/STM32F1xx_HAL_Driver/Src/stm32f1xx_hal_dma.c **** /**
 288:Drivers/STM32F1xx_HAL_Driver/Src/stm32f1xx_hal_dma.c ****   * @}
 289:Drivers/STM32F1xx_HAL_Driver/Src/stm32f1xx_hal_dma.c ****   */
 290:Drivers/STM32F1xx_HAL_Driver/Src/stm32f1xx_hal_dma.c **** 
 291:Drivers/STM32F1xx_HAL_Driver/Src/stm32f1xx_hal_dma.c **** /** @defgroup DMA_Exported_Functions_Group2 Input and Output operation functions
 292:Drivers/STM32F1xx_HAL_Driver/Src/stm32f1xx_hal_dma.c ****   *  @brief   Input and Output operation functions
 293:Drivers/STM32F1xx_HAL_Driver/Src/stm32f1xx_hal_dma.c ****   *
 294:Drivers/STM32F1xx_HAL_Driver/Src/stm32f1xx_hal_dma.c **** @verbatim
 295:Drivers/STM32F1xx_HAL_Driver/Src/stm32f1xx_hal_dma.c ****  ===============================================================================
 296:Drivers/STM32F1xx_HAL_Driver/Src/stm32f1xx_hal_dma.c ****                       #####  IO operation functions  #####
 297:Drivers/STM32F1xx_HAL_Driver/Src/stm32f1xx_hal_dma.c ****  ===============================================================================
 298:Drivers/STM32F1xx_HAL_Driver/Src/stm32f1xx_hal_dma.c ****     [..]  This section provides functions allowing to:
 299:Drivers/STM32F1xx_HAL_Driver/Src/stm32f1xx_hal_dma.c ****       (+) Configure the source, destination address and data length and Start DMA transfer
 300:Drivers/STM32F1xx_HAL_Driver/Src/stm32f1xx_hal_dma.c ****       (+) Configure the source, destination address and data length and
 301:Drivers/STM32F1xx_HAL_Driver/Src/stm32f1xx_hal_dma.c ****           Start DMA transfer with interrupt
 302:Drivers/STM32F1xx_HAL_Driver/Src/stm32f1xx_hal_dma.c ****       (+) Abort DMA transfer
 303:Drivers/STM32F1xx_HAL_Driver/Src/stm32f1xx_hal_dma.c ****       (+) Poll for transfer complete
 304:Drivers/STM32F1xx_HAL_Driver/Src/stm32f1xx_hal_dma.c ****       (+) Handle DMA interrupt request
 305:Drivers/STM32F1xx_HAL_Driver/Src/stm32f1xx_hal_dma.c **** 
 306:Drivers/STM32F1xx_HAL_Driver/Src/stm32f1xx_hal_dma.c **** @endverbatim
 307:Drivers/STM32F1xx_HAL_Driver/Src/stm32f1xx_hal_dma.c ****   * @{
 308:Drivers/STM32F1xx_HAL_Driver/Src/stm32f1xx_hal_dma.c ****   */
 309:Drivers/STM32F1xx_HAL_Driver/Src/stm32f1xx_hal_dma.c **** 
 310:Drivers/STM32F1xx_HAL_Driver/Src/stm32f1xx_hal_dma.c **** /**
 311:Drivers/STM32F1xx_HAL_Driver/Src/stm32f1xx_hal_dma.c ****   * @brief  Start the DMA Transfer.
 312:Drivers/STM32F1xx_HAL_Driver/Src/stm32f1xx_hal_dma.c ****   * @param  hdma: pointer to a DMA_HandleTypeDef structure that contains
 313:Drivers/STM32F1xx_HAL_Driver/Src/stm32f1xx_hal_dma.c ****   *               the configuration information for the specified DMA Channel.
 314:Drivers/STM32F1xx_HAL_Driver/Src/stm32f1xx_hal_dma.c ****   * @param  SrcAddress: The source memory Buffer address
 315:Drivers/STM32F1xx_HAL_Driver/Src/stm32f1xx_hal_dma.c ****   * @param  DstAddress: The destination memory Buffer address
 316:Drivers/STM32F1xx_HAL_Driver/Src/stm32f1xx_hal_dma.c ****   * @param  DataLength: The length of data to be transferred from source to destination
 317:Drivers/STM32F1xx_HAL_Driver/Src/stm32f1xx_hal_dma.c ****   * @retval HAL status
ARM GAS  /tmp/ccRUdC2U.s 			page 7


 318:Drivers/STM32F1xx_HAL_Driver/Src/stm32f1xx_hal_dma.c ****   */
 319:Drivers/STM32F1xx_HAL_Driver/Src/stm32f1xx_hal_dma.c **** HAL_StatusTypeDef HAL_DMA_Start(DMA_HandleTypeDef *hdma, uint32_t SrcAddress, uint32_t DstAddress, 
 320:Drivers/STM32F1xx_HAL_Driver/Src/stm32f1xx_hal_dma.c **** {
 321:Drivers/STM32F1xx_HAL_Driver/Src/stm32f1xx_hal_dma.c ****   HAL_StatusTypeDef status = HAL_OK;
 322:Drivers/STM32F1xx_HAL_Driver/Src/stm32f1xx_hal_dma.c **** 
 323:Drivers/STM32F1xx_HAL_Driver/Src/stm32f1xx_hal_dma.c ****   /* Check the parameters */
 324:Drivers/STM32F1xx_HAL_Driver/Src/stm32f1xx_hal_dma.c ****   assert_param(IS_DMA_BUFFER_SIZE(DataLength));
 325:Drivers/STM32F1xx_HAL_Driver/Src/stm32f1xx_hal_dma.c **** 
 326:Drivers/STM32F1xx_HAL_Driver/Src/stm32f1xx_hal_dma.c ****   /* Process locked */
 327:Drivers/STM32F1xx_HAL_Driver/Src/stm32f1xx_hal_dma.c ****   __HAL_LOCK(hdma);
 328:Drivers/STM32F1xx_HAL_Driver/Src/stm32f1xx_hal_dma.c **** 
 329:Drivers/STM32F1xx_HAL_Driver/Src/stm32f1xx_hal_dma.c ****   if(HAL_DMA_STATE_READY == hdma->State)
 330:Drivers/STM32F1xx_HAL_Driver/Src/stm32f1xx_hal_dma.c ****   {
 331:Drivers/STM32F1xx_HAL_Driver/Src/stm32f1xx_hal_dma.c ****     /* Change DMA peripheral state */
 332:Drivers/STM32F1xx_HAL_Driver/Src/stm32f1xx_hal_dma.c ****     hdma->State = HAL_DMA_STATE_BUSY;
 333:Drivers/STM32F1xx_HAL_Driver/Src/stm32f1xx_hal_dma.c ****     hdma->ErrorCode = HAL_DMA_ERROR_NONE;
 334:Drivers/STM32F1xx_HAL_Driver/Src/stm32f1xx_hal_dma.c ****             
 335:Drivers/STM32F1xx_HAL_Driver/Src/stm32f1xx_hal_dma.c ****     /* Disable the peripheral */
 336:Drivers/STM32F1xx_HAL_Driver/Src/stm32f1xx_hal_dma.c ****     __HAL_DMA_DISABLE(hdma);
 337:Drivers/STM32F1xx_HAL_Driver/Src/stm32f1xx_hal_dma.c ****     
 338:Drivers/STM32F1xx_HAL_Driver/Src/stm32f1xx_hal_dma.c ****     /* Configure the source, destination address and the data length & clear flags*/
 339:Drivers/STM32F1xx_HAL_Driver/Src/stm32f1xx_hal_dma.c ****     DMA_SetConfig(hdma, SrcAddress, DstAddress, DataLength);
 340:Drivers/STM32F1xx_HAL_Driver/Src/stm32f1xx_hal_dma.c ****     
 341:Drivers/STM32F1xx_HAL_Driver/Src/stm32f1xx_hal_dma.c ****     /* Enable the Peripheral */
 342:Drivers/STM32F1xx_HAL_Driver/Src/stm32f1xx_hal_dma.c ****     __HAL_DMA_ENABLE(hdma);
 343:Drivers/STM32F1xx_HAL_Driver/Src/stm32f1xx_hal_dma.c ****   }
 344:Drivers/STM32F1xx_HAL_Driver/Src/stm32f1xx_hal_dma.c ****   else
 345:Drivers/STM32F1xx_HAL_Driver/Src/stm32f1xx_hal_dma.c ****   {
 346:Drivers/STM32F1xx_HAL_Driver/Src/stm32f1xx_hal_dma.c ****    /* Process Unlocked */
 347:Drivers/STM32F1xx_HAL_Driver/Src/stm32f1xx_hal_dma.c ****    __HAL_UNLOCK(hdma);  
 348:Drivers/STM32F1xx_HAL_Driver/Src/stm32f1xx_hal_dma.c ****    status = HAL_BUSY;
 349:Drivers/STM32F1xx_HAL_Driver/Src/stm32f1xx_hal_dma.c ****   }  
 350:Drivers/STM32F1xx_HAL_Driver/Src/stm32f1xx_hal_dma.c ****   return status;
 351:Drivers/STM32F1xx_HAL_Driver/Src/stm32f1xx_hal_dma.c **** }
 352:Drivers/STM32F1xx_HAL_Driver/Src/stm32f1xx_hal_dma.c **** 
 353:Drivers/STM32F1xx_HAL_Driver/Src/stm32f1xx_hal_dma.c **** /**
 354:Drivers/STM32F1xx_HAL_Driver/Src/stm32f1xx_hal_dma.c ****   * @brief  Start the DMA Transfer with interrupt enabled.
 355:Drivers/STM32F1xx_HAL_Driver/Src/stm32f1xx_hal_dma.c ****   * @param  hdma: pointer to a DMA_HandleTypeDef structure that contains
 356:Drivers/STM32F1xx_HAL_Driver/Src/stm32f1xx_hal_dma.c ****   *               the configuration information for the specified DMA Channel.
 357:Drivers/STM32F1xx_HAL_Driver/Src/stm32f1xx_hal_dma.c ****   * @param  SrcAddress: The source memory Buffer address
 358:Drivers/STM32F1xx_HAL_Driver/Src/stm32f1xx_hal_dma.c ****   * @param  DstAddress: The destination memory Buffer address
 359:Drivers/STM32F1xx_HAL_Driver/Src/stm32f1xx_hal_dma.c ****   * @param  DataLength: The length of data to be transferred from source to destination
 360:Drivers/STM32F1xx_HAL_Driver/Src/stm32f1xx_hal_dma.c ****   * @retval HAL status
 361:Drivers/STM32F1xx_HAL_Driver/Src/stm32f1xx_hal_dma.c ****   */
 362:Drivers/STM32F1xx_HAL_Driver/Src/stm32f1xx_hal_dma.c **** HAL_StatusTypeDef HAL_DMA_Start_IT(DMA_HandleTypeDef *hdma, uint32_t SrcAddress, uint32_t DstAddres
 363:Drivers/STM32F1xx_HAL_Driver/Src/stm32f1xx_hal_dma.c **** {
 364:Drivers/STM32F1xx_HAL_Driver/Src/stm32f1xx_hal_dma.c ****   HAL_StatusTypeDef status = HAL_OK;
 365:Drivers/STM32F1xx_HAL_Driver/Src/stm32f1xx_hal_dma.c **** 
 366:Drivers/STM32F1xx_HAL_Driver/Src/stm32f1xx_hal_dma.c ****   /* Check the parameters */
 367:Drivers/STM32F1xx_HAL_Driver/Src/stm32f1xx_hal_dma.c ****   assert_param(IS_DMA_BUFFER_SIZE(DataLength));
 368:Drivers/STM32F1xx_HAL_Driver/Src/stm32f1xx_hal_dma.c **** 
 369:Drivers/STM32F1xx_HAL_Driver/Src/stm32f1xx_hal_dma.c ****   /* Process locked */
 370:Drivers/STM32F1xx_HAL_Driver/Src/stm32f1xx_hal_dma.c ****   __HAL_LOCK(hdma);
 371:Drivers/STM32F1xx_HAL_Driver/Src/stm32f1xx_hal_dma.c ****   
 372:Drivers/STM32F1xx_HAL_Driver/Src/stm32f1xx_hal_dma.c ****   if(HAL_DMA_STATE_READY == hdma->State)
 373:Drivers/STM32F1xx_HAL_Driver/Src/stm32f1xx_hal_dma.c ****   {
 374:Drivers/STM32F1xx_HAL_Driver/Src/stm32f1xx_hal_dma.c ****     /* Change DMA peripheral state */
ARM GAS  /tmp/ccRUdC2U.s 			page 8


 375:Drivers/STM32F1xx_HAL_Driver/Src/stm32f1xx_hal_dma.c ****     hdma->State = HAL_DMA_STATE_BUSY;
 376:Drivers/STM32F1xx_HAL_Driver/Src/stm32f1xx_hal_dma.c ****     hdma->ErrorCode = HAL_DMA_ERROR_NONE;
 377:Drivers/STM32F1xx_HAL_Driver/Src/stm32f1xx_hal_dma.c ****     
 378:Drivers/STM32F1xx_HAL_Driver/Src/stm32f1xx_hal_dma.c ****     /* Disable the peripheral */
 379:Drivers/STM32F1xx_HAL_Driver/Src/stm32f1xx_hal_dma.c ****     __HAL_DMA_DISABLE(hdma);
 380:Drivers/STM32F1xx_HAL_Driver/Src/stm32f1xx_hal_dma.c ****     
 381:Drivers/STM32F1xx_HAL_Driver/Src/stm32f1xx_hal_dma.c ****     /* Configure the source, destination address and the data length & clear flags*/
 382:Drivers/STM32F1xx_HAL_Driver/Src/stm32f1xx_hal_dma.c ****     DMA_SetConfig(hdma, SrcAddress, DstAddress, DataLength);
 383:Drivers/STM32F1xx_HAL_Driver/Src/stm32f1xx_hal_dma.c ****     
 384:Drivers/STM32F1xx_HAL_Driver/Src/stm32f1xx_hal_dma.c ****     /* Enable the transfer complete interrupt */
 385:Drivers/STM32F1xx_HAL_Driver/Src/stm32f1xx_hal_dma.c ****     /* Enable the transfer Error interrupt */
 386:Drivers/STM32F1xx_HAL_Driver/Src/stm32f1xx_hal_dma.c ****     if(NULL != hdma->XferHalfCpltCallback)
 387:Drivers/STM32F1xx_HAL_Driver/Src/stm32f1xx_hal_dma.c ****     {
 388:Drivers/STM32F1xx_HAL_Driver/Src/stm32f1xx_hal_dma.c ****       /* Enable the Half transfer complete interrupt as well */
 389:Drivers/STM32F1xx_HAL_Driver/Src/stm32f1xx_hal_dma.c ****       __HAL_DMA_ENABLE_IT(hdma, (DMA_IT_TC | DMA_IT_HT | DMA_IT_TE));
 390:Drivers/STM32F1xx_HAL_Driver/Src/stm32f1xx_hal_dma.c ****     }
 391:Drivers/STM32F1xx_HAL_Driver/Src/stm32f1xx_hal_dma.c ****     else
 392:Drivers/STM32F1xx_HAL_Driver/Src/stm32f1xx_hal_dma.c ****     {
 393:Drivers/STM32F1xx_HAL_Driver/Src/stm32f1xx_hal_dma.c ****       __HAL_DMA_DISABLE_IT(hdma, DMA_IT_HT);
 394:Drivers/STM32F1xx_HAL_Driver/Src/stm32f1xx_hal_dma.c ****       __HAL_DMA_ENABLE_IT(hdma, (DMA_IT_TC | DMA_IT_TE));
 395:Drivers/STM32F1xx_HAL_Driver/Src/stm32f1xx_hal_dma.c ****     }
 396:Drivers/STM32F1xx_HAL_Driver/Src/stm32f1xx_hal_dma.c ****     /* Enable the Peripheral */
 397:Drivers/STM32F1xx_HAL_Driver/Src/stm32f1xx_hal_dma.c ****     __HAL_DMA_ENABLE(hdma);
 398:Drivers/STM32F1xx_HAL_Driver/Src/stm32f1xx_hal_dma.c ****   }
 399:Drivers/STM32F1xx_HAL_Driver/Src/stm32f1xx_hal_dma.c ****   else
 400:Drivers/STM32F1xx_HAL_Driver/Src/stm32f1xx_hal_dma.c ****   {      
 401:Drivers/STM32F1xx_HAL_Driver/Src/stm32f1xx_hal_dma.c ****     /* Process Unlocked */
 402:Drivers/STM32F1xx_HAL_Driver/Src/stm32f1xx_hal_dma.c ****     __HAL_UNLOCK(hdma); 
 403:Drivers/STM32F1xx_HAL_Driver/Src/stm32f1xx_hal_dma.c **** 
 404:Drivers/STM32F1xx_HAL_Driver/Src/stm32f1xx_hal_dma.c ****     /* Remain BUSY */
 405:Drivers/STM32F1xx_HAL_Driver/Src/stm32f1xx_hal_dma.c ****     status = HAL_BUSY;
 406:Drivers/STM32F1xx_HAL_Driver/Src/stm32f1xx_hal_dma.c ****   }    
 407:Drivers/STM32F1xx_HAL_Driver/Src/stm32f1xx_hal_dma.c ****   return status;
 408:Drivers/STM32F1xx_HAL_Driver/Src/stm32f1xx_hal_dma.c **** }
 409:Drivers/STM32F1xx_HAL_Driver/Src/stm32f1xx_hal_dma.c **** 
 410:Drivers/STM32F1xx_HAL_Driver/Src/stm32f1xx_hal_dma.c **** /**
 411:Drivers/STM32F1xx_HAL_Driver/Src/stm32f1xx_hal_dma.c ****   * @brief  Abort the DMA Transfer.
 412:Drivers/STM32F1xx_HAL_Driver/Src/stm32f1xx_hal_dma.c ****   * @param  hdma: pointer to a DMA_HandleTypeDef structure that contains
 413:Drivers/STM32F1xx_HAL_Driver/Src/stm32f1xx_hal_dma.c ****   *               the configuration information for the specified DMA Channel.
 414:Drivers/STM32F1xx_HAL_Driver/Src/stm32f1xx_hal_dma.c ****   * @retval HAL status
 415:Drivers/STM32F1xx_HAL_Driver/Src/stm32f1xx_hal_dma.c ****   */
 416:Drivers/STM32F1xx_HAL_Driver/Src/stm32f1xx_hal_dma.c **** HAL_StatusTypeDef HAL_DMA_Abort(DMA_HandleTypeDef *hdma)
 417:Drivers/STM32F1xx_HAL_Driver/Src/stm32f1xx_hal_dma.c **** {
 418:Drivers/STM32F1xx_HAL_Driver/Src/stm32f1xx_hal_dma.c ****   HAL_StatusTypeDef status = HAL_OK;
 419:Drivers/STM32F1xx_HAL_Driver/Src/stm32f1xx_hal_dma.c ****   
 420:Drivers/STM32F1xx_HAL_Driver/Src/stm32f1xx_hal_dma.c ****   if(hdma->State != HAL_DMA_STATE_BUSY)
 421:Drivers/STM32F1xx_HAL_Driver/Src/stm32f1xx_hal_dma.c ****   {
 422:Drivers/STM32F1xx_HAL_Driver/Src/stm32f1xx_hal_dma.c ****     /* no transfer ongoing */
 423:Drivers/STM32F1xx_HAL_Driver/Src/stm32f1xx_hal_dma.c ****     hdma->ErrorCode = HAL_DMA_ERROR_NO_XFER;
 424:Drivers/STM32F1xx_HAL_Driver/Src/stm32f1xx_hal_dma.c ****     
 425:Drivers/STM32F1xx_HAL_Driver/Src/stm32f1xx_hal_dma.c ****     /* Process Unlocked */
 426:Drivers/STM32F1xx_HAL_Driver/Src/stm32f1xx_hal_dma.c ****     __HAL_UNLOCK(hdma);
 427:Drivers/STM32F1xx_HAL_Driver/Src/stm32f1xx_hal_dma.c ****     
 428:Drivers/STM32F1xx_HAL_Driver/Src/stm32f1xx_hal_dma.c ****     return HAL_ERROR;
 429:Drivers/STM32F1xx_HAL_Driver/Src/stm32f1xx_hal_dma.c ****   }
 430:Drivers/STM32F1xx_HAL_Driver/Src/stm32f1xx_hal_dma.c ****   else
 431:Drivers/STM32F1xx_HAL_Driver/Src/stm32f1xx_hal_dma.c **** 
ARM GAS  /tmp/ccRUdC2U.s 			page 9


 432:Drivers/STM32F1xx_HAL_Driver/Src/stm32f1xx_hal_dma.c ****   {
 433:Drivers/STM32F1xx_HAL_Driver/Src/stm32f1xx_hal_dma.c ****     /* Disable DMA IT */
 434:Drivers/STM32F1xx_HAL_Driver/Src/stm32f1xx_hal_dma.c ****     __HAL_DMA_DISABLE_IT(hdma, (DMA_IT_TC | DMA_IT_HT | DMA_IT_TE));
 435:Drivers/STM32F1xx_HAL_Driver/Src/stm32f1xx_hal_dma.c ****       
 436:Drivers/STM32F1xx_HAL_Driver/Src/stm32f1xx_hal_dma.c ****     /* Disable the channel */
 437:Drivers/STM32F1xx_HAL_Driver/Src/stm32f1xx_hal_dma.c ****     __HAL_DMA_DISABLE(hdma);
 438:Drivers/STM32F1xx_HAL_Driver/Src/stm32f1xx_hal_dma.c ****       
 439:Drivers/STM32F1xx_HAL_Driver/Src/stm32f1xx_hal_dma.c ****     /* Clear all flags */
 440:Drivers/STM32F1xx_HAL_Driver/Src/stm32f1xx_hal_dma.c ****     hdma->DmaBaseAddress->IFCR = (DMA_ISR_GIF1 << hdma->ChannelIndex);
 441:Drivers/STM32F1xx_HAL_Driver/Src/stm32f1xx_hal_dma.c ****   }
 442:Drivers/STM32F1xx_HAL_Driver/Src/stm32f1xx_hal_dma.c ****   /* Change the DMA state */
 443:Drivers/STM32F1xx_HAL_Driver/Src/stm32f1xx_hal_dma.c ****   hdma->State = HAL_DMA_STATE_READY;
 444:Drivers/STM32F1xx_HAL_Driver/Src/stm32f1xx_hal_dma.c **** 
 445:Drivers/STM32F1xx_HAL_Driver/Src/stm32f1xx_hal_dma.c ****   /* Process Unlocked */
 446:Drivers/STM32F1xx_HAL_Driver/Src/stm32f1xx_hal_dma.c ****   __HAL_UNLOCK(hdma);      
 447:Drivers/STM32F1xx_HAL_Driver/Src/stm32f1xx_hal_dma.c ****   
 448:Drivers/STM32F1xx_HAL_Driver/Src/stm32f1xx_hal_dma.c ****   return status; 
 449:Drivers/STM32F1xx_HAL_Driver/Src/stm32f1xx_hal_dma.c **** }
 450:Drivers/STM32F1xx_HAL_Driver/Src/stm32f1xx_hal_dma.c **** 
 451:Drivers/STM32F1xx_HAL_Driver/Src/stm32f1xx_hal_dma.c **** /**
 452:Drivers/STM32F1xx_HAL_Driver/Src/stm32f1xx_hal_dma.c ****   * @brief  Aborts the DMA Transfer in Interrupt mode.
 453:Drivers/STM32F1xx_HAL_Driver/Src/stm32f1xx_hal_dma.c ****   * @param  hdma  : pointer to a DMA_HandleTypeDef structure that contains
 454:Drivers/STM32F1xx_HAL_Driver/Src/stm32f1xx_hal_dma.c ****   *                 the configuration information for the specified DMA Channel.
 455:Drivers/STM32F1xx_HAL_Driver/Src/stm32f1xx_hal_dma.c ****   * @retval HAL status
 456:Drivers/STM32F1xx_HAL_Driver/Src/stm32f1xx_hal_dma.c ****   */
 457:Drivers/STM32F1xx_HAL_Driver/Src/stm32f1xx_hal_dma.c **** HAL_StatusTypeDef HAL_DMA_Abort_IT(DMA_HandleTypeDef *hdma)
 458:Drivers/STM32F1xx_HAL_Driver/Src/stm32f1xx_hal_dma.c **** {  
 459:Drivers/STM32F1xx_HAL_Driver/Src/stm32f1xx_hal_dma.c ****   HAL_StatusTypeDef status = HAL_OK;
 460:Drivers/STM32F1xx_HAL_Driver/Src/stm32f1xx_hal_dma.c ****   
 461:Drivers/STM32F1xx_HAL_Driver/Src/stm32f1xx_hal_dma.c ****   if(HAL_DMA_STATE_BUSY != hdma->State)
 462:Drivers/STM32F1xx_HAL_Driver/Src/stm32f1xx_hal_dma.c ****   {
 463:Drivers/STM32F1xx_HAL_Driver/Src/stm32f1xx_hal_dma.c ****     /* no transfer ongoing */
 464:Drivers/STM32F1xx_HAL_Driver/Src/stm32f1xx_hal_dma.c ****     hdma->ErrorCode = HAL_DMA_ERROR_NO_XFER;
 465:Drivers/STM32F1xx_HAL_Driver/Src/stm32f1xx_hal_dma.c ****         
 466:Drivers/STM32F1xx_HAL_Driver/Src/stm32f1xx_hal_dma.c ****     status = HAL_ERROR;
 467:Drivers/STM32F1xx_HAL_Driver/Src/stm32f1xx_hal_dma.c ****   }
 468:Drivers/STM32F1xx_HAL_Driver/Src/stm32f1xx_hal_dma.c ****   else
 469:Drivers/STM32F1xx_HAL_Driver/Src/stm32f1xx_hal_dma.c ****   { 
 470:Drivers/STM32F1xx_HAL_Driver/Src/stm32f1xx_hal_dma.c ****     /* Disable DMA IT */
 471:Drivers/STM32F1xx_HAL_Driver/Src/stm32f1xx_hal_dma.c ****     __HAL_DMA_DISABLE_IT(hdma, (DMA_IT_TC | DMA_IT_HT | DMA_IT_TE));
 472:Drivers/STM32F1xx_HAL_Driver/Src/stm32f1xx_hal_dma.c **** 
 473:Drivers/STM32F1xx_HAL_Driver/Src/stm32f1xx_hal_dma.c ****     /* Disable the channel */
 474:Drivers/STM32F1xx_HAL_Driver/Src/stm32f1xx_hal_dma.c ****     __HAL_DMA_DISABLE(hdma);
 475:Drivers/STM32F1xx_HAL_Driver/Src/stm32f1xx_hal_dma.c **** 
 476:Drivers/STM32F1xx_HAL_Driver/Src/stm32f1xx_hal_dma.c ****     /* Clear all flags */
 477:Drivers/STM32F1xx_HAL_Driver/Src/stm32f1xx_hal_dma.c ****     __HAL_DMA_CLEAR_FLAG(hdma, __HAL_DMA_GET_GI_FLAG_INDEX(hdma));
 478:Drivers/STM32F1xx_HAL_Driver/Src/stm32f1xx_hal_dma.c **** 
 479:Drivers/STM32F1xx_HAL_Driver/Src/stm32f1xx_hal_dma.c ****     /* Change the DMA state */
 480:Drivers/STM32F1xx_HAL_Driver/Src/stm32f1xx_hal_dma.c ****     hdma->State = HAL_DMA_STATE_READY;
 481:Drivers/STM32F1xx_HAL_Driver/Src/stm32f1xx_hal_dma.c **** 
 482:Drivers/STM32F1xx_HAL_Driver/Src/stm32f1xx_hal_dma.c ****     /* Process Unlocked */
 483:Drivers/STM32F1xx_HAL_Driver/Src/stm32f1xx_hal_dma.c ****     __HAL_UNLOCK(hdma);
 484:Drivers/STM32F1xx_HAL_Driver/Src/stm32f1xx_hal_dma.c **** 
 485:Drivers/STM32F1xx_HAL_Driver/Src/stm32f1xx_hal_dma.c ****     /* Call User Abort callback */
 486:Drivers/STM32F1xx_HAL_Driver/Src/stm32f1xx_hal_dma.c ****     if(hdma->XferAbortCallback != NULL)
 487:Drivers/STM32F1xx_HAL_Driver/Src/stm32f1xx_hal_dma.c ****     {
 488:Drivers/STM32F1xx_HAL_Driver/Src/stm32f1xx_hal_dma.c ****       hdma->XferAbortCallback(hdma);
ARM GAS  /tmp/ccRUdC2U.s 			page 10


 489:Drivers/STM32F1xx_HAL_Driver/Src/stm32f1xx_hal_dma.c ****     } 
 490:Drivers/STM32F1xx_HAL_Driver/Src/stm32f1xx_hal_dma.c ****   }
 491:Drivers/STM32F1xx_HAL_Driver/Src/stm32f1xx_hal_dma.c ****   return status;
 492:Drivers/STM32F1xx_HAL_Driver/Src/stm32f1xx_hal_dma.c **** }
 493:Drivers/STM32F1xx_HAL_Driver/Src/stm32f1xx_hal_dma.c **** 
 494:Drivers/STM32F1xx_HAL_Driver/Src/stm32f1xx_hal_dma.c **** /**
 495:Drivers/STM32F1xx_HAL_Driver/Src/stm32f1xx_hal_dma.c ****   * @brief  Polling for transfer complete.
 496:Drivers/STM32F1xx_HAL_Driver/Src/stm32f1xx_hal_dma.c ****   * @param  hdma:    pointer to a DMA_HandleTypeDef structure that contains
 497:Drivers/STM32F1xx_HAL_Driver/Src/stm32f1xx_hal_dma.c ****   *                  the configuration information for the specified DMA Channel.
 498:Drivers/STM32F1xx_HAL_Driver/Src/stm32f1xx_hal_dma.c ****   * @param  CompleteLevel: Specifies the DMA level complete.
 499:Drivers/STM32F1xx_HAL_Driver/Src/stm32f1xx_hal_dma.c ****   * @param  Timeout:       Timeout duration.
 500:Drivers/STM32F1xx_HAL_Driver/Src/stm32f1xx_hal_dma.c ****   * @retval HAL status
 501:Drivers/STM32F1xx_HAL_Driver/Src/stm32f1xx_hal_dma.c ****   */
 502:Drivers/STM32F1xx_HAL_Driver/Src/stm32f1xx_hal_dma.c **** HAL_StatusTypeDef HAL_DMA_PollForTransfer(DMA_HandleTypeDef *hdma, uint32_t CompleteLevel, uint32_t
 503:Drivers/STM32F1xx_HAL_Driver/Src/stm32f1xx_hal_dma.c **** {
 504:Drivers/STM32F1xx_HAL_Driver/Src/stm32f1xx_hal_dma.c ****   uint32_t temp;
 505:Drivers/STM32F1xx_HAL_Driver/Src/stm32f1xx_hal_dma.c ****   uint32_t tickstart = 0U;
 506:Drivers/STM32F1xx_HAL_Driver/Src/stm32f1xx_hal_dma.c **** 
 507:Drivers/STM32F1xx_HAL_Driver/Src/stm32f1xx_hal_dma.c ****   if(HAL_DMA_STATE_BUSY != hdma->State)
 508:Drivers/STM32F1xx_HAL_Driver/Src/stm32f1xx_hal_dma.c ****   {
 509:Drivers/STM32F1xx_HAL_Driver/Src/stm32f1xx_hal_dma.c ****     /* no transfer ongoing */
 510:Drivers/STM32F1xx_HAL_Driver/Src/stm32f1xx_hal_dma.c ****     hdma->ErrorCode = HAL_DMA_ERROR_NO_XFER;
 511:Drivers/STM32F1xx_HAL_Driver/Src/stm32f1xx_hal_dma.c ****     __HAL_UNLOCK(hdma);
 512:Drivers/STM32F1xx_HAL_Driver/Src/stm32f1xx_hal_dma.c ****     return HAL_ERROR;
 513:Drivers/STM32F1xx_HAL_Driver/Src/stm32f1xx_hal_dma.c ****   }
 514:Drivers/STM32F1xx_HAL_Driver/Src/stm32f1xx_hal_dma.c **** 
 515:Drivers/STM32F1xx_HAL_Driver/Src/stm32f1xx_hal_dma.c ****   /* Polling mode not supported in circular mode */
 516:Drivers/STM32F1xx_HAL_Driver/Src/stm32f1xx_hal_dma.c ****   if (RESET != (hdma->Instance->CCR & DMA_CCR_CIRC))
 517:Drivers/STM32F1xx_HAL_Driver/Src/stm32f1xx_hal_dma.c ****   {
 518:Drivers/STM32F1xx_HAL_Driver/Src/stm32f1xx_hal_dma.c ****     hdma->ErrorCode = HAL_DMA_ERROR_NOT_SUPPORTED;
 519:Drivers/STM32F1xx_HAL_Driver/Src/stm32f1xx_hal_dma.c ****     return HAL_ERROR;
 520:Drivers/STM32F1xx_HAL_Driver/Src/stm32f1xx_hal_dma.c ****   }
 521:Drivers/STM32F1xx_HAL_Driver/Src/stm32f1xx_hal_dma.c ****   
 522:Drivers/STM32F1xx_HAL_Driver/Src/stm32f1xx_hal_dma.c ****   /* Get the level transfer complete flag */
 523:Drivers/STM32F1xx_HAL_Driver/Src/stm32f1xx_hal_dma.c ****   if(CompleteLevel == HAL_DMA_FULL_TRANSFER)
 524:Drivers/STM32F1xx_HAL_Driver/Src/stm32f1xx_hal_dma.c ****   {
 525:Drivers/STM32F1xx_HAL_Driver/Src/stm32f1xx_hal_dma.c ****     /* Transfer Complete flag */
 526:Drivers/STM32F1xx_HAL_Driver/Src/stm32f1xx_hal_dma.c ****     temp = __HAL_DMA_GET_TC_FLAG_INDEX(hdma);
 527:Drivers/STM32F1xx_HAL_Driver/Src/stm32f1xx_hal_dma.c ****   }
 528:Drivers/STM32F1xx_HAL_Driver/Src/stm32f1xx_hal_dma.c ****   else
 529:Drivers/STM32F1xx_HAL_Driver/Src/stm32f1xx_hal_dma.c ****   {
 530:Drivers/STM32F1xx_HAL_Driver/Src/stm32f1xx_hal_dma.c ****     /* Half Transfer Complete flag */
 531:Drivers/STM32F1xx_HAL_Driver/Src/stm32f1xx_hal_dma.c ****     temp = __HAL_DMA_GET_HT_FLAG_INDEX(hdma);
 532:Drivers/STM32F1xx_HAL_Driver/Src/stm32f1xx_hal_dma.c ****   }
 533:Drivers/STM32F1xx_HAL_Driver/Src/stm32f1xx_hal_dma.c **** 
 534:Drivers/STM32F1xx_HAL_Driver/Src/stm32f1xx_hal_dma.c ****   /* Get tick */
 535:Drivers/STM32F1xx_HAL_Driver/Src/stm32f1xx_hal_dma.c ****   tickstart = HAL_GetTick();
 536:Drivers/STM32F1xx_HAL_Driver/Src/stm32f1xx_hal_dma.c **** 
 537:Drivers/STM32F1xx_HAL_Driver/Src/stm32f1xx_hal_dma.c ****   while(__HAL_DMA_GET_FLAG(hdma, temp) == RESET)
 538:Drivers/STM32F1xx_HAL_Driver/Src/stm32f1xx_hal_dma.c ****   {
 539:Drivers/STM32F1xx_HAL_Driver/Src/stm32f1xx_hal_dma.c ****     if((__HAL_DMA_GET_FLAG(hdma, __HAL_DMA_GET_TE_FLAG_INDEX(hdma)) != RESET))
 540:Drivers/STM32F1xx_HAL_Driver/Src/stm32f1xx_hal_dma.c ****     {
 541:Drivers/STM32F1xx_HAL_Driver/Src/stm32f1xx_hal_dma.c ****       /* When a DMA transfer error occurs */
 542:Drivers/STM32F1xx_HAL_Driver/Src/stm32f1xx_hal_dma.c ****       /* A hardware clear of its EN bits is performed */
 543:Drivers/STM32F1xx_HAL_Driver/Src/stm32f1xx_hal_dma.c ****       /* Clear all flags */
 544:Drivers/STM32F1xx_HAL_Driver/Src/stm32f1xx_hal_dma.c ****       hdma->DmaBaseAddress->IFCR = (DMA_ISR_GIF1 << hdma->ChannelIndex);
 545:Drivers/STM32F1xx_HAL_Driver/Src/stm32f1xx_hal_dma.c **** 
ARM GAS  /tmp/ccRUdC2U.s 			page 11


 546:Drivers/STM32F1xx_HAL_Driver/Src/stm32f1xx_hal_dma.c ****       /* Update error code */
 547:Drivers/STM32F1xx_HAL_Driver/Src/stm32f1xx_hal_dma.c ****       SET_BIT(hdma->ErrorCode, HAL_DMA_ERROR_TE);
 548:Drivers/STM32F1xx_HAL_Driver/Src/stm32f1xx_hal_dma.c **** 
 549:Drivers/STM32F1xx_HAL_Driver/Src/stm32f1xx_hal_dma.c ****       /* Change the DMA state */
 550:Drivers/STM32F1xx_HAL_Driver/Src/stm32f1xx_hal_dma.c ****       hdma->State= HAL_DMA_STATE_READY;
 551:Drivers/STM32F1xx_HAL_Driver/Src/stm32f1xx_hal_dma.c **** 
 552:Drivers/STM32F1xx_HAL_Driver/Src/stm32f1xx_hal_dma.c ****       /* Process Unlocked */
 553:Drivers/STM32F1xx_HAL_Driver/Src/stm32f1xx_hal_dma.c ****       __HAL_UNLOCK(hdma);
 554:Drivers/STM32F1xx_HAL_Driver/Src/stm32f1xx_hal_dma.c **** 
 555:Drivers/STM32F1xx_HAL_Driver/Src/stm32f1xx_hal_dma.c ****       return HAL_ERROR;
 556:Drivers/STM32F1xx_HAL_Driver/Src/stm32f1xx_hal_dma.c ****     }
 557:Drivers/STM32F1xx_HAL_Driver/Src/stm32f1xx_hal_dma.c ****     /* Check for the Timeout */
 558:Drivers/STM32F1xx_HAL_Driver/Src/stm32f1xx_hal_dma.c ****     if(Timeout != HAL_MAX_DELAY)
 559:Drivers/STM32F1xx_HAL_Driver/Src/stm32f1xx_hal_dma.c ****     {
 560:Drivers/STM32F1xx_HAL_Driver/Src/stm32f1xx_hal_dma.c ****       if((Timeout == 0U) || ((HAL_GetTick() - tickstart) > Timeout))
 561:Drivers/STM32F1xx_HAL_Driver/Src/stm32f1xx_hal_dma.c ****       {
 562:Drivers/STM32F1xx_HAL_Driver/Src/stm32f1xx_hal_dma.c ****         /* Update error code */
 563:Drivers/STM32F1xx_HAL_Driver/Src/stm32f1xx_hal_dma.c ****         SET_BIT(hdma->ErrorCode, HAL_DMA_ERROR_TIMEOUT);
 564:Drivers/STM32F1xx_HAL_Driver/Src/stm32f1xx_hal_dma.c **** 
 565:Drivers/STM32F1xx_HAL_Driver/Src/stm32f1xx_hal_dma.c ****         /* Change the DMA state */
 566:Drivers/STM32F1xx_HAL_Driver/Src/stm32f1xx_hal_dma.c ****         hdma->State = HAL_DMA_STATE_READY;
 567:Drivers/STM32F1xx_HAL_Driver/Src/stm32f1xx_hal_dma.c **** 
 568:Drivers/STM32F1xx_HAL_Driver/Src/stm32f1xx_hal_dma.c ****         /* Process Unlocked */
 569:Drivers/STM32F1xx_HAL_Driver/Src/stm32f1xx_hal_dma.c ****         __HAL_UNLOCK(hdma);
 570:Drivers/STM32F1xx_HAL_Driver/Src/stm32f1xx_hal_dma.c **** 
 571:Drivers/STM32F1xx_HAL_Driver/Src/stm32f1xx_hal_dma.c ****         return HAL_ERROR;
 572:Drivers/STM32F1xx_HAL_Driver/Src/stm32f1xx_hal_dma.c ****       }
 573:Drivers/STM32F1xx_HAL_Driver/Src/stm32f1xx_hal_dma.c ****     }
 574:Drivers/STM32F1xx_HAL_Driver/Src/stm32f1xx_hal_dma.c ****   }
 575:Drivers/STM32F1xx_HAL_Driver/Src/stm32f1xx_hal_dma.c **** 
 576:Drivers/STM32F1xx_HAL_Driver/Src/stm32f1xx_hal_dma.c ****   if(CompleteLevel == HAL_DMA_FULL_TRANSFER)
 577:Drivers/STM32F1xx_HAL_Driver/Src/stm32f1xx_hal_dma.c ****   {
 578:Drivers/STM32F1xx_HAL_Driver/Src/stm32f1xx_hal_dma.c ****     /* Clear the transfer complete flag */
 579:Drivers/STM32F1xx_HAL_Driver/Src/stm32f1xx_hal_dma.c ****     __HAL_DMA_CLEAR_FLAG(hdma, __HAL_DMA_GET_TC_FLAG_INDEX(hdma));
 580:Drivers/STM32F1xx_HAL_Driver/Src/stm32f1xx_hal_dma.c **** 
 581:Drivers/STM32F1xx_HAL_Driver/Src/stm32f1xx_hal_dma.c ****     /* The selected Channelx EN bit is cleared (DMA is disabled and
 582:Drivers/STM32F1xx_HAL_Driver/Src/stm32f1xx_hal_dma.c ****     all transfers are complete) */
 583:Drivers/STM32F1xx_HAL_Driver/Src/stm32f1xx_hal_dma.c ****     hdma->State = HAL_DMA_STATE_READY;
 584:Drivers/STM32F1xx_HAL_Driver/Src/stm32f1xx_hal_dma.c ****   }
 585:Drivers/STM32F1xx_HAL_Driver/Src/stm32f1xx_hal_dma.c ****   else
 586:Drivers/STM32F1xx_HAL_Driver/Src/stm32f1xx_hal_dma.c ****   {
 587:Drivers/STM32F1xx_HAL_Driver/Src/stm32f1xx_hal_dma.c ****     /* Clear the half transfer complete flag */
 588:Drivers/STM32F1xx_HAL_Driver/Src/stm32f1xx_hal_dma.c ****     __HAL_DMA_CLEAR_FLAG(hdma, __HAL_DMA_GET_HT_FLAG_INDEX(hdma));
 589:Drivers/STM32F1xx_HAL_Driver/Src/stm32f1xx_hal_dma.c ****   }
 590:Drivers/STM32F1xx_HAL_Driver/Src/stm32f1xx_hal_dma.c ****   
 591:Drivers/STM32F1xx_HAL_Driver/Src/stm32f1xx_hal_dma.c ****   /* Process unlocked */
 592:Drivers/STM32F1xx_HAL_Driver/Src/stm32f1xx_hal_dma.c ****   __HAL_UNLOCK(hdma);
 593:Drivers/STM32F1xx_HAL_Driver/Src/stm32f1xx_hal_dma.c **** 
 594:Drivers/STM32F1xx_HAL_Driver/Src/stm32f1xx_hal_dma.c ****   return HAL_OK;
 595:Drivers/STM32F1xx_HAL_Driver/Src/stm32f1xx_hal_dma.c **** }
 596:Drivers/STM32F1xx_HAL_Driver/Src/stm32f1xx_hal_dma.c **** 
 597:Drivers/STM32F1xx_HAL_Driver/Src/stm32f1xx_hal_dma.c **** /**
 598:Drivers/STM32F1xx_HAL_Driver/Src/stm32f1xx_hal_dma.c ****   * @brief  Handles DMA interrupt request.
 599:Drivers/STM32F1xx_HAL_Driver/Src/stm32f1xx_hal_dma.c ****   * @param  hdma: pointer to a DMA_HandleTypeDef structure that contains
 600:Drivers/STM32F1xx_HAL_Driver/Src/stm32f1xx_hal_dma.c ****   *               the configuration information for the specified DMA Channel.  
 601:Drivers/STM32F1xx_HAL_Driver/Src/stm32f1xx_hal_dma.c ****   * @retval None
 602:Drivers/STM32F1xx_HAL_Driver/Src/stm32f1xx_hal_dma.c ****   */
ARM GAS  /tmp/ccRUdC2U.s 			page 12


 603:Drivers/STM32F1xx_HAL_Driver/Src/stm32f1xx_hal_dma.c **** void HAL_DMA_IRQHandler(DMA_HandleTypeDef *hdma)
 604:Drivers/STM32F1xx_HAL_Driver/Src/stm32f1xx_hal_dma.c **** {
 605:Drivers/STM32F1xx_HAL_Driver/Src/stm32f1xx_hal_dma.c ****   uint32_t flag_it = hdma->DmaBaseAddress->ISR;
 606:Drivers/STM32F1xx_HAL_Driver/Src/stm32f1xx_hal_dma.c ****   uint32_t source_it = hdma->Instance->CCR;
 607:Drivers/STM32F1xx_HAL_Driver/Src/stm32f1xx_hal_dma.c ****   
 608:Drivers/STM32F1xx_HAL_Driver/Src/stm32f1xx_hal_dma.c ****   /* Half Transfer Complete Interrupt management ******************************/
 609:Drivers/STM32F1xx_HAL_Driver/Src/stm32f1xx_hal_dma.c ****   if (((flag_it & (DMA_FLAG_HT1 << hdma->ChannelIndex)) != RESET) && ((source_it & DMA_IT_HT) != RE
 610:Drivers/STM32F1xx_HAL_Driver/Src/stm32f1xx_hal_dma.c ****   {
 611:Drivers/STM32F1xx_HAL_Driver/Src/stm32f1xx_hal_dma.c ****     /* Disable the half transfer interrupt if the DMA mode is not CIRCULAR */
 612:Drivers/STM32F1xx_HAL_Driver/Src/stm32f1xx_hal_dma.c ****     if((hdma->Instance->CCR & DMA_CCR_CIRC) == 0U)
 613:Drivers/STM32F1xx_HAL_Driver/Src/stm32f1xx_hal_dma.c ****     {
 614:Drivers/STM32F1xx_HAL_Driver/Src/stm32f1xx_hal_dma.c ****       /* Disable the half transfer interrupt */
 615:Drivers/STM32F1xx_HAL_Driver/Src/stm32f1xx_hal_dma.c ****       __HAL_DMA_DISABLE_IT(hdma, DMA_IT_HT);
 616:Drivers/STM32F1xx_HAL_Driver/Src/stm32f1xx_hal_dma.c ****     }
 617:Drivers/STM32F1xx_HAL_Driver/Src/stm32f1xx_hal_dma.c ****     /* Clear the half transfer complete flag */
 618:Drivers/STM32F1xx_HAL_Driver/Src/stm32f1xx_hal_dma.c ****     __HAL_DMA_CLEAR_FLAG(hdma, __HAL_DMA_GET_HT_FLAG_INDEX(hdma));
 619:Drivers/STM32F1xx_HAL_Driver/Src/stm32f1xx_hal_dma.c **** 
 620:Drivers/STM32F1xx_HAL_Driver/Src/stm32f1xx_hal_dma.c ****     /* DMA peripheral state is not updated in Half Transfer */
 621:Drivers/STM32F1xx_HAL_Driver/Src/stm32f1xx_hal_dma.c ****     /* but in Transfer Complete case */
 622:Drivers/STM32F1xx_HAL_Driver/Src/stm32f1xx_hal_dma.c **** 
 623:Drivers/STM32F1xx_HAL_Driver/Src/stm32f1xx_hal_dma.c ****     if(hdma->XferHalfCpltCallback != NULL)
 624:Drivers/STM32F1xx_HAL_Driver/Src/stm32f1xx_hal_dma.c ****     {
 625:Drivers/STM32F1xx_HAL_Driver/Src/stm32f1xx_hal_dma.c ****       /* Half transfer callback */
 626:Drivers/STM32F1xx_HAL_Driver/Src/stm32f1xx_hal_dma.c ****       hdma->XferHalfCpltCallback(hdma);
 627:Drivers/STM32F1xx_HAL_Driver/Src/stm32f1xx_hal_dma.c ****     }
 628:Drivers/STM32F1xx_HAL_Driver/Src/stm32f1xx_hal_dma.c ****   }
 629:Drivers/STM32F1xx_HAL_Driver/Src/stm32f1xx_hal_dma.c **** 
 630:Drivers/STM32F1xx_HAL_Driver/Src/stm32f1xx_hal_dma.c ****   /* Transfer Complete Interrupt management ***********************************/
 631:Drivers/STM32F1xx_HAL_Driver/Src/stm32f1xx_hal_dma.c ****   else if (((flag_it & (DMA_FLAG_TC1 << hdma->ChannelIndex)) != RESET) && ((source_it & DMA_IT_TC) 
 632:Drivers/STM32F1xx_HAL_Driver/Src/stm32f1xx_hal_dma.c ****   {
 633:Drivers/STM32F1xx_HAL_Driver/Src/stm32f1xx_hal_dma.c ****     if((hdma->Instance->CCR & DMA_CCR_CIRC) == 0U)
 634:Drivers/STM32F1xx_HAL_Driver/Src/stm32f1xx_hal_dma.c ****     {
 635:Drivers/STM32F1xx_HAL_Driver/Src/stm32f1xx_hal_dma.c ****       /* Disable the transfer complete and error interrupt */
 636:Drivers/STM32F1xx_HAL_Driver/Src/stm32f1xx_hal_dma.c ****       __HAL_DMA_DISABLE_IT(hdma, DMA_IT_TE | DMA_IT_TC);  
 637:Drivers/STM32F1xx_HAL_Driver/Src/stm32f1xx_hal_dma.c **** 
 638:Drivers/STM32F1xx_HAL_Driver/Src/stm32f1xx_hal_dma.c ****       /* Change the DMA state */
 639:Drivers/STM32F1xx_HAL_Driver/Src/stm32f1xx_hal_dma.c ****       hdma->State = HAL_DMA_STATE_READY;
 640:Drivers/STM32F1xx_HAL_Driver/Src/stm32f1xx_hal_dma.c ****     }
 641:Drivers/STM32F1xx_HAL_Driver/Src/stm32f1xx_hal_dma.c ****     /* Clear the transfer complete flag */
 642:Drivers/STM32F1xx_HAL_Driver/Src/stm32f1xx_hal_dma.c ****       __HAL_DMA_CLEAR_FLAG(hdma, __HAL_DMA_GET_TC_FLAG_INDEX(hdma));
 643:Drivers/STM32F1xx_HAL_Driver/Src/stm32f1xx_hal_dma.c **** 
 644:Drivers/STM32F1xx_HAL_Driver/Src/stm32f1xx_hal_dma.c ****     /* Process Unlocked */
 645:Drivers/STM32F1xx_HAL_Driver/Src/stm32f1xx_hal_dma.c ****     __HAL_UNLOCK(hdma);
 646:Drivers/STM32F1xx_HAL_Driver/Src/stm32f1xx_hal_dma.c **** 
 647:Drivers/STM32F1xx_HAL_Driver/Src/stm32f1xx_hal_dma.c ****     if(hdma->XferCpltCallback != NULL)
 648:Drivers/STM32F1xx_HAL_Driver/Src/stm32f1xx_hal_dma.c ****     {
 649:Drivers/STM32F1xx_HAL_Driver/Src/stm32f1xx_hal_dma.c ****       /* Transfer complete callback */
 650:Drivers/STM32F1xx_HAL_Driver/Src/stm32f1xx_hal_dma.c ****       hdma->XferCpltCallback(hdma);
 651:Drivers/STM32F1xx_HAL_Driver/Src/stm32f1xx_hal_dma.c ****     }
 652:Drivers/STM32F1xx_HAL_Driver/Src/stm32f1xx_hal_dma.c ****   }
 653:Drivers/STM32F1xx_HAL_Driver/Src/stm32f1xx_hal_dma.c **** 
 654:Drivers/STM32F1xx_HAL_Driver/Src/stm32f1xx_hal_dma.c ****   /* Transfer Error Interrupt management **************************************/
 655:Drivers/STM32F1xx_HAL_Driver/Src/stm32f1xx_hal_dma.c ****   else if (( RESET != (flag_it & (DMA_FLAG_TE1 << hdma->ChannelIndex))) && (RESET != (source_it & D
 656:Drivers/STM32F1xx_HAL_Driver/Src/stm32f1xx_hal_dma.c ****   {
 657:Drivers/STM32F1xx_HAL_Driver/Src/stm32f1xx_hal_dma.c ****     /* When a DMA transfer error occurs */
 658:Drivers/STM32F1xx_HAL_Driver/Src/stm32f1xx_hal_dma.c ****     /* A hardware clear of its EN bits is performed */
 659:Drivers/STM32F1xx_HAL_Driver/Src/stm32f1xx_hal_dma.c ****     /* Disable ALL DMA IT */
ARM GAS  /tmp/ccRUdC2U.s 			page 13


 660:Drivers/STM32F1xx_HAL_Driver/Src/stm32f1xx_hal_dma.c ****     __HAL_DMA_DISABLE_IT(hdma, (DMA_IT_TC | DMA_IT_HT | DMA_IT_TE));
 661:Drivers/STM32F1xx_HAL_Driver/Src/stm32f1xx_hal_dma.c **** 
 662:Drivers/STM32F1xx_HAL_Driver/Src/stm32f1xx_hal_dma.c ****     /* Clear all flags */
 663:Drivers/STM32F1xx_HAL_Driver/Src/stm32f1xx_hal_dma.c ****     hdma->DmaBaseAddress->IFCR = (DMA_ISR_GIF1 << hdma->ChannelIndex);
 664:Drivers/STM32F1xx_HAL_Driver/Src/stm32f1xx_hal_dma.c **** 
 665:Drivers/STM32F1xx_HAL_Driver/Src/stm32f1xx_hal_dma.c ****     /* Update error code */
 666:Drivers/STM32F1xx_HAL_Driver/Src/stm32f1xx_hal_dma.c ****     hdma->ErrorCode = HAL_DMA_ERROR_TE;
 667:Drivers/STM32F1xx_HAL_Driver/Src/stm32f1xx_hal_dma.c **** 
 668:Drivers/STM32F1xx_HAL_Driver/Src/stm32f1xx_hal_dma.c ****     /* Change the DMA state */
 669:Drivers/STM32F1xx_HAL_Driver/Src/stm32f1xx_hal_dma.c ****     hdma->State = HAL_DMA_STATE_READY;
 670:Drivers/STM32F1xx_HAL_Driver/Src/stm32f1xx_hal_dma.c **** 
 671:Drivers/STM32F1xx_HAL_Driver/Src/stm32f1xx_hal_dma.c ****     /* Process Unlocked */
 672:Drivers/STM32F1xx_HAL_Driver/Src/stm32f1xx_hal_dma.c ****     __HAL_UNLOCK(hdma);
 673:Drivers/STM32F1xx_HAL_Driver/Src/stm32f1xx_hal_dma.c **** 
 674:Drivers/STM32F1xx_HAL_Driver/Src/stm32f1xx_hal_dma.c ****     if (hdma->XferErrorCallback != NULL)
 675:Drivers/STM32F1xx_HAL_Driver/Src/stm32f1xx_hal_dma.c ****     {
 676:Drivers/STM32F1xx_HAL_Driver/Src/stm32f1xx_hal_dma.c ****       /* Transfer error callback */
 677:Drivers/STM32F1xx_HAL_Driver/Src/stm32f1xx_hal_dma.c ****       hdma->XferErrorCallback(hdma);
 678:Drivers/STM32F1xx_HAL_Driver/Src/stm32f1xx_hal_dma.c ****     }
 679:Drivers/STM32F1xx_HAL_Driver/Src/stm32f1xx_hal_dma.c ****   }
 680:Drivers/STM32F1xx_HAL_Driver/Src/stm32f1xx_hal_dma.c ****   return;
 681:Drivers/STM32F1xx_HAL_Driver/Src/stm32f1xx_hal_dma.c **** }
 682:Drivers/STM32F1xx_HAL_Driver/Src/stm32f1xx_hal_dma.c **** 
 683:Drivers/STM32F1xx_HAL_Driver/Src/stm32f1xx_hal_dma.c **** /**
 684:Drivers/STM32F1xx_HAL_Driver/Src/stm32f1xx_hal_dma.c ****   * @brief Register callbacks
 685:Drivers/STM32F1xx_HAL_Driver/Src/stm32f1xx_hal_dma.c ****   * @param hdma: pointer to a DMA_HandleTypeDef structure that contains
 686:Drivers/STM32F1xx_HAL_Driver/Src/stm32f1xx_hal_dma.c ****   *              the configuration information for the specified DMA Channel.
 687:Drivers/STM32F1xx_HAL_Driver/Src/stm32f1xx_hal_dma.c ****   * @param CallbackID: User Callback identifer
 688:Drivers/STM32F1xx_HAL_Driver/Src/stm32f1xx_hal_dma.c ****   *                    a HAL_DMA_CallbackIDTypeDef ENUM as parameter.
 689:Drivers/STM32F1xx_HAL_Driver/Src/stm32f1xx_hal_dma.c ****   * @param pCallback: pointer to private callbacsk function which has pointer to 
 690:Drivers/STM32F1xx_HAL_Driver/Src/stm32f1xx_hal_dma.c ****   *                   a DMA_HandleTypeDef structure as parameter.
 691:Drivers/STM32F1xx_HAL_Driver/Src/stm32f1xx_hal_dma.c ****   * @retval HAL status
 692:Drivers/STM32F1xx_HAL_Driver/Src/stm32f1xx_hal_dma.c ****   */                          
 693:Drivers/STM32F1xx_HAL_Driver/Src/stm32f1xx_hal_dma.c **** HAL_StatusTypeDef HAL_DMA_RegisterCallback(DMA_HandleTypeDef *hdma, HAL_DMA_CallbackIDTypeDef Callb
 694:Drivers/STM32F1xx_HAL_Driver/Src/stm32f1xx_hal_dma.c **** {
 695:Drivers/STM32F1xx_HAL_Driver/Src/stm32f1xx_hal_dma.c ****   HAL_StatusTypeDef status = HAL_OK;
 696:Drivers/STM32F1xx_HAL_Driver/Src/stm32f1xx_hal_dma.c ****   
 697:Drivers/STM32F1xx_HAL_Driver/Src/stm32f1xx_hal_dma.c ****   /* Process locked */
 698:Drivers/STM32F1xx_HAL_Driver/Src/stm32f1xx_hal_dma.c ****   __HAL_LOCK(hdma);
 699:Drivers/STM32F1xx_HAL_Driver/Src/stm32f1xx_hal_dma.c ****   
 700:Drivers/STM32F1xx_HAL_Driver/Src/stm32f1xx_hal_dma.c ****   if(HAL_DMA_STATE_READY == hdma->State)
 701:Drivers/STM32F1xx_HAL_Driver/Src/stm32f1xx_hal_dma.c ****   {
 702:Drivers/STM32F1xx_HAL_Driver/Src/stm32f1xx_hal_dma.c ****     switch (CallbackID)
 703:Drivers/STM32F1xx_HAL_Driver/Src/stm32f1xx_hal_dma.c ****     {
 704:Drivers/STM32F1xx_HAL_Driver/Src/stm32f1xx_hal_dma.c ****     case  HAL_DMA_XFER_CPLT_CB_ID:
 705:Drivers/STM32F1xx_HAL_Driver/Src/stm32f1xx_hal_dma.c ****       hdma->XferCpltCallback = pCallback;
 706:Drivers/STM32F1xx_HAL_Driver/Src/stm32f1xx_hal_dma.c ****       break;
 707:Drivers/STM32F1xx_HAL_Driver/Src/stm32f1xx_hal_dma.c ****       
 708:Drivers/STM32F1xx_HAL_Driver/Src/stm32f1xx_hal_dma.c ****     case  HAL_DMA_XFER_HALFCPLT_CB_ID:
 709:Drivers/STM32F1xx_HAL_Driver/Src/stm32f1xx_hal_dma.c ****       hdma->XferHalfCpltCallback = pCallback;
 710:Drivers/STM32F1xx_HAL_Driver/Src/stm32f1xx_hal_dma.c ****       break;         
 711:Drivers/STM32F1xx_HAL_Driver/Src/stm32f1xx_hal_dma.c **** 
 712:Drivers/STM32F1xx_HAL_Driver/Src/stm32f1xx_hal_dma.c ****     case  HAL_DMA_XFER_ERROR_CB_ID:
 713:Drivers/STM32F1xx_HAL_Driver/Src/stm32f1xx_hal_dma.c ****       hdma->XferErrorCallback = pCallback;
 714:Drivers/STM32F1xx_HAL_Driver/Src/stm32f1xx_hal_dma.c ****       break;         
 715:Drivers/STM32F1xx_HAL_Driver/Src/stm32f1xx_hal_dma.c ****       
 716:Drivers/STM32F1xx_HAL_Driver/Src/stm32f1xx_hal_dma.c ****     case  HAL_DMA_XFER_ABORT_CB_ID:
ARM GAS  /tmp/ccRUdC2U.s 			page 14


 717:Drivers/STM32F1xx_HAL_Driver/Src/stm32f1xx_hal_dma.c ****       hdma->XferAbortCallback = pCallback;
 718:Drivers/STM32F1xx_HAL_Driver/Src/stm32f1xx_hal_dma.c ****       break; 
 719:Drivers/STM32F1xx_HAL_Driver/Src/stm32f1xx_hal_dma.c ****       
 720:Drivers/STM32F1xx_HAL_Driver/Src/stm32f1xx_hal_dma.c ****     default:
 721:Drivers/STM32F1xx_HAL_Driver/Src/stm32f1xx_hal_dma.c ****       status = HAL_ERROR;
 722:Drivers/STM32F1xx_HAL_Driver/Src/stm32f1xx_hal_dma.c ****       break;                                                            
 723:Drivers/STM32F1xx_HAL_Driver/Src/stm32f1xx_hal_dma.c ****     }
 724:Drivers/STM32F1xx_HAL_Driver/Src/stm32f1xx_hal_dma.c ****   }
 725:Drivers/STM32F1xx_HAL_Driver/Src/stm32f1xx_hal_dma.c ****   else
 726:Drivers/STM32F1xx_HAL_Driver/Src/stm32f1xx_hal_dma.c ****   {
 727:Drivers/STM32F1xx_HAL_Driver/Src/stm32f1xx_hal_dma.c ****     status = HAL_ERROR;
 728:Drivers/STM32F1xx_HAL_Driver/Src/stm32f1xx_hal_dma.c ****   } 
 729:Drivers/STM32F1xx_HAL_Driver/Src/stm32f1xx_hal_dma.c ****   
 730:Drivers/STM32F1xx_HAL_Driver/Src/stm32f1xx_hal_dma.c ****   /* Release Lock */
 731:Drivers/STM32F1xx_HAL_Driver/Src/stm32f1xx_hal_dma.c ****   __HAL_UNLOCK(hdma);
 732:Drivers/STM32F1xx_HAL_Driver/Src/stm32f1xx_hal_dma.c ****   
 733:Drivers/STM32F1xx_HAL_Driver/Src/stm32f1xx_hal_dma.c ****   return status;
 734:Drivers/STM32F1xx_HAL_Driver/Src/stm32f1xx_hal_dma.c **** }
 735:Drivers/STM32F1xx_HAL_Driver/Src/stm32f1xx_hal_dma.c **** 
 736:Drivers/STM32F1xx_HAL_Driver/Src/stm32f1xx_hal_dma.c **** /**
 737:Drivers/STM32F1xx_HAL_Driver/Src/stm32f1xx_hal_dma.c ****   * @brief UnRegister callbacks
 738:Drivers/STM32F1xx_HAL_Driver/Src/stm32f1xx_hal_dma.c ****   * @param hdma: pointer to a DMA_HandleTypeDef structure that contains
 739:Drivers/STM32F1xx_HAL_Driver/Src/stm32f1xx_hal_dma.c ****   *              the configuration information for the specified DMA Channel.
 740:Drivers/STM32F1xx_HAL_Driver/Src/stm32f1xx_hal_dma.c ****   * @param CallbackID: User Callback identifer
 741:Drivers/STM32F1xx_HAL_Driver/Src/stm32f1xx_hal_dma.c ****   *                    a HAL_DMA_CallbackIDTypeDef ENUM as parameter.
 742:Drivers/STM32F1xx_HAL_Driver/Src/stm32f1xx_hal_dma.c ****   * @retval HAL status
 743:Drivers/STM32F1xx_HAL_Driver/Src/stm32f1xx_hal_dma.c ****   */              
 744:Drivers/STM32F1xx_HAL_Driver/Src/stm32f1xx_hal_dma.c **** HAL_StatusTypeDef HAL_DMA_UnRegisterCallback(DMA_HandleTypeDef *hdma, HAL_DMA_CallbackIDTypeDef Cal
 745:Drivers/STM32F1xx_HAL_Driver/Src/stm32f1xx_hal_dma.c **** {
 746:Drivers/STM32F1xx_HAL_Driver/Src/stm32f1xx_hal_dma.c ****   HAL_StatusTypeDef status = HAL_OK;
 747:Drivers/STM32F1xx_HAL_Driver/Src/stm32f1xx_hal_dma.c **** 
 748:Drivers/STM32F1xx_HAL_Driver/Src/stm32f1xx_hal_dma.c ****   /* Process locked */
 749:Drivers/STM32F1xx_HAL_Driver/Src/stm32f1xx_hal_dma.c ****   __HAL_LOCK(hdma);
 750:Drivers/STM32F1xx_HAL_Driver/Src/stm32f1xx_hal_dma.c ****   
 751:Drivers/STM32F1xx_HAL_Driver/Src/stm32f1xx_hal_dma.c ****   if(HAL_DMA_STATE_READY == hdma->State)
 752:Drivers/STM32F1xx_HAL_Driver/Src/stm32f1xx_hal_dma.c ****   {
 753:Drivers/STM32F1xx_HAL_Driver/Src/stm32f1xx_hal_dma.c ****     switch (CallbackID)
 754:Drivers/STM32F1xx_HAL_Driver/Src/stm32f1xx_hal_dma.c ****     {
 755:Drivers/STM32F1xx_HAL_Driver/Src/stm32f1xx_hal_dma.c ****     case  HAL_DMA_XFER_CPLT_CB_ID:
 756:Drivers/STM32F1xx_HAL_Driver/Src/stm32f1xx_hal_dma.c ****       hdma->XferCpltCallback = NULL;
 757:Drivers/STM32F1xx_HAL_Driver/Src/stm32f1xx_hal_dma.c ****       break;
 758:Drivers/STM32F1xx_HAL_Driver/Src/stm32f1xx_hal_dma.c **** 
 759:Drivers/STM32F1xx_HAL_Driver/Src/stm32f1xx_hal_dma.c ****     case  HAL_DMA_XFER_HALFCPLT_CB_ID:
 760:Drivers/STM32F1xx_HAL_Driver/Src/stm32f1xx_hal_dma.c ****       hdma->XferHalfCpltCallback = NULL;
 761:Drivers/STM32F1xx_HAL_Driver/Src/stm32f1xx_hal_dma.c ****       break;         
 762:Drivers/STM32F1xx_HAL_Driver/Src/stm32f1xx_hal_dma.c **** 
 763:Drivers/STM32F1xx_HAL_Driver/Src/stm32f1xx_hal_dma.c ****     case  HAL_DMA_XFER_ERROR_CB_ID:
 764:Drivers/STM32F1xx_HAL_Driver/Src/stm32f1xx_hal_dma.c ****       hdma->XferErrorCallback = NULL;
 765:Drivers/STM32F1xx_HAL_Driver/Src/stm32f1xx_hal_dma.c ****       break;         
 766:Drivers/STM32F1xx_HAL_Driver/Src/stm32f1xx_hal_dma.c **** 
 767:Drivers/STM32F1xx_HAL_Driver/Src/stm32f1xx_hal_dma.c ****     case  HAL_DMA_XFER_ABORT_CB_ID:
 768:Drivers/STM32F1xx_HAL_Driver/Src/stm32f1xx_hal_dma.c ****       hdma->XferAbortCallback = NULL;
 769:Drivers/STM32F1xx_HAL_Driver/Src/stm32f1xx_hal_dma.c ****       break; 
 770:Drivers/STM32F1xx_HAL_Driver/Src/stm32f1xx_hal_dma.c **** 
 771:Drivers/STM32F1xx_HAL_Driver/Src/stm32f1xx_hal_dma.c ****     case   HAL_DMA_XFER_ALL_CB_ID:
 772:Drivers/STM32F1xx_HAL_Driver/Src/stm32f1xx_hal_dma.c ****       hdma->XferCpltCallback = NULL;
 773:Drivers/STM32F1xx_HAL_Driver/Src/stm32f1xx_hal_dma.c ****       hdma->XferHalfCpltCallback = NULL;
ARM GAS  /tmp/ccRUdC2U.s 			page 15


 774:Drivers/STM32F1xx_HAL_Driver/Src/stm32f1xx_hal_dma.c ****       hdma->XferErrorCallback = NULL;
 775:Drivers/STM32F1xx_HAL_Driver/Src/stm32f1xx_hal_dma.c ****       hdma->XferAbortCallback = NULL;
 776:Drivers/STM32F1xx_HAL_Driver/Src/stm32f1xx_hal_dma.c ****       break; 
 777:Drivers/STM32F1xx_HAL_Driver/Src/stm32f1xx_hal_dma.c **** 
 778:Drivers/STM32F1xx_HAL_Driver/Src/stm32f1xx_hal_dma.c ****     default:
 779:Drivers/STM32F1xx_HAL_Driver/Src/stm32f1xx_hal_dma.c ****       status = HAL_ERROR;
 780:Drivers/STM32F1xx_HAL_Driver/Src/stm32f1xx_hal_dma.c ****       break;
 781:Drivers/STM32F1xx_HAL_Driver/Src/stm32f1xx_hal_dma.c ****     }
 782:Drivers/STM32F1xx_HAL_Driver/Src/stm32f1xx_hal_dma.c ****   }
 783:Drivers/STM32F1xx_HAL_Driver/Src/stm32f1xx_hal_dma.c ****   else
 784:Drivers/STM32F1xx_HAL_Driver/Src/stm32f1xx_hal_dma.c ****   {
 785:Drivers/STM32F1xx_HAL_Driver/Src/stm32f1xx_hal_dma.c ****     status = HAL_ERROR;
 786:Drivers/STM32F1xx_HAL_Driver/Src/stm32f1xx_hal_dma.c ****   } 
 787:Drivers/STM32F1xx_HAL_Driver/Src/stm32f1xx_hal_dma.c ****   
 788:Drivers/STM32F1xx_HAL_Driver/Src/stm32f1xx_hal_dma.c ****   /* Release Lock */
 789:Drivers/STM32F1xx_HAL_Driver/Src/stm32f1xx_hal_dma.c ****   __HAL_UNLOCK(hdma);
 790:Drivers/STM32F1xx_HAL_Driver/Src/stm32f1xx_hal_dma.c ****   
 791:Drivers/STM32F1xx_HAL_Driver/Src/stm32f1xx_hal_dma.c ****   return status;
 792:Drivers/STM32F1xx_HAL_Driver/Src/stm32f1xx_hal_dma.c **** }
 793:Drivers/STM32F1xx_HAL_Driver/Src/stm32f1xx_hal_dma.c ****   
 794:Drivers/STM32F1xx_HAL_Driver/Src/stm32f1xx_hal_dma.c **** /**
 795:Drivers/STM32F1xx_HAL_Driver/Src/stm32f1xx_hal_dma.c ****   * @}
 796:Drivers/STM32F1xx_HAL_Driver/Src/stm32f1xx_hal_dma.c ****   */
 797:Drivers/STM32F1xx_HAL_Driver/Src/stm32f1xx_hal_dma.c **** 
 798:Drivers/STM32F1xx_HAL_Driver/Src/stm32f1xx_hal_dma.c **** /** @defgroup DMA_Exported_Functions_Group3 Peripheral State and Errors functions
 799:Drivers/STM32F1xx_HAL_Driver/Src/stm32f1xx_hal_dma.c ****   *  @brief    Peripheral State and Errors functions
 800:Drivers/STM32F1xx_HAL_Driver/Src/stm32f1xx_hal_dma.c ****   *
 801:Drivers/STM32F1xx_HAL_Driver/Src/stm32f1xx_hal_dma.c **** @verbatim
 802:Drivers/STM32F1xx_HAL_Driver/Src/stm32f1xx_hal_dma.c ****  ===============================================================================
 803:Drivers/STM32F1xx_HAL_Driver/Src/stm32f1xx_hal_dma.c ****             ##### Peripheral State and Errors functions #####
 804:Drivers/STM32F1xx_HAL_Driver/Src/stm32f1xx_hal_dma.c ****  ===============================================================================  
 805:Drivers/STM32F1xx_HAL_Driver/Src/stm32f1xx_hal_dma.c ****     [..]
 806:Drivers/STM32F1xx_HAL_Driver/Src/stm32f1xx_hal_dma.c ****     This subsection provides functions allowing to
 807:Drivers/STM32F1xx_HAL_Driver/Src/stm32f1xx_hal_dma.c ****       (+) Check the DMA state
 808:Drivers/STM32F1xx_HAL_Driver/Src/stm32f1xx_hal_dma.c ****       (+) Get error code
 809:Drivers/STM32F1xx_HAL_Driver/Src/stm32f1xx_hal_dma.c **** 
 810:Drivers/STM32F1xx_HAL_Driver/Src/stm32f1xx_hal_dma.c **** @endverbatim
 811:Drivers/STM32F1xx_HAL_Driver/Src/stm32f1xx_hal_dma.c ****   * @{
 812:Drivers/STM32F1xx_HAL_Driver/Src/stm32f1xx_hal_dma.c ****   */
 813:Drivers/STM32F1xx_HAL_Driver/Src/stm32f1xx_hal_dma.c **** 
 814:Drivers/STM32F1xx_HAL_Driver/Src/stm32f1xx_hal_dma.c **** /**
 815:Drivers/STM32F1xx_HAL_Driver/Src/stm32f1xx_hal_dma.c ****   * @brief  Return the DMA hande state.
 816:Drivers/STM32F1xx_HAL_Driver/Src/stm32f1xx_hal_dma.c ****   * @param  hdma: pointer to a DMA_HandleTypeDef structure that contains
 817:Drivers/STM32F1xx_HAL_Driver/Src/stm32f1xx_hal_dma.c ****   *               the configuration information for the specified DMA Channel.
 818:Drivers/STM32F1xx_HAL_Driver/Src/stm32f1xx_hal_dma.c ****   * @retval HAL state
 819:Drivers/STM32F1xx_HAL_Driver/Src/stm32f1xx_hal_dma.c ****   */
 820:Drivers/STM32F1xx_HAL_Driver/Src/stm32f1xx_hal_dma.c **** HAL_DMA_StateTypeDef HAL_DMA_GetState(DMA_HandleTypeDef *hdma)
 821:Drivers/STM32F1xx_HAL_Driver/Src/stm32f1xx_hal_dma.c **** {
 822:Drivers/STM32F1xx_HAL_Driver/Src/stm32f1xx_hal_dma.c ****   /* Return DMA handle state */
 823:Drivers/STM32F1xx_HAL_Driver/Src/stm32f1xx_hal_dma.c ****   return hdma->State;
 824:Drivers/STM32F1xx_HAL_Driver/Src/stm32f1xx_hal_dma.c **** }
 825:Drivers/STM32F1xx_HAL_Driver/Src/stm32f1xx_hal_dma.c **** 
 826:Drivers/STM32F1xx_HAL_Driver/Src/stm32f1xx_hal_dma.c **** /**
 827:Drivers/STM32F1xx_HAL_Driver/Src/stm32f1xx_hal_dma.c ****   * @brief  Return the DMA error code.
 828:Drivers/STM32F1xx_HAL_Driver/Src/stm32f1xx_hal_dma.c ****   * @param  hdma : pointer to a DMA_HandleTypeDef structure that contains
 829:Drivers/STM32F1xx_HAL_Driver/Src/stm32f1xx_hal_dma.c ****   *              the configuration information for the specified DMA Channel.
 830:Drivers/STM32F1xx_HAL_Driver/Src/stm32f1xx_hal_dma.c ****   * @retval DMA Error Code
ARM GAS  /tmp/ccRUdC2U.s 			page 16


 831:Drivers/STM32F1xx_HAL_Driver/Src/stm32f1xx_hal_dma.c ****   */
 832:Drivers/STM32F1xx_HAL_Driver/Src/stm32f1xx_hal_dma.c **** uint32_t HAL_DMA_GetError(DMA_HandleTypeDef *hdma)
 833:Drivers/STM32F1xx_HAL_Driver/Src/stm32f1xx_hal_dma.c **** {
 834:Drivers/STM32F1xx_HAL_Driver/Src/stm32f1xx_hal_dma.c ****   return hdma->ErrorCode;
 835:Drivers/STM32F1xx_HAL_Driver/Src/stm32f1xx_hal_dma.c **** }
 836:Drivers/STM32F1xx_HAL_Driver/Src/stm32f1xx_hal_dma.c **** 
 837:Drivers/STM32F1xx_HAL_Driver/Src/stm32f1xx_hal_dma.c **** /**
 838:Drivers/STM32F1xx_HAL_Driver/Src/stm32f1xx_hal_dma.c ****   * @}
 839:Drivers/STM32F1xx_HAL_Driver/Src/stm32f1xx_hal_dma.c ****   */
 840:Drivers/STM32F1xx_HAL_Driver/Src/stm32f1xx_hal_dma.c **** 
 841:Drivers/STM32F1xx_HAL_Driver/Src/stm32f1xx_hal_dma.c **** /**
 842:Drivers/STM32F1xx_HAL_Driver/Src/stm32f1xx_hal_dma.c ****   * @}
 843:Drivers/STM32F1xx_HAL_Driver/Src/stm32f1xx_hal_dma.c ****   */
 844:Drivers/STM32F1xx_HAL_Driver/Src/stm32f1xx_hal_dma.c **** 
 845:Drivers/STM32F1xx_HAL_Driver/Src/stm32f1xx_hal_dma.c **** /** @addtogroup DMA_Private_Functions
 846:Drivers/STM32F1xx_HAL_Driver/Src/stm32f1xx_hal_dma.c ****   * @{
 847:Drivers/STM32F1xx_HAL_Driver/Src/stm32f1xx_hal_dma.c ****   */
 848:Drivers/STM32F1xx_HAL_Driver/Src/stm32f1xx_hal_dma.c **** 
 849:Drivers/STM32F1xx_HAL_Driver/Src/stm32f1xx_hal_dma.c **** /**
 850:Drivers/STM32F1xx_HAL_Driver/Src/stm32f1xx_hal_dma.c ****   * @brief  Sets the DMA Transfer parameter.
 851:Drivers/STM32F1xx_HAL_Driver/Src/stm32f1xx_hal_dma.c ****   * @param  hdma:       pointer to a DMA_HandleTypeDef structure that contains
 852:Drivers/STM32F1xx_HAL_Driver/Src/stm32f1xx_hal_dma.c ****   *                     the configuration information for the specified DMA Channel.
 853:Drivers/STM32F1xx_HAL_Driver/Src/stm32f1xx_hal_dma.c ****   * @param  SrcAddress: The source memory Buffer address
 854:Drivers/STM32F1xx_HAL_Driver/Src/stm32f1xx_hal_dma.c ****   * @param  DstAddress: The destination memory Buffer address
 855:Drivers/STM32F1xx_HAL_Driver/Src/stm32f1xx_hal_dma.c ****   * @param  DataLength: The length of data to be transferred from source to destination
 856:Drivers/STM32F1xx_HAL_Driver/Src/stm32f1xx_hal_dma.c ****   * @retval HAL status
 857:Drivers/STM32F1xx_HAL_Driver/Src/stm32f1xx_hal_dma.c ****   */
 858:Drivers/STM32F1xx_HAL_Driver/Src/stm32f1xx_hal_dma.c **** static void DMA_SetConfig(DMA_HandleTypeDef *hdma, uint32_t SrcAddress, uint32_t DstAddress, uint32
 859:Drivers/STM32F1xx_HAL_Driver/Src/stm32f1xx_hal_dma.c **** {
  27              		.loc 1 859 1 view -0
  28              		.cfi_startproc
  29              		@ args = 0, pretend = 0, frame = 0
  30              		@ frame_needed = 0, uses_anonymous_args = 0
  31              		@ link register save eliminated.
  32              		.loc 1 859 1 is_stmt 0 view .LVU1
  33 0000 30B4     		push	{r4, r5}
  34              	.LCFI0:
  35              		.cfi_def_cfa_offset 8
  36              		.cfi_offset 4, -8
  37              		.cfi_offset 5, -4
 860:Drivers/STM32F1xx_HAL_Driver/Src/stm32f1xx_hal_dma.c ****   /* Clear all flags */
 861:Drivers/STM32F1xx_HAL_Driver/Src/stm32f1xx_hal_dma.c ****   hdma->DmaBaseAddress->IFCR = (DMA_ISR_GIF1 << hdma->ChannelIndex);
  38              		.loc 1 861 3 is_stmt 1 view .LVU2
  39              		.loc 1 861 46 is_stmt 0 view .LVU3
  40 0002 0124     		movs	r4, #1
  41 0004 056C     		ldr	r5, [r0, #64]
  42 0006 AC40     		lsls	r4, r4, r5
  43              		.loc 1 861 30 view .LVU4
  44 0008 C56B     		ldr	r5, [r0, #60]
  45 000a 6C60     		str	r4, [r5, #4]
 862:Drivers/STM32F1xx_HAL_Driver/Src/stm32f1xx_hal_dma.c **** 
 863:Drivers/STM32F1xx_HAL_Driver/Src/stm32f1xx_hal_dma.c ****   /* Configure DMA Channel data length */
 864:Drivers/STM32F1xx_HAL_Driver/Src/stm32f1xx_hal_dma.c ****   hdma->Instance->CNDTR = DataLength;
  46              		.loc 1 864 3 is_stmt 1 view .LVU5
  47              		.loc 1 864 7 is_stmt 0 view .LVU6
  48 000c 0468     		ldr	r4, [r0]
  49              		.loc 1 864 25 view .LVU7
ARM GAS  /tmp/ccRUdC2U.s 			page 17


  50 000e 6360     		str	r3, [r4, #4]
 865:Drivers/STM32F1xx_HAL_Driver/Src/stm32f1xx_hal_dma.c **** 
 866:Drivers/STM32F1xx_HAL_Driver/Src/stm32f1xx_hal_dma.c ****   /* Memory to Peripheral */
 867:Drivers/STM32F1xx_HAL_Driver/Src/stm32f1xx_hal_dma.c ****   if((hdma->Init.Direction) == DMA_MEMORY_TO_PERIPH)
  51              		.loc 1 867 3 is_stmt 1 view .LVU8
  52              		.loc 1 867 17 is_stmt 0 view .LVU9
  53 0010 4368     		ldr	r3, [r0, #4]
  54              	.LVL1:
  55              		.loc 1 867 5 view .LVU10
  56 0012 102B     		cmp	r3, #16
  57 0014 05D0     		beq	.L5
 868:Drivers/STM32F1xx_HAL_Driver/Src/stm32f1xx_hal_dma.c ****   {
 869:Drivers/STM32F1xx_HAL_Driver/Src/stm32f1xx_hal_dma.c ****     /* Configure DMA Channel destination address */
 870:Drivers/STM32F1xx_HAL_Driver/Src/stm32f1xx_hal_dma.c ****     hdma->Instance->CPAR = DstAddress;
 871:Drivers/STM32F1xx_HAL_Driver/Src/stm32f1xx_hal_dma.c **** 
 872:Drivers/STM32F1xx_HAL_Driver/Src/stm32f1xx_hal_dma.c ****     /* Configure DMA Channel source address */
 873:Drivers/STM32F1xx_HAL_Driver/Src/stm32f1xx_hal_dma.c ****     hdma->Instance->CMAR = SrcAddress;
 874:Drivers/STM32F1xx_HAL_Driver/Src/stm32f1xx_hal_dma.c ****   }
 875:Drivers/STM32F1xx_HAL_Driver/Src/stm32f1xx_hal_dma.c ****   /* Peripheral to Memory */
 876:Drivers/STM32F1xx_HAL_Driver/Src/stm32f1xx_hal_dma.c ****   else
 877:Drivers/STM32F1xx_HAL_Driver/Src/stm32f1xx_hal_dma.c ****   {
 878:Drivers/STM32F1xx_HAL_Driver/Src/stm32f1xx_hal_dma.c ****     /* Configure DMA Channel source address */
 879:Drivers/STM32F1xx_HAL_Driver/Src/stm32f1xx_hal_dma.c ****     hdma->Instance->CPAR = SrcAddress;
  58              		.loc 1 879 5 is_stmt 1 view .LVU11
  59              		.loc 1 879 9 is_stmt 0 view .LVU12
  60 0016 0368     		ldr	r3, [r0]
  61              		.loc 1 879 26 view .LVU13
  62 0018 9960     		str	r1, [r3, #8]
  63              	.LVL2:
 880:Drivers/STM32F1xx_HAL_Driver/Src/stm32f1xx_hal_dma.c **** 
 881:Drivers/STM32F1xx_HAL_Driver/Src/stm32f1xx_hal_dma.c ****     /* Configure DMA Channel destination address */
 882:Drivers/STM32F1xx_HAL_Driver/Src/stm32f1xx_hal_dma.c ****     hdma->Instance->CMAR = DstAddress;
  64              		.loc 1 882 5 is_stmt 1 view .LVU14
  65              		.loc 1 882 9 is_stmt 0 view .LVU15
  66 001a 0368     		ldr	r3, [r0]
  67              		.loc 1 882 26 view .LVU16
  68 001c DA60     		str	r2, [r3, #12]
  69              	.L1:
 883:Drivers/STM32F1xx_HAL_Driver/Src/stm32f1xx_hal_dma.c ****   }
 884:Drivers/STM32F1xx_HAL_Driver/Src/stm32f1xx_hal_dma.c **** }
  70              		.loc 1 884 1 view .LVU17
  71 001e 30BC     		pop	{r4, r5}
  72              	.LCFI1:
  73              		.cfi_remember_state
  74              		.cfi_restore 5
  75              		.cfi_restore 4
  76              		.cfi_def_cfa_offset 0
  77 0020 7047     		bx	lr
  78              	.LVL3:
  79              	.L5:
  80              	.LCFI2:
  81              		.cfi_restore_state
 870:Drivers/STM32F1xx_HAL_Driver/Src/stm32f1xx_hal_dma.c **** 
  82              		.loc 1 870 5 is_stmt 1 view .LVU18
 870:Drivers/STM32F1xx_HAL_Driver/Src/stm32f1xx_hal_dma.c **** 
  83              		.loc 1 870 9 is_stmt 0 view .LVU19
  84 0022 0368     		ldr	r3, [r0]
ARM GAS  /tmp/ccRUdC2U.s 			page 18


 870:Drivers/STM32F1xx_HAL_Driver/Src/stm32f1xx_hal_dma.c **** 
  85              		.loc 1 870 26 view .LVU20
  86 0024 9A60     		str	r2, [r3, #8]
  87              	.LVL4:
 873:Drivers/STM32F1xx_HAL_Driver/Src/stm32f1xx_hal_dma.c ****   }
  88              		.loc 1 873 5 is_stmt 1 view .LVU21
 873:Drivers/STM32F1xx_HAL_Driver/Src/stm32f1xx_hal_dma.c ****   }
  89              		.loc 1 873 9 is_stmt 0 view .LVU22
  90 0026 0368     		ldr	r3, [r0]
 873:Drivers/STM32F1xx_HAL_Driver/Src/stm32f1xx_hal_dma.c ****   }
  91              		.loc 1 873 26 view .LVU23
  92 0028 D960     		str	r1, [r3, #12]
  93 002a F8E7     		b	.L1
  94              		.cfi_endproc
  95              	.LFE77:
  97              		.section	.text.HAL_DMA_Init,"ax",%progbits
  98              		.align	1
  99              		.global	HAL_DMA_Init
 100              		.syntax unified
 101              		.thumb
 102              		.thumb_func
 104              	HAL_DMA_Init:
 105              	.LVL5:
 106              	.LFB65:
 144:Drivers/STM32F1xx_HAL_Driver/Src/stm32f1xx_hal_dma.c ****   uint32_t tmp = 0U;
 107              		.loc 1 144 1 is_stmt 1 view -0
 108              		.cfi_startproc
 109              		@ args = 0, pretend = 0, frame = 0
 110              		@ frame_needed = 0, uses_anonymous_args = 0
 111              		@ link register save eliminated.
 145:Drivers/STM32F1xx_HAL_Driver/Src/stm32f1xx_hal_dma.c **** 
 112              		.loc 1 145 3 view .LVU25
 148:Drivers/STM32F1xx_HAL_Driver/Src/stm32f1xx_hal_dma.c ****   {
 113              		.loc 1 148 3 view .LVU26
 148:Drivers/STM32F1xx_HAL_Driver/Src/stm32f1xx_hal_dma.c ****   {
 114              		.loc 1 148 5 is_stmt 0 view .LVU27
 115 0000 50B3     		cbz	r0, .L8
 144:Drivers/STM32F1xx_HAL_Driver/Src/stm32f1xx_hal_dma.c ****   uint32_t tmp = 0U;
 116              		.loc 1 144 1 view .LVU28
 117 0002 10B4     		push	{r4}
 118              	.LCFI3:
 119              		.cfi_def_cfa_offset 4
 120              		.cfi_offset 4, -4
 121 0004 0246     		mov	r2, r0
 154:Drivers/STM32F1xx_HAL_Driver/Src/stm32f1xx_hal_dma.c ****   assert_param(IS_DMA_DIRECTION(hdma->Init.Direction));
 122              		.loc 1 154 3 is_stmt 1 view .LVU29
 155:Drivers/STM32F1xx_HAL_Driver/Src/stm32f1xx_hal_dma.c ****   assert_param(IS_DMA_PERIPHERAL_INC_STATE(hdma->Init.PeriphInc));
 123              		.loc 1 155 3 view .LVU30
 156:Drivers/STM32F1xx_HAL_Driver/Src/stm32f1xx_hal_dma.c ****   assert_param(IS_DMA_MEMORY_INC_STATE(hdma->Init.MemInc));
 124              		.loc 1 156 3 view .LVU31
 157:Drivers/STM32F1xx_HAL_Driver/Src/stm32f1xx_hal_dma.c ****   assert_param(IS_DMA_PERIPHERAL_DATA_SIZE(hdma->Init.PeriphDataAlignment));
 125              		.loc 1 157 3 view .LVU32
 158:Drivers/STM32F1xx_HAL_Driver/Src/stm32f1xx_hal_dma.c ****   assert_param(IS_DMA_MEMORY_DATA_SIZE(hdma->Init.MemDataAlignment));
 126              		.loc 1 158 3 view .LVU33
 159:Drivers/STM32F1xx_HAL_Driver/Src/stm32f1xx_hal_dma.c ****   assert_param(IS_DMA_MODE(hdma->Init.Mode));
 127              		.loc 1 159 3 view .LVU34
 160:Drivers/STM32F1xx_HAL_Driver/Src/stm32f1xx_hal_dma.c ****   assert_param(IS_DMA_PRIORITY(hdma->Init.Priority));
ARM GAS  /tmp/ccRUdC2U.s 			page 19


 128              		.loc 1 160 3 view .LVU35
 161:Drivers/STM32F1xx_HAL_Driver/Src/stm32f1xx_hal_dma.c **** 
 129              		.loc 1 161 3 view .LVU36
 179:Drivers/STM32F1xx_HAL_Driver/Src/stm32f1xx_hal_dma.c ****   hdma->DmaBaseAddress = DMA1;
 130              		.loc 1 179 3 view .LVU37
 179:Drivers/STM32F1xx_HAL_Driver/Src/stm32f1xx_hal_dma.c ****   hdma->DmaBaseAddress = DMA1;
 131              		.loc 1 179 40 is_stmt 0 view .LVU38
 132 0006 0168     		ldr	r1, [r0]
 179:Drivers/STM32F1xx_HAL_Driver/Src/stm32f1xx_hal_dma.c ****   hdma->DmaBaseAddress = DMA1;
 133              		.loc 1 179 51 view .LVU39
 134 0008 144B     		ldr	r3, .L13
 135 000a 0B44     		add	r3, r3, r1
 179:Drivers/STM32F1xx_HAL_Driver/Src/stm32f1xx_hal_dma.c ****   hdma->DmaBaseAddress = DMA1;
 136              		.loc 1 179 78 view .LVU40
 137 000c 1448     		ldr	r0, .L13+4
 138              	.LVL6:
 179:Drivers/STM32F1xx_HAL_Driver/Src/stm32f1xx_hal_dma.c ****   hdma->DmaBaseAddress = DMA1;
 139              		.loc 1 179 78 view .LVU41
 140 000e A0FB0303 		umull	r0, r3, r0, r3
 141 0012 1B09     		lsrs	r3, r3, #4
 179:Drivers/STM32F1xx_HAL_Driver/Src/stm32f1xx_hal_dma.c ****   hdma->DmaBaseAddress = DMA1;
 142              		.loc 1 179 133 view .LVU42
 143 0014 9B00     		lsls	r3, r3, #2
 179:Drivers/STM32F1xx_HAL_Driver/Src/stm32f1xx_hal_dma.c ****   hdma->DmaBaseAddress = DMA1;
 144              		.loc 1 179 22 view .LVU43
 145 0016 1364     		str	r3, [r2, #64]
 180:Drivers/STM32F1xx_HAL_Driver/Src/stm32f1xx_hal_dma.c **** #endif /* DMA2 */
 146              		.loc 1 180 3 is_stmt 1 view .LVU44
 180:Drivers/STM32F1xx_HAL_Driver/Src/stm32f1xx_hal_dma.c **** #endif /* DMA2 */
 147              		.loc 1 180 24 is_stmt 0 view .LVU45
 148 0018 124B     		ldr	r3, .L13+8
 149 001a D363     		str	r3, [r2, #60]
 184:Drivers/STM32F1xx_HAL_Driver/Src/stm32f1xx_hal_dma.c **** 
 150              		.loc 1 184 3 is_stmt 1 view .LVU46
 184:Drivers/STM32F1xx_HAL_Driver/Src/stm32f1xx_hal_dma.c **** 
 151              		.loc 1 184 15 is_stmt 0 view .LVU47
 152 001c 0223     		movs	r3, #2
 153 001e 82F82130 		strb	r3, [r2, #33]
 187:Drivers/STM32F1xx_HAL_Driver/Src/stm32f1xx_hal_dma.c **** 
 154              		.loc 1 187 3 is_stmt 1 view .LVU48
 187:Drivers/STM32F1xx_HAL_Driver/Src/stm32f1xx_hal_dma.c **** 
 155              		.loc 1 187 7 is_stmt 0 view .LVU49
 156 0022 0868     		ldr	r0, [r1]
 157              	.LVL7:
 190:Drivers/STM32F1xx_HAL_Driver/Src/stm32f1xx_hal_dma.c ****                       DMA_CCR_MINC  | DMA_CCR_PINC   | DMA_CCR_CIRC   | \
 158              		.loc 1 190 3 is_stmt 1 view .LVU50
 190:Drivers/STM32F1xx_HAL_Driver/Src/stm32f1xx_hal_dma.c ****                       DMA_CCR_MINC  | DMA_CCR_PINC   | DMA_CCR_CIRC   | \
 159              		.loc 1 190 7 is_stmt 0 view .LVU51
 160 0024 6FF30D10 		bfc	r0, #4, #10
 161              	.LVL8:
 195:Drivers/STM32F1xx_HAL_Driver/Src/stm32f1xx_hal_dma.c ****           hdma->Init.PeriphInc           | hdma->Init.MemInc           |
 162              		.loc 1 195 3 is_stmt 1 view .LVU52
 195:Drivers/STM32F1xx_HAL_Driver/Src/stm32f1xx_hal_dma.c ****           hdma->Init.PeriphInc           | hdma->Init.MemInc           |
 163              		.loc 1 195 21 is_stmt 0 view .LVU53
 164 0028 5368     		ldr	r3, [r2, #4]
 195:Drivers/STM32F1xx_HAL_Driver/Src/stm32f1xx_hal_dma.c ****           hdma->Init.PeriphInc           | hdma->Init.MemInc           |
 165              		.loc 1 195 39 view .LVU54
ARM GAS  /tmp/ccRUdC2U.s 			page 20


 166 002a 9468     		ldr	r4, [r2, #8]
 167 002c 2343     		orrs	r3, r3, r4
 196:Drivers/STM32F1xx_HAL_Driver/Src/stm32f1xx_hal_dma.c ****           hdma->Init.PeriphDataAlignment | hdma->Init.MemDataAlignment |
 168              		.loc 1 196 42 view .LVU55
 169 002e D468     		ldr	r4, [r2, #12]
 170 0030 2343     		orrs	r3, r3, r4
 196:Drivers/STM32F1xx_HAL_Driver/Src/stm32f1xx_hal_dma.c ****           hdma->Init.PeriphDataAlignment | hdma->Init.MemDataAlignment |
 171              		.loc 1 196 72 view .LVU56
 172 0032 1469     		ldr	r4, [r2, #16]
 173 0034 2343     		orrs	r3, r3, r4
 197:Drivers/STM32F1xx_HAL_Driver/Src/stm32f1xx_hal_dma.c ****           hdma->Init.Mode                | hdma->Init.Priority;
 174              		.loc 1 197 42 view .LVU57
 175 0036 5469     		ldr	r4, [r2, #20]
 176 0038 2343     		orrs	r3, r3, r4
 197:Drivers/STM32F1xx_HAL_Driver/Src/stm32f1xx_hal_dma.c ****           hdma->Init.Mode                | hdma->Init.Priority;
 177              		.loc 1 197 72 view .LVU58
 178 003a 9469     		ldr	r4, [r2, #24]
 179 003c 2343     		orrs	r3, r3, r4
 198:Drivers/STM32F1xx_HAL_Driver/Src/stm32f1xx_hal_dma.c **** 
 180              		.loc 1 198 42 view .LVU59
 181 003e D469     		ldr	r4, [r2, #28]
 182 0040 2343     		orrs	r3, r3, r4
 195:Drivers/STM32F1xx_HAL_Driver/Src/stm32f1xx_hal_dma.c ****           hdma->Init.PeriphInc           | hdma->Init.MemInc           |
 183              		.loc 1 195 7 view .LVU60
 184 0042 0343     		orrs	r3, r3, r0
 185              	.LVL9:
 201:Drivers/STM32F1xx_HAL_Driver/Src/stm32f1xx_hal_dma.c **** 
 186              		.loc 1 201 3 is_stmt 1 view .LVU61
 201:Drivers/STM32F1xx_HAL_Driver/Src/stm32f1xx_hal_dma.c **** 
 187              		.loc 1 201 23 is_stmt 0 view .LVU62
 188 0044 0B60     		str	r3, [r1]
 204:Drivers/STM32F1xx_HAL_Driver/Src/stm32f1xx_hal_dma.c **** 
 189              		.loc 1 204 3 is_stmt 1 view .LVU63
 204:Drivers/STM32F1xx_HAL_Driver/Src/stm32f1xx_hal_dma.c **** 
 190              		.loc 1 204 19 is_stmt 0 view .LVU64
 191 0046 0020     		movs	r0, #0
 192 0048 9063     		str	r0, [r2, #56]
 207:Drivers/STM32F1xx_HAL_Driver/Src/stm32f1xx_hal_dma.c ****   /* Allocate lock resource and initialize it */
 193              		.loc 1 207 3 is_stmt 1 view .LVU65
 207:Drivers/STM32F1xx_HAL_Driver/Src/stm32f1xx_hal_dma.c ****   /* Allocate lock resource and initialize it */
 194              		.loc 1 207 15 is_stmt 0 view .LVU66
 195 004a 0123     		movs	r3, #1
 196              	.LVL10:
 207:Drivers/STM32F1xx_HAL_Driver/Src/stm32f1xx_hal_dma.c ****   /* Allocate lock resource and initialize it */
 197              		.loc 1 207 15 view .LVU67
 198 004c 82F82130 		strb	r3, [r2, #33]
 209:Drivers/STM32F1xx_HAL_Driver/Src/stm32f1xx_hal_dma.c **** 
 199              		.loc 1 209 3 is_stmt 1 view .LVU68
 209:Drivers/STM32F1xx_HAL_Driver/Src/stm32f1xx_hal_dma.c **** 
 200              		.loc 1 209 14 is_stmt 0 view .LVU69
 201 0050 82F82000 		strb	r0, [r2, #32]
 211:Drivers/STM32F1xx_HAL_Driver/Src/stm32f1xx_hal_dma.c **** }
 202              		.loc 1 211 3 is_stmt 1 view .LVU70
 212:Drivers/STM32F1xx_HAL_Driver/Src/stm32f1xx_hal_dma.c **** 
 203              		.loc 1 212 1 is_stmt 0 view .LVU71
 204 0054 10BC     		pop	{r4}
 205              	.LCFI4:
ARM GAS  /tmp/ccRUdC2U.s 			page 21


 206              		.cfi_restore 4
 207              		.cfi_def_cfa_offset 0
 208 0056 7047     		bx	lr
 209              	.LVL11:
 210              	.L8:
 150:Drivers/STM32F1xx_HAL_Driver/Src/stm32f1xx_hal_dma.c ****   }
 211              		.loc 1 150 12 view .LVU72
 212 0058 0120     		movs	r0, #1
 213              	.LVL12:
 212:Drivers/STM32F1xx_HAL_Driver/Src/stm32f1xx_hal_dma.c **** 
 214              		.loc 1 212 1 view .LVU73
 215 005a 7047     		bx	lr
 216              	.L14:
 217              		.align	2
 218              	.L13:
 219 005c F8FFFDBF 		.word	-1073872904
 220 0060 CDCCCCCC 		.word	-858993459
 221 0064 00000240 		.word	1073872896
 222              		.cfi_endproc
 223              	.LFE65:
 225              		.section	.text.HAL_DMA_DeInit,"ax",%progbits
 226              		.align	1
 227              		.global	HAL_DMA_DeInit
 228              		.syntax unified
 229              		.thumb
 230              		.thumb_func
 232              	HAL_DMA_DeInit:
 233              	.LVL13:
 234              	.LFB66:
 221:Drivers/STM32F1xx_HAL_Driver/Src/stm32f1xx_hal_dma.c ****   /* Check the DMA handle allocation */
 235              		.loc 1 221 1 is_stmt 1 view -0
 236              		.cfi_startproc
 237              		@ args = 0, pretend = 0, frame = 0
 238              		@ frame_needed = 0, uses_anonymous_args = 0
 239              		@ link register save eliminated.
 223:Drivers/STM32F1xx_HAL_Driver/Src/stm32f1xx_hal_dma.c ****   {
 240              		.loc 1 223 3 view .LVU75
 223:Drivers/STM32F1xx_HAL_Driver/Src/stm32f1xx_hal_dma.c ****   {
 241              		.loc 1 223 5 is_stmt 0 view .LVU76
 242 0000 0028     		cmp	r0, #0
 243 0002 29D0     		beq	.L17
 221:Drivers/STM32F1xx_HAL_Driver/Src/stm32f1xx_hal_dma.c ****   /* Check the DMA handle allocation */
 244              		.loc 1 221 1 view .LVU77
 245 0004 10B4     		push	{r4}
 246              	.LCFI5:
 247              		.cfi_def_cfa_offset 4
 248              		.cfi_offset 4, -4
 249 0006 0346     		mov	r3, r0
 229:Drivers/STM32F1xx_HAL_Driver/Src/stm32f1xx_hal_dma.c **** 
 250              		.loc 1 229 3 is_stmt 1 view .LVU78
 232:Drivers/STM32F1xx_HAL_Driver/Src/stm32f1xx_hal_dma.c **** 
 251              		.loc 1 232 3 view .LVU79
 252 0008 0168     		ldr	r1, [r0]
 253 000a 0A68     		ldr	r2, [r1]
 254 000c 22F00102 		bic	r2, r2, #1
 255 0010 0A60     		str	r2, [r1]
 235:Drivers/STM32F1xx_HAL_Driver/Src/stm32f1xx_hal_dma.c **** 
ARM GAS  /tmp/ccRUdC2U.s 			page 22


 256              		.loc 1 235 3 view .LVU80
 235:Drivers/STM32F1xx_HAL_Driver/Src/stm32f1xx_hal_dma.c **** 
 257              		.loc 1 235 7 is_stmt 0 view .LVU81
 258 0012 0268     		ldr	r2, [r0]
 235:Drivers/STM32F1xx_HAL_Driver/Src/stm32f1xx_hal_dma.c **** 
 259              		.loc 1 235 24 view .LVU82
 260 0014 0020     		movs	r0, #0
 261              	.LVL14:
 235:Drivers/STM32F1xx_HAL_Driver/Src/stm32f1xx_hal_dma.c **** 
 262              		.loc 1 235 24 view .LVU83
 263 0016 1060     		str	r0, [r2]
 238:Drivers/STM32F1xx_HAL_Driver/Src/stm32f1xx_hal_dma.c **** 
 264              		.loc 1 238 3 is_stmt 1 view .LVU84
 238:Drivers/STM32F1xx_HAL_Driver/Src/stm32f1xx_hal_dma.c **** 
 265              		.loc 1 238 7 is_stmt 0 view .LVU85
 266 0018 1A68     		ldr	r2, [r3]
 238:Drivers/STM32F1xx_HAL_Driver/Src/stm32f1xx_hal_dma.c **** 
 267              		.loc 1 238 25 view .LVU86
 268 001a 5060     		str	r0, [r2, #4]
 241:Drivers/STM32F1xx_HAL_Driver/Src/stm32f1xx_hal_dma.c **** 
 269              		.loc 1 241 3 is_stmt 1 view .LVU87
 241:Drivers/STM32F1xx_HAL_Driver/Src/stm32f1xx_hal_dma.c **** 
 270              		.loc 1 241 7 is_stmt 0 view .LVU88
 271 001c 1A68     		ldr	r2, [r3]
 241:Drivers/STM32F1xx_HAL_Driver/Src/stm32f1xx_hal_dma.c **** 
 272              		.loc 1 241 25 view .LVU89
 273 001e 9060     		str	r0, [r2, #8]
 244:Drivers/STM32F1xx_HAL_Driver/Src/stm32f1xx_hal_dma.c **** 
 274              		.loc 1 244 3 is_stmt 1 view .LVU90
 244:Drivers/STM32F1xx_HAL_Driver/Src/stm32f1xx_hal_dma.c **** 
 275              		.loc 1 244 7 is_stmt 0 view .LVU91
 276 0020 1A68     		ldr	r2, [r3]
 244:Drivers/STM32F1xx_HAL_Driver/Src/stm32f1xx_hal_dma.c **** 
 277              		.loc 1 244 24 view .LVU92
 278 0022 D060     		str	r0, [r2, #12]
 262:Drivers/STM32F1xx_HAL_Driver/Src/stm32f1xx_hal_dma.c ****   hdma->DmaBaseAddress = DMA1;
 279              		.loc 1 262 3 is_stmt 1 view .LVU93
 262:Drivers/STM32F1xx_HAL_Driver/Src/stm32f1xx_hal_dma.c ****   hdma->DmaBaseAddress = DMA1;
 280              		.loc 1 262 40 is_stmt 0 view .LVU94
 281 0024 1968     		ldr	r1, [r3]
 262:Drivers/STM32F1xx_HAL_Driver/Src/stm32f1xx_hal_dma.c ****   hdma->DmaBaseAddress = DMA1;
 282              		.loc 1 262 51 view .LVU95
 283 0026 0D4A     		ldr	r2, .L22
 284 0028 0A44     		add	r2, r2, r1
 262:Drivers/STM32F1xx_HAL_Driver/Src/stm32f1xx_hal_dma.c ****   hdma->DmaBaseAddress = DMA1;
 285              		.loc 1 262 78 view .LVU96
 286 002a 0D49     		ldr	r1, .L22+4
 287 002c A1FB0212 		umull	r1, r2, r1, r2
 288 0030 1209     		lsrs	r2, r2, #4
 262:Drivers/STM32F1xx_HAL_Driver/Src/stm32f1xx_hal_dma.c ****   hdma->DmaBaseAddress = DMA1;
 289              		.loc 1 262 133 view .LVU97
 290 0032 9200     		lsls	r2, r2, #2
 262:Drivers/STM32F1xx_HAL_Driver/Src/stm32f1xx_hal_dma.c ****   hdma->DmaBaseAddress = DMA1;
 291              		.loc 1 262 22 view .LVU98
 292 0034 1A64     		str	r2, [r3, #64]
 263:Drivers/STM32F1xx_HAL_Driver/Src/stm32f1xx_hal_dma.c **** #endif /* DMA2 */
 293              		.loc 1 263 3 is_stmt 1 view .LVU99
ARM GAS  /tmp/ccRUdC2U.s 			page 23


 263:Drivers/STM32F1xx_HAL_Driver/Src/stm32f1xx_hal_dma.c **** #endif /* DMA2 */
 294              		.loc 1 263 24 is_stmt 0 view .LVU100
 295 0036 0B4C     		ldr	r4, .L22+8
 296 0038 DC63     		str	r4, [r3, #60]
 267:Drivers/STM32F1xx_HAL_Driver/Src/stm32f1xx_hal_dma.c **** 
 297              		.loc 1 267 3 is_stmt 1 view .LVU101
 267:Drivers/STM32F1xx_HAL_Driver/Src/stm32f1xx_hal_dma.c **** 
 298              		.loc 1 267 46 is_stmt 0 view .LVU102
 299 003a 0121     		movs	r1, #1
 300 003c 01FA02F2 		lsl	r2, r1, r2
 267:Drivers/STM32F1xx_HAL_Driver/Src/stm32f1xx_hal_dma.c **** 
 301              		.loc 1 267 30 view .LVU103
 302 0040 6260     		str	r2, [r4, #4]
 270:Drivers/STM32F1xx_HAL_Driver/Src/stm32f1xx_hal_dma.c ****   hdma->XferHalfCpltCallback = NULL;
 303              		.loc 1 270 3 is_stmt 1 view .LVU104
 270:Drivers/STM32F1xx_HAL_Driver/Src/stm32f1xx_hal_dma.c ****   hdma->XferHalfCpltCallback = NULL;
 304              		.loc 1 270 26 is_stmt 0 view .LVU105
 305 0042 9862     		str	r0, [r3, #40]
 271:Drivers/STM32F1xx_HAL_Driver/Src/stm32f1xx_hal_dma.c ****   hdma->XferErrorCallback = NULL;
 306              		.loc 1 271 3 is_stmt 1 view .LVU106
 271:Drivers/STM32F1xx_HAL_Driver/Src/stm32f1xx_hal_dma.c ****   hdma->XferErrorCallback = NULL;
 307              		.loc 1 271 30 is_stmt 0 view .LVU107
 308 0044 D862     		str	r0, [r3, #44]
 272:Drivers/STM32F1xx_HAL_Driver/Src/stm32f1xx_hal_dma.c ****   hdma->XferAbortCallback = NULL;
 309              		.loc 1 272 3 is_stmt 1 view .LVU108
 272:Drivers/STM32F1xx_HAL_Driver/Src/stm32f1xx_hal_dma.c ****   hdma->XferAbortCallback = NULL;
 310              		.loc 1 272 27 is_stmt 0 view .LVU109
 311 0046 1863     		str	r0, [r3, #48]
 273:Drivers/STM32F1xx_HAL_Driver/Src/stm32f1xx_hal_dma.c **** 
 312              		.loc 1 273 3 is_stmt 1 view .LVU110
 273:Drivers/STM32F1xx_HAL_Driver/Src/stm32f1xx_hal_dma.c **** 
 313              		.loc 1 273 27 is_stmt 0 view .LVU111
 314 0048 5863     		str	r0, [r3, #52]
 276:Drivers/STM32F1xx_HAL_Driver/Src/stm32f1xx_hal_dma.c **** 
 315              		.loc 1 276 3 is_stmt 1 view .LVU112
 276:Drivers/STM32F1xx_HAL_Driver/Src/stm32f1xx_hal_dma.c **** 
 316              		.loc 1 276 19 is_stmt 0 view .LVU113
 317 004a 9863     		str	r0, [r3, #56]
 279:Drivers/STM32F1xx_HAL_Driver/Src/stm32f1xx_hal_dma.c **** 
 318              		.loc 1 279 3 is_stmt 1 view .LVU114
 279:Drivers/STM32F1xx_HAL_Driver/Src/stm32f1xx_hal_dma.c **** 
 319              		.loc 1 279 15 is_stmt 0 view .LVU115
 320 004c 83F82100 		strb	r0, [r3, #33]
 282:Drivers/STM32F1xx_HAL_Driver/Src/stm32f1xx_hal_dma.c **** 
 321              		.loc 1 282 3 is_stmt 1 view .LVU116
 282:Drivers/STM32F1xx_HAL_Driver/Src/stm32f1xx_hal_dma.c **** 
 322              		.loc 1 282 3 view .LVU117
 323 0050 83F82000 		strb	r0, [r3, #32]
 282:Drivers/STM32F1xx_HAL_Driver/Src/stm32f1xx_hal_dma.c **** 
 324              		.loc 1 282 3 view .LVU118
 284:Drivers/STM32F1xx_HAL_Driver/Src/stm32f1xx_hal_dma.c **** }
 325              		.loc 1 284 3 view .LVU119
 285:Drivers/STM32F1xx_HAL_Driver/Src/stm32f1xx_hal_dma.c **** 
 326              		.loc 1 285 1 is_stmt 0 view .LVU120
 327 0054 10BC     		pop	{r4}
 328              	.LCFI6:
 329              		.cfi_restore 4
ARM GAS  /tmp/ccRUdC2U.s 			page 24


 330              		.cfi_def_cfa_offset 0
 331 0056 7047     		bx	lr
 332              	.LVL15:
 333              	.L17:
 225:Drivers/STM32F1xx_HAL_Driver/Src/stm32f1xx_hal_dma.c ****   }
 334              		.loc 1 225 12 view .LVU121
 335 0058 0120     		movs	r0, #1
 336              	.LVL16:
 285:Drivers/STM32F1xx_HAL_Driver/Src/stm32f1xx_hal_dma.c **** 
 337              		.loc 1 285 1 view .LVU122
 338 005a 7047     		bx	lr
 339              	.L23:
 340              		.align	2
 341              	.L22:
 342 005c F8FFFDBF 		.word	-1073872904
 343 0060 CDCCCCCC 		.word	-858993459
 344 0064 00000240 		.word	1073872896
 345              		.cfi_endproc
 346              	.LFE66:
 348              		.section	.text.HAL_DMA_Start,"ax",%progbits
 349              		.align	1
 350              		.global	HAL_DMA_Start
 351              		.syntax unified
 352              		.thumb
 353              		.thumb_func
 355              	HAL_DMA_Start:
 356              	.LVL17:
 357              	.LFB67:
 320:Drivers/STM32F1xx_HAL_Driver/Src/stm32f1xx_hal_dma.c ****   HAL_StatusTypeDef status = HAL_OK;
 358              		.loc 1 320 1 is_stmt 1 view -0
 359              		.cfi_startproc
 360              		@ args = 0, pretend = 0, frame = 0
 361              		@ frame_needed = 0, uses_anonymous_args = 0
 320:Drivers/STM32F1xx_HAL_Driver/Src/stm32f1xx_hal_dma.c ****   HAL_StatusTypeDef status = HAL_OK;
 362              		.loc 1 320 1 is_stmt 0 view .LVU124
 363 0000 70B5     		push	{r4, r5, r6, lr}
 364              	.LCFI7:
 365              		.cfi_def_cfa_offset 16
 366              		.cfi_offset 4, -16
 367              		.cfi_offset 5, -12
 368              		.cfi_offset 6, -8
 369              		.cfi_offset 14, -4
 370 0002 0446     		mov	r4, r0
 321:Drivers/STM32F1xx_HAL_Driver/Src/stm32f1xx_hal_dma.c **** 
 371              		.loc 1 321 3 is_stmt 1 view .LVU125
 372              	.LVL18:
 324:Drivers/STM32F1xx_HAL_Driver/Src/stm32f1xx_hal_dma.c **** 
 373              		.loc 1 324 3 view .LVU126
 327:Drivers/STM32F1xx_HAL_Driver/Src/stm32f1xx_hal_dma.c **** 
 374              		.loc 1 327 3 view .LVU127
 327:Drivers/STM32F1xx_HAL_Driver/Src/stm32f1xx_hal_dma.c **** 
 375              		.loc 1 327 3 view .LVU128
 376 0004 90F82000 		ldrb	r0, [r0, #32]	@ zero_extendqisi2
 377              	.LVL19:
 327:Drivers/STM32F1xx_HAL_Driver/Src/stm32f1xx_hal_dma.c **** 
 378              		.loc 1 327 3 is_stmt 0 view .LVU129
 379 0008 0128     		cmp	r0, #1
ARM GAS  /tmp/ccRUdC2U.s 			page 25


 380 000a 1FD0     		beq	.L27
 327:Drivers/STM32F1xx_HAL_Driver/Src/stm32f1xx_hal_dma.c **** 
 381              		.loc 1 327 3 is_stmt 1 discriminator 2 view .LVU130
 382 000c 0120     		movs	r0, #1
 383 000e 84F82000 		strb	r0, [r4, #32]
 327:Drivers/STM32F1xx_HAL_Driver/Src/stm32f1xx_hal_dma.c **** 
 384              		.loc 1 327 3 view .LVU131
 329:Drivers/STM32F1xx_HAL_Driver/Src/stm32f1xx_hal_dma.c ****   {
 385              		.loc 1 329 3 view .LVU132
 329:Drivers/STM32F1xx_HAL_Driver/Src/stm32f1xx_hal_dma.c ****   {
 386              		.loc 1 329 33 is_stmt 0 view .LVU133
 387 0012 94F82100 		ldrb	r0, [r4, #33]	@ zero_extendqisi2
 329:Drivers/STM32F1xx_HAL_Driver/Src/stm32f1xx_hal_dma.c ****   {
 388              		.loc 1 329 5 view .LVU134
 389 0016 0128     		cmp	r0, #1
 390 0018 04D0     		beq	.L29
 347:Drivers/STM32F1xx_HAL_Driver/Src/stm32f1xx_hal_dma.c ****    status = HAL_BUSY;
 391              		.loc 1 347 4 is_stmt 1 view .LVU135
 347:Drivers/STM32F1xx_HAL_Driver/Src/stm32f1xx_hal_dma.c ****    status = HAL_BUSY;
 392              		.loc 1 347 4 view .LVU136
 393 001a 0023     		movs	r3, #0
 394              	.LVL20:
 347:Drivers/STM32F1xx_HAL_Driver/Src/stm32f1xx_hal_dma.c ****    status = HAL_BUSY;
 395              		.loc 1 347 4 is_stmt 0 view .LVU137
 396 001c 84F82030 		strb	r3, [r4, #32]
 347:Drivers/STM32F1xx_HAL_Driver/Src/stm32f1xx_hal_dma.c ****    status = HAL_BUSY;
 397              		.loc 1 347 4 is_stmt 1 view .LVU138
 348:Drivers/STM32F1xx_HAL_Driver/Src/stm32f1xx_hal_dma.c ****   }  
 398              		.loc 1 348 4 view .LVU139
 399              	.LVL21:
 348:Drivers/STM32F1xx_HAL_Driver/Src/stm32f1xx_hal_dma.c ****   }  
 400              		.loc 1 348 11 is_stmt 0 view .LVU140
 401 0020 0220     		movs	r0, #2
 402              	.LVL22:
 403              	.L25:
 351:Drivers/STM32F1xx_HAL_Driver/Src/stm32f1xx_hal_dma.c **** 
 404              		.loc 1 351 1 view .LVU141
 405 0022 70BD     		pop	{r4, r5, r6, pc}
 406              	.LVL23:
 407              	.L29:
 332:Drivers/STM32F1xx_HAL_Driver/Src/stm32f1xx_hal_dma.c ****     hdma->ErrorCode = HAL_DMA_ERROR_NONE;
 408              		.loc 1 332 5 is_stmt 1 view .LVU142
 332:Drivers/STM32F1xx_HAL_Driver/Src/stm32f1xx_hal_dma.c ****     hdma->ErrorCode = HAL_DMA_ERROR_NONE;
 409              		.loc 1 332 17 is_stmt 0 view .LVU143
 410 0024 0220     		movs	r0, #2
 411 0026 84F82100 		strb	r0, [r4, #33]
 333:Drivers/STM32F1xx_HAL_Driver/Src/stm32f1xx_hal_dma.c ****             
 412              		.loc 1 333 5 is_stmt 1 view .LVU144
 333:Drivers/STM32F1xx_HAL_Driver/Src/stm32f1xx_hal_dma.c ****             
 413              		.loc 1 333 21 is_stmt 0 view .LVU145
 414 002a 0025     		movs	r5, #0
 415 002c A563     		str	r5, [r4, #56]
 336:Drivers/STM32F1xx_HAL_Driver/Src/stm32f1xx_hal_dma.c ****     
 416              		.loc 1 336 5 is_stmt 1 view .LVU146
 417 002e 2668     		ldr	r6, [r4]
 418 0030 3068     		ldr	r0, [r6]
 419 0032 20F00100 		bic	r0, r0, #1
ARM GAS  /tmp/ccRUdC2U.s 			page 26


 420 0036 3060     		str	r0, [r6]
 339:Drivers/STM32F1xx_HAL_Driver/Src/stm32f1xx_hal_dma.c ****     
 421              		.loc 1 339 5 view .LVU147
 422 0038 2046     		mov	r0, r4
 423 003a FFF7FEFF 		bl	DMA_SetConfig
 424              	.LVL24:
 342:Drivers/STM32F1xx_HAL_Driver/Src/stm32f1xx_hal_dma.c ****   }
 425              		.loc 1 342 5 view .LVU148
 426 003e 2268     		ldr	r2, [r4]
 427 0040 1368     		ldr	r3, [r2]
 428 0042 43F00103 		orr	r3, r3, #1
 429 0046 1360     		str	r3, [r2]
 321:Drivers/STM32F1xx_HAL_Driver/Src/stm32f1xx_hal_dma.c **** 
 430              		.loc 1 321 21 is_stmt 0 view .LVU149
 431 0048 2846     		mov	r0, r5
 432 004a EAE7     		b	.L25
 433              	.LVL25:
 434              	.L27:
 327:Drivers/STM32F1xx_HAL_Driver/Src/stm32f1xx_hal_dma.c **** 
 435              		.loc 1 327 3 discriminator 1 view .LVU150
 436 004c 0220     		movs	r0, #2
 437 004e E8E7     		b	.L25
 438              		.cfi_endproc
 439              	.LFE67:
 441              		.section	.text.HAL_DMA_Start_IT,"ax",%progbits
 442              		.align	1
 443              		.global	HAL_DMA_Start_IT
 444              		.syntax unified
 445              		.thumb
 446              		.thumb_func
 448              	HAL_DMA_Start_IT:
 449              	.LVL26:
 450              	.LFB68:
 363:Drivers/STM32F1xx_HAL_Driver/Src/stm32f1xx_hal_dma.c ****   HAL_StatusTypeDef status = HAL_OK;
 451              		.loc 1 363 1 is_stmt 1 view -0
 452              		.cfi_startproc
 453              		@ args = 0, pretend = 0, frame = 0
 454              		@ frame_needed = 0, uses_anonymous_args = 0
 363:Drivers/STM32F1xx_HAL_Driver/Src/stm32f1xx_hal_dma.c ****   HAL_StatusTypeDef status = HAL_OK;
 455              		.loc 1 363 1 is_stmt 0 view .LVU152
 456 0000 38B5     		push	{r3, r4, r5, lr}
 457              	.LCFI8:
 458              		.cfi_def_cfa_offset 16
 459              		.cfi_offset 3, -16
 460              		.cfi_offset 4, -12
 461              		.cfi_offset 5, -8
 462              		.cfi_offset 14, -4
 463 0002 0446     		mov	r4, r0
 364:Drivers/STM32F1xx_HAL_Driver/Src/stm32f1xx_hal_dma.c **** 
 464              		.loc 1 364 3 is_stmt 1 view .LVU153
 465              	.LVL27:
 367:Drivers/STM32F1xx_HAL_Driver/Src/stm32f1xx_hal_dma.c **** 
 466              		.loc 1 367 3 view .LVU154
 370:Drivers/STM32F1xx_HAL_Driver/Src/stm32f1xx_hal_dma.c ****   
 467              		.loc 1 370 3 view .LVU155
 370:Drivers/STM32F1xx_HAL_Driver/Src/stm32f1xx_hal_dma.c ****   
 468              		.loc 1 370 3 view .LVU156
ARM GAS  /tmp/ccRUdC2U.s 			page 27


 469 0004 90F82000 		ldrb	r0, [r0, #32]	@ zero_extendqisi2
 470              	.LVL28:
 370:Drivers/STM32F1xx_HAL_Driver/Src/stm32f1xx_hal_dma.c ****   
 471              		.loc 1 370 3 is_stmt 0 view .LVU157
 472 0008 0128     		cmp	r0, #1
 473 000a 31D0     		beq	.L35
 370:Drivers/STM32F1xx_HAL_Driver/Src/stm32f1xx_hal_dma.c ****   
 474              		.loc 1 370 3 is_stmt 1 discriminator 2 view .LVU158
 475 000c 0120     		movs	r0, #1
 476 000e 84F82000 		strb	r0, [r4, #32]
 370:Drivers/STM32F1xx_HAL_Driver/Src/stm32f1xx_hal_dma.c ****   
 477              		.loc 1 370 3 view .LVU159
 372:Drivers/STM32F1xx_HAL_Driver/Src/stm32f1xx_hal_dma.c ****   {
 478              		.loc 1 372 3 view .LVU160
 372:Drivers/STM32F1xx_HAL_Driver/Src/stm32f1xx_hal_dma.c ****   {
 479              		.loc 1 372 33 is_stmt 0 view .LVU161
 480 0012 94F82100 		ldrb	r0, [r4, #33]	@ zero_extendqisi2
 372:Drivers/STM32F1xx_HAL_Driver/Src/stm32f1xx_hal_dma.c ****   {
 481              		.loc 1 372 5 view .LVU162
 482 0016 0128     		cmp	r0, #1
 483 0018 04D0     		beq	.L37
 402:Drivers/STM32F1xx_HAL_Driver/Src/stm32f1xx_hal_dma.c **** 
 484              		.loc 1 402 5 is_stmt 1 view .LVU163
 402:Drivers/STM32F1xx_HAL_Driver/Src/stm32f1xx_hal_dma.c **** 
 485              		.loc 1 402 5 view .LVU164
 486 001a 0023     		movs	r3, #0
 487              	.LVL29:
 402:Drivers/STM32F1xx_HAL_Driver/Src/stm32f1xx_hal_dma.c **** 
 488              		.loc 1 402 5 is_stmt 0 view .LVU165
 489 001c 84F82030 		strb	r3, [r4, #32]
 402:Drivers/STM32F1xx_HAL_Driver/Src/stm32f1xx_hal_dma.c **** 
 490              		.loc 1 402 5 is_stmt 1 view .LVU166
 405:Drivers/STM32F1xx_HAL_Driver/Src/stm32f1xx_hal_dma.c ****   }    
 491              		.loc 1 405 5 view .LVU167
 492              	.LVL30:
 405:Drivers/STM32F1xx_HAL_Driver/Src/stm32f1xx_hal_dma.c ****   }    
 493              		.loc 1 405 12 is_stmt 0 view .LVU168
 494 0020 0220     		movs	r0, #2
 495              	.LVL31:
 496              	.L31:
 408:Drivers/STM32F1xx_HAL_Driver/Src/stm32f1xx_hal_dma.c **** 
 497              		.loc 1 408 1 view .LVU169
 498 0022 38BD     		pop	{r3, r4, r5, pc}
 499              	.LVL32:
 500              	.L37:
 375:Drivers/STM32F1xx_HAL_Driver/Src/stm32f1xx_hal_dma.c ****     hdma->ErrorCode = HAL_DMA_ERROR_NONE;
 501              		.loc 1 375 5 is_stmt 1 view .LVU170
 375:Drivers/STM32F1xx_HAL_Driver/Src/stm32f1xx_hal_dma.c ****     hdma->ErrorCode = HAL_DMA_ERROR_NONE;
 502              		.loc 1 375 17 is_stmt 0 view .LVU171
 503 0024 0220     		movs	r0, #2
 504 0026 84F82100 		strb	r0, [r4, #33]
 376:Drivers/STM32F1xx_HAL_Driver/Src/stm32f1xx_hal_dma.c ****     
 505              		.loc 1 376 5 is_stmt 1 view .LVU172
 376:Drivers/STM32F1xx_HAL_Driver/Src/stm32f1xx_hal_dma.c ****     
 506              		.loc 1 376 21 is_stmt 0 view .LVU173
 507 002a 0020     		movs	r0, #0
 508 002c A063     		str	r0, [r4, #56]
ARM GAS  /tmp/ccRUdC2U.s 			page 28


 379:Drivers/STM32F1xx_HAL_Driver/Src/stm32f1xx_hal_dma.c ****     
 509              		.loc 1 379 5 is_stmt 1 view .LVU174
 510 002e 2568     		ldr	r5, [r4]
 511 0030 2868     		ldr	r0, [r5]
 512 0032 20F00100 		bic	r0, r0, #1
 513 0036 2860     		str	r0, [r5]
 382:Drivers/STM32F1xx_HAL_Driver/Src/stm32f1xx_hal_dma.c ****     
 514              		.loc 1 382 5 view .LVU175
 515 0038 2046     		mov	r0, r4
 516 003a FFF7FEFF 		bl	DMA_SetConfig
 517              	.LVL33:
 386:Drivers/STM32F1xx_HAL_Driver/Src/stm32f1xx_hal_dma.c ****     {
 518              		.loc 1 386 5 view .LVU176
 386:Drivers/STM32F1xx_HAL_Driver/Src/stm32f1xx_hal_dma.c ****     {
 519              		.loc 1 386 20 is_stmt 0 view .LVU177
 520 003e E36A     		ldr	r3, [r4, #44]
 386:Drivers/STM32F1xx_HAL_Driver/Src/stm32f1xx_hal_dma.c ****     {
 521              		.loc 1 386 7 view .LVU178
 522 0040 5BB1     		cbz	r3, .L33
 389:Drivers/STM32F1xx_HAL_Driver/Src/stm32f1xx_hal_dma.c ****     }
 523              		.loc 1 389 7 is_stmt 1 view .LVU179
 524 0042 2268     		ldr	r2, [r4]
 525 0044 1368     		ldr	r3, [r2]
 526 0046 43F00E03 		orr	r3, r3, #14
 527 004a 1360     		str	r3, [r2]
 528              	.L34:
 397:Drivers/STM32F1xx_HAL_Driver/Src/stm32f1xx_hal_dma.c ****   }
 529              		.loc 1 397 5 view .LVU180
 530 004c 2268     		ldr	r2, [r4]
 531 004e 1368     		ldr	r3, [r2]
 532 0050 43F00103 		orr	r3, r3, #1
 533 0054 1360     		str	r3, [r2]
 364:Drivers/STM32F1xx_HAL_Driver/Src/stm32f1xx_hal_dma.c **** 
 534              		.loc 1 364 21 is_stmt 0 view .LVU181
 535 0056 0020     		movs	r0, #0
 536 0058 E3E7     		b	.L31
 537              	.L33:
 393:Drivers/STM32F1xx_HAL_Driver/Src/stm32f1xx_hal_dma.c ****       __HAL_DMA_ENABLE_IT(hdma, (DMA_IT_TC | DMA_IT_TE));
 538              		.loc 1 393 7 is_stmt 1 view .LVU182
 539 005a 2268     		ldr	r2, [r4]
 540 005c 1368     		ldr	r3, [r2]
 541 005e 23F00403 		bic	r3, r3, #4
 542 0062 1360     		str	r3, [r2]
 394:Drivers/STM32F1xx_HAL_Driver/Src/stm32f1xx_hal_dma.c ****     }
 543              		.loc 1 394 7 view .LVU183
 544 0064 2268     		ldr	r2, [r4]
 545 0066 1368     		ldr	r3, [r2]
 546 0068 43F00A03 		orr	r3, r3, #10
 547 006c 1360     		str	r3, [r2]
 548 006e EDE7     		b	.L34
 549              	.LVL34:
 550              	.L35:
 370:Drivers/STM32F1xx_HAL_Driver/Src/stm32f1xx_hal_dma.c ****   
 551              		.loc 1 370 3 is_stmt 0 discriminator 1 view .LVU184
 552 0070 0220     		movs	r0, #2
 553 0072 D6E7     		b	.L31
 554              		.cfi_endproc
ARM GAS  /tmp/ccRUdC2U.s 			page 29


 555              	.LFE68:
 557              		.section	.text.HAL_DMA_Abort,"ax",%progbits
 558              		.align	1
 559              		.global	HAL_DMA_Abort
 560              		.syntax unified
 561              		.thumb
 562              		.thumb_func
 564              	HAL_DMA_Abort:
 565              	.LVL35:
 566              	.LFB69:
 417:Drivers/STM32F1xx_HAL_Driver/Src/stm32f1xx_hal_dma.c ****   HAL_StatusTypeDef status = HAL_OK;
 567              		.loc 1 417 1 is_stmt 1 view -0
 568              		.cfi_startproc
 569              		@ args = 0, pretend = 0, frame = 0
 570              		@ frame_needed = 0, uses_anonymous_args = 0
 571              		@ link register save eliminated.
 417:Drivers/STM32F1xx_HAL_Driver/Src/stm32f1xx_hal_dma.c ****   HAL_StatusTypeDef status = HAL_OK;
 572              		.loc 1 417 1 is_stmt 0 view .LVU186
 573 0000 0346     		mov	r3, r0
 418:Drivers/STM32F1xx_HAL_Driver/Src/stm32f1xx_hal_dma.c ****   
 574              		.loc 1 418 3 is_stmt 1 view .LVU187
 575              	.LVL36:
 420:Drivers/STM32F1xx_HAL_Driver/Src/stm32f1xx_hal_dma.c ****   {
 576              		.loc 1 420 3 view .LVU188
 420:Drivers/STM32F1xx_HAL_Driver/Src/stm32f1xx_hal_dma.c ****   {
 577              		.loc 1 420 10 is_stmt 0 view .LVU189
 578 0002 90F82120 		ldrb	r2, [r0, #33]	@ zero_extendqisi2
 420:Drivers/STM32F1xx_HAL_Driver/Src/stm32f1xx_hal_dma.c ****   {
 579              		.loc 1 420 5 view .LVU190
 580 0006 022A     		cmp	r2, #2
 581 0008 06D0     		beq	.L39
 423:Drivers/STM32F1xx_HAL_Driver/Src/stm32f1xx_hal_dma.c ****     
 582              		.loc 1 423 5 is_stmt 1 view .LVU191
 423:Drivers/STM32F1xx_HAL_Driver/Src/stm32f1xx_hal_dma.c ****     
 583              		.loc 1 423 21 is_stmt 0 view .LVU192
 584 000a 0422     		movs	r2, #4
 585 000c 8263     		str	r2, [r0, #56]
 426:Drivers/STM32F1xx_HAL_Driver/Src/stm32f1xx_hal_dma.c ****     
 586              		.loc 1 426 5 is_stmt 1 view .LVU193
 426:Drivers/STM32F1xx_HAL_Driver/Src/stm32f1xx_hal_dma.c ****     
 587              		.loc 1 426 5 view .LVU194
 588 000e 0022     		movs	r2, #0
 589 0010 80F82020 		strb	r2, [r0, #32]
 426:Drivers/STM32F1xx_HAL_Driver/Src/stm32f1xx_hal_dma.c ****     
 590              		.loc 1 426 5 view .LVU195
 428:Drivers/STM32F1xx_HAL_Driver/Src/stm32f1xx_hal_dma.c ****   }
 591              		.loc 1 428 5 view .LVU196
 428:Drivers/STM32F1xx_HAL_Driver/Src/stm32f1xx_hal_dma.c ****   }
 592              		.loc 1 428 12 is_stmt 0 view .LVU197
 593 0014 0120     		movs	r0, #1
 594              	.LVL37:
 428:Drivers/STM32F1xx_HAL_Driver/Src/stm32f1xx_hal_dma.c ****   }
 595              		.loc 1 428 12 view .LVU198
 596 0016 7047     		bx	lr
 597              	.LVL38:
 598              	.L39:
 434:Drivers/STM32F1xx_HAL_Driver/Src/stm32f1xx_hal_dma.c ****       
ARM GAS  /tmp/ccRUdC2U.s 			page 30


 599              		.loc 1 434 5 is_stmt 1 view .LVU199
 600 0018 0168     		ldr	r1, [r0]
 601 001a 0A68     		ldr	r2, [r1]
 602 001c 22F00E02 		bic	r2, r2, #14
 603 0020 0A60     		str	r2, [r1]
 437:Drivers/STM32F1xx_HAL_Driver/Src/stm32f1xx_hal_dma.c ****       
 604              		.loc 1 437 5 view .LVU200
 605 0022 0168     		ldr	r1, [r0]
 606 0024 0A68     		ldr	r2, [r1]
 607 0026 22F00102 		bic	r2, r2, #1
 608 002a 0A60     		str	r2, [r1]
 440:Drivers/STM32F1xx_HAL_Driver/Src/stm32f1xx_hal_dma.c ****   }
 609              		.loc 1 440 5 view .LVU201
 440:Drivers/STM32F1xx_HAL_Driver/Src/stm32f1xx_hal_dma.c ****   }
 610              		.loc 1 440 55 is_stmt 0 view .LVU202
 611 002c 026C     		ldr	r2, [r0, #64]
 440:Drivers/STM32F1xx_HAL_Driver/Src/stm32f1xx_hal_dma.c ****   }
 612              		.loc 1 440 9 view .LVU203
 613 002e C06B     		ldr	r0, [r0, #60]
 614              	.LVL39:
 440:Drivers/STM32F1xx_HAL_Driver/Src/stm32f1xx_hal_dma.c ****   }
 615              		.loc 1 440 48 view .LVU204
 616 0030 0121     		movs	r1, #1
 617 0032 01FA02F2 		lsl	r2, r1, r2
 440:Drivers/STM32F1xx_HAL_Driver/Src/stm32f1xx_hal_dma.c ****   }
 618              		.loc 1 440 32 view .LVU205
 619 0036 4260     		str	r2, [r0, #4]
 443:Drivers/STM32F1xx_HAL_Driver/Src/stm32f1xx_hal_dma.c **** 
 620              		.loc 1 443 3 is_stmt 1 view .LVU206
 443:Drivers/STM32F1xx_HAL_Driver/Src/stm32f1xx_hal_dma.c **** 
 621              		.loc 1 443 15 is_stmt 0 view .LVU207
 622 0038 83F82110 		strb	r1, [r3, #33]
 446:Drivers/STM32F1xx_HAL_Driver/Src/stm32f1xx_hal_dma.c ****   
 623              		.loc 1 446 3 is_stmt 1 view .LVU208
 446:Drivers/STM32F1xx_HAL_Driver/Src/stm32f1xx_hal_dma.c ****   
 624              		.loc 1 446 3 view .LVU209
 625 003c 0020     		movs	r0, #0
 626 003e 83F82000 		strb	r0, [r3, #32]
 446:Drivers/STM32F1xx_HAL_Driver/Src/stm32f1xx_hal_dma.c ****   
 627              		.loc 1 446 3 view .LVU210
 448:Drivers/STM32F1xx_HAL_Driver/Src/stm32f1xx_hal_dma.c **** }
 628              		.loc 1 448 3 view .LVU211
 449:Drivers/STM32F1xx_HAL_Driver/Src/stm32f1xx_hal_dma.c **** 
 629              		.loc 1 449 1 is_stmt 0 view .LVU212
 630 0042 7047     		bx	lr
 631              		.cfi_endproc
 632              	.LFE69:
 634              		.section	.text.HAL_DMA_Abort_IT,"ax",%progbits
 635              		.align	1
 636              		.global	HAL_DMA_Abort_IT
 637              		.syntax unified
 638              		.thumb
 639              		.thumb_func
 641              	HAL_DMA_Abort_IT:
 642              	.LVL40:
 643              	.LFB70:
 458:Drivers/STM32F1xx_HAL_Driver/Src/stm32f1xx_hal_dma.c ****   HAL_StatusTypeDef status = HAL_OK;
ARM GAS  /tmp/ccRUdC2U.s 			page 31


 644              		.loc 1 458 1 is_stmt 1 view -0
 645              		.cfi_startproc
 646              		@ args = 0, pretend = 0, frame = 0
 647              		@ frame_needed = 0, uses_anonymous_args = 0
 458:Drivers/STM32F1xx_HAL_Driver/Src/stm32f1xx_hal_dma.c ****   HAL_StatusTypeDef status = HAL_OK;
 648              		.loc 1 458 1 is_stmt 0 view .LVU214
 649 0000 08B5     		push	{r3, lr}
 650              	.LCFI9:
 651              		.cfi_def_cfa_offset 8
 652              		.cfi_offset 3, -8
 653              		.cfi_offset 14, -4
 459:Drivers/STM32F1xx_HAL_Driver/Src/stm32f1xx_hal_dma.c ****   
 654              		.loc 1 459 3 is_stmt 1 view .LVU215
 655              	.LVL41:
 461:Drivers/STM32F1xx_HAL_Driver/Src/stm32f1xx_hal_dma.c ****   {
 656              		.loc 1 461 3 view .LVU216
 461:Drivers/STM32F1xx_HAL_Driver/Src/stm32f1xx_hal_dma.c ****   {
 657              		.loc 1 461 32 is_stmt 0 view .LVU217
 658 0002 90F82130 		ldrb	r3, [r0, #33]	@ zero_extendqisi2
 461:Drivers/STM32F1xx_HAL_Driver/Src/stm32f1xx_hal_dma.c ****   {
 659              		.loc 1 461 5 view .LVU218
 660 0006 022B     		cmp	r3, #2
 661 0008 03D0     		beq	.L42
 464:Drivers/STM32F1xx_HAL_Driver/Src/stm32f1xx_hal_dma.c ****         
 662              		.loc 1 464 5 is_stmt 1 view .LVU219
 464:Drivers/STM32F1xx_HAL_Driver/Src/stm32f1xx_hal_dma.c ****         
 663              		.loc 1 464 21 is_stmt 0 view .LVU220
 664 000a 0423     		movs	r3, #4
 665 000c 8363     		str	r3, [r0, #56]
 466:Drivers/STM32F1xx_HAL_Driver/Src/stm32f1xx_hal_dma.c ****   }
 666              		.loc 1 466 5 is_stmt 1 view .LVU221
 667              	.LVL42:
 466:Drivers/STM32F1xx_HAL_Driver/Src/stm32f1xx_hal_dma.c ****   }
 668              		.loc 1 466 12 is_stmt 0 view .LVU222
 669 000e 0120     		movs	r0, #1
 670              	.LVL43:
 671              	.L43:
 491:Drivers/STM32F1xx_HAL_Driver/Src/stm32f1xx_hal_dma.c **** }
 672              		.loc 1 491 3 is_stmt 1 view .LVU223
 492:Drivers/STM32F1xx_HAL_Driver/Src/stm32f1xx_hal_dma.c **** 
 673              		.loc 1 492 1 is_stmt 0 view .LVU224
 674 0010 08BD     		pop	{r3, pc}
 675              	.LVL44:
 676              	.L42:
 471:Drivers/STM32F1xx_HAL_Driver/Src/stm32f1xx_hal_dma.c **** 
 677              		.loc 1 471 5 is_stmt 1 view .LVU225
 678 0012 0268     		ldr	r2, [r0]
 679 0014 1368     		ldr	r3, [r2]
 680 0016 23F00E03 		bic	r3, r3, #14
 681 001a 1360     		str	r3, [r2]
 474:Drivers/STM32F1xx_HAL_Driver/Src/stm32f1xx_hal_dma.c **** 
 682              		.loc 1 474 5 view .LVU226
 683 001c 0268     		ldr	r2, [r0]
 684 001e 1368     		ldr	r3, [r2]
 685 0020 23F00103 		bic	r3, r3, #1
 686 0024 1360     		str	r3, [r2]
 477:Drivers/STM32F1xx_HAL_Driver/Src/stm32f1xx_hal_dma.c **** 
ARM GAS  /tmp/ccRUdC2U.s 			page 32


 687              		.loc 1 477 5 view .LVU227
 688 0026 0368     		ldr	r3, [r0]
 689 0028 194A     		ldr	r2, .L54
 690 002a 9342     		cmp	r3, r2
 691 002c 14D0     		beq	.L45
 477:Drivers/STM32F1xx_HAL_Driver/Src/stm32f1xx_hal_dma.c **** 
 692              		.loc 1 477 5 is_stmt 0 discriminator 1 view .LVU228
 693 002e 1432     		adds	r2, r2, #20
 694 0030 9342     		cmp	r3, r2
 695 0032 1FD0     		beq	.L46
 477:Drivers/STM32F1xx_HAL_Driver/Src/stm32f1xx_hal_dma.c **** 
 696              		.loc 1 477 5 discriminator 3 view .LVU229
 697 0034 1432     		adds	r2, r2, #20
 698 0036 9342     		cmp	r3, r2
 699 0038 1ED0     		beq	.L47
 477:Drivers/STM32F1xx_HAL_Driver/Src/stm32f1xx_hal_dma.c **** 
 700              		.loc 1 477 5 discriminator 5 view .LVU230
 701 003a 1432     		adds	r2, r2, #20
 702 003c 9342     		cmp	r3, r2
 703 003e 1ED0     		beq	.L48
 477:Drivers/STM32F1xx_HAL_Driver/Src/stm32f1xx_hal_dma.c **** 
 704              		.loc 1 477 5 discriminator 7 view .LVU231
 705 0040 1432     		adds	r2, r2, #20
 706 0042 9342     		cmp	r3, r2
 707 0044 1ED0     		beq	.L49
 477:Drivers/STM32F1xx_HAL_Driver/Src/stm32f1xx_hal_dma.c **** 
 708              		.loc 1 477 5 discriminator 9 view .LVU232
 709 0046 1432     		adds	r2, r2, #20
 710 0048 9342     		cmp	r3, r2
 711 004a 02D0     		beq	.L53
 477:Drivers/STM32F1xx_HAL_Driver/Src/stm32f1xx_hal_dma.c **** 
 712              		.loc 1 477 5 discriminator 12 view .LVU233
 713 004c 4FF08072 		mov	r2, #16777216
 714 0050 03E0     		b	.L44
 715              	.L53:
 477:Drivers/STM32F1xx_HAL_Driver/Src/stm32f1xx_hal_dma.c **** 
 716              		.loc 1 477 5 discriminator 11 view .LVU234
 717 0052 4FF48012 		mov	r2, #1048576
 718 0056 00E0     		b	.L44
 719              	.L45:
 477:Drivers/STM32F1xx_HAL_Driver/Src/stm32f1xx_hal_dma.c **** 
 720              		.loc 1 477 5 discriminator 2 view .LVU235
 721 0058 0122     		movs	r2, #1
 722              	.L44:
 477:Drivers/STM32F1xx_HAL_Driver/Src/stm32f1xx_hal_dma.c **** 
 723              		.loc 1 477 5 discriminator 24 view .LVU236
 724 005a 0E4B     		ldr	r3, .L54+4
 725 005c 5A60     		str	r2, [r3, #4]
 480:Drivers/STM32F1xx_HAL_Driver/Src/stm32f1xx_hal_dma.c **** 
 726              		.loc 1 480 5 is_stmt 1 view .LVU237
 480:Drivers/STM32F1xx_HAL_Driver/Src/stm32f1xx_hal_dma.c **** 
 727              		.loc 1 480 17 is_stmt 0 view .LVU238
 728 005e 0123     		movs	r3, #1
 729 0060 80F82130 		strb	r3, [r0, #33]
 483:Drivers/STM32F1xx_HAL_Driver/Src/stm32f1xx_hal_dma.c **** 
 730              		.loc 1 483 5 is_stmt 1 view .LVU239
 483:Drivers/STM32F1xx_HAL_Driver/Src/stm32f1xx_hal_dma.c **** 
ARM GAS  /tmp/ccRUdC2U.s 			page 33


 731              		.loc 1 483 5 view .LVU240
 732 0064 0023     		movs	r3, #0
 733 0066 80F82030 		strb	r3, [r0, #32]
 483:Drivers/STM32F1xx_HAL_Driver/Src/stm32f1xx_hal_dma.c **** 
 734              		.loc 1 483 5 view .LVU241
 486:Drivers/STM32F1xx_HAL_Driver/Src/stm32f1xx_hal_dma.c ****     {
 735              		.loc 1 486 5 view .LVU242
 486:Drivers/STM32F1xx_HAL_Driver/Src/stm32f1xx_hal_dma.c ****     {
 736              		.loc 1 486 12 is_stmt 0 view .LVU243
 737 006a 436B     		ldr	r3, [r0, #52]
 486:Drivers/STM32F1xx_HAL_Driver/Src/stm32f1xx_hal_dma.c ****     {
 738              		.loc 1 486 7 view .LVU244
 739 006c 6BB1     		cbz	r3, .L51
 488:Drivers/STM32F1xx_HAL_Driver/Src/stm32f1xx_hal_dma.c ****     } 
 740              		.loc 1 488 7 is_stmt 1 view .LVU245
 741 006e 9847     		blx	r3
 742              	.LVL45:
 459:Drivers/STM32F1xx_HAL_Driver/Src/stm32f1xx_hal_dma.c ****   
 743              		.loc 1 459 21 is_stmt 0 view .LVU246
 744 0070 0020     		movs	r0, #0
 745 0072 CDE7     		b	.L43
 746              	.LVL46:
 747              	.L46:
 477:Drivers/STM32F1xx_HAL_Driver/Src/stm32f1xx_hal_dma.c **** 
 748              		.loc 1 477 5 discriminator 4 view .LVU247
 749 0074 1022     		movs	r2, #16
 750 0076 F0E7     		b	.L44
 751              	.L47:
 477:Drivers/STM32F1xx_HAL_Driver/Src/stm32f1xx_hal_dma.c **** 
 752              		.loc 1 477 5 discriminator 6 view .LVU248
 753 0078 4FF48072 		mov	r2, #256
 754 007c EDE7     		b	.L44
 755              	.L48:
 477:Drivers/STM32F1xx_HAL_Driver/Src/stm32f1xx_hal_dma.c **** 
 756              		.loc 1 477 5 discriminator 8 view .LVU249
 757 007e 4FF48052 		mov	r2, #4096
 758 0082 EAE7     		b	.L44
 759              	.L49:
 477:Drivers/STM32F1xx_HAL_Driver/Src/stm32f1xx_hal_dma.c **** 
 760              		.loc 1 477 5 discriminator 10 view .LVU250
 761 0084 4FF48032 		mov	r2, #65536
 762 0088 E7E7     		b	.L44
 763              	.L51:
 459:Drivers/STM32F1xx_HAL_Driver/Src/stm32f1xx_hal_dma.c ****   
 764              		.loc 1 459 21 view .LVU251
 765 008a 0020     		movs	r0, #0
 766              	.LVL47:
 459:Drivers/STM32F1xx_HAL_Driver/Src/stm32f1xx_hal_dma.c ****   
 767              		.loc 1 459 21 view .LVU252
 768 008c C0E7     		b	.L43
 769              	.L55:
 770 008e 00BF     		.align	2
 771              	.L54:
 772 0090 08000240 		.word	1073872904
 773 0094 00000240 		.word	1073872896
 774              		.cfi_endproc
 775              	.LFE70:
ARM GAS  /tmp/ccRUdC2U.s 			page 34


 777              		.section	.text.HAL_DMA_PollForTransfer,"ax",%progbits
 778              		.align	1
 779              		.global	HAL_DMA_PollForTransfer
 780              		.syntax unified
 781              		.thumb
 782              		.thumb_func
 784              	HAL_DMA_PollForTransfer:
 785              	.LVL48:
 786              	.LFB71:
 503:Drivers/STM32F1xx_HAL_Driver/Src/stm32f1xx_hal_dma.c ****   uint32_t temp;
 787              		.loc 1 503 1 is_stmt 1 view -0
 788              		.cfi_startproc
 789              		@ args = 0, pretend = 0, frame = 0
 790              		@ frame_needed = 0, uses_anonymous_args = 0
 503:Drivers/STM32F1xx_HAL_Driver/Src/stm32f1xx_hal_dma.c ****   uint32_t temp;
 791              		.loc 1 503 1 is_stmt 0 view .LVU254
 792 0000 2DE9F041 		push	{r4, r5, r6, r7, r8, lr}
 793              	.LCFI10:
 794              		.cfi_def_cfa_offset 24
 795              		.cfi_offset 4, -24
 796              		.cfi_offset 5, -20
 797              		.cfi_offset 6, -16
 798              		.cfi_offset 7, -12
 799              		.cfi_offset 8, -8
 800              		.cfi_offset 14, -4
 801 0004 0446     		mov	r4, r0
 504:Drivers/STM32F1xx_HAL_Driver/Src/stm32f1xx_hal_dma.c ****   uint32_t tickstart = 0U;
 802              		.loc 1 504 3 is_stmt 1 view .LVU255
 505:Drivers/STM32F1xx_HAL_Driver/Src/stm32f1xx_hal_dma.c **** 
 803              		.loc 1 505 3 view .LVU256
 804              	.LVL49:
 507:Drivers/STM32F1xx_HAL_Driver/Src/stm32f1xx_hal_dma.c ****   {
 805              		.loc 1 507 3 view .LVU257
 507:Drivers/STM32F1xx_HAL_Driver/Src/stm32f1xx_hal_dma.c ****   {
 806              		.loc 1 507 32 is_stmt 0 view .LVU258
 807 0006 90F82130 		ldrb	r3, [r0, #33]	@ zero_extendqisi2
 507:Drivers/STM32F1xx_HAL_Driver/Src/stm32f1xx_hal_dma.c ****   {
 808              		.loc 1 507 5 view .LVU259
 809 000a 022B     		cmp	r3, #2
 810 000c 07D0     		beq	.L57
 510:Drivers/STM32F1xx_HAL_Driver/Src/stm32f1xx_hal_dma.c ****     __HAL_UNLOCK(hdma);
 811              		.loc 1 510 5 is_stmt 1 view .LVU260
 510:Drivers/STM32F1xx_HAL_Driver/Src/stm32f1xx_hal_dma.c ****     __HAL_UNLOCK(hdma);
 812              		.loc 1 510 21 is_stmt 0 view .LVU261
 813 000e 0423     		movs	r3, #4
 814 0010 8363     		str	r3, [r0, #56]
 511:Drivers/STM32F1xx_HAL_Driver/Src/stm32f1xx_hal_dma.c ****     return HAL_ERROR;
 815              		.loc 1 511 5 is_stmt 1 view .LVU262
 511:Drivers/STM32F1xx_HAL_Driver/Src/stm32f1xx_hal_dma.c ****     return HAL_ERROR;
 816              		.loc 1 511 5 view .LVU263
 817 0012 0023     		movs	r3, #0
 818 0014 80F82030 		strb	r3, [r0, #32]
 511:Drivers/STM32F1xx_HAL_Driver/Src/stm32f1xx_hal_dma.c ****     return HAL_ERROR;
 819              		.loc 1 511 5 view .LVU264
 512:Drivers/STM32F1xx_HAL_Driver/Src/stm32f1xx_hal_dma.c ****   }
 820              		.loc 1 512 5 view .LVU265
 512:Drivers/STM32F1xx_HAL_Driver/Src/stm32f1xx_hal_dma.c ****   }
ARM GAS  /tmp/ccRUdC2U.s 			page 35


 821              		.loc 1 512 12 is_stmt 0 view .LVU266
 822 0018 0120     		movs	r0, #1
 823              	.LVL50:
 824              	.L58:
 595:Drivers/STM32F1xx_HAL_Driver/Src/stm32f1xx_hal_dma.c **** 
 825              		.loc 1 595 1 view .LVU267
 826 001a BDE8F081 		pop	{r4, r5, r6, r7, r8, pc}
 827              	.LVL51:
 828              	.L57:
 595:Drivers/STM32F1xx_HAL_Driver/Src/stm32f1xx_hal_dma.c **** 
 829              		.loc 1 595 1 view .LVU268
 830 001e 0F46     		mov	r7, r1
 831 0020 1546     		mov	r5, r2
 516:Drivers/STM32F1xx_HAL_Driver/Src/stm32f1xx_hal_dma.c ****   {
 832              		.loc 1 516 3 is_stmt 1 view .LVU269
 516:Drivers/STM32F1xx_HAL_Driver/Src/stm32f1xx_hal_dma.c ****   {
 833              		.loc 1 516 21 is_stmt 0 view .LVU270
 834 0022 0368     		ldr	r3, [r0]
 516:Drivers/STM32F1xx_HAL_Driver/Src/stm32f1xx_hal_dma.c ****   {
 835              		.loc 1 516 31 view .LVU271
 836 0024 1A68     		ldr	r2, [r3]
 837              	.LVL52:
 516:Drivers/STM32F1xx_HAL_Driver/Src/stm32f1xx_hal_dma.c ****   {
 838              		.loc 1 516 6 view .LVU272
 839 0026 12F0200F 		tst	r2, #32
 840 002a 15D1     		bne	.L103
 523:Drivers/STM32F1xx_HAL_Driver/Src/stm32f1xx_hal_dma.c ****   {
 841              		.loc 1 523 3 is_stmt 1 view .LVU273
 523:Drivers/STM32F1xx_HAL_Driver/Src/stm32f1xx_hal_dma.c ****   {
 842              		.loc 1 523 5 is_stmt 0 view .LVU274
 843 002c E1B9     		cbnz	r1, .L60
 526:Drivers/STM32F1xx_HAL_Driver/Src/stm32f1xx_hal_dma.c ****   }
 844              		.loc 1 526 5 is_stmt 1 view .LVU275
 526:Drivers/STM32F1xx_HAL_Driver/Src/stm32f1xx_hal_dma.c ****   }
 845              		.loc 1 526 12 is_stmt 0 view .LVU276
 846 002e 7D4A     		ldr	r2, .L112
 847 0030 9342     		cmp	r3, r2
 848 0032 31D0     		beq	.L72
 526:Drivers/STM32F1xx_HAL_Driver/Src/stm32f1xx_hal_dma.c ****   }
 849              		.loc 1 526 12 discriminator 1 view .LVU277
 850 0034 1432     		adds	r2, r2, #20
 851 0036 9342     		cmp	r3, r2
 852 0038 33D0     		beq	.L73
 526:Drivers/STM32F1xx_HAL_Driver/Src/stm32f1xx_hal_dma.c ****   }
 853              		.loc 1 526 12 discriminator 3 view .LVU278
 854 003a 1432     		adds	r2, r2, #20
 855 003c 9342     		cmp	r3, r2
 856 003e 32D0     		beq	.L74
 526:Drivers/STM32F1xx_HAL_Driver/Src/stm32f1xx_hal_dma.c ****   }
 857              		.loc 1 526 12 discriminator 5 view .LVU279
 858 0040 1432     		adds	r2, r2, #20
 859 0042 9342     		cmp	r3, r2
 860 0044 32D0     		beq	.L75
 526:Drivers/STM32F1xx_HAL_Driver/Src/stm32f1xx_hal_dma.c ****   }
 861              		.loc 1 526 12 discriminator 7 view .LVU280
 862 0046 1432     		adds	r2, r2, #20
 863 0048 9342     		cmp	r3, r2
ARM GAS  /tmp/ccRUdC2U.s 			page 36


 864 004a 32D0     		beq	.L76
 526:Drivers/STM32F1xx_HAL_Driver/Src/stm32f1xx_hal_dma.c ****   }
 865              		.loc 1 526 12 discriminator 9 view .LVU281
 866 004c 1432     		adds	r2, r2, #20
 867 004e 9342     		cmp	r3, r2
 868 0050 07D0     		beq	.L104
 526:Drivers/STM32F1xx_HAL_Driver/Src/stm32f1xx_hal_dma.c ****   }
 869              		.loc 1 526 12 discriminator 12 view .LVU282
 870 0052 4FF00076 		mov	r6, #33554432
 871 0056 20E0     		b	.L61
 872              	.L103:
 518:Drivers/STM32F1xx_HAL_Driver/Src/stm32f1xx_hal_dma.c ****     return HAL_ERROR;
 873              		.loc 1 518 5 is_stmt 1 view .LVU283
 518:Drivers/STM32F1xx_HAL_Driver/Src/stm32f1xx_hal_dma.c ****     return HAL_ERROR;
 874              		.loc 1 518 21 is_stmt 0 view .LVU284
 875 0058 4FF48073 		mov	r3, #256
 876 005c 8363     		str	r3, [r0, #56]
 519:Drivers/STM32F1xx_HAL_Driver/Src/stm32f1xx_hal_dma.c ****   }
 877              		.loc 1 519 5 is_stmt 1 view .LVU285
 519:Drivers/STM32F1xx_HAL_Driver/Src/stm32f1xx_hal_dma.c ****   }
 878              		.loc 1 519 12 is_stmt 0 view .LVU286
 879 005e 0120     		movs	r0, #1
 880              	.LVL53:
 519:Drivers/STM32F1xx_HAL_Driver/Src/stm32f1xx_hal_dma.c ****   }
 881              		.loc 1 519 12 view .LVU287
 882 0060 DBE7     		b	.L58
 883              	.LVL54:
 884              	.L104:
 526:Drivers/STM32F1xx_HAL_Driver/Src/stm32f1xx_hal_dma.c ****   }
 885              		.loc 1 526 12 discriminator 11 view .LVU288
 886 0062 4FF40016 		mov	r6, #2097152
 887 0066 18E0     		b	.L61
 888              	.L60:
 531:Drivers/STM32F1xx_HAL_Driver/Src/stm32f1xx_hal_dma.c ****   }
 889              		.loc 1 531 5 is_stmt 1 view .LVU289
 531:Drivers/STM32F1xx_HAL_Driver/Src/stm32f1xx_hal_dma.c ****   }
 890              		.loc 1 531 12 is_stmt 0 view .LVU290
 891 0068 6E4A     		ldr	r2, .L112
 892 006a 9342     		cmp	r3, r2
 893 006c 24D0     		beq	.L78
 531:Drivers/STM32F1xx_HAL_Driver/Src/stm32f1xx_hal_dma.c ****   }
 894              		.loc 1 531 12 discriminator 1 view .LVU291
 895 006e 1432     		adds	r2, r2, #20
 896 0070 9342     		cmp	r3, r2
 897 0072 23D0     		beq	.L79
 531:Drivers/STM32F1xx_HAL_Driver/Src/stm32f1xx_hal_dma.c ****   }
 898              		.loc 1 531 12 discriminator 3 view .LVU292
 899 0074 1432     		adds	r2, r2, #20
 900 0076 9342     		cmp	r3, r2
 901 0078 22D0     		beq	.L80
 531:Drivers/STM32F1xx_HAL_Driver/Src/stm32f1xx_hal_dma.c ****   }
 902              		.loc 1 531 12 discriminator 5 view .LVU293
 903 007a 1432     		adds	r2, r2, #20
 904 007c 9342     		cmp	r3, r2
 905 007e 22D0     		beq	.L81
 531:Drivers/STM32F1xx_HAL_Driver/Src/stm32f1xx_hal_dma.c ****   }
 906              		.loc 1 531 12 discriminator 7 view .LVU294
ARM GAS  /tmp/ccRUdC2U.s 			page 37


 907 0080 1432     		adds	r2, r2, #20
 908 0082 9342     		cmp	r3, r2
 909 0084 22D0     		beq	.L82
 531:Drivers/STM32F1xx_HAL_Driver/Src/stm32f1xx_hal_dma.c ****   }
 910              		.loc 1 531 12 discriminator 9 view .LVU295
 911 0086 1432     		adds	r2, r2, #20
 912 0088 9342     		cmp	r3, r2
 913 008a 02D0     		beq	.L105
 531:Drivers/STM32F1xx_HAL_Driver/Src/stm32f1xx_hal_dma.c ****   }
 914              		.loc 1 531 12 discriminator 12 view .LVU296
 915 008c 4FF08066 		mov	r6, #67108864
 916 0090 03E0     		b	.L61
 917              	.L105:
 531:Drivers/STM32F1xx_HAL_Driver/Src/stm32f1xx_hal_dma.c ****   }
 918              		.loc 1 531 12 discriminator 11 view .LVU297
 919 0092 4FF48006 		mov	r6, #4194304
 920 0096 00E0     		b	.L61
 921              	.L72:
 526:Drivers/STM32F1xx_HAL_Driver/Src/stm32f1xx_hal_dma.c ****   }
 922              		.loc 1 526 12 discriminator 2 view .LVU298
 923 0098 0226     		movs	r6, #2
 924              	.L61:
 925              	.LVL55:
 535:Drivers/STM32F1xx_HAL_Driver/Src/stm32f1xx_hal_dma.c **** 
 926              		.loc 1 535 3 is_stmt 1 view .LVU299
 535:Drivers/STM32F1xx_HAL_Driver/Src/stm32f1xx_hal_dma.c **** 
 927              		.loc 1 535 15 is_stmt 0 view .LVU300
 928 009a FFF7FEFF 		bl	HAL_GetTick
 929              	.LVL56:
 535:Drivers/STM32F1xx_HAL_Driver/Src/stm32f1xx_hal_dma.c **** 
 930              		.loc 1 535 15 view .LVU301
 931 009e 8046     		mov	r8, r0
 932              	.LVL57:
 537:Drivers/STM32F1xx_HAL_Driver/Src/stm32f1xx_hal_dma.c ****   {
 933              		.loc 1 537 3 is_stmt 1 view .LVU302
 537:Drivers/STM32F1xx_HAL_Driver/Src/stm32f1xx_hal_dma.c ****   {
 934              		.loc 1 537 8 is_stmt 0 view .LVU303
 935 00a0 20E0     		b	.L65
 936              	.LVL58:
 937              	.L73:
 526:Drivers/STM32F1xx_HAL_Driver/Src/stm32f1xx_hal_dma.c ****   }
 938              		.loc 1 526 12 discriminator 4 view .LVU304
 939 00a2 2026     		movs	r6, #32
 940 00a4 F9E7     		b	.L61
 941              	.L74:
 526:Drivers/STM32F1xx_HAL_Driver/Src/stm32f1xx_hal_dma.c ****   }
 942              		.loc 1 526 12 discriminator 6 view .LVU305
 943 00a6 4FF40076 		mov	r6, #512
 944 00aa F6E7     		b	.L61
 945              	.L75:
 526:Drivers/STM32F1xx_HAL_Driver/Src/stm32f1xx_hal_dma.c ****   }
 946              		.loc 1 526 12 discriminator 8 view .LVU306
 947 00ac 4FF40056 		mov	r6, #8192
 948 00b0 F3E7     		b	.L61
 949              	.L76:
 526:Drivers/STM32F1xx_HAL_Driver/Src/stm32f1xx_hal_dma.c ****   }
 950              		.loc 1 526 12 discriminator 10 view .LVU307
ARM GAS  /tmp/ccRUdC2U.s 			page 38


 951 00b2 4FF40036 		mov	r6, #131072
 952 00b6 F0E7     		b	.L61
 953              	.L78:
 531:Drivers/STM32F1xx_HAL_Driver/Src/stm32f1xx_hal_dma.c ****   }
 954              		.loc 1 531 12 discriminator 2 view .LVU308
 955 00b8 0426     		movs	r6, #4
 956 00ba EEE7     		b	.L61
 957              	.L79:
 531:Drivers/STM32F1xx_HAL_Driver/Src/stm32f1xx_hal_dma.c ****   }
 958              		.loc 1 531 12 discriminator 4 view .LVU309
 959 00bc 4026     		movs	r6, #64
 960 00be ECE7     		b	.L61
 961              	.L80:
 531:Drivers/STM32F1xx_HAL_Driver/Src/stm32f1xx_hal_dma.c ****   }
 962              		.loc 1 531 12 discriminator 6 view .LVU310
 963 00c0 4FF48066 		mov	r6, #1024
 964 00c4 E9E7     		b	.L61
 965              	.L81:
 531:Drivers/STM32F1xx_HAL_Driver/Src/stm32f1xx_hal_dma.c ****   }
 966              		.loc 1 531 12 discriminator 8 view .LVU311
 967 00c6 4FF48046 		mov	r6, #16384
 968 00ca E6E7     		b	.L61
 969              	.L82:
 531:Drivers/STM32F1xx_HAL_Driver/Src/stm32f1xx_hal_dma.c ****   }
 970              		.loc 1 531 12 discriminator 10 view .LVU312
 971 00cc 4FF48026 		mov	r6, #262144
 972 00d0 E3E7     		b	.L61
 973              	.LVL59:
 974              	.L109:
 539:Drivers/STM32F1xx_HAL_Driver/Src/stm32f1xx_hal_dma.c ****     {
 975              		.loc 1 539 9 discriminator 11 view .LVU313
 976 00d2 4FF40003 		mov	r3, #8388608
 977 00d6 00E0     		b	.L63
 978              	.L84:
 539:Drivers/STM32F1xx_HAL_Driver/Src/stm32f1xx_hal_dma.c ****     {
 979              		.loc 1 539 9 discriminator 2 view .LVU314
 980 00d8 0823     		movs	r3, #8
 981              	.L63:
 539:Drivers/STM32F1xx_HAL_Driver/Src/stm32f1xx_hal_dma.c ****     {
 982              		.loc 1 539 7 discriminator 24 view .LVU315
 983 00da 1A42     		tst	r2, r3
 984 00dc 29D1     		bne	.L106
 558:Drivers/STM32F1xx_HAL_Driver/Src/stm32f1xx_hal_dma.c ****     {
 985              		.loc 1 558 5 is_stmt 1 view .LVU316
 558:Drivers/STM32F1xx_HAL_Driver/Src/stm32f1xx_hal_dma.c ****     {
 986              		.loc 1 558 7 is_stmt 0 view .LVU317
 987 00de B5F1FF3F 		cmp	r5, #-1
 988 00e2 35D1     		bne	.L107
 989              	.L65:
 537:Drivers/STM32F1xx_HAL_Driver/Src/stm32f1xx_hal_dma.c ****   {
 990              		.loc 1 537 40 is_stmt 1 view .LVU318
 537:Drivers/STM32F1xx_HAL_Driver/Src/stm32f1xx_hal_dma.c ****   {
 991              		.loc 1 537 9 is_stmt 0 view .LVU319
 992 00e4 504B     		ldr	r3, .L112+4
 993 00e6 1B68     		ldr	r3, [r3]
 537:Drivers/STM32F1xx_HAL_Driver/Src/stm32f1xx_hal_dma.c ****   {
 994              		.loc 1 537 40 view .LVU320
ARM GAS  /tmp/ccRUdC2U.s 			page 39


 995 00e8 3342     		tst	r3, r6
 996 00ea 43D1     		bne	.L108
 539:Drivers/STM32F1xx_HAL_Driver/Src/stm32f1xx_hal_dma.c ****     {
 997              		.loc 1 539 5 is_stmt 1 view .LVU321
 539:Drivers/STM32F1xx_HAL_Driver/Src/stm32f1xx_hal_dma.c ****     {
 998              		.loc 1 539 9 is_stmt 0 view .LVU322
 999 00ec 4E4B     		ldr	r3, .L112+4
 1000 00ee 1A68     		ldr	r2, [r3]
 1001 00f0 2368     		ldr	r3, [r4]
 1002 00f2 4C49     		ldr	r1, .L112
 1003 00f4 8B42     		cmp	r3, r1
 1004 00f6 EFD0     		beq	.L84
 539:Drivers/STM32F1xx_HAL_Driver/Src/stm32f1xx_hal_dma.c ****     {
 1005              		.loc 1 539 9 discriminator 1 view .LVU323
 1006 00f8 1431     		adds	r1, r1, #20
 1007 00fa 8B42     		cmp	r3, r1
 1008 00fc 0ED0     		beq	.L85
 539:Drivers/STM32F1xx_HAL_Driver/Src/stm32f1xx_hal_dma.c ****     {
 1009              		.loc 1 539 9 discriminator 3 view .LVU324
 1010 00fe 1431     		adds	r1, r1, #20
 1011 0100 8B42     		cmp	r3, r1
 1012 0102 0DD0     		beq	.L86
 539:Drivers/STM32F1xx_HAL_Driver/Src/stm32f1xx_hal_dma.c ****     {
 1013              		.loc 1 539 9 discriminator 5 view .LVU325
 1014 0104 1431     		adds	r1, r1, #20
 1015 0106 8B42     		cmp	r3, r1
 1016 0108 0DD0     		beq	.L87
 539:Drivers/STM32F1xx_HAL_Driver/Src/stm32f1xx_hal_dma.c ****     {
 1017              		.loc 1 539 9 discriminator 7 view .LVU326
 1018 010a 1431     		adds	r1, r1, #20
 1019 010c 8B42     		cmp	r3, r1
 1020 010e 0DD0     		beq	.L88
 539:Drivers/STM32F1xx_HAL_Driver/Src/stm32f1xx_hal_dma.c ****     {
 1021              		.loc 1 539 9 discriminator 9 view .LVU327
 1022 0110 1431     		adds	r1, r1, #20
 1023 0112 8B42     		cmp	r3, r1
 1024 0114 DDD0     		beq	.L109
 539:Drivers/STM32F1xx_HAL_Driver/Src/stm32f1xx_hal_dma.c ****     {
 1025              		.loc 1 539 9 discriminator 12 view .LVU328
 1026 0116 4FF00063 		mov	r3, #134217728
 1027 011a DEE7     		b	.L63
 1028              	.L85:
 539:Drivers/STM32F1xx_HAL_Driver/Src/stm32f1xx_hal_dma.c ****     {
 1029              		.loc 1 539 9 discriminator 4 view .LVU329
 1030 011c 8023     		movs	r3, #128
 1031 011e DCE7     		b	.L63
 1032              	.L86:
 539:Drivers/STM32F1xx_HAL_Driver/Src/stm32f1xx_hal_dma.c ****     {
 1033              		.loc 1 539 9 discriminator 6 view .LVU330
 1034 0120 4FF40063 		mov	r3, #2048
 1035 0124 D9E7     		b	.L63
 1036              	.L87:
 539:Drivers/STM32F1xx_HAL_Driver/Src/stm32f1xx_hal_dma.c ****     {
 1037              		.loc 1 539 9 discriminator 8 view .LVU331
 1038 0126 4FF40043 		mov	r3, #32768
 1039 012a D6E7     		b	.L63
 1040              	.L88:
ARM GAS  /tmp/ccRUdC2U.s 			page 40


 539:Drivers/STM32F1xx_HAL_Driver/Src/stm32f1xx_hal_dma.c ****     {
 1041              		.loc 1 539 9 discriminator 10 view .LVU332
 1042 012c 4FF40023 		mov	r3, #524288
 1043 0130 D3E7     		b	.L63
 1044              	.L106:
 544:Drivers/STM32F1xx_HAL_Driver/Src/stm32f1xx_hal_dma.c **** 
 1045              		.loc 1 544 7 is_stmt 1 view .LVU333
 544:Drivers/STM32F1xx_HAL_Driver/Src/stm32f1xx_hal_dma.c **** 
 1046              		.loc 1 544 57 is_stmt 0 view .LVU334
 1047 0132 236C     		ldr	r3, [r4, #64]
 544:Drivers/STM32F1xx_HAL_Driver/Src/stm32f1xx_hal_dma.c **** 
 1048              		.loc 1 544 11 view .LVU335
 1049 0134 E26B     		ldr	r2, [r4, #60]
 544:Drivers/STM32F1xx_HAL_Driver/Src/stm32f1xx_hal_dma.c **** 
 1050              		.loc 1 544 50 view .LVU336
 1051 0136 0120     		movs	r0, #1
 1052 0138 00FA03F3 		lsl	r3, r0, r3
 544:Drivers/STM32F1xx_HAL_Driver/Src/stm32f1xx_hal_dma.c **** 
 1053              		.loc 1 544 34 view .LVU337
 1054 013c 5360     		str	r3, [r2, #4]
 547:Drivers/STM32F1xx_HAL_Driver/Src/stm32f1xx_hal_dma.c **** 
 1055              		.loc 1 547 7 is_stmt 1 view .LVU338
 1056 013e A36B     		ldr	r3, [r4, #56]
 1057 0140 0343     		orrs	r3, r3, r0
 1058 0142 A363     		str	r3, [r4, #56]
 550:Drivers/STM32F1xx_HAL_Driver/Src/stm32f1xx_hal_dma.c **** 
 1059              		.loc 1 550 7 view .LVU339
 550:Drivers/STM32F1xx_HAL_Driver/Src/stm32f1xx_hal_dma.c **** 
 1060              		.loc 1 550 18 is_stmt 0 view .LVU340
 1061 0144 84F82100 		strb	r0, [r4, #33]
 553:Drivers/STM32F1xx_HAL_Driver/Src/stm32f1xx_hal_dma.c **** 
 1062              		.loc 1 553 7 is_stmt 1 view .LVU341
 553:Drivers/STM32F1xx_HAL_Driver/Src/stm32f1xx_hal_dma.c **** 
 1063              		.loc 1 553 7 view .LVU342
 1064 0148 0023     		movs	r3, #0
 1065 014a 84F82030 		strb	r3, [r4, #32]
 553:Drivers/STM32F1xx_HAL_Driver/Src/stm32f1xx_hal_dma.c **** 
 1066              		.loc 1 553 7 view .LVU343
 555:Drivers/STM32F1xx_HAL_Driver/Src/stm32f1xx_hal_dma.c ****     }
 1067              		.loc 1 555 7 view .LVU344
 555:Drivers/STM32F1xx_HAL_Driver/Src/stm32f1xx_hal_dma.c ****     }
 1068              		.loc 1 555 14 is_stmt 0 view .LVU345
 1069 014e 64E7     		b	.L58
 1070              	.L107:
 560:Drivers/STM32F1xx_HAL_Driver/Src/stm32f1xx_hal_dma.c ****       {
 1071              		.loc 1 560 7 is_stmt 1 view .LVU346
 560:Drivers/STM32F1xx_HAL_Driver/Src/stm32f1xx_hal_dma.c ****       {
 1072              		.loc 1 560 9 is_stmt 0 view .LVU347
 1073 0150 2DB1     		cbz	r5, .L66
 560:Drivers/STM32F1xx_HAL_Driver/Src/stm32f1xx_hal_dma.c ****       {
 1074              		.loc 1 560 31 discriminator 1 view .LVU348
 1075 0152 FFF7FEFF 		bl	HAL_GetTick
 1076              	.LVL60:
 560:Drivers/STM32F1xx_HAL_Driver/Src/stm32f1xx_hal_dma.c ****       {
 1077              		.loc 1 560 45 discriminator 1 view .LVU349
 1078 0156 A0EB0800 		sub	r0, r0, r8
 560:Drivers/STM32F1xx_HAL_Driver/Src/stm32f1xx_hal_dma.c ****       {
ARM GAS  /tmp/ccRUdC2U.s 			page 41


 1079              		.loc 1 560 26 discriminator 1 view .LVU350
 1080 015a A842     		cmp	r0, r5
 1081 015c C2D9     		bls	.L65
 1082              	.L66:
 563:Drivers/STM32F1xx_HAL_Driver/Src/stm32f1xx_hal_dma.c **** 
 1083              		.loc 1 563 9 is_stmt 1 view .LVU351
 1084 015e A36B     		ldr	r3, [r4, #56]
 1085 0160 43F02003 		orr	r3, r3, #32
 1086 0164 A363     		str	r3, [r4, #56]
 566:Drivers/STM32F1xx_HAL_Driver/Src/stm32f1xx_hal_dma.c **** 
 1087              		.loc 1 566 9 view .LVU352
 566:Drivers/STM32F1xx_HAL_Driver/Src/stm32f1xx_hal_dma.c **** 
 1088              		.loc 1 566 21 is_stmt 0 view .LVU353
 1089 0166 0120     		movs	r0, #1
 1090 0168 84F82100 		strb	r0, [r4, #33]
 569:Drivers/STM32F1xx_HAL_Driver/Src/stm32f1xx_hal_dma.c **** 
 1091              		.loc 1 569 9 is_stmt 1 view .LVU354
 569:Drivers/STM32F1xx_HAL_Driver/Src/stm32f1xx_hal_dma.c **** 
 1092              		.loc 1 569 9 view .LVU355
 1093 016c 0023     		movs	r3, #0
 1094 016e 84F82030 		strb	r3, [r4, #32]
 569:Drivers/STM32F1xx_HAL_Driver/Src/stm32f1xx_hal_dma.c **** 
 1095              		.loc 1 569 9 view .LVU356
 571:Drivers/STM32F1xx_HAL_Driver/Src/stm32f1xx_hal_dma.c ****       }
 1096              		.loc 1 571 9 view .LVU357
 571:Drivers/STM32F1xx_HAL_Driver/Src/stm32f1xx_hal_dma.c ****       }
 1097              		.loc 1 571 16 is_stmt 0 view .LVU358
 1098 0172 52E7     		b	.L58
 1099              	.L108:
 576:Drivers/STM32F1xx_HAL_Driver/Src/stm32f1xx_hal_dma.c ****   {
 1100              		.loc 1 576 3 is_stmt 1 view .LVU359
 576:Drivers/STM32F1xx_HAL_Driver/Src/stm32f1xx_hal_dma.c ****   {
 1101              		.loc 1 576 5 is_stmt 0 view .LVU360
 1102 0174 6FBB     		cbnz	r7, .L68
 579:Drivers/STM32F1xx_HAL_Driver/Src/stm32f1xx_hal_dma.c **** 
 1103              		.loc 1 579 5 is_stmt 1 view .LVU361
 1104 0176 2368     		ldr	r3, [r4]
 1105 0178 2A4A     		ldr	r2, .L112
 1106 017a 9342     		cmp	r3, r2
 1107 017c 14D0     		beq	.L90
 579:Drivers/STM32F1xx_HAL_Driver/Src/stm32f1xx_hal_dma.c **** 
 1108              		.loc 1 579 5 is_stmt 0 discriminator 1 view .LVU362
 1109 017e 1432     		adds	r2, r2, #20
 1110 0180 9342     		cmp	r3, r2
 1111 0182 1BD0     		beq	.L91
 579:Drivers/STM32F1xx_HAL_Driver/Src/stm32f1xx_hal_dma.c **** 
 1112              		.loc 1 579 5 discriminator 3 view .LVU363
 1113 0184 1432     		adds	r2, r2, #20
 1114 0186 9342     		cmp	r3, r2
 1115 0188 1AD0     		beq	.L92
 579:Drivers/STM32F1xx_HAL_Driver/Src/stm32f1xx_hal_dma.c **** 
 1116              		.loc 1 579 5 discriminator 5 view .LVU364
 1117 018a 1432     		adds	r2, r2, #20
 1118 018c 9342     		cmp	r3, r2
 1119 018e 1AD0     		beq	.L93
 579:Drivers/STM32F1xx_HAL_Driver/Src/stm32f1xx_hal_dma.c **** 
 1120              		.loc 1 579 5 discriminator 7 view .LVU365
ARM GAS  /tmp/ccRUdC2U.s 			page 42


 1121 0190 1432     		adds	r2, r2, #20
 1122 0192 9342     		cmp	r3, r2
 1123 0194 1AD0     		beq	.L94
 579:Drivers/STM32F1xx_HAL_Driver/Src/stm32f1xx_hal_dma.c **** 
 1124              		.loc 1 579 5 discriminator 9 view .LVU366
 1125 0196 1432     		adds	r2, r2, #20
 1126 0198 9342     		cmp	r3, r2
 1127 019a 02D0     		beq	.L110
 579:Drivers/STM32F1xx_HAL_Driver/Src/stm32f1xx_hal_dma.c **** 
 1128              		.loc 1 579 5 discriminator 12 view .LVU367
 1129 019c 4FF00072 		mov	r2, #33554432
 1130 01a0 03E0     		b	.L69
 1131              	.L110:
 579:Drivers/STM32F1xx_HAL_Driver/Src/stm32f1xx_hal_dma.c **** 
 1132              		.loc 1 579 5 discriminator 11 view .LVU368
 1133 01a2 4FF40012 		mov	r2, #2097152
 1134 01a6 00E0     		b	.L69
 1135              	.L90:
 579:Drivers/STM32F1xx_HAL_Driver/Src/stm32f1xx_hal_dma.c **** 
 1136              		.loc 1 579 5 discriminator 2 view .LVU369
 1137 01a8 0222     		movs	r2, #2
 1138              	.L69:
 579:Drivers/STM32F1xx_HAL_Driver/Src/stm32f1xx_hal_dma.c **** 
 1139              		.loc 1 579 5 discriminator 24 view .LVU370
 1140 01aa 1F4B     		ldr	r3, .L112+4
 1141 01ac 5A60     		str	r2, [r3, #4]
 583:Drivers/STM32F1xx_HAL_Driver/Src/stm32f1xx_hal_dma.c ****   }
 1142              		.loc 1 583 5 is_stmt 1 view .LVU371
 583:Drivers/STM32F1xx_HAL_Driver/Src/stm32f1xx_hal_dma.c ****   }
 1143              		.loc 1 583 17 is_stmt 0 view .LVU372
 1144 01ae 0123     		movs	r3, #1
 1145 01b0 84F82130 		strb	r3, [r4, #33]
 1146              	.L70:
 592:Drivers/STM32F1xx_HAL_Driver/Src/stm32f1xx_hal_dma.c **** 
 1147              		.loc 1 592 3 is_stmt 1 view .LVU373
 592:Drivers/STM32F1xx_HAL_Driver/Src/stm32f1xx_hal_dma.c **** 
 1148              		.loc 1 592 3 view .LVU374
 1149 01b4 0020     		movs	r0, #0
 1150 01b6 84F82000 		strb	r0, [r4, #32]
 592:Drivers/STM32F1xx_HAL_Driver/Src/stm32f1xx_hal_dma.c **** 
 1151              		.loc 1 592 3 view .LVU375
 594:Drivers/STM32F1xx_HAL_Driver/Src/stm32f1xx_hal_dma.c **** }
 1152              		.loc 1 594 3 view .LVU376
 594:Drivers/STM32F1xx_HAL_Driver/Src/stm32f1xx_hal_dma.c **** }
 1153              		.loc 1 594 10 is_stmt 0 view .LVU377
 1154 01ba 2EE7     		b	.L58
 1155              	.L91:
 579:Drivers/STM32F1xx_HAL_Driver/Src/stm32f1xx_hal_dma.c **** 
 1156              		.loc 1 579 5 discriminator 4 view .LVU378
 1157 01bc 2022     		movs	r2, #32
 1158 01be F4E7     		b	.L69
 1159              	.L92:
 579:Drivers/STM32F1xx_HAL_Driver/Src/stm32f1xx_hal_dma.c **** 
 1160              		.loc 1 579 5 discriminator 6 view .LVU379
 1161 01c0 4FF40072 		mov	r2, #512
 1162 01c4 F1E7     		b	.L69
 1163              	.L93:
ARM GAS  /tmp/ccRUdC2U.s 			page 43


 579:Drivers/STM32F1xx_HAL_Driver/Src/stm32f1xx_hal_dma.c **** 
 1164              		.loc 1 579 5 discriminator 8 view .LVU380
 1165 01c6 4FF40052 		mov	r2, #8192
 1166 01ca EEE7     		b	.L69
 1167              	.L94:
 579:Drivers/STM32F1xx_HAL_Driver/Src/stm32f1xx_hal_dma.c **** 
 1168              		.loc 1 579 5 discriminator 10 view .LVU381
 1169 01cc 4FF40032 		mov	r2, #131072
 1170 01d0 EBE7     		b	.L69
 1171              	.L68:
 588:Drivers/STM32F1xx_HAL_Driver/Src/stm32f1xx_hal_dma.c ****   }
 1172              		.loc 1 588 5 is_stmt 1 view .LVU382
 1173 01d2 2368     		ldr	r3, [r4]
 1174 01d4 134A     		ldr	r2, .L112
 1175 01d6 9342     		cmp	r3, r2
 1176 01d8 14D0     		beq	.L96
 588:Drivers/STM32F1xx_HAL_Driver/Src/stm32f1xx_hal_dma.c ****   }
 1177              		.loc 1 588 5 is_stmt 0 discriminator 1 view .LVU383
 1178 01da 1432     		adds	r2, r2, #20
 1179 01dc 9342     		cmp	r3, r2
 1180 01de 15D0     		beq	.L97
 588:Drivers/STM32F1xx_HAL_Driver/Src/stm32f1xx_hal_dma.c ****   }
 1181              		.loc 1 588 5 discriminator 3 view .LVU384
 1182 01e0 1432     		adds	r2, r2, #20
 1183 01e2 9342     		cmp	r3, r2
 1184 01e4 14D0     		beq	.L98
 588:Drivers/STM32F1xx_HAL_Driver/Src/stm32f1xx_hal_dma.c ****   }
 1185              		.loc 1 588 5 discriminator 5 view .LVU385
 1186 01e6 1432     		adds	r2, r2, #20
 1187 01e8 9342     		cmp	r3, r2
 1188 01ea 14D0     		beq	.L99
 588:Drivers/STM32F1xx_HAL_Driver/Src/stm32f1xx_hal_dma.c ****   }
 1189              		.loc 1 588 5 discriminator 7 view .LVU386
 1190 01ec 1432     		adds	r2, r2, #20
 1191 01ee 9342     		cmp	r3, r2
 1192 01f0 14D0     		beq	.L100
 588:Drivers/STM32F1xx_HAL_Driver/Src/stm32f1xx_hal_dma.c ****   }
 1193              		.loc 1 588 5 discriminator 9 view .LVU387
 1194 01f2 1432     		adds	r2, r2, #20
 1195 01f4 9342     		cmp	r3, r2
 1196 01f6 02D0     		beq	.L111
 588:Drivers/STM32F1xx_HAL_Driver/Src/stm32f1xx_hal_dma.c ****   }
 1197              		.loc 1 588 5 discriminator 12 view .LVU388
 1198 01f8 4FF08062 		mov	r2, #67108864
 1199 01fc 03E0     		b	.L71
 1200              	.L111:
 588:Drivers/STM32F1xx_HAL_Driver/Src/stm32f1xx_hal_dma.c ****   }
 1201              		.loc 1 588 5 discriminator 11 view .LVU389
 1202 01fe 4FF48002 		mov	r2, #4194304
 1203 0202 00E0     		b	.L71
 1204              	.L96:
 588:Drivers/STM32F1xx_HAL_Driver/Src/stm32f1xx_hal_dma.c ****   }
 1205              		.loc 1 588 5 discriminator 2 view .LVU390
 1206 0204 0422     		movs	r2, #4
 1207              	.L71:
 588:Drivers/STM32F1xx_HAL_Driver/Src/stm32f1xx_hal_dma.c ****   }
 1208              		.loc 1 588 5 discriminator 24 view .LVU391
ARM GAS  /tmp/ccRUdC2U.s 			page 44


 1209 0206 084B     		ldr	r3, .L112+4
 1210 0208 5A60     		str	r2, [r3, #4]
 1211 020a D3E7     		b	.L70
 1212              	.L97:
 588:Drivers/STM32F1xx_HAL_Driver/Src/stm32f1xx_hal_dma.c ****   }
 1213              		.loc 1 588 5 discriminator 4 view .LVU392
 1214 020c 4022     		movs	r2, #64
 1215 020e FAE7     		b	.L71
 1216              	.L98:
 588:Drivers/STM32F1xx_HAL_Driver/Src/stm32f1xx_hal_dma.c ****   }
 1217              		.loc 1 588 5 discriminator 6 view .LVU393
 1218 0210 4FF48062 		mov	r2, #1024
 1219 0214 F7E7     		b	.L71
 1220              	.L99:
 588:Drivers/STM32F1xx_HAL_Driver/Src/stm32f1xx_hal_dma.c ****   }
 1221              		.loc 1 588 5 discriminator 8 view .LVU394
 1222 0216 4FF48042 		mov	r2, #16384
 1223 021a F4E7     		b	.L71
 1224              	.L100:
 588:Drivers/STM32F1xx_HAL_Driver/Src/stm32f1xx_hal_dma.c ****   }
 1225              		.loc 1 588 5 discriminator 10 view .LVU395
 1226 021c 4FF48022 		mov	r2, #262144
 1227 0220 F1E7     		b	.L71
 1228              	.L113:
 1229 0222 00BF     		.align	2
 1230              	.L112:
 1231 0224 08000240 		.word	1073872904
 1232 0228 00000240 		.word	1073872896
 1233              		.cfi_endproc
 1234              	.LFE71:
 1236              		.section	.text.HAL_DMA_IRQHandler,"ax",%progbits
 1237              		.align	1
 1238              		.global	HAL_DMA_IRQHandler
 1239              		.syntax unified
 1240              		.thumb
 1241              		.thumb_func
 1243              	HAL_DMA_IRQHandler:
 1244              	.LVL61:
 1245              	.LFB72:
 604:Drivers/STM32F1xx_HAL_Driver/Src/stm32f1xx_hal_dma.c ****   uint32_t flag_it = hdma->DmaBaseAddress->ISR;
 1246              		.loc 1 604 1 is_stmt 1 view -0
 1247              		.cfi_startproc
 1248              		@ args = 0, pretend = 0, frame = 0
 1249              		@ frame_needed = 0, uses_anonymous_args = 0
 604:Drivers/STM32F1xx_HAL_Driver/Src/stm32f1xx_hal_dma.c ****   uint32_t flag_it = hdma->DmaBaseAddress->ISR;
 1250              		.loc 1 604 1 is_stmt 0 view .LVU397
 1251 0000 38B5     		push	{r3, r4, r5, lr}
 1252              	.LCFI11:
 1253              		.cfi_def_cfa_offset 16
 1254              		.cfi_offset 3, -16
 1255              		.cfi_offset 4, -12
 1256              		.cfi_offset 5, -8
 1257              		.cfi_offset 14, -4
 605:Drivers/STM32F1xx_HAL_Driver/Src/stm32f1xx_hal_dma.c ****   uint32_t source_it = hdma->Instance->CCR;
 1258              		.loc 1 605 3 is_stmt 1 view .LVU398
 605:Drivers/STM32F1xx_HAL_Driver/Src/stm32f1xx_hal_dma.c ****   uint32_t source_it = hdma->Instance->CCR;
 1259              		.loc 1 605 26 is_stmt 0 view .LVU399
ARM GAS  /tmp/ccRUdC2U.s 			page 45


 1260 0002 C36B     		ldr	r3, [r0, #60]
 605:Drivers/STM32F1xx_HAL_Driver/Src/stm32f1xx_hal_dma.c ****   uint32_t source_it = hdma->Instance->CCR;
 1261              		.loc 1 605 12 view .LVU400
 1262 0004 1A68     		ldr	r2, [r3]
 1263              	.LVL62:
 606:Drivers/STM32F1xx_HAL_Driver/Src/stm32f1xx_hal_dma.c ****   
 1264              		.loc 1 606 3 is_stmt 1 view .LVU401
 606:Drivers/STM32F1xx_HAL_Driver/Src/stm32f1xx_hal_dma.c ****   
 1265              		.loc 1 606 28 is_stmt 0 view .LVU402
 1266 0006 0468     		ldr	r4, [r0]
 606:Drivers/STM32F1xx_HAL_Driver/Src/stm32f1xx_hal_dma.c ****   
 1267              		.loc 1 606 12 view .LVU403
 1268 0008 2568     		ldr	r5, [r4]
 1269              	.LVL63:
 609:Drivers/STM32F1xx_HAL_Driver/Src/stm32f1xx_hal_dma.c ****   {
 1270              		.loc 1 609 3 is_stmt 1 view .LVU404
 609:Drivers/STM32F1xx_HAL_Driver/Src/stm32f1xx_hal_dma.c ****   {
 1271              		.loc 1 609 40 is_stmt 0 view .LVU405
 1272 000a 016C     		ldr	r1, [r0, #64]
 609:Drivers/STM32F1xx_HAL_Driver/Src/stm32f1xx_hal_dma.c ****   {
 1273              		.loc 1 609 33 view .LVU406
 1274 000c 0423     		movs	r3, #4
 1275 000e 8B40     		lsls	r3, r3, r1
 609:Drivers/STM32F1xx_HAL_Driver/Src/stm32f1xx_hal_dma.c ****   {
 1276              		.loc 1 609 6 view .LVU407
 1277 0010 1342     		tst	r3, r2
 1278 0012 35D0     		beq	.L115
 609:Drivers/STM32F1xx_HAL_Driver/Src/stm32f1xx_hal_dma.c ****   {
 1279              		.loc 1 609 67 discriminator 1 view .LVU408
 1280 0014 15F0040F 		tst	r5, #4
 1281 0018 32D0     		beq	.L115
 612:Drivers/STM32F1xx_HAL_Driver/Src/stm32f1xx_hal_dma.c ****     {
 1282              		.loc 1 612 5 is_stmt 1 view .LVU409
 612:Drivers/STM32F1xx_HAL_Driver/Src/stm32f1xx_hal_dma.c ****     {
 1283              		.loc 1 612 23 is_stmt 0 view .LVU410
 1284 001a 2368     		ldr	r3, [r4]
 612:Drivers/STM32F1xx_HAL_Driver/Src/stm32f1xx_hal_dma.c ****     {
 1285              		.loc 1 612 7 view .LVU411
 1286 001c 13F0200F 		tst	r3, #32
 1287 0020 03D1     		bne	.L116
 615:Drivers/STM32F1xx_HAL_Driver/Src/stm32f1xx_hal_dma.c ****     }
 1288              		.loc 1 615 7 is_stmt 1 view .LVU412
 1289 0022 2368     		ldr	r3, [r4]
 1290 0024 23F00403 		bic	r3, r3, #4
 1291 0028 2360     		str	r3, [r4]
 1292              	.L116:
 618:Drivers/STM32F1xx_HAL_Driver/Src/stm32f1xx_hal_dma.c **** 
 1293              		.loc 1 618 5 view .LVU413
 1294 002a 0368     		ldr	r3, [r0]
 1295 002c 434A     		ldr	r2, .L137
 1296              	.LVL64:
 618:Drivers/STM32F1xx_HAL_Driver/Src/stm32f1xx_hal_dma.c **** 
 1297              		.loc 1 618 5 is_stmt 0 view .LVU414
 1298 002e 9342     		cmp	r3, r2
 1299 0030 14D0     		beq	.L122
 618:Drivers/STM32F1xx_HAL_Driver/Src/stm32f1xx_hal_dma.c **** 
 1300              		.loc 1 618 5 discriminator 1 view .LVU415
ARM GAS  /tmp/ccRUdC2U.s 			page 46


 1301 0032 1432     		adds	r2, r2, #20
 1302 0034 9342     		cmp	r3, r2
 1303 0036 18D0     		beq	.L123
 618:Drivers/STM32F1xx_HAL_Driver/Src/stm32f1xx_hal_dma.c **** 
 1304              		.loc 1 618 5 discriminator 3 view .LVU416
 1305 0038 1432     		adds	r2, r2, #20
 1306 003a 9342     		cmp	r3, r2
 1307 003c 17D0     		beq	.L124
 618:Drivers/STM32F1xx_HAL_Driver/Src/stm32f1xx_hal_dma.c **** 
 1308              		.loc 1 618 5 discriminator 5 view .LVU417
 1309 003e 1432     		adds	r2, r2, #20
 1310 0040 9342     		cmp	r3, r2
 1311 0042 17D0     		beq	.L125
 618:Drivers/STM32F1xx_HAL_Driver/Src/stm32f1xx_hal_dma.c **** 
 1312              		.loc 1 618 5 discriminator 7 view .LVU418
 1313 0044 1432     		adds	r2, r2, #20
 1314 0046 9342     		cmp	r3, r2
 1315 0048 17D0     		beq	.L126
 618:Drivers/STM32F1xx_HAL_Driver/Src/stm32f1xx_hal_dma.c **** 
 1316              		.loc 1 618 5 discriminator 9 view .LVU419
 1317 004a 1432     		adds	r2, r2, #20
 1318 004c 9342     		cmp	r3, r2
 1319 004e 02D0     		beq	.L135
 618:Drivers/STM32F1xx_HAL_Driver/Src/stm32f1xx_hal_dma.c **** 
 1320              		.loc 1 618 5 discriminator 12 view .LVU420
 1321 0050 4FF08062 		mov	r2, #67108864
 1322 0054 03E0     		b	.L117
 1323              	.L135:
 618:Drivers/STM32F1xx_HAL_Driver/Src/stm32f1xx_hal_dma.c **** 
 1324              		.loc 1 618 5 discriminator 11 view .LVU421
 1325 0056 4FF48002 		mov	r2, #4194304
 1326 005a 00E0     		b	.L117
 1327              	.L122:
 618:Drivers/STM32F1xx_HAL_Driver/Src/stm32f1xx_hal_dma.c **** 
 1328              		.loc 1 618 5 discriminator 2 view .LVU422
 1329 005c 0422     		movs	r2, #4
 1330              	.L117:
 618:Drivers/STM32F1xx_HAL_Driver/Src/stm32f1xx_hal_dma.c **** 
 1331              		.loc 1 618 5 discriminator 24 view .LVU423
 1332 005e 384B     		ldr	r3, .L137+4
 1333 0060 5A60     		str	r2, [r3, #4]
 623:Drivers/STM32F1xx_HAL_Driver/Src/stm32f1xx_hal_dma.c ****     {
 1334              		.loc 1 623 5 is_stmt 1 view .LVU424
 623:Drivers/STM32F1xx_HAL_Driver/Src/stm32f1xx_hal_dma.c ****     {
 1335              		.loc 1 623 12 is_stmt 0 view .LVU425
 1336 0062 C36A     		ldr	r3, [r0, #44]
 623:Drivers/STM32F1xx_HAL_Driver/Src/stm32f1xx_hal_dma.c ****     {
 1337              		.loc 1 623 7 view .LVU426
 1338 0064 03B1     		cbz	r3, .L114
 626:Drivers/STM32F1xx_HAL_Driver/Src/stm32f1xx_hal_dma.c ****     }
 1339              		.loc 1 626 7 is_stmt 1 view .LVU427
 1340 0066 9847     		blx	r3
 1341              	.LVL65:
 1342              	.L114:
 681:Drivers/STM32F1xx_HAL_Driver/Src/stm32f1xx_hal_dma.c **** 
 1343              		.loc 1 681 1 is_stmt 0 view .LVU428
 1344 0068 38BD     		pop	{r3, r4, r5, pc}
ARM GAS  /tmp/ccRUdC2U.s 			page 47


 1345              	.LVL66:
 1346              	.L123:
 618:Drivers/STM32F1xx_HAL_Driver/Src/stm32f1xx_hal_dma.c **** 
 1347              		.loc 1 618 5 discriminator 4 view .LVU429
 1348 006a 4022     		movs	r2, #64
 1349 006c F7E7     		b	.L117
 1350              	.L124:
 618:Drivers/STM32F1xx_HAL_Driver/Src/stm32f1xx_hal_dma.c **** 
 1351              		.loc 1 618 5 discriminator 6 view .LVU430
 1352 006e 4FF48062 		mov	r2, #1024
 1353 0072 F4E7     		b	.L117
 1354              	.L125:
 618:Drivers/STM32F1xx_HAL_Driver/Src/stm32f1xx_hal_dma.c **** 
 1355              		.loc 1 618 5 discriminator 8 view .LVU431
 1356 0074 4FF48042 		mov	r2, #16384
 1357 0078 F1E7     		b	.L117
 1358              	.L126:
 618:Drivers/STM32F1xx_HAL_Driver/Src/stm32f1xx_hal_dma.c **** 
 1359              		.loc 1 618 5 discriminator 10 view .LVU432
 1360 007a 4FF48022 		mov	r2, #262144
 1361 007e EEE7     		b	.L117
 1362              	.LVL67:
 1363              	.L115:
 631:Drivers/STM32F1xx_HAL_Driver/Src/stm32f1xx_hal_dma.c ****   {
 1364              		.loc 1 631 8 is_stmt 1 view .LVU433
 631:Drivers/STM32F1xx_HAL_Driver/Src/stm32f1xx_hal_dma.c ****   {
 1365              		.loc 1 631 38 is_stmt 0 view .LVU434
 1366 0080 0223     		movs	r3, #2
 1367 0082 8B40     		lsls	r3, r3, r1
 631:Drivers/STM32F1xx_HAL_Driver/Src/stm32f1xx_hal_dma.c ****   {
 1368              		.loc 1 631 11 view .LVU435
 1369 0084 1342     		tst	r3, r2
 1370 0086 3CD0     		beq	.L119
 631:Drivers/STM32F1xx_HAL_Driver/Src/stm32f1xx_hal_dma.c ****   {
 1371              		.loc 1 631 72 discriminator 1 view .LVU436
 1372 0088 15F0020F 		tst	r5, #2
 1373 008c 39D0     		beq	.L119
 633:Drivers/STM32F1xx_HAL_Driver/Src/stm32f1xx_hal_dma.c ****     {
 1374              		.loc 1 633 5 is_stmt 1 view .LVU437
 633:Drivers/STM32F1xx_HAL_Driver/Src/stm32f1xx_hal_dma.c ****     {
 1375              		.loc 1 633 23 is_stmt 0 view .LVU438
 1376 008e 2368     		ldr	r3, [r4]
 633:Drivers/STM32F1xx_HAL_Driver/Src/stm32f1xx_hal_dma.c ****     {
 1377              		.loc 1 633 7 view .LVU439
 1378 0090 13F0200F 		tst	r3, #32
 1379 0094 06D1     		bne	.L120
 636:Drivers/STM32F1xx_HAL_Driver/Src/stm32f1xx_hal_dma.c **** 
 1380              		.loc 1 636 7 is_stmt 1 view .LVU440
 1381 0096 2368     		ldr	r3, [r4]
 1382 0098 23F00A03 		bic	r3, r3, #10
 1383 009c 2360     		str	r3, [r4]
 639:Drivers/STM32F1xx_HAL_Driver/Src/stm32f1xx_hal_dma.c ****     }
 1384              		.loc 1 639 7 view .LVU441
 639:Drivers/STM32F1xx_HAL_Driver/Src/stm32f1xx_hal_dma.c ****     }
 1385              		.loc 1 639 19 is_stmt 0 view .LVU442
 1386 009e 0123     		movs	r3, #1
 1387 00a0 80F82130 		strb	r3, [r0, #33]
ARM GAS  /tmp/ccRUdC2U.s 			page 48


 1388              	.L120:
 642:Drivers/STM32F1xx_HAL_Driver/Src/stm32f1xx_hal_dma.c **** 
 1389              		.loc 1 642 7 is_stmt 1 view .LVU443
 1390 00a4 0368     		ldr	r3, [r0]
 1391 00a6 254A     		ldr	r2, .L137
 1392              	.LVL68:
 642:Drivers/STM32F1xx_HAL_Driver/Src/stm32f1xx_hal_dma.c **** 
 1393              		.loc 1 642 7 is_stmt 0 view .LVU444
 1394 00a8 9342     		cmp	r3, r2
 1395 00aa 14D0     		beq	.L128
 642:Drivers/STM32F1xx_HAL_Driver/Src/stm32f1xx_hal_dma.c **** 
 1396              		.loc 1 642 7 discriminator 1 view .LVU445
 1397 00ac 1432     		adds	r2, r2, #20
 1398 00ae 9342     		cmp	r3, r2
 1399 00b0 1CD0     		beq	.L129
 642:Drivers/STM32F1xx_HAL_Driver/Src/stm32f1xx_hal_dma.c **** 
 1400              		.loc 1 642 7 discriminator 3 view .LVU446
 1401 00b2 1432     		adds	r2, r2, #20
 1402 00b4 9342     		cmp	r3, r2
 1403 00b6 1BD0     		beq	.L130
 642:Drivers/STM32F1xx_HAL_Driver/Src/stm32f1xx_hal_dma.c **** 
 1404              		.loc 1 642 7 discriminator 5 view .LVU447
 1405 00b8 1432     		adds	r2, r2, #20
 1406 00ba 9342     		cmp	r3, r2
 1407 00bc 1BD0     		beq	.L131
 642:Drivers/STM32F1xx_HAL_Driver/Src/stm32f1xx_hal_dma.c **** 
 1408              		.loc 1 642 7 discriminator 7 view .LVU448
 1409 00be 1432     		adds	r2, r2, #20
 1410 00c0 9342     		cmp	r3, r2
 1411 00c2 1BD0     		beq	.L132
 642:Drivers/STM32F1xx_HAL_Driver/Src/stm32f1xx_hal_dma.c **** 
 1412              		.loc 1 642 7 discriminator 9 view .LVU449
 1413 00c4 1432     		adds	r2, r2, #20
 1414 00c6 9342     		cmp	r3, r2
 1415 00c8 02D0     		beq	.L136
 642:Drivers/STM32F1xx_HAL_Driver/Src/stm32f1xx_hal_dma.c **** 
 1416              		.loc 1 642 7 discriminator 12 view .LVU450
 1417 00ca 4FF00072 		mov	r2, #33554432
 1418 00ce 03E0     		b	.L121
 1419              	.L136:
 642:Drivers/STM32F1xx_HAL_Driver/Src/stm32f1xx_hal_dma.c **** 
 1420              		.loc 1 642 7 discriminator 11 view .LVU451
 1421 00d0 4FF40012 		mov	r2, #2097152
 1422 00d4 00E0     		b	.L121
 1423              	.L128:
 642:Drivers/STM32F1xx_HAL_Driver/Src/stm32f1xx_hal_dma.c **** 
 1424              		.loc 1 642 7 discriminator 2 view .LVU452
 1425 00d6 0222     		movs	r2, #2
 1426              	.L121:
 642:Drivers/STM32F1xx_HAL_Driver/Src/stm32f1xx_hal_dma.c **** 
 1427              		.loc 1 642 7 discriminator 24 view .LVU453
 1428 00d8 194B     		ldr	r3, .L137+4
 1429 00da 5A60     		str	r2, [r3, #4]
 645:Drivers/STM32F1xx_HAL_Driver/Src/stm32f1xx_hal_dma.c **** 
 1430              		.loc 1 645 5 is_stmt 1 view .LVU454
 645:Drivers/STM32F1xx_HAL_Driver/Src/stm32f1xx_hal_dma.c **** 
 1431              		.loc 1 645 5 view .LVU455
ARM GAS  /tmp/ccRUdC2U.s 			page 49


 1432 00dc 0023     		movs	r3, #0
 1433 00de 80F82030 		strb	r3, [r0, #32]
 645:Drivers/STM32F1xx_HAL_Driver/Src/stm32f1xx_hal_dma.c **** 
 1434              		.loc 1 645 5 view .LVU456
 647:Drivers/STM32F1xx_HAL_Driver/Src/stm32f1xx_hal_dma.c ****     {
 1435              		.loc 1 647 5 view .LVU457
 647:Drivers/STM32F1xx_HAL_Driver/Src/stm32f1xx_hal_dma.c ****     {
 1436              		.loc 1 647 12 is_stmt 0 view .LVU458
 1437 00e2 836A     		ldr	r3, [r0, #40]
 647:Drivers/STM32F1xx_HAL_Driver/Src/stm32f1xx_hal_dma.c ****     {
 1438              		.loc 1 647 7 view .LVU459
 1439 00e4 002B     		cmp	r3, #0
 1440 00e6 BFD0     		beq	.L114
 650:Drivers/STM32F1xx_HAL_Driver/Src/stm32f1xx_hal_dma.c ****     }
 1441              		.loc 1 650 7 is_stmt 1 view .LVU460
 1442 00e8 9847     		blx	r3
 1443              	.LVL69:
 650:Drivers/STM32F1xx_HAL_Driver/Src/stm32f1xx_hal_dma.c ****     }
 1444              		.loc 1 650 7 is_stmt 0 view .LVU461
 1445 00ea BDE7     		b	.L114
 1446              	.LVL70:
 1447              	.L129:
 642:Drivers/STM32F1xx_HAL_Driver/Src/stm32f1xx_hal_dma.c **** 
 1448              		.loc 1 642 7 discriminator 4 view .LVU462
 1449 00ec 2022     		movs	r2, #32
 1450 00ee F3E7     		b	.L121
 1451              	.L130:
 642:Drivers/STM32F1xx_HAL_Driver/Src/stm32f1xx_hal_dma.c **** 
 1452              		.loc 1 642 7 discriminator 6 view .LVU463
 1453 00f0 4FF40072 		mov	r2, #512
 1454 00f4 F0E7     		b	.L121
 1455              	.L131:
 642:Drivers/STM32F1xx_HAL_Driver/Src/stm32f1xx_hal_dma.c **** 
 1456              		.loc 1 642 7 discriminator 8 view .LVU464
 1457 00f6 4FF40052 		mov	r2, #8192
 1458 00fa EDE7     		b	.L121
 1459              	.L132:
 642:Drivers/STM32F1xx_HAL_Driver/Src/stm32f1xx_hal_dma.c **** 
 1460              		.loc 1 642 7 discriminator 10 view .LVU465
 1461 00fc 4FF40032 		mov	r2, #131072
 1462 0100 EAE7     		b	.L121
 1463              	.LVL71:
 1464              	.L119:
 655:Drivers/STM32F1xx_HAL_Driver/Src/stm32f1xx_hal_dma.c ****   {
 1465              		.loc 1 655 8 is_stmt 1 view .LVU466
 655:Drivers/STM32F1xx_HAL_Driver/Src/stm32f1xx_hal_dma.c ****   {
 1466              		.loc 1 655 48 is_stmt 0 view .LVU467
 1467 0102 0823     		movs	r3, #8
 1468 0104 8B40     		lsls	r3, r3, r1
 655:Drivers/STM32F1xx_HAL_Driver/Src/stm32f1xx_hal_dma.c ****   {
 1469              		.loc 1 655 11 view .LVU468
 1470 0106 1342     		tst	r3, r2
 1471 0108 AED0     		beq	.L114
 655:Drivers/STM32F1xx_HAL_Driver/Src/stm32f1xx_hal_dma.c ****   {
 1472              		.loc 1 655 73 discriminator 1 view .LVU469
 1473 010a 15F0080F 		tst	r5, #8
 1474 010e ABD0     		beq	.L114
ARM GAS  /tmp/ccRUdC2U.s 			page 50


 660:Drivers/STM32F1xx_HAL_Driver/Src/stm32f1xx_hal_dma.c **** 
 1475              		.loc 1 660 5 is_stmt 1 view .LVU470
 1476 0110 2368     		ldr	r3, [r4]
 1477 0112 23F00E03 		bic	r3, r3, #14
 1478 0116 2360     		str	r3, [r4]
 663:Drivers/STM32F1xx_HAL_Driver/Src/stm32f1xx_hal_dma.c **** 
 1479              		.loc 1 663 5 view .LVU471
 663:Drivers/STM32F1xx_HAL_Driver/Src/stm32f1xx_hal_dma.c **** 
 1480              		.loc 1 663 55 is_stmt 0 view .LVU472
 1481 0118 026C     		ldr	r2, [r0, #64]
 1482              	.LVL72:
 663:Drivers/STM32F1xx_HAL_Driver/Src/stm32f1xx_hal_dma.c **** 
 1483              		.loc 1 663 9 view .LVU473
 1484 011a C16B     		ldr	r1, [r0, #60]
 663:Drivers/STM32F1xx_HAL_Driver/Src/stm32f1xx_hal_dma.c **** 
 1485              		.loc 1 663 48 view .LVU474
 1486 011c 0123     		movs	r3, #1
 1487 011e 03FA02F2 		lsl	r2, r3, r2
 663:Drivers/STM32F1xx_HAL_Driver/Src/stm32f1xx_hal_dma.c **** 
 1488              		.loc 1 663 32 view .LVU475
 1489 0122 4A60     		str	r2, [r1, #4]
 666:Drivers/STM32F1xx_HAL_Driver/Src/stm32f1xx_hal_dma.c **** 
 1490              		.loc 1 666 5 is_stmt 1 view .LVU476
 666:Drivers/STM32F1xx_HAL_Driver/Src/stm32f1xx_hal_dma.c **** 
 1491              		.loc 1 666 21 is_stmt 0 view .LVU477
 1492 0124 8363     		str	r3, [r0, #56]
 669:Drivers/STM32F1xx_HAL_Driver/Src/stm32f1xx_hal_dma.c **** 
 1493              		.loc 1 669 5 is_stmt 1 view .LVU478
 669:Drivers/STM32F1xx_HAL_Driver/Src/stm32f1xx_hal_dma.c **** 
 1494              		.loc 1 669 17 is_stmt 0 view .LVU479
 1495 0126 80F82130 		strb	r3, [r0, #33]
 672:Drivers/STM32F1xx_HAL_Driver/Src/stm32f1xx_hal_dma.c **** 
 1496              		.loc 1 672 5 is_stmt 1 view .LVU480
 672:Drivers/STM32F1xx_HAL_Driver/Src/stm32f1xx_hal_dma.c **** 
 1497              		.loc 1 672 5 view .LVU481
 1498 012a 0023     		movs	r3, #0
 1499 012c 80F82030 		strb	r3, [r0, #32]
 672:Drivers/STM32F1xx_HAL_Driver/Src/stm32f1xx_hal_dma.c **** 
 1500              		.loc 1 672 5 view .LVU482
 674:Drivers/STM32F1xx_HAL_Driver/Src/stm32f1xx_hal_dma.c ****     {
 1501              		.loc 1 674 5 view .LVU483
 674:Drivers/STM32F1xx_HAL_Driver/Src/stm32f1xx_hal_dma.c ****     {
 1502              		.loc 1 674 13 is_stmt 0 view .LVU484
 1503 0130 036B     		ldr	r3, [r0, #48]
 674:Drivers/STM32F1xx_HAL_Driver/Src/stm32f1xx_hal_dma.c ****     {
 1504              		.loc 1 674 8 view .LVU485
 1505 0132 002B     		cmp	r3, #0
 1506 0134 98D0     		beq	.L114
 677:Drivers/STM32F1xx_HAL_Driver/Src/stm32f1xx_hal_dma.c ****     }
 1507              		.loc 1 677 7 is_stmt 1 view .LVU486
 1508 0136 9847     		blx	r3
 1509              	.LVL73:
 680:Drivers/STM32F1xx_HAL_Driver/Src/stm32f1xx_hal_dma.c **** }
 1510              		.loc 1 680 3 view .LVU487
 1511 0138 96E7     		b	.L114
 1512              	.L138:
 1513 013a 00BF     		.align	2
ARM GAS  /tmp/ccRUdC2U.s 			page 51


 1514              	.L137:
 1515 013c 08000240 		.word	1073872904
 1516 0140 00000240 		.word	1073872896
 1517              		.cfi_endproc
 1518              	.LFE72:
 1520              		.section	.text.HAL_DMA_RegisterCallback,"ax",%progbits
 1521              		.align	1
 1522              		.global	HAL_DMA_RegisterCallback
 1523              		.syntax unified
 1524              		.thumb
 1525              		.thumb_func
 1527              	HAL_DMA_RegisterCallback:
 1528              	.LVL74:
 1529              	.LFB73:
 694:Drivers/STM32F1xx_HAL_Driver/Src/stm32f1xx_hal_dma.c ****   HAL_StatusTypeDef status = HAL_OK;
 1530              		.loc 1 694 1 view -0
 1531              		.cfi_startproc
 1532              		@ args = 0, pretend = 0, frame = 0
 1533              		@ frame_needed = 0, uses_anonymous_args = 0
 1534              		@ link register save eliminated.
 694:Drivers/STM32F1xx_HAL_Driver/Src/stm32f1xx_hal_dma.c ****   HAL_StatusTypeDef status = HAL_OK;
 1535              		.loc 1 694 1 is_stmt 0 view .LVU489
 1536 0000 0346     		mov	r3, r0
 695:Drivers/STM32F1xx_HAL_Driver/Src/stm32f1xx_hal_dma.c ****   
 1537              		.loc 1 695 3 is_stmt 1 view .LVU490
 1538              	.LVL75:
 698:Drivers/STM32F1xx_HAL_Driver/Src/stm32f1xx_hal_dma.c ****   
 1539              		.loc 1 698 3 view .LVU491
 698:Drivers/STM32F1xx_HAL_Driver/Src/stm32f1xx_hal_dma.c ****   
 1540              		.loc 1 698 3 view .LVU492
 1541 0002 90F82000 		ldrb	r0, [r0, #32]	@ zero_extendqisi2
 1542              	.LVL76:
 698:Drivers/STM32F1xx_HAL_Driver/Src/stm32f1xx_hal_dma.c ****   
 1543              		.loc 1 698 3 is_stmt 0 view .LVU493
 1544 0006 0128     		cmp	r0, #1
 1545 0008 1DD0     		beq	.L147
 698:Drivers/STM32F1xx_HAL_Driver/Src/stm32f1xx_hal_dma.c ****   
 1546              		.loc 1 698 3 is_stmt 1 discriminator 2 view .LVU494
 1547 000a 0120     		movs	r0, #1
 1548 000c 83F82000 		strb	r0, [r3, #32]
 698:Drivers/STM32F1xx_HAL_Driver/Src/stm32f1xx_hal_dma.c ****   
 1549              		.loc 1 698 3 view .LVU495
 700:Drivers/STM32F1xx_HAL_Driver/Src/stm32f1xx_hal_dma.c ****   {
 1550              		.loc 1 700 3 view .LVU496
 700:Drivers/STM32F1xx_HAL_Driver/Src/stm32f1xx_hal_dma.c ****   {
 1551              		.loc 1 700 33 is_stmt 0 view .LVU497
 1552 0010 93F82100 		ldrb	r0, [r3, #33]	@ zero_extendqisi2
 700:Drivers/STM32F1xx_HAL_Driver/Src/stm32f1xx_hal_dma.c ****   {
 1553              		.loc 1 700 5 view .LVU498
 1554 0014 0128     		cmp	r0, #1
 1555 0016 04D0     		beq	.L150
 727:Drivers/STM32F1xx_HAL_Driver/Src/stm32f1xx_hal_dma.c ****   } 
 1556              		.loc 1 727 12 view .LVU499
 1557 0018 0120     		movs	r0, #1
 1558              	.L141:
 1559              	.LVL77:
 731:Drivers/STM32F1xx_HAL_Driver/Src/stm32f1xx_hal_dma.c ****   
ARM GAS  /tmp/ccRUdC2U.s 			page 52


 1560              		.loc 1 731 3 is_stmt 1 view .LVU500
 731:Drivers/STM32F1xx_HAL_Driver/Src/stm32f1xx_hal_dma.c ****   
 1561              		.loc 1 731 3 view .LVU501
 1562 001a 0022     		movs	r2, #0
 1563              	.LVL78:
 731:Drivers/STM32F1xx_HAL_Driver/Src/stm32f1xx_hal_dma.c ****   
 1564              		.loc 1 731 3 is_stmt 0 view .LVU502
 1565 001c 83F82020 		strb	r2, [r3, #32]
 731:Drivers/STM32F1xx_HAL_Driver/Src/stm32f1xx_hal_dma.c ****   
 1566              		.loc 1 731 3 is_stmt 1 view .LVU503
 733:Drivers/STM32F1xx_HAL_Driver/Src/stm32f1xx_hal_dma.c **** }
 1567              		.loc 1 733 3 view .LVU504
 733:Drivers/STM32F1xx_HAL_Driver/Src/stm32f1xx_hal_dma.c **** }
 1568              		.loc 1 733 10 is_stmt 0 view .LVU505
 1569 0020 7047     		bx	lr
 1570              	.LVL79:
 1571              	.L150:
 702:Drivers/STM32F1xx_HAL_Driver/Src/stm32f1xx_hal_dma.c ****     {
 1572              		.loc 1 702 5 is_stmt 1 view .LVU506
 1573 0022 0329     		cmp	r1, #3
 1574 0024 F9D8     		bhi	.L141
 1575 0026 DFE801F0 		tbb	[pc, r1]
 1576              	.L143:
 1577 002a 02       		.byte	(.L146-.L143)/2
 1578 002b 05       		.byte	(.L145-.L143)/2
 1579 002c 08       		.byte	(.L144-.L143)/2
 1580 002d 0B       		.byte	(.L142-.L143)/2
 1581              		.p2align 1
 1582              	.L146:
 705:Drivers/STM32F1xx_HAL_Driver/Src/stm32f1xx_hal_dma.c ****       break;
 1583              		.loc 1 705 7 view .LVU507
 705:Drivers/STM32F1xx_HAL_Driver/Src/stm32f1xx_hal_dma.c ****       break;
 1584              		.loc 1 705 30 is_stmt 0 view .LVU508
 1585 002e 9A62     		str	r2, [r3, #40]
 706:Drivers/STM32F1xx_HAL_Driver/Src/stm32f1xx_hal_dma.c ****       
 1586              		.loc 1 706 7 is_stmt 1 view .LVU509
 695:Drivers/STM32F1xx_HAL_Driver/Src/stm32f1xx_hal_dma.c ****   
 1587              		.loc 1 695 21 is_stmt 0 view .LVU510
 1588 0030 0846     		mov	r0, r1
 706:Drivers/STM32F1xx_HAL_Driver/Src/stm32f1xx_hal_dma.c ****       
 1589              		.loc 1 706 7 view .LVU511
 1590 0032 F2E7     		b	.L141
 1591              	.L145:
 709:Drivers/STM32F1xx_HAL_Driver/Src/stm32f1xx_hal_dma.c ****       break;         
 1592              		.loc 1 709 7 is_stmt 1 view .LVU512
 709:Drivers/STM32F1xx_HAL_Driver/Src/stm32f1xx_hal_dma.c ****       break;         
 1593              		.loc 1 709 34 is_stmt 0 view .LVU513
 1594 0034 DA62     		str	r2, [r3, #44]
 710:Drivers/STM32F1xx_HAL_Driver/Src/stm32f1xx_hal_dma.c **** 
 1595              		.loc 1 710 7 is_stmt 1 view .LVU514
 695:Drivers/STM32F1xx_HAL_Driver/Src/stm32f1xx_hal_dma.c ****   
 1596              		.loc 1 695 21 is_stmt 0 view .LVU515
 1597 0036 0020     		movs	r0, #0
 710:Drivers/STM32F1xx_HAL_Driver/Src/stm32f1xx_hal_dma.c **** 
 1598              		.loc 1 710 7 view .LVU516
 1599 0038 EFE7     		b	.L141
 1600              	.L144:
ARM GAS  /tmp/ccRUdC2U.s 			page 53


 713:Drivers/STM32F1xx_HAL_Driver/Src/stm32f1xx_hal_dma.c ****       break;         
 1601              		.loc 1 713 7 is_stmt 1 view .LVU517
 713:Drivers/STM32F1xx_HAL_Driver/Src/stm32f1xx_hal_dma.c ****       break;         
 1602              		.loc 1 713 31 is_stmt 0 view .LVU518
 1603 003a 1A63     		str	r2, [r3, #48]
 714:Drivers/STM32F1xx_HAL_Driver/Src/stm32f1xx_hal_dma.c ****       
 1604              		.loc 1 714 7 is_stmt 1 view .LVU519
 695:Drivers/STM32F1xx_HAL_Driver/Src/stm32f1xx_hal_dma.c ****   
 1605              		.loc 1 695 21 is_stmt 0 view .LVU520
 1606 003c 0020     		movs	r0, #0
 714:Drivers/STM32F1xx_HAL_Driver/Src/stm32f1xx_hal_dma.c ****       
 1607              		.loc 1 714 7 view .LVU521
 1608 003e ECE7     		b	.L141
 1609              	.L142:
 717:Drivers/STM32F1xx_HAL_Driver/Src/stm32f1xx_hal_dma.c ****       break; 
 1610              		.loc 1 717 7 is_stmt 1 view .LVU522
 717:Drivers/STM32F1xx_HAL_Driver/Src/stm32f1xx_hal_dma.c ****       break; 
 1611              		.loc 1 717 31 is_stmt 0 view .LVU523
 1612 0040 5A63     		str	r2, [r3, #52]
 718:Drivers/STM32F1xx_HAL_Driver/Src/stm32f1xx_hal_dma.c ****       
 1613              		.loc 1 718 7 is_stmt 1 view .LVU524
 695:Drivers/STM32F1xx_HAL_Driver/Src/stm32f1xx_hal_dma.c ****   
 1614              		.loc 1 695 21 is_stmt 0 view .LVU525
 1615 0042 0020     		movs	r0, #0
 718:Drivers/STM32F1xx_HAL_Driver/Src/stm32f1xx_hal_dma.c ****       
 1616              		.loc 1 718 7 view .LVU526
 1617 0044 E9E7     		b	.L141
 1618              	.L147:
 698:Drivers/STM32F1xx_HAL_Driver/Src/stm32f1xx_hal_dma.c ****   
 1619              		.loc 1 698 3 discriminator 1 view .LVU527
 1620 0046 0220     		movs	r0, #2
 734:Drivers/STM32F1xx_HAL_Driver/Src/stm32f1xx_hal_dma.c **** 
 1621              		.loc 1 734 1 view .LVU528
 1622 0048 7047     		bx	lr
 1623              		.cfi_endproc
 1624              	.LFE73:
 1626              		.section	.text.HAL_DMA_UnRegisterCallback,"ax",%progbits
 1627              		.align	1
 1628              		.global	HAL_DMA_UnRegisterCallback
 1629              		.syntax unified
 1630              		.thumb
 1631              		.thumb_func
 1633              	HAL_DMA_UnRegisterCallback:
 1634              	.LVL80:
 1635              	.LFB74:
 745:Drivers/STM32F1xx_HAL_Driver/Src/stm32f1xx_hal_dma.c ****   HAL_StatusTypeDef status = HAL_OK;
 1636              		.loc 1 745 1 is_stmt 1 view -0
 1637              		.cfi_startproc
 1638              		@ args = 0, pretend = 0, frame = 0
 1639              		@ frame_needed = 0, uses_anonymous_args = 0
 1640              		@ link register save eliminated.
 745:Drivers/STM32F1xx_HAL_Driver/Src/stm32f1xx_hal_dma.c ****   HAL_StatusTypeDef status = HAL_OK;
 1641              		.loc 1 745 1 is_stmt 0 view .LVU530
 1642 0000 0346     		mov	r3, r0
 746:Drivers/STM32F1xx_HAL_Driver/Src/stm32f1xx_hal_dma.c **** 
 1643              		.loc 1 746 3 is_stmt 1 view .LVU531
 1644              	.LVL81:
ARM GAS  /tmp/ccRUdC2U.s 			page 54


 749:Drivers/STM32F1xx_HAL_Driver/Src/stm32f1xx_hal_dma.c ****   
 1645              		.loc 1 749 3 view .LVU532
 749:Drivers/STM32F1xx_HAL_Driver/Src/stm32f1xx_hal_dma.c ****   
 1646              		.loc 1 749 3 view .LVU533
 1647 0002 90F82020 		ldrb	r2, [r0, #32]	@ zero_extendqisi2
 1648 0006 012A     		cmp	r2, #1
 1649 0008 25D0     		beq	.L160
 749:Drivers/STM32F1xx_HAL_Driver/Src/stm32f1xx_hal_dma.c ****   
 1650              		.loc 1 749 3 discriminator 2 view .LVU534
 1651 000a 0122     		movs	r2, #1
 1652 000c 80F82020 		strb	r2, [r0, #32]
 749:Drivers/STM32F1xx_HAL_Driver/Src/stm32f1xx_hal_dma.c ****   
 1653              		.loc 1 749 3 view .LVU535
 751:Drivers/STM32F1xx_HAL_Driver/Src/stm32f1xx_hal_dma.c ****   {
 1654              		.loc 1 751 3 view .LVU536
 751:Drivers/STM32F1xx_HAL_Driver/Src/stm32f1xx_hal_dma.c ****   {
 1655              		.loc 1 751 33 is_stmt 0 view .LVU537
 1656 0010 90F82100 		ldrb	r0, [r0, #33]	@ zero_extendqisi2
 1657              	.LVL82:
 751:Drivers/STM32F1xx_HAL_Driver/Src/stm32f1xx_hal_dma.c ****   {
 1658              		.loc 1 751 5 view .LVU538
 1659 0014 9042     		cmp	r0, r2
 1660 0016 04D0     		beq	.L163
 785:Drivers/STM32F1xx_HAL_Driver/Src/stm32f1xx_hal_dma.c ****   } 
 1661              		.loc 1 785 12 view .LVU539
 1662 0018 0120     		movs	r0, #1
 1663              	.L153:
 1664              	.LVL83:
 789:Drivers/STM32F1xx_HAL_Driver/Src/stm32f1xx_hal_dma.c ****   
 1665              		.loc 1 789 3 is_stmt 1 view .LVU540
 789:Drivers/STM32F1xx_HAL_Driver/Src/stm32f1xx_hal_dma.c ****   
 1666              		.loc 1 789 3 view .LVU541
 1667 001a 0022     		movs	r2, #0
 1668 001c 83F82020 		strb	r2, [r3, #32]
 789:Drivers/STM32F1xx_HAL_Driver/Src/stm32f1xx_hal_dma.c ****   
 1669              		.loc 1 789 3 view .LVU542
 791:Drivers/STM32F1xx_HAL_Driver/Src/stm32f1xx_hal_dma.c **** }
 1670              		.loc 1 791 3 view .LVU543
 791:Drivers/STM32F1xx_HAL_Driver/Src/stm32f1xx_hal_dma.c **** }
 1671              		.loc 1 791 10 is_stmt 0 view .LVU544
 1672 0020 7047     		bx	lr
 1673              	.LVL84:
 1674              	.L163:
 753:Drivers/STM32F1xx_HAL_Driver/Src/stm32f1xx_hal_dma.c ****     {
 1675              		.loc 1 753 5 is_stmt 1 view .LVU545
 1676 0022 0429     		cmp	r1, #4
 1677 0024 F9D8     		bhi	.L153
 1678 0026 DFE801F0 		tbb	[pc, r1]
 1679              	.L155:
 1680 002a 03       		.byte	(.L159-.L155)/2
 1681 002b 07       		.byte	(.L158-.L155)/2
 1682 002c 0A       		.byte	(.L157-.L155)/2
 1683 002d 0D       		.byte	(.L156-.L155)/2
 1684 002e 10       		.byte	(.L154-.L155)/2
 1685 002f 00       		.p2align 1
 1686              	.L159:
 756:Drivers/STM32F1xx_HAL_Driver/Src/stm32f1xx_hal_dma.c ****       break;
ARM GAS  /tmp/ccRUdC2U.s 			page 55


 1687              		.loc 1 756 7 view .LVU546
 756:Drivers/STM32F1xx_HAL_Driver/Src/stm32f1xx_hal_dma.c ****       break;
 1688              		.loc 1 756 30 is_stmt 0 view .LVU547
 1689 0030 0022     		movs	r2, #0
 1690 0032 9A62     		str	r2, [r3, #40]
 757:Drivers/STM32F1xx_HAL_Driver/Src/stm32f1xx_hal_dma.c **** 
 1691              		.loc 1 757 7 is_stmt 1 view .LVU548
 746:Drivers/STM32F1xx_HAL_Driver/Src/stm32f1xx_hal_dma.c **** 
 1692              		.loc 1 746 21 is_stmt 0 view .LVU549
 1693 0034 0846     		mov	r0, r1
 757:Drivers/STM32F1xx_HAL_Driver/Src/stm32f1xx_hal_dma.c **** 
 1694              		.loc 1 757 7 view .LVU550
 1695 0036 F0E7     		b	.L153
 1696              	.L158:
 760:Drivers/STM32F1xx_HAL_Driver/Src/stm32f1xx_hal_dma.c ****       break;         
 1697              		.loc 1 760 7 is_stmt 1 view .LVU551
 760:Drivers/STM32F1xx_HAL_Driver/Src/stm32f1xx_hal_dma.c ****       break;         
 1698              		.loc 1 760 34 is_stmt 0 view .LVU552
 1699 0038 0020     		movs	r0, #0
 1700 003a D862     		str	r0, [r3, #44]
 761:Drivers/STM32F1xx_HAL_Driver/Src/stm32f1xx_hal_dma.c **** 
 1701              		.loc 1 761 7 is_stmt 1 view .LVU553
 1702 003c EDE7     		b	.L153
 1703              	.L157:
 764:Drivers/STM32F1xx_HAL_Driver/Src/stm32f1xx_hal_dma.c ****       break;         
 1704              		.loc 1 764 7 view .LVU554
 764:Drivers/STM32F1xx_HAL_Driver/Src/stm32f1xx_hal_dma.c ****       break;         
 1705              		.loc 1 764 31 is_stmt 0 view .LVU555
 1706 003e 0020     		movs	r0, #0
 1707 0040 1863     		str	r0, [r3, #48]
 765:Drivers/STM32F1xx_HAL_Driver/Src/stm32f1xx_hal_dma.c **** 
 1708              		.loc 1 765 7 is_stmt 1 view .LVU556
 1709 0042 EAE7     		b	.L153
 1710              	.L156:
 768:Drivers/STM32F1xx_HAL_Driver/Src/stm32f1xx_hal_dma.c ****       break; 
 1711              		.loc 1 768 7 view .LVU557
 768:Drivers/STM32F1xx_HAL_Driver/Src/stm32f1xx_hal_dma.c ****       break; 
 1712              		.loc 1 768 31 is_stmt 0 view .LVU558
 1713 0044 0020     		movs	r0, #0
 1714 0046 5863     		str	r0, [r3, #52]
 769:Drivers/STM32F1xx_HAL_Driver/Src/stm32f1xx_hal_dma.c **** 
 1715              		.loc 1 769 7 is_stmt 1 view .LVU559
 1716 0048 E7E7     		b	.L153
 1717              	.L154:
 772:Drivers/STM32F1xx_HAL_Driver/Src/stm32f1xx_hal_dma.c ****       hdma->XferHalfCpltCallback = NULL;
 1718              		.loc 1 772 7 view .LVU560
 772:Drivers/STM32F1xx_HAL_Driver/Src/stm32f1xx_hal_dma.c ****       hdma->XferHalfCpltCallback = NULL;
 1719              		.loc 1 772 30 is_stmt 0 view .LVU561
 1720 004a 0020     		movs	r0, #0
 1721 004c 9862     		str	r0, [r3, #40]
 773:Drivers/STM32F1xx_HAL_Driver/Src/stm32f1xx_hal_dma.c ****       hdma->XferErrorCallback = NULL;
 1722              		.loc 1 773 7 is_stmt 1 view .LVU562
 773:Drivers/STM32F1xx_HAL_Driver/Src/stm32f1xx_hal_dma.c ****       hdma->XferErrorCallback = NULL;
 1723              		.loc 1 773 34 is_stmt 0 view .LVU563
 1724 004e D862     		str	r0, [r3, #44]
 774:Drivers/STM32F1xx_HAL_Driver/Src/stm32f1xx_hal_dma.c ****       hdma->XferAbortCallback = NULL;
 1725              		.loc 1 774 7 is_stmt 1 view .LVU564
ARM GAS  /tmp/ccRUdC2U.s 			page 56


 774:Drivers/STM32F1xx_HAL_Driver/Src/stm32f1xx_hal_dma.c ****       hdma->XferAbortCallback = NULL;
 1726              		.loc 1 774 31 is_stmt 0 view .LVU565
 1727 0050 1863     		str	r0, [r3, #48]
 775:Drivers/STM32F1xx_HAL_Driver/Src/stm32f1xx_hal_dma.c ****       break; 
 1728              		.loc 1 775 7 is_stmt 1 view .LVU566
 775:Drivers/STM32F1xx_HAL_Driver/Src/stm32f1xx_hal_dma.c ****       break; 
 1729              		.loc 1 775 31 is_stmt 0 view .LVU567
 1730 0052 5863     		str	r0, [r3, #52]
 776:Drivers/STM32F1xx_HAL_Driver/Src/stm32f1xx_hal_dma.c **** 
 1731              		.loc 1 776 7 is_stmt 1 view .LVU568
 1732 0054 E1E7     		b	.L153
 1733              	.LVL85:
 1734              	.L160:
 749:Drivers/STM32F1xx_HAL_Driver/Src/stm32f1xx_hal_dma.c ****   
 1735              		.loc 1 749 3 is_stmt 0 discriminator 1 view .LVU569
 1736 0056 0220     		movs	r0, #2
 1737              	.LVL86:
 792:Drivers/STM32F1xx_HAL_Driver/Src/stm32f1xx_hal_dma.c ****   
 1738              		.loc 1 792 1 view .LVU570
 1739 0058 7047     		bx	lr
 1740              		.cfi_endproc
 1741              	.LFE74:
 1743              		.section	.text.HAL_DMA_GetState,"ax",%progbits
 1744              		.align	1
 1745              		.global	HAL_DMA_GetState
 1746              		.syntax unified
 1747              		.thumb
 1748              		.thumb_func
 1750              	HAL_DMA_GetState:
 1751              	.LVL87:
 1752              	.LFB75:
 821:Drivers/STM32F1xx_HAL_Driver/Src/stm32f1xx_hal_dma.c ****   /* Return DMA handle state */
 1753              		.loc 1 821 1 is_stmt 1 view -0
 1754              		.cfi_startproc
 1755              		@ args = 0, pretend = 0, frame = 0
 1756              		@ frame_needed = 0, uses_anonymous_args = 0
 1757              		@ link register save eliminated.
 823:Drivers/STM32F1xx_HAL_Driver/Src/stm32f1xx_hal_dma.c **** }
 1758              		.loc 1 823 3 view .LVU572
 824:Drivers/STM32F1xx_HAL_Driver/Src/stm32f1xx_hal_dma.c **** 
 1759              		.loc 1 824 1 is_stmt 0 view .LVU573
 1760 0000 90F82100 		ldrb	r0, [r0, #33]	@ zero_extendqisi2
 1761              	.LVL88:
 824:Drivers/STM32F1xx_HAL_Driver/Src/stm32f1xx_hal_dma.c **** 
 1762              		.loc 1 824 1 view .LVU574
 1763 0004 7047     		bx	lr
 1764              		.cfi_endproc
 1765              	.LFE75:
 1767              		.section	.text.HAL_DMA_GetError,"ax",%progbits
 1768              		.align	1
 1769              		.global	HAL_DMA_GetError
 1770              		.syntax unified
 1771              		.thumb
 1772              		.thumb_func
 1774              	HAL_DMA_GetError:
 1775              	.LVL89:
 1776              	.LFB76:
ARM GAS  /tmp/ccRUdC2U.s 			page 57


 833:Drivers/STM32F1xx_HAL_Driver/Src/stm32f1xx_hal_dma.c ****   return hdma->ErrorCode;
 1777              		.loc 1 833 1 is_stmt 1 view -0
 1778              		.cfi_startproc
 1779              		@ args = 0, pretend = 0, frame = 0
 1780              		@ frame_needed = 0, uses_anonymous_args = 0
 1781              		@ link register save eliminated.
 834:Drivers/STM32F1xx_HAL_Driver/Src/stm32f1xx_hal_dma.c **** }
 1782              		.loc 1 834 3 view .LVU576
 834:Drivers/STM32F1xx_HAL_Driver/Src/stm32f1xx_hal_dma.c **** }
 1783              		.loc 1 834 14 is_stmt 0 view .LVU577
 1784 0000 806B     		ldr	r0, [r0, #56]
 1785              	.LVL90:
 835:Drivers/STM32F1xx_HAL_Driver/Src/stm32f1xx_hal_dma.c **** 
 1786              		.loc 1 835 1 view .LVU578
 1787 0002 7047     		bx	lr
 1788              		.cfi_endproc
 1789              	.LFE76:
 1791              		.text
 1792              	.Letext0:
 1793              		.file 2 "Drivers/CMSIS/Device/ST/STM32F1xx/Include/stm32f103xb.h"
 1794              		.file 3 "/usr/lib/gcc/arm-none-eabi/14.2.1/include/stdint.h"
 1795              		.file 4 "Drivers/CMSIS/Device/ST/STM32F1xx/Include/stm32f1xx.h"
 1796              		.file 5 "Drivers/STM32F1xx_HAL_Driver/Inc/stm32f1xx_hal_def.h"
 1797              		.file 6 "Drivers/STM32F1xx_HAL_Driver/Inc/stm32f1xx_hal_dma.h"
 1798              		.file 7 "Drivers/STM32F1xx_HAL_Driver/Inc/stm32f1xx_hal.h"
ARM GAS  /tmp/ccRUdC2U.s 			page 58


DEFINED SYMBOLS
                            *ABS*:00000000 stm32f1xx_hal_dma.c
     /tmp/ccRUdC2U.s:19     .text.DMA_SetConfig:00000000 $t
     /tmp/ccRUdC2U.s:24     .text.DMA_SetConfig:00000000 DMA_SetConfig
     /tmp/ccRUdC2U.s:98     .text.HAL_DMA_Init:00000000 $t
     /tmp/ccRUdC2U.s:104    .text.HAL_DMA_Init:00000000 HAL_DMA_Init
     /tmp/ccRUdC2U.s:219    .text.HAL_DMA_Init:0000005c $d
     /tmp/ccRUdC2U.s:226    .text.HAL_DMA_DeInit:00000000 $t
     /tmp/ccRUdC2U.s:232    .text.HAL_DMA_DeInit:00000000 HAL_DMA_DeInit
     /tmp/ccRUdC2U.s:342    .text.HAL_DMA_DeInit:0000005c $d
     /tmp/ccRUdC2U.s:349    .text.HAL_DMA_Start:00000000 $t
     /tmp/ccRUdC2U.s:355    .text.HAL_DMA_Start:00000000 HAL_DMA_Start
     /tmp/ccRUdC2U.s:442    .text.HAL_DMA_Start_IT:00000000 $t
     /tmp/ccRUdC2U.s:448    .text.HAL_DMA_Start_IT:00000000 HAL_DMA_Start_IT
     /tmp/ccRUdC2U.s:558    .text.HAL_DMA_Abort:00000000 $t
     /tmp/ccRUdC2U.s:564    .text.HAL_DMA_Abort:00000000 HAL_DMA_Abort
     /tmp/ccRUdC2U.s:635    .text.HAL_DMA_Abort_IT:00000000 $t
     /tmp/ccRUdC2U.s:641    .text.HAL_DMA_Abort_IT:00000000 HAL_DMA_Abort_IT
     /tmp/ccRUdC2U.s:772    .text.HAL_DMA_Abort_IT:00000090 $d
     /tmp/ccRUdC2U.s:778    .text.HAL_DMA_PollForTransfer:00000000 $t
     /tmp/ccRUdC2U.s:784    .text.HAL_DMA_PollForTransfer:00000000 HAL_DMA_PollForTransfer
     /tmp/ccRUdC2U.s:1231   .text.HAL_DMA_PollForTransfer:00000224 $d
     /tmp/ccRUdC2U.s:1237   .text.HAL_DMA_IRQHandler:00000000 $t
     /tmp/ccRUdC2U.s:1243   .text.HAL_DMA_IRQHandler:00000000 HAL_DMA_IRQHandler
     /tmp/ccRUdC2U.s:1515   .text.HAL_DMA_IRQHandler:0000013c $d
     /tmp/ccRUdC2U.s:1521   .text.HAL_DMA_RegisterCallback:00000000 $t
     /tmp/ccRUdC2U.s:1527   .text.HAL_DMA_RegisterCallback:00000000 HAL_DMA_RegisterCallback
     /tmp/ccRUdC2U.s:1577   .text.HAL_DMA_RegisterCallback:0000002a $d
     /tmp/ccRUdC2U.s:1581   .text.HAL_DMA_RegisterCallback:0000002e $t
     /tmp/ccRUdC2U.s:1627   .text.HAL_DMA_UnRegisterCallback:00000000 $t
     /tmp/ccRUdC2U.s:1633   .text.HAL_DMA_UnRegisterCallback:00000000 HAL_DMA_UnRegisterCallback
     /tmp/ccRUdC2U.s:1680   .text.HAL_DMA_UnRegisterCallback:0000002a $d
     /tmp/ccRUdC2U.s:1744   .text.HAL_DMA_GetState:00000000 $t
     /tmp/ccRUdC2U.s:1750   .text.HAL_DMA_GetState:00000000 HAL_DMA_GetState
     /tmp/ccRUdC2U.s:1768   .text.HAL_DMA_GetError:00000000 $t
     /tmp/ccRUdC2U.s:1774   .text.HAL_DMA_GetError:00000000 HAL_DMA_GetError
     /tmp/ccRUdC2U.s:1685   .text.HAL_DMA_UnRegisterCallback:0000002f $d
     /tmp/ccRUdC2U.s:1685   .text.HAL_DMA_UnRegisterCallback:00000030 $t

UNDEFINED SYMBOLS
HAL_GetTick
