ARM GAS  /tmp/ccZyOP9D.s 			page 1


   1              		.cpu cortex-m3
   2              		.arch armv7-m
   3              		.fpu softvfp
   4              		.eabi_attribute 20, 1
   5              		.eabi_attribute 21, 1
   6              		.eabi_attribute 23, 3
   7              		.eabi_attribute 24, 1
   8              		.eabi_attribute 25, 1
   9              		.eabi_attribute 26, 1
  10              		.eabi_attribute 30, 1
  11              		.eabi_attribute 34, 1
  12              		.eabi_attribute 18, 4
  13              		.file	"stm32f1xx_ll_usb.c"
  14              		.text
  15              	.Ltext0:
  16              		.cfi_sections	.debug_frame
  17              		.file 1 "Drivers/STM32F1xx_HAL_Driver/Src/stm32f1xx_ll_usb.c"
  18              		.section	.text.USB_CoreInit,"ax",%progbits
  19              		.align	1
  20              		.global	USB_CoreInit
  21              		.syntax unified
  22              		.thumb
  23              		.thumb_func
  25              	USB_CoreInit:
  26              	.LVL0:
  27              	.LFB65:
   1:Drivers/STM32F1xx_HAL_Driver/Src/stm32f1xx_ll_usb.c **** /**
   2:Drivers/STM32F1xx_HAL_Driver/Src/stm32f1xx_ll_usb.c ****   ******************************************************************************
   3:Drivers/STM32F1xx_HAL_Driver/Src/stm32f1xx_ll_usb.c ****   * @file    stm32f1xx_ll_usb.c
   4:Drivers/STM32F1xx_HAL_Driver/Src/stm32f1xx_ll_usb.c ****   * @author  MCD Application Team
   5:Drivers/STM32F1xx_HAL_Driver/Src/stm32f1xx_ll_usb.c ****   * @brief   USB Low Layer HAL module driver.
   6:Drivers/STM32F1xx_HAL_Driver/Src/stm32f1xx_ll_usb.c ****   *
   7:Drivers/STM32F1xx_HAL_Driver/Src/stm32f1xx_ll_usb.c ****   *          This file provides firmware functions to manage the following
   8:Drivers/STM32F1xx_HAL_Driver/Src/stm32f1xx_ll_usb.c ****   *          functionalities of the USB Peripheral Controller:
   9:Drivers/STM32F1xx_HAL_Driver/Src/stm32f1xx_ll_usb.c ****   *           + Initialization/de-initialization functions
  10:Drivers/STM32F1xx_HAL_Driver/Src/stm32f1xx_ll_usb.c ****   *           + I/O operation functions
  11:Drivers/STM32F1xx_HAL_Driver/Src/stm32f1xx_ll_usb.c ****   *           + Peripheral Control functions
  12:Drivers/STM32F1xx_HAL_Driver/Src/stm32f1xx_ll_usb.c ****   *           + Peripheral State functions
  13:Drivers/STM32F1xx_HAL_Driver/Src/stm32f1xx_ll_usb.c ****   *
  14:Drivers/STM32F1xx_HAL_Driver/Src/stm32f1xx_ll_usb.c ****   @verbatim
  15:Drivers/STM32F1xx_HAL_Driver/Src/stm32f1xx_ll_usb.c ****   ==============================================================================
  16:Drivers/STM32F1xx_HAL_Driver/Src/stm32f1xx_ll_usb.c ****                     ##### How to use this driver #####
  17:Drivers/STM32F1xx_HAL_Driver/Src/stm32f1xx_ll_usb.c ****   ==============================================================================
  18:Drivers/STM32F1xx_HAL_Driver/Src/stm32f1xx_ll_usb.c ****     [..]
  19:Drivers/STM32F1xx_HAL_Driver/Src/stm32f1xx_ll_usb.c ****       (#) Fill parameters of Init structure in USB_OTG_CfgTypeDef structure.
  20:Drivers/STM32F1xx_HAL_Driver/Src/stm32f1xx_ll_usb.c **** 
  21:Drivers/STM32F1xx_HAL_Driver/Src/stm32f1xx_ll_usb.c ****       (#) Call USB_CoreInit() API to initialize the USB Core peripheral.
  22:Drivers/STM32F1xx_HAL_Driver/Src/stm32f1xx_ll_usb.c **** 
  23:Drivers/STM32F1xx_HAL_Driver/Src/stm32f1xx_ll_usb.c ****       (#) The upper HAL HCD/PCD driver will call the right routines for its internal processes.
  24:Drivers/STM32F1xx_HAL_Driver/Src/stm32f1xx_ll_usb.c **** 
  25:Drivers/STM32F1xx_HAL_Driver/Src/stm32f1xx_ll_usb.c ****   @endverbatim
  26:Drivers/STM32F1xx_HAL_Driver/Src/stm32f1xx_ll_usb.c ****   ******************************************************************************
  27:Drivers/STM32F1xx_HAL_Driver/Src/stm32f1xx_ll_usb.c ****   * @attention
  28:Drivers/STM32F1xx_HAL_Driver/Src/stm32f1xx_ll_usb.c ****   *
  29:Drivers/STM32F1xx_HAL_Driver/Src/stm32f1xx_ll_usb.c ****   * <h2><center>&copy; Copyright (c) 2016 STMicroelectronics.
  30:Drivers/STM32F1xx_HAL_Driver/Src/stm32f1xx_ll_usb.c ****   * All rights reserved.</center></h2>
  31:Drivers/STM32F1xx_HAL_Driver/Src/stm32f1xx_ll_usb.c ****   *
ARM GAS  /tmp/ccZyOP9D.s 			page 2


  32:Drivers/STM32F1xx_HAL_Driver/Src/stm32f1xx_ll_usb.c ****   * This software component is licensed by ST under BSD 3-Clause license,
  33:Drivers/STM32F1xx_HAL_Driver/Src/stm32f1xx_ll_usb.c ****   * the "License"; You may not use this file except in compliance with the
  34:Drivers/STM32F1xx_HAL_Driver/Src/stm32f1xx_ll_usb.c ****   * License. You may obtain a copy of the License at:
  35:Drivers/STM32F1xx_HAL_Driver/Src/stm32f1xx_ll_usb.c ****   *                        opensource.org/licenses/BSD-3-Clause
  36:Drivers/STM32F1xx_HAL_Driver/Src/stm32f1xx_ll_usb.c ****   *
  37:Drivers/STM32F1xx_HAL_Driver/Src/stm32f1xx_ll_usb.c ****   ******************************************************************************
  38:Drivers/STM32F1xx_HAL_Driver/Src/stm32f1xx_ll_usb.c ****   */
  39:Drivers/STM32F1xx_HAL_Driver/Src/stm32f1xx_ll_usb.c **** 
  40:Drivers/STM32F1xx_HAL_Driver/Src/stm32f1xx_ll_usb.c **** /* Includes ------------------------------------------------------------------*/
  41:Drivers/STM32F1xx_HAL_Driver/Src/stm32f1xx_ll_usb.c **** #include "stm32f1xx_hal.h"
  42:Drivers/STM32F1xx_HAL_Driver/Src/stm32f1xx_ll_usb.c **** 
  43:Drivers/STM32F1xx_HAL_Driver/Src/stm32f1xx_ll_usb.c **** /** @addtogroup STM32F1xx_LL_USB_DRIVER
  44:Drivers/STM32F1xx_HAL_Driver/Src/stm32f1xx_ll_usb.c ****   * @{
  45:Drivers/STM32F1xx_HAL_Driver/Src/stm32f1xx_ll_usb.c ****   */
  46:Drivers/STM32F1xx_HAL_Driver/Src/stm32f1xx_ll_usb.c **** 
  47:Drivers/STM32F1xx_HAL_Driver/Src/stm32f1xx_ll_usb.c **** #if defined (HAL_PCD_MODULE_ENABLED) || defined (HAL_HCD_MODULE_ENABLED)
  48:Drivers/STM32F1xx_HAL_Driver/Src/stm32f1xx_ll_usb.c **** #if defined (USB) || defined (USB_OTG_FS)
  49:Drivers/STM32F1xx_HAL_Driver/Src/stm32f1xx_ll_usb.c **** /* Private typedef -----------------------------------------------------------*/
  50:Drivers/STM32F1xx_HAL_Driver/Src/stm32f1xx_ll_usb.c **** /* Private define ------------------------------------------------------------*/
  51:Drivers/STM32F1xx_HAL_Driver/Src/stm32f1xx_ll_usb.c **** /* Private macro -------------------------------------------------------------*/
  52:Drivers/STM32F1xx_HAL_Driver/Src/stm32f1xx_ll_usb.c **** /* Private variables ---------------------------------------------------------*/
  53:Drivers/STM32F1xx_HAL_Driver/Src/stm32f1xx_ll_usb.c **** /* Private function prototypes -----------------------------------------------*/
  54:Drivers/STM32F1xx_HAL_Driver/Src/stm32f1xx_ll_usb.c **** /* Private functions ---------------------------------------------------------*/
  55:Drivers/STM32F1xx_HAL_Driver/Src/stm32f1xx_ll_usb.c **** #if defined (USB_OTG_FS)
  56:Drivers/STM32F1xx_HAL_Driver/Src/stm32f1xx_ll_usb.c **** static HAL_StatusTypeDef USB_CoreReset(USB_OTG_GlobalTypeDef *USBx);
  57:Drivers/STM32F1xx_HAL_Driver/Src/stm32f1xx_ll_usb.c **** 
  58:Drivers/STM32F1xx_HAL_Driver/Src/stm32f1xx_ll_usb.c **** /* Exported functions --------------------------------------------------------*/
  59:Drivers/STM32F1xx_HAL_Driver/Src/stm32f1xx_ll_usb.c **** /** @defgroup USB_LL_Exported_Functions USB Low Layer Exported Functions
  60:Drivers/STM32F1xx_HAL_Driver/Src/stm32f1xx_ll_usb.c ****   * @{
  61:Drivers/STM32F1xx_HAL_Driver/Src/stm32f1xx_ll_usb.c ****   */
  62:Drivers/STM32F1xx_HAL_Driver/Src/stm32f1xx_ll_usb.c **** 
  63:Drivers/STM32F1xx_HAL_Driver/Src/stm32f1xx_ll_usb.c **** /** @defgroup USB_LL_Exported_Functions_Group1 Initialization/de-initialization functions
  64:Drivers/STM32F1xx_HAL_Driver/Src/stm32f1xx_ll_usb.c ****   *  @brief    Initialization and Configuration functions
  65:Drivers/STM32F1xx_HAL_Driver/Src/stm32f1xx_ll_usb.c ****   *
  66:Drivers/STM32F1xx_HAL_Driver/Src/stm32f1xx_ll_usb.c **** @verbatim
  67:Drivers/STM32F1xx_HAL_Driver/Src/stm32f1xx_ll_usb.c ****  ===============================================================================
  68:Drivers/STM32F1xx_HAL_Driver/Src/stm32f1xx_ll_usb.c ****                       ##### Initialization/de-initialization functions #####
  69:Drivers/STM32F1xx_HAL_Driver/Src/stm32f1xx_ll_usb.c ****  ===============================================================================
  70:Drivers/STM32F1xx_HAL_Driver/Src/stm32f1xx_ll_usb.c **** 
  71:Drivers/STM32F1xx_HAL_Driver/Src/stm32f1xx_ll_usb.c **** @endverbatim
  72:Drivers/STM32F1xx_HAL_Driver/Src/stm32f1xx_ll_usb.c ****   * @{
  73:Drivers/STM32F1xx_HAL_Driver/Src/stm32f1xx_ll_usb.c ****   */
  74:Drivers/STM32F1xx_HAL_Driver/Src/stm32f1xx_ll_usb.c **** 
  75:Drivers/STM32F1xx_HAL_Driver/Src/stm32f1xx_ll_usb.c **** /**
  76:Drivers/STM32F1xx_HAL_Driver/Src/stm32f1xx_ll_usb.c ****   * @brief  Initializes the USB Core
  77:Drivers/STM32F1xx_HAL_Driver/Src/stm32f1xx_ll_usb.c ****   * @param  USBx USB Instance
  78:Drivers/STM32F1xx_HAL_Driver/Src/stm32f1xx_ll_usb.c ****   * @param  cfg pointer to a USB_OTG_CfgTypeDef structure that contains
  79:Drivers/STM32F1xx_HAL_Driver/Src/stm32f1xx_ll_usb.c ****   *         the configuration information for the specified USBx peripheral.
  80:Drivers/STM32F1xx_HAL_Driver/Src/stm32f1xx_ll_usb.c ****   * @retval HAL status
  81:Drivers/STM32F1xx_HAL_Driver/Src/stm32f1xx_ll_usb.c ****   */
  82:Drivers/STM32F1xx_HAL_Driver/Src/stm32f1xx_ll_usb.c **** HAL_StatusTypeDef USB_CoreInit(USB_OTG_GlobalTypeDef *USBx, USB_OTG_CfgTypeDef cfg)
  83:Drivers/STM32F1xx_HAL_Driver/Src/stm32f1xx_ll_usb.c **** {
  84:Drivers/STM32F1xx_HAL_Driver/Src/stm32f1xx_ll_usb.c ****   HAL_StatusTypeDef ret;
  85:Drivers/STM32F1xx_HAL_Driver/Src/stm32f1xx_ll_usb.c **** 
  86:Drivers/STM32F1xx_HAL_Driver/Src/stm32f1xx_ll_usb.c **** 
  87:Drivers/STM32F1xx_HAL_Driver/Src/stm32f1xx_ll_usb.c ****   /* Select FS Embedded PHY */
  88:Drivers/STM32F1xx_HAL_Driver/Src/stm32f1xx_ll_usb.c ****   USBx->GUSBCFG |= USB_OTG_GUSBCFG_PHYSEL;
ARM GAS  /tmp/ccZyOP9D.s 			page 3


  89:Drivers/STM32F1xx_HAL_Driver/Src/stm32f1xx_ll_usb.c **** 
  90:Drivers/STM32F1xx_HAL_Driver/Src/stm32f1xx_ll_usb.c ****   /* Reset after a PHY select */
  91:Drivers/STM32F1xx_HAL_Driver/Src/stm32f1xx_ll_usb.c ****   ret = USB_CoreReset(USBx);
  92:Drivers/STM32F1xx_HAL_Driver/Src/stm32f1xx_ll_usb.c **** 
  93:Drivers/STM32F1xx_HAL_Driver/Src/stm32f1xx_ll_usb.c ****   /* Activate the USB Transceiver */
  94:Drivers/STM32F1xx_HAL_Driver/Src/stm32f1xx_ll_usb.c ****   USBx->GCCFG |= USB_OTG_GCCFG_PWRDWN;
  95:Drivers/STM32F1xx_HAL_Driver/Src/stm32f1xx_ll_usb.c **** 
  96:Drivers/STM32F1xx_HAL_Driver/Src/stm32f1xx_ll_usb.c ****   return ret;
  97:Drivers/STM32F1xx_HAL_Driver/Src/stm32f1xx_ll_usb.c **** }
  98:Drivers/STM32F1xx_HAL_Driver/Src/stm32f1xx_ll_usb.c **** 
  99:Drivers/STM32F1xx_HAL_Driver/Src/stm32f1xx_ll_usb.c **** 
 100:Drivers/STM32F1xx_HAL_Driver/Src/stm32f1xx_ll_usb.c **** /**
 101:Drivers/STM32F1xx_HAL_Driver/Src/stm32f1xx_ll_usb.c ****   * @brief  Set the USB turnaround time
 102:Drivers/STM32F1xx_HAL_Driver/Src/stm32f1xx_ll_usb.c ****   * @param  USBx USB Instance
 103:Drivers/STM32F1xx_HAL_Driver/Src/stm32f1xx_ll_usb.c ****   * @param  hclk: AHB clock frequency
 104:Drivers/STM32F1xx_HAL_Driver/Src/stm32f1xx_ll_usb.c ****   * @retval USB turnaround time In PHY Clocks number
 105:Drivers/STM32F1xx_HAL_Driver/Src/stm32f1xx_ll_usb.c ****   */
 106:Drivers/STM32F1xx_HAL_Driver/Src/stm32f1xx_ll_usb.c **** HAL_StatusTypeDef USB_SetTurnaroundTime(USB_OTG_GlobalTypeDef *USBx,
 107:Drivers/STM32F1xx_HAL_Driver/Src/stm32f1xx_ll_usb.c ****                                         uint32_t hclk, uint8_t speed)
 108:Drivers/STM32F1xx_HAL_Driver/Src/stm32f1xx_ll_usb.c **** {
 109:Drivers/STM32F1xx_HAL_Driver/Src/stm32f1xx_ll_usb.c ****   uint32_t UsbTrd;
 110:Drivers/STM32F1xx_HAL_Driver/Src/stm32f1xx_ll_usb.c **** 
 111:Drivers/STM32F1xx_HAL_Driver/Src/stm32f1xx_ll_usb.c ****   /* The USBTRD is configured according to the tables below, depending on AHB frequency
 112:Drivers/STM32F1xx_HAL_Driver/Src/stm32f1xx_ll_usb.c ****   used by application. In the low AHB frequency range it is used to stretch enough the USB response
 113:Drivers/STM32F1xx_HAL_Driver/Src/stm32f1xx_ll_usb.c ****   time to IN tokens, the USB turnaround time, so to compensate for the longer AHB read access
 114:Drivers/STM32F1xx_HAL_Driver/Src/stm32f1xx_ll_usb.c ****   latency to the Data FIFO */
 115:Drivers/STM32F1xx_HAL_Driver/Src/stm32f1xx_ll_usb.c ****   if (speed == USBD_FS_SPEED)
 116:Drivers/STM32F1xx_HAL_Driver/Src/stm32f1xx_ll_usb.c ****   {
 117:Drivers/STM32F1xx_HAL_Driver/Src/stm32f1xx_ll_usb.c ****     if ((hclk >= 14200000U) && (hclk < 15000000U))
 118:Drivers/STM32F1xx_HAL_Driver/Src/stm32f1xx_ll_usb.c ****     {
 119:Drivers/STM32F1xx_HAL_Driver/Src/stm32f1xx_ll_usb.c ****       /* hclk Clock Range between 14.2-15 MHz */
 120:Drivers/STM32F1xx_HAL_Driver/Src/stm32f1xx_ll_usb.c ****       UsbTrd = 0xFU;
 121:Drivers/STM32F1xx_HAL_Driver/Src/stm32f1xx_ll_usb.c ****     }
 122:Drivers/STM32F1xx_HAL_Driver/Src/stm32f1xx_ll_usb.c ****     else if ((hclk >= 15000000U) && (hclk < 16000000U))
 123:Drivers/STM32F1xx_HAL_Driver/Src/stm32f1xx_ll_usb.c ****     {
 124:Drivers/STM32F1xx_HAL_Driver/Src/stm32f1xx_ll_usb.c ****       /* hclk Clock Range between 15-16 MHz */
 125:Drivers/STM32F1xx_HAL_Driver/Src/stm32f1xx_ll_usb.c ****       UsbTrd = 0xEU;
 126:Drivers/STM32F1xx_HAL_Driver/Src/stm32f1xx_ll_usb.c ****     }
 127:Drivers/STM32F1xx_HAL_Driver/Src/stm32f1xx_ll_usb.c ****     else if ((hclk >= 16000000U) && (hclk < 17200000U))
 128:Drivers/STM32F1xx_HAL_Driver/Src/stm32f1xx_ll_usb.c ****     {
 129:Drivers/STM32F1xx_HAL_Driver/Src/stm32f1xx_ll_usb.c ****       /* hclk Clock Range between 16-17.2 MHz */
 130:Drivers/STM32F1xx_HAL_Driver/Src/stm32f1xx_ll_usb.c ****       UsbTrd = 0xDU;
 131:Drivers/STM32F1xx_HAL_Driver/Src/stm32f1xx_ll_usb.c ****     }
 132:Drivers/STM32F1xx_HAL_Driver/Src/stm32f1xx_ll_usb.c ****     else if ((hclk >= 17200000U) && (hclk < 18500000U))
 133:Drivers/STM32F1xx_HAL_Driver/Src/stm32f1xx_ll_usb.c ****     {
 134:Drivers/STM32F1xx_HAL_Driver/Src/stm32f1xx_ll_usb.c ****       /* hclk Clock Range between 17.2-18.5 MHz */
 135:Drivers/STM32F1xx_HAL_Driver/Src/stm32f1xx_ll_usb.c ****       UsbTrd = 0xCU;
 136:Drivers/STM32F1xx_HAL_Driver/Src/stm32f1xx_ll_usb.c ****     }
 137:Drivers/STM32F1xx_HAL_Driver/Src/stm32f1xx_ll_usb.c ****     else if ((hclk >= 18500000U) && (hclk < 20000000U))
 138:Drivers/STM32F1xx_HAL_Driver/Src/stm32f1xx_ll_usb.c ****     {
 139:Drivers/STM32F1xx_HAL_Driver/Src/stm32f1xx_ll_usb.c ****       /* hclk Clock Range between 18.5-20 MHz */
 140:Drivers/STM32F1xx_HAL_Driver/Src/stm32f1xx_ll_usb.c ****       UsbTrd = 0xBU;
 141:Drivers/STM32F1xx_HAL_Driver/Src/stm32f1xx_ll_usb.c ****     }
 142:Drivers/STM32F1xx_HAL_Driver/Src/stm32f1xx_ll_usb.c ****     else if ((hclk >= 20000000U) && (hclk < 21800000U))
 143:Drivers/STM32F1xx_HAL_Driver/Src/stm32f1xx_ll_usb.c ****     {
 144:Drivers/STM32F1xx_HAL_Driver/Src/stm32f1xx_ll_usb.c ****       /* hclk Clock Range between 20-21.8 MHz */
 145:Drivers/STM32F1xx_HAL_Driver/Src/stm32f1xx_ll_usb.c ****       UsbTrd = 0xAU;
ARM GAS  /tmp/ccZyOP9D.s 			page 4


 146:Drivers/STM32F1xx_HAL_Driver/Src/stm32f1xx_ll_usb.c ****     }
 147:Drivers/STM32F1xx_HAL_Driver/Src/stm32f1xx_ll_usb.c ****     else if ((hclk >= 21800000U) && (hclk < 24000000U))
 148:Drivers/STM32F1xx_HAL_Driver/Src/stm32f1xx_ll_usb.c ****     {
 149:Drivers/STM32F1xx_HAL_Driver/Src/stm32f1xx_ll_usb.c ****       /* hclk Clock Range between 21.8-24 MHz */
 150:Drivers/STM32F1xx_HAL_Driver/Src/stm32f1xx_ll_usb.c ****       UsbTrd = 0x9U;
 151:Drivers/STM32F1xx_HAL_Driver/Src/stm32f1xx_ll_usb.c ****     }
 152:Drivers/STM32F1xx_HAL_Driver/Src/stm32f1xx_ll_usb.c ****     else if ((hclk >= 24000000U) && (hclk < 27700000U))
 153:Drivers/STM32F1xx_HAL_Driver/Src/stm32f1xx_ll_usb.c ****     {
 154:Drivers/STM32F1xx_HAL_Driver/Src/stm32f1xx_ll_usb.c ****       /* hclk Clock Range between 24-27.7 MHz */
 155:Drivers/STM32F1xx_HAL_Driver/Src/stm32f1xx_ll_usb.c ****       UsbTrd = 0x8U;
 156:Drivers/STM32F1xx_HAL_Driver/Src/stm32f1xx_ll_usb.c ****     }
 157:Drivers/STM32F1xx_HAL_Driver/Src/stm32f1xx_ll_usb.c ****     else if ((hclk >= 27700000U) && (hclk < 32000000U))
 158:Drivers/STM32F1xx_HAL_Driver/Src/stm32f1xx_ll_usb.c ****     {
 159:Drivers/STM32F1xx_HAL_Driver/Src/stm32f1xx_ll_usb.c ****       /* hclk Clock Range between 27.7-32 MHz */
 160:Drivers/STM32F1xx_HAL_Driver/Src/stm32f1xx_ll_usb.c ****       UsbTrd = 0x7U;
 161:Drivers/STM32F1xx_HAL_Driver/Src/stm32f1xx_ll_usb.c ****     }
 162:Drivers/STM32F1xx_HAL_Driver/Src/stm32f1xx_ll_usb.c ****     else /* if(hclk >= 32000000) */
 163:Drivers/STM32F1xx_HAL_Driver/Src/stm32f1xx_ll_usb.c ****     {
 164:Drivers/STM32F1xx_HAL_Driver/Src/stm32f1xx_ll_usb.c ****       /* hclk Clock Range between 32-200 MHz */
 165:Drivers/STM32F1xx_HAL_Driver/Src/stm32f1xx_ll_usb.c ****       UsbTrd = 0x6U;
 166:Drivers/STM32F1xx_HAL_Driver/Src/stm32f1xx_ll_usb.c ****     }
 167:Drivers/STM32F1xx_HAL_Driver/Src/stm32f1xx_ll_usb.c ****   }
 168:Drivers/STM32F1xx_HAL_Driver/Src/stm32f1xx_ll_usb.c ****   else
 169:Drivers/STM32F1xx_HAL_Driver/Src/stm32f1xx_ll_usb.c ****   {
 170:Drivers/STM32F1xx_HAL_Driver/Src/stm32f1xx_ll_usb.c ****     UsbTrd = USBD_DEFAULT_TRDT_VALUE;
 171:Drivers/STM32F1xx_HAL_Driver/Src/stm32f1xx_ll_usb.c ****   }
 172:Drivers/STM32F1xx_HAL_Driver/Src/stm32f1xx_ll_usb.c **** 
 173:Drivers/STM32F1xx_HAL_Driver/Src/stm32f1xx_ll_usb.c ****   USBx->GUSBCFG &= ~USB_OTG_GUSBCFG_TRDT;
 174:Drivers/STM32F1xx_HAL_Driver/Src/stm32f1xx_ll_usb.c ****   USBx->GUSBCFG |= (uint32_t)((UsbTrd << 10) & USB_OTG_GUSBCFG_TRDT);
 175:Drivers/STM32F1xx_HAL_Driver/Src/stm32f1xx_ll_usb.c **** 
 176:Drivers/STM32F1xx_HAL_Driver/Src/stm32f1xx_ll_usb.c ****   return HAL_OK;
 177:Drivers/STM32F1xx_HAL_Driver/Src/stm32f1xx_ll_usb.c **** }
 178:Drivers/STM32F1xx_HAL_Driver/Src/stm32f1xx_ll_usb.c **** 
 179:Drivers/STM32F1xx_HAL_Driver/Src/stm32f1xx_ll_usb.c **** /**
 180:Drivers/STM32F1xx_HAL_Driver/Src/stm32f1xx_ll_usb.c ****   * @brief  USB_EnableGlobalInt
 181:Drivers/STM32F1xx_HAL_Driver/Src/stm32f1xx_ll_usb.c ****   *         Enables the controller's Global Int in the AHB Config reg
 182:Drivers/STM32F1xx_HAL_Driver/Src/stm32f1xx_ll_usb.c ****   * @param  USBx  Selected device
 183:Drivers/STM32F1xx_HAL_Driver/Src/stm32f1xx_ll_usb.c ****   * @retval HAL status
 184:Drivers/STM32F1xx_HAL_Driver/Src/stm32f1xx_ll_usb.c ****   */
 185:Drivers/STM32F1xx_HAL_Driver/Src/stm32f1xx_ll_usb.c **** HAL_StatusTypeDef USB_EnableGlobalInt(USB_OTG_GlobalTypeDef *USBx)
 186:Drivers/STM32F1xx_HAL_Driver/Src/stm32f1xx_ll_usb.c **** {
 187:Drivers/STM32F1xx_HAL_Driver/Src/stm32f1xx_ll_usb.c ****   USBx->GAHBCFG |= USB_OTG_GAHBCFG_GINT;
 188:Drivers/STM32F1xx_HAL_Driver/Src/stm32f1xx_ll_usb.c ****   return HAL_OK;
 189:Drivers/STM32F1xx_HAL_Driver/Src/stm32f1xx_ll_usb.c **** }
 190:Drivers/STM32F1xx_HAL_Driver/Src/stm32f1xx_ll_usb.c **** 
 191:Drivers/STM32F1xx_HAL_Driver/Src/stm32f1xx_ll_usb.c **** /**
 192:Drivers/STM32F1xx_HAL_Driver/Src/stm32f1xx_ll_usb.c ****   * @brief  USB_DisableGlobalInt
 193:Drivers/STM32F1xx_HAL_Driver/Src/stm32f1xx_ll_usb.c ****   *         Disable the controller's Global Int in the AHB Config reg
 194:Drivers/STM32F1xx_HAL_Driver/Src/stm32f1xx_ll_usb.c ****   * @param  USBx  Selected device
 195:Drivers/STM32F1xx_HAL_Driver/Src/stm32f1xx_ll_usb.c ****   * @retval HAL status
 196:Drivers/STM32F1xx_HAL_Driver/Src/stm32f1xx_ll_usb.c ****   */
 197:Drivers/STM32F1xx_HAL_Driver/Src/stm32f1xx_ll_usb.c **** HAL_StatusTypeDef USB_DisableGlobalInt(USB_OTG_GlobalTypeDef *USBx)
 198:Drivers/STM32F1xx_HAL_Driver/Src/stm32f1xx_ll_usb.c **** {
 199:Drivers/STM32F1xx_HAL_Driver/Src/stm32f1xx_ll_usb.c ****   USBx->GAHBCFG &= ~USB_OTG_GAHBCFG_GINT;
 200:Drivers/STM32F1xx_HAL_Driver/Src/stm32f1xx_ll_usb.c ****   return HAL_OK;
 201:Drivers/STM32F1xx_HAL_Driver/Src/stm32f1xx_ll_usb.c **** }
 202:Drivers/STM32F1xx_HAL_Driver/Src/stm32f1xx_ll_usb.c **** 
ARM GAS  /tmp/ccZyOP9D.s 			page 5


 203:Drivers/STM32F1xx_HAL_Driver/Src/stm32f1xx_ll_usb.c **** /**
 204:Drivers/STM32F1xx_HAL_Driver/Src/stm32f1xx_ll_usb.c ****   * @brief  USB_SetCurrentMode Set functional mode
 205:Drivers/STM32F1xx_HAL_Driver/Src/stm32f1xx_ll_usb.c ****   * @param  USBx  Selected device
 206:Drivers/STM32F1xx_HAL_Driver/Src/stm32f1xx_ll_usb.c ****   * @param  mode  current core mode
 207:Drivers/STM32F1xx_HAL_Driver/Src/stm32f1xx_ll_usb.c ****   *          This parameter can be one of these values:
 208:Drivers/STM32F1xx_HAL_Driver/Src/stm32f1xx_ll_usb.c ****   *            @arg USB_DEVICE_MODE Peripheral mode
 209:Drivers/STM32F1xx_HAL_Driver/Src/stm32f1xx_ll_usb.c ****   *            @arg USB_HOST_MODE Host mode
 210:Drivers/STM32F1xx_HAL_Driver/Src/stm32f1xx_ll_usb.c ****   * @retval HAL status
 211:Drivers/STM32F1xx_HAL_Driver/Src/stm32f1xx_ll_usb.c ****   */
 212:Drivers/STM32F1xx_HAL_Driver/Src/stm32f1xx_ll_usb.c **** HAL_StatusTypeDef USB_SetCurrentMode(USB_OTG_GlobalTypeDef *USBx, USB_ModeTypeDef mode)
 213:Drivers/STM32F1xx_HAL_Driver/Src/stm32f1xx_ll_usb.c **** {
 214:Drivers/STM32F1xx_HAL_Driver/Src/stm32f1xx_ll_usb.c ****   uint32_t ms = 0U;
 215:Drivers/STM32F1xx_HAL_Driver/Src/stm32f1xx_ll_usb.c **** 
 216:Drivers/STM32F1xx_HAL_Driver/Src/stm32f1xx_ll_usb.c ****   USBx->GUSBCFG &= ~(USB_OTG_GUSBCFG_FHMOD | USB_OTG_GUSBCFG_FDMOD);
 217:Drivers/STM32F1xx_HAL_Driver/Src/stm32f1xx_ll_usb.c **** 
 218:Drivers/STM32F1xx_HAL_Driver/Src/stm32f1xx_ll_usb.c ****   if (mode == USB_HOST_MODE)
 219:Drivers/STM32F1xx_HAL_Driver/Src/stm32f1xx_ll_usb.c ****   {
 220:Drivers/STM32F1xx_HAL_Driver/Src/stm32f1xx_ll_usb.c ****     USBx->GUSBCFG |= USB_OTG_GUSBCFG_FHMOD;
 221:Drivers/STM32F1xx_HAL_Driver/Src/stm32f1xx_ll_usb.c **** 
 222:Drivers/STM32F1xx_HAL_Driver/Src/stm32f1xx_ll_usb.c ****     do
 223:Drivers/STM32F1xx_HAL_Driver/Src/stm32f1xx_ll_usb.c ****     {
 224:Drivers/STM32F1xx_HAL_Driver/Src/stm32f1xx_ll_usb.c ****       HAL_Delay(1U);
 225:Drivers/STM32F1xx_HAL_Driver/Src/stm32f1xx_ll_usb.c ****       ms++;
 226:Drivers/STM32F1xx_HAL_Driver/Src/stm32f1xx_ll_usb.c ****     } while ((USB_GetMode(USBx) != (uint32_t)USB_HOST_MODE) && (ms < 50U));
 227:Drivers/STM32F1xx_HAL_Driver/Src/stm32f1xx_ll_usb.c ****   }
 228:Drivers/STM32F1xx_HAL_Driver/Src/stm32f1xx_ll_usb.c ****   else if (mode == USB_DEVICE_MODE)
 229:Drivers/STM32F1xx_HAL_Driver/Src/stm32f1xx_ll_usb.c ****   {
 230:Drivers/STM32F1xx_HAL_Driver/Src/stm32f1xx_ll_usb.c ****     USBx->GUSBCFG |= USB_OTG_GUSBCFG_FDMOD;
 231:Drivers/STM32F1xx_HAL_Driver/Src/stm32f1xx_ll_usb.c **** 
 232:Drivers/STM32F1xx_HAL_Driver/Src/stm32f1xx_ll_usb.c ****     do
 233:Drivers/STM32F1xx_HAL_Driver/Src/stm32f1xx_ll_usb.c ****     {
 234:Drivers/STM32F1xx_HAL_Driver/Src/stm32f1xx_ll_usb.c ****       HAL_Delay(1U);
 235:Drivers/STM32F1xx_HAL_Driver/Src/stm32f1xx_ll_usb.c ****       ms++;
 236:Drivers/STM32F1xx_HAL_Driver/Src/stm32f1xx_ll_usb.c ****     } while ((USB_GetMode(USBx) != (uint32_t)USB_DEVICE_MODE) && (ms < 50U));
 237:Drivers/STM32F1xx_HAL_Driver/Src/stm32f1xx_ll_usb.c ****   }
 238:Drivers/STM32F1xx_HAL_Driver/Src/stm32f1xx_ll_usb.c ****   else
 239:Drivers/STM32F1xx_HAL_Driver/Src/stm32f1xx_ll_usb.c ****   {
 240:Drivers/STM32F1xx_HAL_Driver/Src/stm32f1xx_ll_usb.c ****     return HAL_ERROR;
 241:Drivers/STM32F1xx_HAL_Driver/Src/stm32f1xx_ll_usb.c ****   }
 242:Drivers/STM32F1xx_HAL_Driver/Src/stm32f1xx_ll_usb.c **** 
 243:Drivers/STM32F1xx_HAL_Driver/Src/stm32f1xx_ll_usb.c ****   if (ms == 50U)
 244:Drivers/STM32F1xx_HAL_Driver/Src/stm32f1xx_ll_usb.c ****   {
 245:Drivers/STM32F1xx_HAL_Driver/Src/stm32f1xx_ll_usb.c ****     return HAL_ERROR;
 246:Drivers/STM32F1xx_HAL_Driver/Src/stm32f1xx_ll_usb.c ****   }
 247:Drivers/STM32F1xx_HAL_Driver/Src/stm32f1xx_ll_usb.c **** 
 248:Drivers/STM32F1xx_HAL_Driver/Src/stm32f1xx_ll_usb.c ****   return HAL_OK;
 249:Drivers/STM32F1xx_HAL_Driver/Src/stm32f1xx_ll_usb.c **** }
 250:Drivers/STM32F1xx_HAL_Driver/Src/stm32f1xx_ll_usb.c **** 
 251:Drivers/STM32F1xx_HAL_Driver/Src/stm32f1xx_ll_usb.c **** /**
 252:Drivers/STM32F1xx_HAL_Driver/Src/stm32f1xx_ll_usb.c ****   * @brief  USB_DevInit Initializes the USB_OTG controller registers
 253:Drivers/STM32F1xx_HAL_Driver/Src/stm32f1xx_ll_usb.c ****   *         for device mode
 254:Drivers/STM32F1xx_HAL_Driver/Src/stm32f1xx_ll_usb.c ****   * @param  USBx  Selected device
 255:Drivers/STM32F1xx_HAL_Driver/Src/stm32f1xx_ll_usb.c ****   * @param  cfg   pointer to a USB_OTG_CfgTypeDef structure that contains
 256:Drivers/STM32F1xx_HAL_Driver/Src/stm32f1xx_ll_usb.c ****   *         the configuration information for the specified USBx peripheral.
 257:Drivers/STM32F1xx_HAL_Driver/Src/stm32f1xx_ll_usb.c ****   * @retval HAL status
 258:Drivers/STM32F1xx_HAL_Driver/Src/stm32f1xx_ll_usb.c ****   */
 259:Drivers/STM32F1xx_HAL_Driver/Src/stm32f1xx_ll_usb.c **** HAL_StatusTypeDef USB_DevInit(USB_OTG_GlobalTypeDef *USBx, USB_OTG_CfgTypeDef cfg)
ARM GAS  /tmp/ccZyOP9D.s 			page 6


 260:Drivers/STM32F1xx_HAL_Driver/Src/stm32f1xx_ll_usb.c **** {
 261:Drivers/STM32F1xx_HAL_Driver/Src/stm32f1xx_ll_usb.c ****   HAL_StatusTypeDef ret = HAL_OK;
 262:Drivers/STM32F1xx_HAL_Driver/Src/stm32f1xx_ll_usb.c ****   uint32_t USBx_BASE = (uint32_t)USBx;
 263:Drivers/STM32F1xx_HAL_Driver/Src/stm32f1xx_ll_usb.c ****   uint32_t i;
 264:Drivers/STM32F1xx_HAL_Driver/Src/stm32f1xx_ll_usb.c **** 
 265:Drivers/STM32F1xx_HAL_Driver/Src/stm32f1xx_ll_usb.c ****   for (i = 0U; i < 15U; i++)
 266:Drivers/STM32F1xx_HAL_Driver/Src/stm32f1xx_ll_usb.c ****   {
 267:Drivers/STM32F1xx_HAL_Driver/Src/stm32f1xx_ll_usb.c ****     USBx->DIEPTXF[i] = 0U;
 268:Drivers/STM32F1xx_HAL_Driver/Src/stm32f1xx_ll_usb.c ****   }
 269:Drivers/STM32F1xx_HAL_Driver/Src/stm32f1xx_ll_usb.c **** 
 270:Drivers/STM32F1xx_HAL_Driver/Src/stm32f1xx_ll_usb.c ****   /* Enable HW VBUS sensing */
 271:Drivers/STM32F1xx_HAL_Driver/Src/stm32f1xx_ll_usb.c ****   USBx->GCCFG |= USB_OTG_GCCFG_VBUSBSEN;
 272:Drivers/STM32F1xx_HAL_Driver/Src/stm32f1xx_ll_usb.c **** 
 273:Drivers/STM32F1xx_HAL_Driver/Src/stm32f1xx_ll_usb.c ****   /* Restart the Phy Clock */
 274:Drivers/STM32F1xx_HAL_Driver/Src/stm32f1xx_ll_usb.c ****   USBx_PCGCCTL = 0U;
 275:Drivers/STM32F1xx_HAL_Driver/Src/stm32f1xx_ll_usb.c **** 
 276:Drivers/STM32F1xx_HAL_Driver/Src/stm32f1xx_ll_usb.c ****   /* Device mode configuration */
 277:Drivers/STM32F1xx_HAL_Driver/Src/stm32f1xx_ll_usb.c ****   USBx_DEVICE->DCFG |= DCFG_FRAME_INTERVAL_80;
 278:Drivers/STM32F1xx_HAL_Driver/Src/stm32f1xx_ll_usb.c **** 
 279:Drivers/STM32F1xx_HAL_Driver/Src/stm32f1xx_ll_usb.c ****   /* Set Core speed to Full speed mode */
 280:Drivers/STM32F1xx_HAL_Driver/Src/stm32f1xx_ll_usb.c ****   (void)USB_SetDevSpeed(USBx, USB_OTG_SPEED_FULL);
 281:Drivers/STM32F1xx_HAL_Driver/Src/stm32f1xx_ll_usb.c **** 
 282:Drivers/STM32F1xx_HAL_Driver/Src/stm32f1xx_ll_usb.c ****   /* Flush the FIFOs */
 283:Drivers/STM32F1xx_HAL_Driver/Src/stm32f1xx_ll_usb.c ****   if (USB_FlushTxFifo(USBx, 0x10U) != HAL_OK) /* all Tx FIFOs */
 284:Drivers/STM32F1xx_HAL_Driver/Src/stm32f1xx_ll_usb.c ****   {
 285:Drivers/STM32F1xx_HAL_Driver/Src/stm32f1xx_ll_usb.c ****     ret = HAL_ERROR;
 286:Drivers/STM32F1xx_HAL_Driver/Src/stm32f1xx_ll_usb.c ****   }
 287:Drivers/STM32F1xx_HAL_Driver/Src/stm32f1xx_ll_usb.c **** 
 288:Drivers/STM32F1xx_HAL_Driver/Src/stm32f1xx_ll_usb.c ****   if (USB_FlushRxFifo(USBx) != HAL_OK)
 289:Drivers/STM32F1xx_HAL_Driver/Src/stm32f1xx_ll_usb.c ****   {
 290:Drivers/STM32F1xx_HAL_Driver/Src/stm32f1xx_ll_usb.c ****     ret = HAL_ERROR;
 291:Drivers/STM32F1xx_HAL_Driver/Src/stm32f1xx_ll_usb.c ****   }
 292:Drivers/STM32F1xx_HAL_Driver/Src/stm32f1xx_ll_usb.c **** 
 293:Drivers/STM32F1xx_HAL_Driver/Src/stm32f1xx_ll_usb.c ****   /* Clear all pending Device Interrupts */
 294:Drivers/STM32F1xx_HAL_Driver/Src/stm32f1xx_ll_usb.c ****   USBx_DEVICE->DIEPMSK = 0U;
 295:Drivers/STM32F1xx_HAL_Driver/Src/stm32f1xx_ll_usb.c ****   USBx_DEVICE->DOEPMSK = 0U;
 296:Drivers/STM32F1xx_HAL_Driver/Src/stm32f1xx_ll_usb.c ****   USBx_DEVICE->DAINTMSK = 0U;
 297:Drivers/STM32F1xx_HAL_Driver/Src/stm32f1xx_ll_usb.c **** 
 298:Drivers/STM32F1xx_HAL_Driver/Src/stm32f1xx_ll_usb.c ****   for (i = 0U; i < cfg.dev_endpoints; i++)
 299:Drivers/STM32F1xx_HAL_Driver/Src/stm32f1xx_ll_usb.c ****   {
 300:Drivers/STM32F1xx_HAL_Driver/Src/stm32f1xx_ll_usb.c ****     if ((USBx_INEP(i)->DIEPCTL & USB_OTG_DIEPCTL_EPENA) == USB_OTG_DIEPCTL_EPENA)
 301:Drivers/STM32F1xx_HAL_Driver/Src/stm32f1xx_ll_usb.c ****     {
 302:Drivers/STM32F1xx_HAL_Driver/Src/stm32f1xx_ll_usb.c ****       if (i == 0U)
 303:Drivers/STM32F1xx_HAL_Driver/Src/stm32f1xx_ll_usb.c ****       {
 304:Drivers/STM32F1xx_HAL_Driver/Src/stm32f1xx_ll_usb.c ****         USBx_INEP(i)->DIEPCTL = USB_OTG_DIEPCTL_SNAK;
 305:Drivers/STM32F1xx_HAL_Driver/Src/stm32f1xx_ll_usb.c ****       }
 306:Drivers/STM32F1xx_HAL_Driver/Src/stm32f1xx_ll_usb.c ****       else
 307:Drivers/STM32F1xx_HAL_Driver/Src/stm32f1xx_ll_usb.c ****       {
 308:Drivers/STM32F1xx_HAL_Driver/Src/stm32f1xx_ll_usb.c ****         USBx_INEP(i)->DIEPCTL = USB_OTG_DIEPCTL_EPDIS | USB_OTG_DIEPCTL_SNAK;
 309:Drivers/STM32F1xx_HAL_Driver/Src/stm32f1xx_ll_usb.c ****       }
 310:Drivers/STM32F1xx_HAL_Driver/Src/stm32f1xx_ll_usb.c ****     }
 311:Drivers/STM32F1xx_HAL_Driver/Src/stm32f1xx_ll_usb.c ****     else
 312:Drivers/STM32F1xx_HAL_Driver/Src/stm32f1xx_ll_usb.c ****     {
 313:Drivers/STM32F1xx_HAL_Driver/Src/stm32f1xx_ll_usb.c ****       USBx_INEP(i)->DIEPCTL = 0U;
 314:Drivers/STM32F1xx_HAL_Driver/Src/stm32f1xx_ll_usb.c ****     }
 315:Drivers/STM32F1xx_HAL_Driver/Src/stm32f1xx_ll_usb.c **** 
 316:Drivers/STM32F1xx_HAL_Driver/Src/stm32f1xx_ll_usb.c ****     USBx_INEP(i)->DIEPTSIZ = 0U;
ARM GAS  /tmp/ccZyOP9D.s 			page 7


 317:Drivers/STM32F1xx_HAL_Driver/Src/stm32f1xx_ll_usb.c ****     USBx_INEP(i)->DIEPINT  = 0xFB7FU;
 318:Drivers/STM32F1xx_HAL_Driver/Src/stm32f1xx_ll_usb.c ****   }
 319:Drivers/STM32F1xx_HAL_Driver/Src/stm32f1xx_ll_usb.c **** 
 320:Drivers/STM32F1xx_HAL_Driver/Src/stm32f1xx_ll_usb.c ****   for (i = 0U; i < cfg.dev_endpoints; i++)
 321:Drivers/STM32F1xx_HAL_Driver/Src/stm32f1xx_ll_usb.c ****   {
 322:Drivers/STM32F1xx_HAL_Driver/Src/stm32f1xx_ll_usb.c ****     if ((USBx_OUTEP(i)->DOEPCTL & USB_OTG_DOEPCTL_EPENA) == USB_OTG_DOEPCTL_EPENA)
 323:Drivers/STM32F1xx_HAL_Driver/Src/stm32f1xx_ll_usb.c ****     {
 324:Drivers/STM32F1xx_HAL_Driver/Src/stm32f1xx_ll_usb.c ****       if (i == 0U)
 325:Drivers/STM32F1xx_HAL_Driver/Src/stm32f1xx_ll_usb.c ****       {
 326:Drivers/STM32F1xx_HAL_Driver/Src/stm32f1xx_ll_usb.c ****         USBx_OUTEP(i)->DOEPCTL = USB_OTG_DOEPCTL_SNAK;
 327:Drivers/STM32F1xx_HAL_Driver/Src/stm32f1xx_ll_usb.c ****       }
 328:Drivers/STM32F1xx_HAL_Driver/Src/stm32f1xx_ll_usb.c ****       else
 329:Drivers/STM32F1xx_HAL_Driver/Src/stm32f1xx_ll_usb.c ****       {
 330:Drivers/STM32F1xx_HAL_Driver/Src/stm32f1xx_ll_usb.c ****         USBx_OUTEP(i)->DOEPCTL = USB_OTG_DOEPCTL_EPDIS | USB_OTG_DOEPCTL_SNAK;
 331:Drivers/STM32F1xx_HAL_Driver/Src/stm32f1xx_ll_usb.c ****       }
 332:Drivers/STM32F1xx_HAL_Driver/Src/stm32f1xx_ll_usb.c ****     }
 333:Drivers/STM32F1xx_HAL_Driver/Src/stm32f1xx_ll_usb.c ****     else
 334:Drivers/STM32F1xx_HAL_Driver/Src/stm32f1xx_ll_usb.c ****     {
 335:Drivers/STM32F1xx_HAL_Driver/Src/stm32f1xx_ll_usb.c ****       USBx_OUTEP(i)->DOEPCTL = 0U;
 336:Drivers/STM32F1xx_HAL_Driver/Src/stm32f1xx_ll_usb.c ****     }
 337:Drivers/STM32F1xx_HAL_Driver/Src/stm32f1xx_ll_usb.c **** 
 338:Drivers/STM32F1xx_HAL_Driver/Src/stm32f1xx_ll_usb.c ****     USBx_OUTEP(i)->DOEPTSIZ = 0U;
 339:Drivers/STM32F1xx_HAL_Driver/Src/stm32f1xx_ll_usb.c ****     USBx_OUTEP(i)->DOEPINT  = 0xFB7FU;
 340:Drivers/STM32F1xx_HAL_Driver/Src/stm32f1xx_ll_usb.c ****   }
 341:Drivers/STM32F1xx_HAL_Driver/Src/stm32f1xx_ll_usb.c **** 
 342:Drivers/STM32F1xx_HAL_Driver/Src/stm32f1xx_ll_usb.c ****   USBx_DEVICE->DIEPMSK &= ~(USB_OTG_DIEPMSK_TXFURM);
 343:Drivers/STM32F1xx_HAL_Driver/Src/stm32f1xx_ll_usb.c **** 
 344:Drivers/STM32F1xx_HAL_Driver/Src/stm32f1xx_ll_usb.c ****   /* Disable all interrupts. */
 345:Drivers/STM32F1xx_HAL_Driver/Src/stm32f1xx_ll_usb.c ****   USBx->GINTMSK = 0U;
 346:Drivers/STM32F1xx_HAL_Driver/Src/stm32f1xx_ll_usb.c **** 
 347:Drivers/STM32F1xx_HAL_Driver/Src/stm32f1xx_ll_usb.c ****   /* Clear any pending interrupts */
 348:Drivers/STM32F1xx_HAL_Driver/Src/stm32f1xx_ll_usb.c ****   USBx->GINTSTS = 0xBFFFFFFFU;
 349:Drivers/STM32F1xx_HAL_Driver/Src/stm32f1xx_ll_usb.c **** 
 350:Drivers/STM32F1xx_HAL_Driver/Src/stm32f1xx_ll_usb.c ****   /* Enable the common interrupts */
 351:Drivers/STM32F1xx_HAL_Driver/Src/stm32f1xx_ll_usb.c ****   USBx->GINTMSK |= USB_OTG_GINTMSK_RXFLVLM;
 352:Drivers/STM32F1xx_HAL_Driver/Src/stm32f1xx_ll_usb.c **** 
 353:Drivers/STM32F1xx_HAL_Driver/Src/stm32f1xx_ll_usb.c ****   /* Enable interrupts matching to the Device mode ONLY */
 354:Drivers/STM32F1xx_HAL_Driver/Src/stm32f1xx_ll_usb.c ****   USBx->GINTMSK |= USB_OTG_GINTMSK_USBSUSPM | USB_OTG_GINTMSK_USBRST |
 355:Drivers/STM32F1xx_HAL_Driver/Src/stm32f1xx_ll_usb.c ****                    USB_OTG_GINTMSK_ENUMDNEM | USB_OTG_GINTMSK_IEPINT |
 356:Drivers/STM32F1xx_HAL_Driver/Src/stm32f1xx_ll_usb.c ****                    USB_OTG_GINTMSK_OEPINT   | USB_OTG_GINTMSK_IISOIXFRM |
 357:Drivers/STM32F1xx_HAL_Driver/Src/stm32f1xx_ll_usb.c ****                    USB_OTG_GINTMSK_PXFRM_IISOOXFRM | USB_OTG_GINTMSK_WUIM;
 358:Drivers/STM32F1xx_HAL_Driver/Src/stm32f1xx_ll_usb.c **** 
 359:Drivers/STM32F1xx_HAL_Driver/Src/stm32f1xx_ll_usb.c ****   if (cfg.Sof_enable != 0U)
 360:Drivers/STM32F1xx_HAL_Driver/Src/stm32f1xx_ll_usb.c ****   {
 361:Drivers/STM32F1xx_HAL_Driver/Src/stm32f1xx_ll_usb.c ****     USBx->GINTMSK |= USB_OTG_GINTMSK_SOFM;
 362:Drivers/STM32F1xx_HAL_Driver/Src/stm32f1xx_ll_usb.c ****   }
 363:Drivers/STM32F1xx_HAL_Driver/Src/stm32f1xx_ll_usb.c **** 
 364:Drivers/STM32F1xx_HAL_Driver/Src/stm32f1xx_ll_usb.c ****   if (cfg.vbus_sensing_enable == 1U)
 365:Drivers/STM32F1xx_HAL_Driver/Src/stm32f1xx_ll_usb.c ****   {
 366:Drivers/STM32F1xx_HAL_Driver/Src/stm32f1xx_ll_usb.c ****     USBx->GINTMSK |= (USB_OTG_GINTMSK_SRQIM | USB_OTG_GINTMSK_OTGINT);
 367:Drivers/STM32F1xx_HAL_Driver/Src/stm32f1xx_ll_usb.c ****   }
 368:Drivers/STM32F1xx_HAL_Driver/Src/stm32f1xx_ll_usb.c **** 
 369:Drivers/STM32F1xx_HAL_Driver/Src/stm32f1xx_ll_usb.c ****   return ret;
 370:Drivers/STM32F1xx_HAL_Driver/Src/stm32f1xx_ll_usb.c **** }
 371:Drivers/STM32F1xx_HAL_Driver/Src/stm32f1xx_ll_usb.c **** 
 372:Drivers/STM32F1xx_HAL_Driver/Src/stm32f1xx_ll_usb.c **** /**
 373:Drivers/STM32F1xx_HAL_Driver/Src/stm32f1xx_ll_usb.c ****   * @brief  USB_OTG_FlushTxFifo : Flush a Tx FIFO
ARM GAS  /tmp/ccZyOP9D.s 			page 8


 374:Drivers/STM32F1xx_HAL_Driver/Src/stm32f1xx_ll_usb.c ****   * @param  USBx  Selected device
 375:Drivers/STM32F1xx_HAL_Driver/Src/stm32f1xx_ll_usb.c ****   * @param  num  FIFO number
 376:Drivers/STM32F1xx_HAL_Driver/Src/stm32f1xx_ll_usb.c ****   *         This parameter can be a value from 1 to 15
 377:Drivers/STM32F1xx_HAL_Driver/Src/stm32f1xx_ll_usb.c ****             15 means Flush all Tx FIFOs
 378:Drivers/STM32F1xx_HAL_Driver/Src/stm32f1xx_ll_usb.c ****   * @retval HAL status
 379:Drivers/STM32F1xx_HAL_Driver/Src/stm32f1xx_ll_usb.c ****   */
 380:Drivers/STM32F1xx_HAL_Driver/Src/stm32f1xx_ll_usb.c **** HAL_StatusTypeDef USB_FlushTxFifo(USB_OTG_GlobalTypeDef *USBx, uint32_t num)
 381:Drivers/STM32F1xx_HAL_Driver/Src/stm32f1xx_ll_usb.c **** {
 382:Drivers/STM32F1xx_HAL_Driver/Src/stm32f1xx_ll_usb.c ****   uint32_t count = 0U;
 383:Drivers/STM32F1xx_HAL_Driver/Src/stm32f1xx_ll_usb.c **** 
 384:Drivers/STM32F1xx_HAL_Driver/Src/stm32f1xx_ll_usb.c ****   USBx->GRSTCTL = (USB_OTG_GRSTCTL_TXFFLSH | (num << 6));
 385:Drivers/STM32F1xx_HAL_Driver/Src/stm32f1xx_ll_usb.c **** 
 386:Drivers/STM32F1xx_HAL_Driver/Src/stm32f1xx_ll_usb.c ****   do
 387:Drivers/STM32F1xx_HAL_Driver/Src/stm32f1xx_ll_usb.c ****   {
 388:Drivers/STM32F1xx_HAL_Driver/Src/stm32f1xx_ll_usb.c ****     if (++count > 200000U)
 389:Drivers/STM32F1xx_HAL_Driver/Src/stm32f1xx_ll_usb.c ****     {
 390:Drivers/STM32F1xx_HAL_Driver/Src/stm32f1xx_ll_usb.c ****       return HAL_TIMEOUT;
 391:Drivers/STM32F1xx_HAL_Driver/Src/stm32f1xx_ll_usb.c ****     }
 392:Drivers/STM32F1xx_HAL_Driver/Src/stm32f1xx_ll_usb.c ****   } while ((USBx->GRSTCTL & USB_OTG_GRSTCTL_TXFFLSH) == USB_OTG_GRSTCTL_TXFFLSH);
 393:Drivers/STM32F1xx_HAL_Driver/Src/stm32f1xx_ll_usb.c **** 
 394:Drivers/STM32F1xx_HAL_Driver/Src/stm32f1xx_ll_usb.c ****   return HAL_OK;
 395:Drivers/STM32F1xx_HAL_Driver/Src/stm32f1xx_ll_usb.c **** }
 396:Drivers/STM32F1xx_HAL_Driver/Src/stm32f1xx_ll_usb.c **** 
 397:Drivers/STM32F1xx_HAL_Driver/Src/stm32f1xx_ll_usb.c **** /**
 398:Drivers/STM32F1xx_HAL_Driver/Src/stm32f1xx_ll_usb.c ****   * @brief  USB_FlushRxFifo : Flush Rx FIFO
 399:Drivers/STM32F1xx_HAL_Driver/Src/stm32f1xx_ll_usb.c ****   * @param  USBx  Selected device
 400:Drivers/STM32F1xx_HAL_Driver/Src/stm32f1xx_ll_usb.c ****   * @retval HAL status
 401:Drivers/STM32F1xx_HAL_Driver/Src/stm32f1xx_ll_usb.c ****   */
 402:Drivers/STM32F1xx_HAL_Driver/Src/stm32f1xx_ll_usb.c **** HAL_StatusTypeDef USB_FlushRxFifo(USB_OTG_GlobalTypeDef *USBx)
 403:Drivers/STM32F1xx_HAL_Driver/Src/stm32f1xx_ll_usb.c **** {
 404:Drivers/STM32F1xx_HAL_Driver/Src/stm32f1xx_ll_usb.c ****   uint32_t count = 0;
 405:Drivers/STM32F1xx_HAL_Driver/Src/stm32f1xx_ll_usb.c **** 
 406:Drivers/STM32F1xx_HAL_Driver/Src/stm32f1xx_ll_usb.c ****   USBx->GRSTCTL = USB_OTG_GRSTCTL_RXFFLSH;
 407:Drivers/STM32F1xx_HAL_Driver/Src/stm32f1xx_ll_usb.c **** 
 408:Drivers/STM32F1xx_HAL_Driver/Src/stm32f1xx_ll_usb.c ****   do
 409:Drivers/STM32F1xx_HAL_Driver/Src/stm32f1xx_ll_usb.c ****   {
 410:Drivers/STM32F1xx_HAL_Driver/Src/stm32f1xx_ll_usb.c ****     if (++count > 200000U)
 411:Drivers/STM32F1xx_HAL_Driver/Src/stm32f1xx_ll_usb.c ****     {
 412:Drivers/STM32F1xx_HAL_Driver/Src/stm32f1xx_ll_usb.c ****       return HAL_TIMEOUT;
 413:Drivers/STM32F1xx_HAL_Driver/Src/stm32f1xx_ll_usb.c ****     }
 414:Drivers/STM32F1xx_HAL_Driver/Src/stm32f1xx_ll_usb.c ****   } while ((USBx->GRSTCTL & USB_OTG_GRSTCTL_RXFFLSH) == USB_OTG_GRSTCTL_RXFFLSH);
 415:Drivers/STM32F1xx_HAL_Driver/Src/stm32f1xx_ll_usb.c **** 
 416:Drivers/STM32F1xx_HAL_Driver/Src/stm32f1xx_ll_usb.c ****   return HAL_OK;
 417:Drivers/STM32F1xx_HAL_Driver/Src/stm32f1xx_ll_usb.c **** }
 418:Drivers/STM32F1xx_HAL_Driver/Src/stm32f1xx_ll_usb.c **** 
 419:Drivers/STM32F1xx_HAL_Driver/Src/stm32f1xx_ll_usb.c **** /**
 420:Drivers/STM32F1xx_HAL_Driver/Src/stm32f1xx_ll_usb.c ****   * @brief  USB_SetDevSpeed  Initializes the DevSpd field of DCFG register
 421:Drivers/STM32F1xx_HAL_Driver/Src/stm32f1xx_ll_usb.c ****   *         depending the PHY type and the enumeration speed of the device.
 422:Drivers/STM32F1xx_HAL_Driver/Src/stm32f1xx_ll_usb.c ****   * @param  USBx  Selected device
 423:Drivers/STM32F1xx_HAL_Driver/Src/stm32f1xx_ll_usb.c ****   * @param  speed  device speed
 424:Drivers/STM32F1xx_HAL_Driver/Src/stm32f1xx_ll_usb.c ****   *          This parameter can be one of these values:
 425:Drivers/STM32F1xx_HAL_Driver/Src/stm32f1xx_ll_usb.c ****   *            @arg USB_OTG_SPEED_FULL: Full speed mode
 426:Drivers/STM32F1xx_HAL_Driver/Src/stm32f1xx_ll_usb.c ****   * @retval  Hal status
 427:Drivers/STM32F1xx_HAL_Driver/Src/stm32f1xx_ll_usb.c ****   */
 428:Drivers/STM32F1xx_HAL_Driver/Src/stm32f1xx_ll_usb.c **** HAL_StatusTypeDef USB_SetDevSpeed(USB_OTG_GlobalTypeDef *USBx, uint8_t speed)
 429:Drivers/STM32F1xx_HAL_Driver/Src/stm32f1xx_ll_usb.c **** {
 430:Drivers/STM32F1xx_HAL_Driver/Src/stm32f1xx_ll_usb.c ****   uint32_t USBx_BASE = (uint32_t)USBx;
ARM GAS  /tmp/ccZyOP9D.s 			page 9


 431:Drivers/STM32F1xx_HAL_Driver/Src/stm32f1xx_ll_usb.c **** 
 432:Drivers/STM32F1xx_HAL_Driver/Src/stm32f1xx_ll_usb.c ****   USBx_DEVICE->DCFG |= speed;
 433:Drivers/STM32F1xx_HAL_Driver/Src/stm32f1xx_ll_usb.c ****   return HAL_OK;
 434:Drivers/STM32F1xx_HAL_Driver/Src/stm32f1xx_ll_usb.c **** }
 435:Drivers/STM32F1xx_HAL_Driver/Src/stm32f1xx_ll_usb.c **** 
 436:Drivers/STM32F1xx_HAL_Driver/Src/stm32f1xx_ll_usb.c **** /**
 437:Drivers/STM32F1xx_HAL_Driver/Src/stm32f1xx_ll_usb.c ****   * @brief  USB_GetDevSpeed  Return the Dev Speed
 438:Drivers/STM32F1xx_HAL_Driver/Src/stm32f1xx_ll_usb.c ****   * @param  USBx  Selected device
 439:Drivers/STM32F1xx_HAL_Driver/Src/stm32f1xx_ll_usb.c ****   * @retval speed  device speed
 440:Drivers/STM32F1xx_HAL_Driver/Src/stm32f1xx_ll_usb.c ****   *          This parameter can be one of these values:
 441:Drivers/STM32F1xx_HAL_Driver/Src/stm32f1xx_ll_usb.c ****   *            @arg USBD_FS_SPEED: Full speed mode
 442:Drivers/STM32F1xx_HAL_Driver/Src/stm32f1xx_ll_usb.c ****   */
 443:Drivers/STM32F1xx_HAL_Driver/Src/stm32f1xx_ll_usb.c **** uint8_t USB_GetDevSpeed(USB_OTG_GlobalTypeDef *USBx)
 444:Drivers/STM32F1xx_HAL_Driver/Src/stm32f1xx_ll_usb.c **** {
 445:Drivers/STM32F1xx_HAL_Driver/Src/stm32f1xx_ll_usb.c ****   uint32_t USBx_BASE = (uint32_t)USBx;
 446:Drivers/STM32F1xx_HAL_Driver/Src/stm32f1xx_ll_usb.c ****   uint8_t speed;
 447:Drivers/STM32F1xx_HAL_Driver/Src/stm32f1xx_ll_usb.c ****   uint32_t DevEnumSpeed = USBx_DEVICE->DSTS & USB_OTG_DSTS_ENUMSPD;
 448:Drivers/STM32F1xx_HAL_Driver/Src/stm32f1xx_ll_usb.c **** 
 449:Drivers/STM32F1xx_HAL_Driver/Src/stm32f1xx_ll_usb.c ****   if ((DevEnumSpeed == DSTS_ENUMSPD_FS_PHY_30MHZ_OR_60MHZ) ||
 450:Drivers/STM32F1xx_HAL_Driver/Src/stm32f1xx_ll_usb.c ****       (DevEnumSpeed == DSTS_ENUMSPD_FS_PHY_48MHZ))
 451:Drivers/STM32F1xx_HAL_Driver/Src/stm32f1xx_ll_usb.c ****   {
 452:Drivers/STM32F1xx_HAL_Driver/Src/stm32f1xx_ll_usb.c ****     speed = USBD_FS_SPEED;
 453:Drivers/STM32F1xx_HAL_Driver/Src/stm32f1xx_ll_usb.c ****   }
 454:Drivers/STM32F1xx_HAL_Driver/Src/stm32f1xx_ll_usb.c ****   else
 455:Drivers/STM32F1xx_HAL_Driver/Src/stm32f1xx_ll_usb.c ****   {
 456:Drivers/STM32F1xx_HAL_Driver/Src/stm32f1xx_ll_usb.c ****     speed = 0xFU;
 457:Drivers/STM32F1xx_HAL_Driver/Src/stm32f1xx_ll_usb.c ****   }
 458:Drivers/STM32F1xx_HAL_Driver/Src/stm32f1xx_ll_usb.c **** 
 459:Drivers/STM32F1xx_HAL_Driver/Src/stm32f1xx_ll_usb.c ****   return speed;
 460:Drivers/STM32F1xx_HAL_Driver/Src/stm32f1xx_ll_usb.c **** }
 461:Drivers/STM32F1xx_HAL_Driver/Src/stm32f1xx_ll_usb.c **** 
 462:Drivers/STM32F1xx_HAL_Driver/Src/stm32f1xx_ll_usb.c **** /**
 463:Drivers/STM32F1xx_HAL_Driver/Src/stm32f1xx_ll_usb.c ****   * @brief  Activate and configure an endpoint
 464:Drivers/STM32F1xx_HAL_Driver/Src/stm32f1xx_ll_usb.c ****   * @param  USBx  Selected device
 465:Drivers/STM32F1xx_HAL_Driver/Src/stm32f1xx_ll_usb.c ****   * @param  ep pointer to endpoint structure
 466:Drivers/STM32F1xx_HAL_Driver/Src/stm32f1xx_ll_usb.c ****   * @retval HAL status
 467:Drivers/STM32F1xx_HAL_Driver/Src/stm32f1xx_ll_usb.c ****   */
 468:Drivers/STM32F1xx_HAL_Driver/Src/stm32f1xx_ll_usb.c **** HAL_StatusTypeDef USB_ActivateEndpoint(USB_OTG_GlobalTypeDef *USBx, USB_OTG_EPTypeDef *ep)
 469:Drivers/STM32F1xx_HAL_Driver/Src/stm32f1xx_ll_usb.c **** {
 470:Drivers/STM32F1xx_HAL_Driver/Src/stm32f1xx_ll_usb.c ****   uint32_t USBx_BASE = (uint32_t)USBx;
 471:Drivers/STM32F1xx_HAL_Driver/Src/stm32f1xx_ll_usb.c ****   uint32_t epnum = (uint32_t)ep->num;
 472:Drivers/STM32F1xx_HAL_Driver/Src/stm32f1xx_ll_usb.c **** 
 473:Drivers/STM32F1xx_HAL_Driver/Src/stm32f1xx_ll_usb.c ****   if (ep->is_in == 1U)
 474:Drivers/STM32F1xx_HAL_Driver/Src/stm32f1xx_ll_usb.c ****   {
 475:Drivers/STM32F1xx_HAL_Driver/Src/stm32f1xx_ll_usb.c ****     USBx_DEVICE->DAINTMSK |= USB_OTG_DAINTMSK_IEPM & (uint32_t)(1UL << (ep->num & EP_ADDR_MSK));
 476:Drivers/STM32F1xx_HAL_Driver/Src/stm32f1xx_ll_usb.c **** 
 477:Drivers/STM32F1xx_HAL_Driver/Src/stm32f1xx_ll_usb.c ****     if ((USBx_INEP(epnum)->DIEPCTL & USB_OTG_DIEPCTL_USBAEP) == 0U)
 478:Drivers/STM32F1xx_HAL_Driver/Src/stm32f1xx_ll_usb.c ****     {
 479:Drivers/STM32F1xx_HAL_Driver/Src/stm32f1xx_ll_usb.c ****       USBx_INEP(epnum)->DIEPCTL |= (ep->maxpacket & USB_OTG_DIEPCTL_MPSIZ) |
 480:Drivers/STM32F1xx_HAL_Driver/Src/stm32f1xx_ll_usb.c ****                                    ((uint32_t)ep->type << 18) | (epnum << 22) |
 481:Drivers/STM32F1xx_HAL_Driver/Src/stm32f1xx_ll_usb.c ****                                    USB_OTG_DIEPCTL_SD0PID_SEVNFRM |
 482:Drivers/STM32F1xx_HAL_Driver/Src/stm32f1xx_ll_usb.c ****                                    USB_OTG_DIEPCTL_USBAEP;
 483:Drivers/STM32F1xx_HAL_Driver/Src/stm32f1xx_ll_usb.c ****     }
 484:Drivers/STM32F1xx_HAL_Driver/Src/stm32f1xx_ll_usb.c ****   }
 485:Drivers/STM32F1xx_HAL_Driver/Src/stm32f1xx_ll_usb.c ****   else
 486:Drivers/STM32F1xx_HAL_Driver/Src/stm32f1xx_ll_usb.c ****   {
 487:Drivers/STM32F1xx_HAL_Driver/Src/stm32f1xx_ll_usb.c ****     USBx_DEVICE->DAINTMSK |= USB_OTG_DAINTMSK_OEPM & ((uint32_t)(1UL << (ep->num & EP_ADDR_MSK)) <<
ARM GAS  /tmp/ccZyOP9D.s 			page 10


 488:Drivers/STM32F1xx_HAL_Driver/Src/stm32f1xx_ll_usb.c **** 
 489:Drivers/STM32F1xx_HAL_Driver/Src/stm32f1xx_ll_usb.c ****     if (((USBx_OUTEP(epnum)->DOEPCTL) & USB_OTG_DOEPCTL_USBAEP) == 0U)
 490:Drivers/STM32F1xx_HAL_Driver/Src/stm32f1xx_ll_usb.c ****     {
 491:Drivers/STM32F1xx_HAL_Driver/Src/stm32f1xx_ll_usb.c ****       USBx_OUTEP(epnum)->DOEPCTL |= (ep->maxpacket & USB_OTG_DOEPCTL_MPSIZ) |
 492:Drivers/STM32F1xx_HAL_Driver/Src/stm32f1xx_ll_usb.c ****                                     ((uint32_t)ep->type << 18) |
 493:Drivers/STM32F1xx_HAL_Driver/Src/stm32f1xx_ll_usb.c ****                                     USB_OTG_DIEPCTL_SD0PID_SEVNFRM |
 494:Drivers/STM32F1xx_HAL_Driver/Src/stm32f1xx_ll_usb.c ****                                     USB_OTG_DOEPCTL_USBAEP;
 495:Drivers/STM32F1xx_HAL_Driver/Src/stm32f1xx_ll_usb.c ****     }
 496:Drivers/STM32F1xx_HAL_Driver/Src/stm32f1xx_ll_usb.c ****   }
 497:Drivers/STM32F1xx_HAL_Driver/Src/stm32f1xx_ll_usb.c ****   return HAL_OK;
 498:Drivers/STM32F1xx_HAL_Driver/Src/stm32f1xx_ll_usb.c **** }
 499:Drivers/STM32F1xx_HAL_Driver/Src/stm32f1xx_ll_usb.c **** 
 500:Drivers/STM32F1xx_HAL_Driver/Src/stm32f1xx_ll_usb.c **** /**
 501:Drivers/STM32F1xx_HAL_Driver/Src/stm32f1xx_ll_usb.c ****   * @brief  Activate and configure a dedicated endpoint
 502:Drivers/STM32F1xx_HAL_Driver/Src/stm32f1xx_ll_usb.c ****   * @param  USBx  Selected device
 503:Drivers/STM32F1xx_HAL_Driver/Src/stm32f1xx_ll_usb.c ****   * @param  ep pointer to endpoint structure
 504:Drivers/STM32F1xx_HAL_Driver/Src/stm32f1xx_ll_usb.c ****   * @retval HAL status
 505:Drivers/STM32F1xx_HAL_Driver/Src/stm32f1xx_ll_usb.c ****   */
 506:Drivers/STM32F1xx_HAL_Driver/Src/stm32f1xx_ll_usb.c **** HAL_StatusTypeDef USB_ActivateDedicatedEndpoint(USB_OTG_GlobalTypeDef *USBx, USB_OTG_EPTypeDef *ep)
 507:Drivers/STM32F1xx_HAL_Driver/Src/stm32f1xx_ll_usb.c **** {
 508:Drivers/STM32F1xx_HAL_Driver/Src/stm32f1xx_ll_usb.c ****   uint32_t USBx_BASE = (uint32_t)USBx;
 509:Drivers/STM32F1xx_HAL_Driver/Src/stm32f1xx_ll_usb.c ****   uint32_t epnum = (uint32_t)ep->num;
 510:Drivers/STM32F1xx_HAL_Driver/Src/stm32f1xx_ll_usb.c **** 
 511:Drivers/STM32F1xx_HAL_Driver/Src/stm32f1xx_ll_usb.c ****   /* Read DEPCTLn register */
 512:Drivers/STM32F1xx_HAL_Driver/Src/stm32f1xx_ll_usb.c ****   if (ep->is_in == 1U)
 513:Drivers/STM32F1xx_HAL_Driver/Src/stm32f1xx_ll_usb.c ****   {
 514:Drivers/STM32F1xx_HAL_Driver/Src/stm32f1xx_ll_usb.c ****     if (((USBx_INEP(epnum)->DIEPCTL) & USB_OTG_DIEPCTL_USBAEP) == 0U)
 515:Drivers/STM32F1xx_HAL_Driver/Src/stm32f1xx_ll_usb.c ****     {
 516:Drivers/STM32F1xx_HAL_Driver/Src/stm32f1xx_ll_usb.c ****       USBx_INEP(epnum)->DIEPCTL |= (ep->maxpacket & USB_OTG_DIEPCTL_MPSIZ) |
 517:Drivers/STM32F1xx_HAL_Driver/Src/stm32f1xx_ll_usb.c ****                                    ((uint32_t)ep->type << 18) | (epnum << 22) |
 518:Drivers/STM32F1xx_HAL_Driver/Src/stm32f1xx_ll_usb.c ****                                    USB_OTG_DIEPCTL_SD0PID_SEVNFRM |
 519:Drivers/STM32F1xx_HAL_Driver/Src/stm32f1xx_ll_usb.c ****                                    USB_OTG_DIEPCTL_USBAEP;
 520:Drivers/STM32F1xx_HAL_Driver/Src/stm32f1xx_ll_usb.c ****     }
 521:Drivers/STM32F1xx_HAL_Driver/Src/stm32f1xx_ll_usb.c **** 
 522:Drivers/STM32F1xx_HAL_Driver/Src/stm32f1xx_ll_usb.c ****     USBx_DEVICE->DEACHMSK |= USB_OTG_DAINTMSK_IEPM & (uint32_t)(1UL << (ep->num & EP_ADDR_MSK));
 523:Drivers/STM32F1xx_HAL_Driver/Src/stm32f1xx_ll_usb.c ****   }
 524:Drivers/STM32F1xx_HAL_Driver/Src/stm32f1xx_ll_usb.c ****   else
 525:Drivers/STM32F1xx_HAL_Driver/Src/stm32f1xx_ll_usb.c ****   {
 526:Drivers/STM32F1xx_HAL_Driver/Src/stm32f1xx_ll_usb.c ****     if (((USBx_OUTEP(epnum)->DOEPCTL) & USB_OTG_DOEPCTL_USBAEP) == 0U)
 527:Drivers/STM32F1xx_HAL_Driver/Src/stm32f1xx_ll_usb.c ****     {
 528:Drivers/STM32F1xx_HAL_Driver/Src/stm32f1xx_ll_usb.c ****       USBx_OUTEP(epnum)->DOEPCTL |= (ep->maxpacket & USB_OTG_DOEPCTL_MPSIZ) |
 529:Drivers/STM32F1xx_HAL_Driver/Src/stm32f1xx_ll_usb.c ****                                     ((uint32_t)ep->type << 18) | (epnum << 22) |
 530:Drivers/STM32F1xx_HAL_Driver/Src/stm32f1xx_ll_usb.c ****                                     USB_OTG_DOEPCTL_USBAEP;
 531:Drivers/STM32F1xx_HAL_Driver/Src/stm32f1xx_ll_usb.c ****     }
 532:Drivers/STM32F1xx_HAL_Driver/Src/stm32f1xx_ll_usb.c **** 
 533:Drivers/STM32F1xx_HAL_Driver/Src/stm32f1xx_ll_usb.c ****     USBx_DEVICE->DEACHMSK |= USB_OTG_DAINTMSK_OEPM & ((uint32_t)(1UL << (ep->num & EP_ADDR_MSK)) <<
 534:Drivers/STM32F1xx_HAL_Driver/Src/stm32f1xx_ll_usb.c ****   }
 535:Drivers/STM32F1xx_HAL_Driver/Src/stm32f1xx_ll_usb.c **** 
 536:Drivers/STM32F1xx_HAL_Driver/Src/stm32f1xx_ll_usb.c ****   return HAL_OK;
 537:Drivers/STM32F1xx_HAL_Driver/Src/stm32f1xx_ll_usb.c **** }
 538:Drivers/STM32F1xx_HAL_Driver/Src/stm32f1xx_ll_usb.c **** 
 539:Drivers/STM32F1xx_HAL_Driver/Src/stm32f1xx_ll_usb.c **** /**
 540:Drivers/STM32F1xx_HAL_Driver/Src/stm32f1xx_ll_usb.c ****   * @brief  De-activate and de-initialize an endpoint
 541:Drivers/STM32F1xx_HAL_Driver/Src/stm32f1xx_ll_usb.c ****   * @param  USBx  Selected device
 542:Drivers/STM32F1xx_HAL_Driver/Src/stm32f1xx_ll_usb.c ****   * @param  ep pointer to endpoint structure
 543:Drivers/STM32F1xx_HAL_Driver/Src/stm32f1xx_ll_usb.c ****   * @retval HAL status
 544:Drivers/STM32F1xx_HAL_Driver/Src/stm32f1xx_ll_usb.c ****   */
ARM GAS  /tmp/ccZyOP9D.s 			page 11


 545:Drivers/STM32F1xx_HAL_Driver/Src/stm32f1xx_ll_usb.c **** HAL_StatusTypeDef USB_DeactivateEndpoint(USB_OTG_GlobalTypeDef *USBx, USB_OTG_EPTypeDef *ep)
 546:Drivers/STM32F1xx_HAL_Driver/Src/stm32f1xx_ll_usb.c **** {
 547:Drivers/STM32F1xx_HAL_Driver/Src/stm32f1xx_ll_usb.c ****   uint32_t USBx_BASE = (uint32_t)USBx;
 548:Drivers/STM32F1xx_HAL_Driver/Src/stm32f1xx_ll_usb.c ****   uint32_t epnum = (uint32_t)ep->num;
 549:Drivers/STM32F1xx_HAL_Driver/Src/stm32f1xx_ll_usb.c **** 
 550:Drivers/STM32F1xx_HAL_Driver/Src/stm32f1xx_ll_usb.c ****   /* Read DEPCTLn register */
 551:Drivers/STM32F1xx_HAL_Driver/Src/stm32f1xx_ll_usb.c ****   if (ep->is_in == 1U)
 552:Drivers/STM32F1xx_HAL_Driver/Src/stm32f1xx_ll_usb.c ****   {
 553:Drivers/STM32F1xx_HAL_Driver/Src/stm32f1xx_ll_usb.c ****     if ((USBx_INEP(epnum)->DIEPCTL & USB_OTG_DIEPCTL_EPENA) == USB_OTG_DIEPCTL_EPENA)
 554:Drivers/STM32F1xx_HAL_Driver/Src/stm32f1xx_ll_usb.c ****     {
 555:Drivers/STM32F1xx_HAL_Driver/Src/stm32f1xx_ll_usb.c ****       USBx_INEP(epnum)->DIEPCTL |= USB_OTG_DIEPCTL_SNAK;
 556:Drivers/STM32F1xx_HAL_Driver/Src/stm32f1xx_ll_usb.c ****       USBx_INEP(epnum)->DIEPCTL |= USB_OTG_DIEPCTL_EPDIS;
 557:Drivers/STM32F1xx_HAL_Driver/Src/stm32f1xx_ll_usb.c ****     }
 558:Drivers/STM32F1xx_HAL_Driver/Src/stm32f1xx_ll_usb.c **** 
 559:Drivers/STM32F1xx_HAL_Driver/Src/stm32f1xx_ll_usb.c ****     USBx_DEVICE->DEACHMSK &= ~(USB_OTG_DAINTMSK_IEPM & (uint32_t)(1UL << (ep->num & EP_ADDR_MSK)));
 560:Drivers/STM32F1xx_HAL_Driver/Src/stm32f1xx_ll_usb.c ****     USBx_DEVICE->DAINTMSK &= ~(USB_OTG_DAINTMSK_IEPM & (uint32_t)(1UL << (ep->num & EP_ADDR_MSK)));
 561:Drivers/STM32F1xx_HAL_Driver/Src/stm32f1xx_ll_usb.c ****     USBx_INEP(epnum)->DIEPCTL &= ~(USB_OTG_DIEPCTL_USBAEP |
 562:Drivers/STM32F1xx_HAL_Driver/Src/stm32f1xx_ll_usb.c ****                                    USB_OTG_DIEPCTL_MPSIZ |
 563:Drivers/STM32F1xx_HAL_Driver/Src/stm32f1xx_ll_usb.c ****                                    USB_OTG_DIEPCTL_TXFNUM |
 564:Drivers/STM32F1xx_HAL_Driver/Src/stm32f1xx_ll_usb.c ****                                    USB_OTG_DIEPCTL_SD0PID_SEVNFRM |
 565:Drivers/STM32F1xx_HAL_Driver/Src/stm32f1xx_ll_usb.c ****                                    USB_OTG_DIEPCTL_EPTYP);
 566:Drivers/STM32F1xx_HAL_Driver/Src/stm32f1xx_ll_usb.c ****   }
 567:Drivers/STM32F1xx_HAL_Driver/Src/stm32f1xx_ll_usb.c ****   else
 568:Drivers/STM32F1xx_HAL_Driver/Src/stm32f1xx_ll_usb.c ****   {
 569:Drivers/STM32F1xx_HAL_Driver/Src/stm32f1xx_ll_usb.c ****     if ((USBx_OUTEP(epnum)->DOEPCTL & USB_OTG_DOEPCTL_EPENA) == USB_OTG_DOEPCTL_EPENA)
 570:Drivers/STM32F1xx_HAL_Driver/Src/stm32f1xx_ll_usb.c ****     {
 571:Drivers/STM32F1xx_HAL_Driver/Src/stm32f1xx_ll_usb.c ****       USBx_OUTEP(epnum)->DOEPCTL |= USB_OTG_DOEPCTL_SNAK;
 572:Drivers/STM32F1xx_HAL_Driver/Src/stm32f1xx_ll_usb.c ****       USBx_OUTEP(epnum)->DOEPCTL |= USB_OTG_DOEPCTL_EPDIS;
 573:Drivers/STM32F1xx_HAL_Driver/Src/stm32f1xx_ll_usb.c ****     }
 574:Drivers/STM32F1xx_HAL_Driver/Src/stm32f1xx_ll_usb.c **** 
 575:Drivers/STM32F1xx_HAL_Driver/Src/stm32f1xx_ll_usb.c ****     USBx_DEVICE->DEACHMSK &= ~(USB_OTG_DAINTMSK_OEPM & ((uint32_t)(1UL << (ep->num & EP_ADDR_MSK)) 
 576:Drivers/STM32F1xx_HAL_Driver/Src/stm32f1xx_ll_usb.c ****     USBx_DEVICE->DAINTMSK &= ~(USB_OTG_DAINTMSK_OEPM & ((uint32_t)(1UL << (ep->num & EP_ADDR_MSK)) 
 577:Drivers/STM32F1xx_HAL_Driver/Src/stm32f1xx_ll_usb.c ****     USBx_OUTEP(epnum)->DOEPCTL &= ~(USB_OTG_DOEPCTL_USBAEP |
 578:Drivers/STM32F1xx_HAL_Driver/Src/stm32f1xx_ll_usb.c ****                                     USB_OTG_DOEPCTL_MPSIZ |
 579:Drivers/STM32F1xx_HAL_Driver/Src/stm32f1xx_ll_usb.c ****                                     USB_OTG_DOEPCTL_SD0PID_SEVNFRM |
 580:Drivers/STM32F1xx_HAL_Driver/Src/stm32f1xx_ll_usb.c ****                                     USB_OTG_DOEPCTL_EPTYP);
 581:Drivers/STM32F1xx_HAL_Driver/Src/stm32f1xx_ll_usb.c ****   }
 582:Drivers/STM32F1xx_HAL_Driver/Src/stm32f1xx_ll_usb.c **** 
 583:Drivers/STM32F1xx_HAL_Driver/Src/stm32f1xx_ll_usb.c ****   return HAL_OK;
 584:Drivers/STM32F1xx_HAL_Driver/Src/stm32f1xx_ll_usb.c **** }
 585:Drivers/STM32F1xx_HAL_Driver/Src/stm32f1xx_ll_usb.c **** 
 586:Drivers/STM32F1xx_HAL_Driver/Src/stm32f1xx_ll_usb.c **** /**
 587:Drivers/STM32F1xx_HAL_Driver/Src/stm32f1xx_ll_usb.c ****   * @brief  De-activate and de-initialize a dedicated endpoint
 588:Drivers/STM32F1xx_HAL_Driver/Src/stm32f1xx_ll_usb.c ****   * @param  USBx  Selected device
 589:Drivers/STM32F1xx_HAL_Driver/Src/stm32f1xx_ll_usb.c ****   * @param  ep pointer to endpoint structure
 590:Drivers/STM32F1xx_HAL_Driver/Src/stm32f1xx_ll_usb.c ****   * @retval HAL status
 591:Drivers/STM32F1xx_HAL_Driver/Src/stm32f1xx_ll_usb.c ****   */
 592:Drivers/STM32F1xx_HAL_Driver/Src/stm32f1xx_ll_usb.c **** HAL_StatusTypeDef USB_DeactivateDedicatedEndpoint(USB_OTG_GlobalTypeDef *USBx, USB_OTG_EPTypeDef *e
 593:Drivers/STM32F1xx_HAL_Driver/Src/stm32f1xx_ll_usb.c **** {
 594:Drivers/STM32F1xx_HAL_Driver/Src/stm32f1xx_ll_usb.c ****   uint32_t USBx_BASE = (uint32_t)USBx;
 595:Drivers/STM32F1xx_HAL_Driver/Src/stm32f1xx_ll_usb.c ****   uint32_t epnum = (uint32_t)ep->num;
 596:Drivers/STM32F1xx_HAL_Driver/Src/stm32f1xx_ll_usb.c **** 
 597:Drivers/STM32F1xx_HAL_Driver/Src/stm32f1xx_ll_usb.c ****   /* Read DEPCTLn register */
 598:Drivers/STM32F1xx_HAL_Driver/Src/stm32f1xx_ll_usb.c ****   if (ep->is_in == 1U)
 599:Drivers/STM32F1xx_HAL_Driver/Src/stm32f1xx_ll_usb.c ****   {
 600:Drivers/STM32F1xx_HAL_Driver/Src/stm32f1xx_ll_usb.c ****     if ((USBx_INEP(epnum)->DIEPCTL & USB_OTG_DIEPCTL_EPENA) == USB_OTG_DIEPCTL_EPENA)
 601:Drivers/STM32F1xx_HAL_Driver/Src/stm32f1xx_ll_usb.c ****     {
ARM GAS  /tmp/ccZyOP9D.s 			page 12


 602:Drivers/STM32F1xx_HAL_Driver/Src/stm32f1xx_ll_usb.c ****       USBx_INEP(epnum)->DIEPCTL  |= USB_OTG_DIEPCTL_SNAK;
 603:Drivers/STM32F1xx_HAL_Driver/Src/stm32f1xx_ll_usb.c ****       USBx_INEP(epnum)->DIEPCTL  |= USB_OTG_DIEPCTL_EPDIS;
 604:Drivers/STM32F1xx_HAL_Driver/Src/stm32f1xx_ll_usb.c ****     }
 605:Drivers/STM32F1xx_HAL_Driver/Src/stm32f1xx_ll_usb.c **** 
 606:Drivers/STM32F1xx_HAL_Driver/Src/stm32f1xx_ll_usb.c ****     USBx_INEP(epnum)->DIEPCTL &= ~ USB_OTG_DIEPCTL_USBAEP;
 607:Drivers/STM32F1xx_HAL_Driver/Src/stm32f1xx_ll_usb.c ****     USBx_DEVICE->DAINTMSK &= ~(USB_OTG_DAINTMSK_IEPM & (uint32_t)(1UL << (ep->num & EP_ADDR_MSK)));
 608:Drivers/STM32F1xx_HAL_Driver/Src/stm32f1xx_ll_usb.c ****   }
 609:Drivers/STM32F1xx_HAL_Driver/Src/stm32f1xx_ll_usb.c ****   else
 610:Drivers/STM32F1xx_HAL_Driver/Src/stm32f1xx_ll_usb.c ****   {
 611:Drivers/STM32F1xx_HAL_Driver/Src/stm32f1xx_ll_usb.c ****     if ((USBx_OUTEP(epnum)->DOEPCTL & USB_OTG_DOEPCTL_EPENA) == USB_OTG_DOEPCTL_EPENA)
 612:Drivers/STM32F1xx_HAL_Driver/Src/stm32f1xx_ll_usb.c ****     {
 613:Drivers/STM32F1xx_HAL_Driver/Src/stm32f1xx_ll_usb.c ****       USBx_OUTEP(epnum)->DOEPCTL  |= USB_OTG_DOEPCTL_SNAK;
 614:Drivers/STM32F1xx_HAL_Driver/Src/stm32f1xx_ll_usb.c ****       USBx_OUTEP(epnum)->DOEPCTL  |= USB_OTG_DOEPCTL_EPDIS;
 615:Drivers/STM32F1xx_HAL_Driver/Src/stm32f1xx_ll_usb.c ****     }
 616:Drivers/STM32F1xx_HAL_Driver/Src/stm32f1xx_ll_usb.c **** 
 617:Drivers/STM32F1xx_HAL_Driver/Src/stm32f1xx_ll_usb.c ****     USBx_OUTEP(epnum)->DOEPCTL &= ~USB_OTG_DOEPCTL_USBAEP;
 618:Drivers/STM32F1xx_HAL_Driver/Src/stm32f1xx_ll_usb.c ****     USBx_DEVICE->DAINTMSK &= ~(USB_OTG_DAINTMSK_OEPM & ((uint32_t)(1UL << (ep->num & EP_ADDR_MSK)) 
 619:Drivers/STM32F1xx_HAL_Driver/Src/stm32f1xx_ll_usb.c ****   }
 620:Drivers/STM32F1xx_HAL_Driver/Src/stm32f1xx_ll_usb.c **** 
 621:Drivers/STM32F1xx_HAL_Driver/Src/stm32f1xx_ll_usb.c ****   return HAL_OK;
 622:Drivers/STM32F1xx_HAL_Driver/Src/stm32f1xx_ll_usb.c **** }
 623:Drivers/STM32F1xx_HAL_Driver/Src/stm32f1xx_ll_usb.c **** 
 624:Drivers/STM32F1xx_HAL_Driver/Src/stm32f1xx_ll_usb.c **** /**
 625:Drivers/STM32F1xx_HAL_Driver/Src/stm32f1xx_ll_usb.c ****   * @brief  USB_EPStartXfer : setup and starts a transfer over an EP
 626:Drivers/STM32F1xx_HAL_Driver/Src/stm32f1xx_ll_usb.c ****   * @param  USBx  Selected device
 627:Drivers/STM32F1xx_HAL_Driver/Src/stm32f1xx_ll_usb.c ****   * @param  ep pointer to endpoint structure
 628:Drivers/STM32F1xx_HAL_Driver/Src/stm32f1xx_ll_usb.c ****   * @retval HAL status
 629:Drivers/STM32F1xx_HAL_Driver/Src/stm32f1xx_ll_usb.c ****   */
 630:Drivers/STM32F1xx_HAL_Driver/Src/stm32f1xx_ll_usb.c **** HAL_StatusTypeDef USB_EPStartXfer(USB_OTG_GlobalTypeDef *USBx, USB_OTG_EPTypeDef *ep)
 631:Drivers/STM32F1xx_HAL_Driver/Src/stm32f1xx_ll_usb.c **** {
 632:Drivers/STM32F1xx_HAL_Driver/Src/stm32f1xx_ll_usb.c ****   uint32_t USBx_BASE = (uint32_t)USBx;
 633:Drivers/STM32F1xx_HAL_Driver/Src/stm32f1xx_ll_usb.c ****   uint32_t epnum = (uint32_t)ep->num;
 634:Drivers/STM32F1xx_HAL_Driver/Src/stm32f1xx_ll_usb.c ****   uint16_t pktcnt;
 635:Drivers/STM32F1xx_HAL_Driver/Src/stm32f1xx_ll_usb.c **** 
 636:Drivers/STM32F1xx_HAL_Driver/Src/stm32f1xx_ll_usb.c ****   /* IN endpoint */
 637:Drivers/STM32F1xx_HAL_Driver/Src/stm32f1xx_ll_usb.c ****   if (ep->is_in == 1U)
 638:Drivers/STM32F1xx_HAL_Driver/Src/stm32f1xx_ll_usb.c ****   {
 639:Drivers/STM32F1xx_HAL_Driver/Src/stm32f1xx_ll_usb.c ****     /* Zero Length Packet? */
 640:Drivers/STM32F1xx_HAL_Driver/Src/stm32f1xx_ll_usb.c ****     if (ep->xfer_len == 0U)
 641:Drivers/STM32F1xx_HAL_Driver/Src/stm32f1xx_ll_usb.c ****     {
 642:Drivers/STM32F1xx_HAL_Driver/Src/stm32f1xx_ll_usb.c ****       USBx_INEP(epnum)->DIEPTSIZ &= ~(USB_OTG_DIEPTSIZ_PKTCNT);
 643:Drivers/STM32F1xx_HAL_Driver/Src/stm32f1xx_ll_usb.c ****       USBx_INEP(epnum)->DIEPTSIZ |= (USB_OTG_DIEPTSIZ_PKTCNT & (1U << 19));
 644:Drivers/STM32F1xx_HAL_Driver/Src/stm32f1xx_ll_usb.c ****       USBx_INEP(epnum)->DIEPTSIZ &= ~(USB_OTG_DIEPTSIZ_XFRSIZ);
 645:Drivers/STM32F1xx_HAL_Driver/Src/stm32f1xx_ll_usb.c ****     }
 646:Drivers/STM32F1xx_HAL_Driver/Src/stm32f1xx_ll_usb.c ****     else
 647:Drivers/STM32F1xx_HAL_Driver/Src/stm32f1xx_ll_usb.c ****     {
 648:Drivers/STM32F1xx_HAL_Driver/Src/stm32f1xx_ll_usb.c ****       /* Program the transfer size and packet count
 649:Drivers/STM32F1xx_HAL_Driver/Src/stm32f1xx_ll_usb.c ****       * as follows: xfersize = N * maxpacket +
 650:Drivers/STM32F1xx_HAL_Driver/Src/stm32f1xx_ll_usb.c ****       * short_packet pktcnt = N + (short_packet
 651:Drivers/STM32F1xx_HAL_Driver/Src/stm32f1xx_ll_usb.c ****       * exist ? 1 : 0)
 652:Drivers/STM32F1xx_HAL_Driver/Src/stm32f1xx_ll_usb.c ****       */
 653:Drivers/STM32F1xx_HAL_Driver/Src/stm32f1xx_ll_usb.c ****       USBx_INEP(epnum)->DIEPTSIZ &= ~(USB_OTG_DIEPTSIZ_XFRSIZ);
 654:Drivers/STM32F1xx_HAL_Driver/Src/stm32f1xx_ll_usb.c ****       USBx_INEP(epnum)->DIEPTSIZ &= ~(USB_OTG_DIEPTSIZ_PKTCNT);
 655:Drivers/STM32F1xx_HAL_Driver/Src/stm32f1xx_ll_usb.c ****       USBx_INEP(epnum)->DIEPTSIZ |= (USB_OTG_DIEPTSIZ_PKTCNT &
 656:Drivers/STM32F1xx_HAL_Driver/Src/stm32f1xx_ll_usb.c ****                                      (((ep->xfer_len + ep->maxpacket - 1U) / ep->maxpacket) << 19))
 657:Drivers/STM32F1xx_HAL_Driver/Src/stm32f1xx_ll_usb.c **** 
 658:Drivers/STM32F1xx_HAL_Driver/Src/stm32f1xx_ll_usb.c ****       USBx_INEP(epnum)->DIEPTSIZ |= (USB_OTG_DIEPTSIZ_XFRSIZ & ep->xfer_len);
ARM GAS  /tmp/ccZyOP9D.s 			page 13


 659:Drivers/STM32F1xx_HAL_Driver/Src/stm32f1xx_ll_usb.c **** 
 660:Drivers/STM32F1xx_HAL_Driver/Src/stm32f1xx_ll_usb.c ****       if (ep->type == EP_TYPE_ISOC)
 661:Drivers/STM32F1xx_HAL_Driver/Src/stm32f1xx_ll_usb.c ****       {
 662:Drivers/STM32F1xx_HAL_Driver/Src/stm32f1xx_ll_usb.c ****         USBx_INEP(epnum)->DIEPTSIZ &= ~(USB_OTG_DIEPTSIZ_MULCNT);
 663:Drivers/STM32F1xx_HAL_Driver/Src/stm32f1xx_ll_usb.c ****         USBx_INEP(epnum)->DIEPTSIZ |= (USB_OTG_DIEPTSIZ_MULCNT & (1U << 29));
 664:Drivers/STM32F1xx_HAL_Driver/Src/stm32f1xx_ll_usb.c ****       }
 665:Drivers/STM32F1xx_HAL_Driver/Src/stm32f1xx_ll_usb.c ****     }
 666:Drivers/STM32F1xx_HAL_Driver/Src/stm32f1xx_ll_usb.c ****     /* EP enable, IN data in FIFO */
 667:Drivers/STM32F1xx_HAL_Driver/Src/stm32f1xx_ll_usb.c ****     USBx_INEP(epnum)->DIEPCTL |= (USB_OTG_DIEPCTL_CNAK | USB_OTG_DIEPCTL_EPENA);
 668:Drivers/STM32F1xx_HAL_Driver/Src/stm32f1xx_ll_usb.c **** 
 669:Drivers/STM32F1xx_HAL_Driver/Src/stm32f1xx_ll_usb.c ****     if (ep->type != EP_TYPE_ISOC)
 670:Drivers/STM32F1xx_HAL_Driver/Src/stm32f1xx_ll_usb.c ****     {
 671:Drivers/STM32F1xx_HAL_Driver/Src/stm32f1xx_ll_usb.c ****       /* Enable the Tx FIFO Empty Interrupt for this EP */
 672:Drivers/STM32F1xx_HAL_Driver/Src/stm32f1xx_ll_usb.c ****       if (ep->xfer_len > 0U)
 673:Drivers/STM32F1xx_HAL_Driver/Src/stm32f1xx_ll_usb.c ****       {
 674:Drivers/STM32F1xx_HAL_Driver/Src/stm32f1xx_ll_usb.c ****         USBx_DEVICE->DIEPEMPMSK |= 1UL << (ep->num & EP_ADDR_MSK);
 675:Drivers/STM32F1xx_HAL_Driver/Src/stm32f1xx_ll_usb.c ****       }
 676:Drivers/STM32F1xx_HAL_Driver/Src/stm32f1xx_ll_usb.c ****     }
 677:Drivers/STM32F1xx_HAL_Driver/Src/stm32f1xx_ll_usb.c ****     else
 678:Drivers/STM32F1xx_HAL_Driver/Src/stm32f1xx_ll_usb.c ****     {
 679:Drivers/STM32F1xx_HAL_Driver/Src/stm32f1xx_ll_usb.c ****       if ((USBx_DEVICE->DSTS & (1U << 8)) == 0U)
 680:Drivers/STM32F1xx_HAL_Driver/Src/stm32f1xx_ll_usb.c ****       {
 681:Drivers/STM32F1xx_HAL_Driver/Src/stm32f1xx_ll_usb.c ****         USBx_INEP(epnum)->DIEPCTL |= USB_OTG_DIEPCTL_SODDFRM;
 682:Drivers/STM32F1xx_HAL_Driver/Src/stm32f1xx_ll_usb.c ****       }
 683:Drivers/STM32F1xx_HAL_Driver/Src/stm32f1xx_ll_usb.c ****       else
 684:Drivers/STM32F1xx_HAL_Driver/Src/stm32f1xx_ll_usb.c ****       {
 685:Drivers/STM32F1xx_HAL_Driver/Src/stm32f1xx_ll_usb.c ****         USBx_INEP(epnum)->DIEPCTL |= USB_OTG_DIEPCTL_SD0PID_SEVNFRM;
 686:Drivers/STM32F1xx_HAL_Driver/Src/stm32f1xx_ll_usb.c ****       }
 687:Drivers/STM32F1xx_HAL_Driver/Src/stm32f1xx_ll_usb.c **** 
 688:Drivers/STM32F1xx_HAL_Driver/Src/stm32f1xx_ll_usb.c ****       (void)USB_WritePacket(USBx, ep->xfer_buff, ep->num, (uint16_t)ep->xfer_len);
 689:Drivers/STM32F1xx_HAL_Driver/Src/stm32f1xx_ll_usb.c ****     }
 690:Drivers/STM32F1xx_HAL_Driver/Src/stm32f1xx_ll_usb.c ****   }
 691:Drivers/STM32F1xx_HAL_Driver/Src/stm32f1xx_ll_usb.c ****   else /* OUT endpoint */
 692:Drivers/STM32F1xx_HAL_Driver/Src/stm32f1xx_ll_usb.c ****   {
 693:Drivers/STM32F1xx_HAL_Driver/Src/stm32f1xx_ll_usb.c ****     /* Program the transfer size and packet count as follows:
 694:Drivers/STM32F1xx_HAL_Driver/Src/stm32f1xx_ll_usb.c ****     * pktcnt = N
 695:Drivers/STM32F1xx_HAL_Driver/Src/stm32f1xx_ll_usb.c ****     * xfersize = N * maxpacket
 696:Drivers/STM32F1xx_HAL_Driver/Src/stm32f1xx_ll_usb.c ****     */
 697:Drivers/STM32F1xx_HAL_Driver/Src/stm32f1xx_ll_usb.c ****     USBx_OUTEP(epnum)->DOEPTSIZ &= ~(USB_OTG_DOEPTSIZ_XFRSIZ);
 698:Drivers/STM32F1xx_HAL_Driver/Src/stm32f1xx_ll_usb.c ****     USBx_OUTEP(epnum)->DOEPTSIZ &= ~(USB_OTG_DOEPTSIZ_PKTCNT);
 699:Drivers/STM32F1xx_HAL_Driver/Src/stm32f1xx_ll_usb.c **** 
 700:Drivers/STM32F1xx_HAL_Driver/Src/stm32f1xx_ll_usb.c ****     if (ep->xfer_len == 0U)
 701:Drivers/STM32F1xx_HAL_Driver/Src/stm32f1xx_ll_usb.c ****     {
 702:Drivers/STM32F1xx_HAL_Driver/Src/stm32f1xx_ll_usb.c ****       USBx_OUTEP(epnum)->DOEPTSIZ |= (USB_OTG_DOEPTSIZ_XFRSIZ & ep->maxpacket);
 703:Drivers/STM32F1xx_HAL_Driver/Src/stm32f1xx_ll_usb.c ****       USBx_OUTEP(epnum)->DOEPTSIZ |= (USB_OTG_DOEPTSIZ_PKTCNT & (1U << 19));
 704:Drivers/STM32F1xx_HAL_Driver/Src/stm32f1xx_ll_usb.c ****     }
 705:Drivers/STM32F1xx_HAL_Driver/Src/stm32f1xx_ll_usb.c ****     else
 706:Drivers/STM32F1xx_HAL_Driver/Src/stm32f1xx_ll_usb.c ****     {
 707:Drivers/STM32F1xx_HAL_Driver/Src/stm32f1xx_ll_usb.c ****       pktcnt = (uint16_t)((ep->xfer_len + ep->maxpacket - 1U) / ep->maxpacket);
 708:Drivers/STM32F1xx_HAL_Driver/Src/stm32f1xx_ll_usb.c ****       USBx_OUTEP(epnum)->DOEPTSIZ |= USB_OTG_DOEPTSIZ_PKTCNT & ((uint32_t)pktcnt << 19);
 709:Drivers/STM32F1xx_HAL_Driver/Src/stm32f1xx_ll_usb.c ****       USBx_OUTEP(epnum)->DOEPTSIZ |= USB_OTG_DOEPTSIZ_XFRSIZ & (ep->maxpacket * pktcnt);
 710:Drivers/STM32F1xx_HAL_Driver/Src/stm32f1xx_ll_usb.c ****     }
 711:Drivers/STM32F1xx_HAL_Driver/Src/stm32f1xx_ll_usb.c **** 
 712:Drivers/STM32F1xx_HAL_Driver/Src/stm32f1xx_ll_usb.c ****     if (ep->type == EP_TYPE_ISOC)
 713:Drivers/STM32F1xx_HAL_Driver/Src/stm32f1xx_ll_usb.c ****     {
 714:Drivers/STM32F1xx_HAL_Driver/Src/stm32f1xx_ll_usb.c ****       if ((USBx_DEVICE->DSTS & (1U << 8)) == 0U)
 715:Drivers/STM32F1xx_HAL_Driver/Src/stm32f1xx_ll_usb.c ****       {
ARM GAS  /tmp/ccZyOP9D.s 			page 14


 716:Drivers/STM32F1xx_HAL_Driver/Src/stm32f1xx_ll_usb.c ****         USBx_OUTEP(epnum)->DOEPCTL |= USB_OTG_DOEPCTL_SODDFRM;
 717:Drivers/STM32F1xx_HAL_Driver/Src/stm32f1xx_ll_usb.c ****       }
 718:Drivers/STM32F1xx_HAL_Driver/Src/stm32f1xx_ll_usb.c ****       else
 719:Drivers/STM32F1xx_HAL_Driver/Src/stm32f1xx_ll_usb.c ****       {
 720:Drivers/STM32F1xx_HAL_Driver/Src/stm32f1xx_ll_usb.c ****         USBx_OUTEP(epnum)->DOEPCTL |= USB_OTG_DOEPCTL_SD0PID_SEVNFRM;
 721:Drivers/STM32F1xx_HAL_Driver/Src/stm32f1xx_ll_usb.c ****       }
 722:Drivers/STM32F1xx_HAL_Driver/Src/stm32f1xx_ll_usb.c ****     }
 723:Drivers/STM32F1xx_HAL_Driver/Src/stm32f1xx_ll_usb.c ****     /* EP enable */
 724:Drivers/STM32F1xx_HAL_Driver/Src/stm32f1xx_ll_usb.c ****     USBx_OUTEP(epnum)->DOEPCTL |= (USB_OTG_DOEPCTL_CNAK | USB_OTG_DOEPCTL_EPENA);
 725:Drivers/STM32F1xx_HAL_Driver/Src/stm32f1xx_ll_usb.c ****   }
 726:Drivers/STM32F1xx_HAL_Driver/Src/stm32f1xx_ll_usb.c **** 
 727:Drivers/STM32F1xx_HAL_Driver/Src/stm32f1xx_ll_usb.c ****   return HAL_OK;
 728:Drivers/STM32F1xx_HAL_Driver/Src/stm32f1xx_ll_usb.c **** }
 729:Drivers/STM32F1xx_HAL_Driver/Src/stm32f1xx_ll_usb.c **** 
 730:Drivers/STM32F1xx_HAL_Driver/Src/stm32f1xx_ll_usb.c **** /**
 731:Drivers/STM32F1xx_HAL_Driver/Src/stm32f1xx_ll_usb.c ****   * @brief  USB_EP0StartXfer : setup and starts a transfer over the EP  0
 732:Drivers/STM32F1xx_HAL_Driver/Src/stm32f1xx_ll_usb.c ****   * @param  USBx  Selected device
 733:Drivers/STM32F1xx_HAL_Driver/Src/stm32f1xx_ll_usb.c ****   * @param  ep pointer to endpoint structure
 734:Drivers/STM32F1xx_HAL_Driver/Src/stm32f1xx_ll_usb.c ****   * @retval HAL status
 735:Drivers/STM32F1xx_HAL_Driver/Src/stm32f1xx_ll_usb.c ****   */
 736:Drivers/STM32F1xx_HAL_Driver/Src/stm32f1xx_ll_usb.c **** HAL_StatusTypeDef USB_EP0StartXfer(USB_OTG_GlobalTypeDef *USBx, USB_OTG_EPTypeDef *ep)
 737:Drivers/STM32F1xx_HAL_Driver/Src/stm32f1xx_ll_usb.c **** {
 738:Drivers/STM32F1xx_HAL_Driver/Src/stm32f1xx_ll_usb.c ****   uint32_t USBx_BASE = (uint32_t)USBx;
 739:Drivers/STM32F1xx_HAL_Driver/Src/stm32f1xx_ll_usb.c ****   uint32_t epnum = (uint32_t)ep->num;
 740:Drivers/STM32F1xx_HAL_Driver/Src/stm32f1xx_ll_usb.c **** 
 741:Drivers/STM32F1xx_HAL_Driver/Src/stm32f1xx_ll_usb.c ****   /* IN endpoint */
 742:Drivers/STM32F1xx_HAL_Driver/Src/stm32f1xx_ll_usb.c ****   if (ep->is_in == 1U)
 743:Drivers/STM32F1xx_HAL_Driver/Src/stm32f1xx_ll_usb.c ****   {
 744:Drivers/STM32F1xx_HAL_Driver/Src/stm32f1xx_ll_usb.c ****     /* Zero Length Packet? */
 745:Drivers/STM32F1xx_HAL_Driver/Src/stm32f1xx_ll_usb.c ****     if (ep->xfer_len == 0U)
 746:Drivers/STM32F1xx_HAL_Driver/Src/stm32f1xx_ll_usb.c ****     {
 747:Drivers/STM32F1xx_HAL_Driver/Src/stm32f1xx_ll_usb.c ****       USBx_INEP(epnum)->DIEPTSIZ &= ~(USB_OTG_DIEPTSIZ_PKTCNT);
 748:Drivers/STM32F1xx_HAL_Driver/Src/stm32f1xx_ll_usb.c ****       USBx_INEP(epnum)->DIEPTSIZ |= (USB_OTG_DIEPTSIZ_PKTCNT & (1U << 19));
 749:Drivers/STM32F1xx_HAL_Driver/Src/stm32f1xx_ll_usb.c ****       USBx_INEP(epnum)->DIEPTSIZ &= ~(USB_OTG_DIEPTSIZ_XFRSIZ);
 750:Drivers/STM32F1xx_HAL_Driver/Src/stm32f1xx_ll_usb.c ****     }
 751:Drivers/STM32F1xx_HAL_Driver/Src/stm32f1xx_ll_usb.c ****     else
 752:Drivers/STM32F1xx_HAL_Driver/Src/stm32f1xx_ll_usb.c ****     {
 753:Drivers/STM32F1xx_HAL_Driver/Src/stm32f1xx_ll_usb.c ****       /* Program the transfer size and packet count
 754:Drivers/STM32F1xx_HAL_Driver/Src/stm32f1xx_ll_usb.c ****       * as follows: xfersize = N * maxpacket +
 755:Drivers/STM32F1xx_HAL_Driver/Src/stm32f1xx_ll_usb.c ****       * short_packet pktcnt = N + (short_packet
 756:Drivers/STM32F1xx_HAL_Driver/Src/stm32f1xx_ll_usb.c ****       * exist ? 1 : 0)
 757:Drivers/STM32F1xx_HAL_Driver/Src/stm32f1xx_ll_usb.c ****       */
 758:Drivers/STM32F1xx_HAL_Driver/Src/stm32f1xx_ll_usb.c ****       USBx_INEP(epnum)->DIEPTSIZ &= ~(USB_OTG_DIEPTSIZ_XFRSIZ);
 759:Drivers/STM32F1xx_HAL_Driver/Src/stm32f1xx_ll_usb.c ****       USBx_INEP(epnum)->DIEPTSIZ &= ~(USB_OTG_DIEPTSIZ_PKTCNT);
 760:Drivers/STM32F1xx_HAL_Driver/Src/stm32f1xx_ll_usb.c **** 
 761:Drivers/STM32F1xx_HAL_Driver/Src/stm32f1xx_ll_usb.c ****       if (ep->xfer_len > ep->maxpacket)
 762:Drivers/STM32F1xx_HAL_Driver/Src/stm32f1xx_ll_usb.c ****       {
 763:Drivers/STM32F1xx_HAL_Driver/Src/stm32f1xx_ll_usb.c ****         ep->xfer_len = ep->maxpacket;
 764:Drivers/STM32F1xx_HAL_Driver/Src/stm32f1xx_ll_usb.c ****       }
 765:Drivers/STM32F1xx_HAL_Driver/Src/stm32f1xx_ll_usb.c ****       USBx_INEP(epnum)->DIEPTSIZ |= (USB_OTG_DIEPTSIZ_PKTCNT & (1U << 19));
 766:Drivers/STM32F1xx_HAL_Driver/Src/stm32f1xx_ll_usb.c ****       USBx_INEP(epnum)->DIEPTSIZ |= (USB_OTG_DIEPTSIZ_XFRSIZ & ep->xfer_len);
 767:Drivers/STM32F1xx_HAL_Driver/Src/stm32f1xx_ll_usb.c ****     }
 768:Drivers/STM32F1xx_HAL_Driver/Src/stm32f1xx_ll_usb.c **** 
 769:Drivers/STM32F1xx_HAL_Driver/Src/stm32f1xx_ll_usb.c ****     /* EP enable, IN data in FIFO */
 770:Drivers/STM32F1xx_HAL_Driver/Src/stm32f1xx_ll_usb.c ****     USBx_INEP(epnum)->DIEPCTL |= (USB_OTG_DIEPCTL_CNAK | USB_OTG_DIEPCTL_EPENA);
 771:Drivers/STM32F1xx_HAL_Driver/Src/stm32f1xx_ll_usb.c **** 
 772:Drivers/STM32F1xx_HAL_Driver/Src/stm32f1xx_ll_usb.c ****     /* Enable the Tx FIFO Empty Interrupt for this EP */
ARM GAS  /tmp/ccZyOP9D.s 			page 15


 773:Drivers/STM32F1xx_HAL_Driver/Src/stm32f1xx_ll_usb.c ****     if (ep->xfer_len > 0U)
 774:Drivers/STM32F1xx_HAL_Driver/Src/stm32f1xx_ll_usb.c ****     {
 775:Drivers/STM32F1xx_HAL_Driver/Src/stm32f1xx_ll_usb.c ****       USBx_DEVICE->DIEPEMPMSK |= 1UL << (ep->num & EP_ADDR_MSK);
 776:Drivers/STM32F1xx_HAL_Driver/Src/stm32f1xx_ll_usb.c ****     }
 777:Drivers/STM32F1xx_HAL_Driver/Src/stm32f1xx_ll_usb.c ****   }
 778:Drivers/STM32F1xx_HAL_Driver/Src/stm32f1xx_ll_usb.c ****   else /* OUT endpoint */
 779:Drivers/STM32F1xx_HAL_Driver/Src/stm32f1xx_ll_usb.c ****   {
 780:Drivers/STM32F1xx_HAL_Driver/Src/stm32f1xx_ll_usb.c ****     /* Program the transfer size and packet count as follows:
 781:Drivers/STM32F1xx_HAL_Driver/Src/stm32f1xx_ll_usb.c ****     * pktcnt = N
 782:Drivers/STM32F1xx_HAL_Driver/Src/stm32f1xx_ll_usb.c ****     * xfersize = N * maxpacket
 783:Drivers/STM32F1xx_HAL_Driver/Src/stm32f1xx_ll_usb.c ****     */
 784:Drivers/STM32F1xx_HAL_Driver/Src/stm32f1xx_ll_usb.c ****     USBx_OUTEP(epnum)->DOEPTSIZ &= ~(USB_OTG_DOEPTSIZ_XFRSIZ);
 785:Drivers/STM32F1xx_HAL_Driver/Src/stm32f1xx_ll_usb.c ****     USBx_OUTEP(epnum)->DOEPTSIZ &= ~(USB_OTG_DOEPTSIZ_PKTCNT);
 786:Drivers/STM32F1xx_HAL_Driver/Src/stm32f1xx_ll_usb.c **** 
 787:Drivers/STM32F1xx_HAL_Driver/Src/stm32f1xx_ll_usb.c ****     if (ep->xfer_len > 0U)
 788:Drivers/STM32F1xx_HAL_Driver/Src/stm32f1xx_ll_usb.c ****     {
 789:Drivers/STM32F1xx_HAL_Driver/Src/stm32f1xx_ll_usb.c ****       ep->xfer_len = ep->maxpacket;
 790:Drivers/STM32F1xx_HAL_Driver/Src/stm32f1xx_ll_usb.c ****     }
 791:Drivers/STM32F1xx_HAL_Driver/Src/stm32f1xx_ll_usb.c **** 
 792:Drivers/STM32F1xx_HAL_Driver/Src/stm32f1xx_ll_usb.c ****     USBx_OUTEP(epnum)->DOEPTSIZ |= (USB_OTG_DOEPTSIZ_PKTCNT & (1U << 19));
 793:Drivers/STM32F1xx_HAL_Driver/Src/stm32f1xx_ll_usb.c ****     USBx_OUTEP(epnum)->DOEPTSIZ |= (USB_OTG_DOEPTSIZ_XFRSIZ & (ep->maxpacket));
 794:Drivers/STM32F1xx_HAL_Driver/Src/stm32f1xx_ll_usb.c **** 
 795:Drivers/STM32F1xx_HAL_Driver/Src/stm32f1xx_ll_usb.c ****     /* EP enable */
 796:Drivers/STM32F1xx_HAL_Driver/Src/stm32f1xx_ll_usb.c ****     USBx_OUTEP(epnum)->DOEPCTL |= (USB_OTG_DOEPCTL_CNAK | USB_OTG_DOEPCTL_EPENA);
 797:Drivers/STM32F1xx_HAL_Driver/Src/stm32f1xx_ll_usb.c ****   }
 798:Drivers/STM32F1xx_HAL_Driver/Src/stm32f1xx_ll_usb.c **** 
 799:Drivers/STM32F1xx_HAL_Driver/Src/stm32f1xx_ll_usb.c ****   return HAL_OK;
 800:Drivers/STM32F1xx_HAL_Driver/Src/stm32f1xx_ll_usb.c **** }
 801:Drivers/STM32F1xx_HAL_Driver/Src/stm32f1xx_ll_usb.c **** 
 802:Drivers/STM32F1xx_HAL_Driver/Src/stm32f1xx_ll_usb.c **** /**
 803:Drivers/STM32F1xx_HAL_Driver/Src/stm32f1xx_ll_usb.c ****   * @brief  USB_WritePacket : Writes a packet into the Tx FIFO associated
 804:Drivers/STM32F1xx_HAL_Driver/Src/stm32f1xx_ll_usb.c ****   *         with the EP/channel
 805:Drivers/STM32F1xx_HAL_Driver/Src/stm32f1xx_ll_usb.c ****   * @param  USBx  Selected device
 806:Drivers/STM32F1xx_HAL_Driver/Src/stm32f1xx_ll_usb.c ****   * @param  src   pointer to source buffer
 807:Drivers/STM32F1xx_HAL_Driver/Src/stm32f1xx_ll_usb.c ****   * @param  ch_ep_num  endpoint or host channel number
 808:Drivers/STM32F1xx_HAL_Driver/Src/stm32f1xx_ll_usb.c ****   * @param  len  Number of bytes to write
 809:Drivers/STM32F1xx_HAL_Driver/Src/stm32f1xx_ll_usb.c ****   * @retval HAL status
 810:Drivers/STM32F1xx_HAL_Driver/Src/stm32f1xx_ll_usb.c ****   */
 811:Drivers/STM32F1xx_HAL_Driver/Src/stm32f1xx_ll_usb.c **** HAL_StatusTypeDef USB_WritePacket(USB_OTG_GlobalTypeDef *USBx, uint8_t *src,
 812:Drivers/STM32F1xx_HAL_Driver/Src/stm32f1xx_ll_usb.c ****                                   uint8_t ch_ep_num, uint16_t len)
 813:Drivers/STM32F1xx_HAL_Driver/Src/stm32f1xx_ll_usb.c **** {
 814:Drivers/STM32F1xx_HAL_Driver/Src/stm32f1xx_ll_usb.c ****   uint32_t USBx_BASE = (uint32_t)USBx;
 815:Drivers/STM32F1xx_HAL_Driver/Src/stm32f1xx_ll_usb.c ****   uint8_t *pSrc = src;
 816:Drivers/STM32F1xx_HAL_Driver/Src/stm32f1xx_ll_usb.c ****   uint32_t count32b;
 817:Drivers/STM32F1xx_HAL_Driver/Src/stm32f1xx_ll_usb.c ****   uint32_t i;
 818:Drivers/STM32F1xx_HAL_Driver/Src/stm32f1xx_ll_usb.c **** 
 819:Drivers/STM32F1xx_HAL_Driver/Src/stm32f1xx_ll_usb.c ****   count32b = ((uint32_t)len + 3U) / 4U;
 820:Drivers/STM32F1xx_HAL_Driver/Src/stm32f1xx_ll_usb.c ****   for (i = 0U; i < count32b; i++)
 821:Drivers/STM32F1xx_HAL_Driver/Src/stm32f1xx_ll_usb.c ****   {
 822:Drivers/STM32F1xx_HAL_Driver/Src/stm32f1xx_ll_usb.c ****     USBx_DFIFO((uint32_t)ch_ep_num) = __UNALIGNED_UINT32_READ(pSrc);
 823:Drivers/STM32F1xx_HAL_Driver/Src/stm32f1xx_ll_usb.c ****     pSrc++;
 824:Drivers/STM32F1xx_HAL_Driver/Src/stm32f1xx_ll_usb.c ****     pSrc++;
 825:Drivers/STM32F1xx_HAL_Driver/Src/stm32f1xx_ll_usb.c ****     pSrc++;
 826:Drivers/STM32F1xx_HAL_Driver/Src/stm32f1xx_ll_usb.c ****     pSrc++;
 827:Drivers/STM32F1xx_HAL_Driver/Src/stm32f1xx_ll_usb.c ****   }
 828:Drivers/STM32F1xx_HAL_Driver/Src/stm32f1xx_ll_usb.c **** 
 829:Drivers/STM32F1xx_HAL_Driver/Src/stm32f1xx_ll_usb.c ****   return HAL_OK;
ARM GAS  /tmp/ccZyOP9D.s 			page 16


 830:Drivers/STM32F1xx_HAL_Driver/Src/stm32f1xx_ll_usb.c **** }
 831:Drivers/STM32F1xx_HAL_Driver/Src/stm32f1xx_ll_usb.c **** 
 832:Drivers/STM32F1xx_HAL_Driver/Src/stm32f1xx_ll_usb.c **** /**
 833:Drivers/STM32F1xx_HAL_Driver/Src/stm32f1xx_ll_usb.c ****   * @brief  USB_ReadPacket : read a packet from the RX FIFO
 834:Drivers/STM32F1xx_HAL_Driver/Src/stm32f1xx_ll_usb.c ****   * @param  USBx  Selected device
 835:Drivers/STM32F1xx_HAL_Driver/Src/stm32f1xx_ll_usb.c ****   * @param  dest  source pointer
 836:Drivers/STM32F1xx_HAL_Driver/Src/stm32f1xx_ll_usb.c ****   * @param  len  Number of bytes to read
 837:Drivers/STM32F1xx_HAL_Driver/Src/stm32f1xx_ll_usb.c ****   * @retval pointer to destination buffer
 838:Drivers/STM32F1xx_HAL_Driver/Src/stm32f1xx_ll_usb.c ****   */
 839:Drivers/STM32F1xx_HAL_Driver/Src/stm32f1xx_ll_usb.c **** void *USB_ReadPacket(USB_OTG_GlobalTypeDef *USBx, uint8_t *dest, uint16_t len)
 840:Drivers/STM32F1xx_HAL_Driver/Src/stm32f1xx_ll_usb.c **** {
 841:Drivers/STM32F1xx_HAL_Driver/Src/stm32f1xx_ll_usb.c ****   uint32_t USBx_BASE = (uint32_t)USBx;
 842:Drivers/STM32F1xx_HAL_Driver/Src/stm32f1xx_ll_usb.c ****   uint8_t *pDest = dest;
 843:Drivers/STM32F1xx_HAL_Driver/Src/stm32f1xx_ll_usb.c ****   uint32_t pData;
 844:Drivers/STM32F1xx_HAL_Driver/Src/stm32f1xx_ll_usb.c ****   uint32_t i;
 845:Drivers/STM32F1xx_HAL_Driver/Src/stm32f1xx_ll_usb.c ****   uint32_t count32b = (uint32_t)len >> 2U;
 846:Drivers/STM32F1xx_HAL_Driver/Src/stm32f1xx_ll_usb.c ****   uint16_t remaining_bytes = len % 4U;
 847:Drivers/STM32F1xx_HAL_Driver/Src/stm32f1xx_ll_usb.c **** 
 848:Drivers/STM32F1xx_HAL_Driver/Src/stm32f1xx_ll_usb.c ****   for (i = 0U; i < count32b; i++)
 849:Drivers/STM32F1xx_HAL_Driver/Src/stm32f1xx_ll_usb.c ****   {
 850:Drivers/STM32F1xx_HAL_Driver/Src/stm32f1xx_ll_usb.c ****     __UNALIGNED_UINT32_WRITE(pDest, USBx_DFIFO(0U));
 851:Drivers/STM32F1xx_HAL_Driver/Src/stm32f1xx_ll_usb.c ****     pDest++;
 852:Drivers/STM32F1xx_HAL_Driver/Src/stm32f1xx_ll_usb.c ****     pDest++;
 853:Drivers/STM32F1xx_HAL_Driver/Src/stm32f1xx_ll_usb.c ****     pDest++;
 854:Drivers/STM32F1xx_HAL_Driver/Src/stm32f1xx_ll_usb.c ****     pDest++;
 855:Drivers/STM32F1xx_HAL_Driver/Src/stm32f1xx_ll_usb.c ****   }
 856:Drivers/STM32F1xx_HAL_Driver/Src/stm32f1xx_ll_usb.c **** 
 857:Drivers/STM32F1xx_HAL_Driver/Src/stm32f1xx_ll_usb.c ****   /* When Number of data is not word aligned, read the remaining byte */
 858:Drivers/STM32F1xx_HAL_Driver/Src/stm32f1xx_ll_usb.c ****   if (remaining_bytes != 0U)
 859:Drivers/STM32F1xx_HAL_Driver/Src/stm32f1xx_ll_usb.c ****   {
 860:Drivers/STM32F1xx_HAL_Driver/Src/stm32f1xx_ll_usb.c ****     i = 0U;
 861:Drivers/STM32F1xx_HAL_Driver/Src/stm32f1xx_ll_usb.c ****     __UNALIGNED_UINT32_WRITE(&pData, USBx_DFIFO(0U));
 862:Drivers/STM32F1xx_HAL_Driver/Src/stm32f1xx_ll_usb.c **** 
 863:Drivers/STM32F1xx_HAL_Driver/Src/stm32f1xx_ll_usb.c ****     do
 864:Drivers/STM32F1xx_HAL_Driver/Src/stm32f1xx_ll_usb.c ****     {
 865:Drivers/STM32F1xx_HAL_Driver/Src/stm32f1xx_ll_usb.c ****       *(uint8_t *)pDest = (uint8_t)(pData >> (8U * (uint8_t)(i)));
 866:Drivers/STM32F1xx_HAL_Driver/Src/stm32f1xx_ll_usb.c ****       i++;
 867:Drivers/STM32F1xx_HAL_Driver/Src/stm32f1xx_ll_usb.c ****       pDest++;
 868:Drivers/STM32F1xx_HAL_Driver/Src/stm32f1xx_ll_usb.c ****       remaining_bytes--;
 869:Drivers/STM32F1xx_HAL_Driver/Src/stm32f1xx_ll_usb.c ****     } while (remaining_bytes != 0U);
 870:Drivers/STM32F1xx_HAL_Driver/Src/stm32f1xx_ll_usb.c ****   }
 871:Drivers/STM32F1xx_HAL_Driver/Src/stm32f1xx_ll_usb.c **** 
 872:Drivers/STM32F1xx_HAL_Driver/Src/stm32f1xx_ll_usb.c ****   return ((void *)pDest);
 873:Drivers/STM32F1xx_HAL_Driver/Src/stm32f1xx_ll_usb.c **** }
 874:Drivers/STM32F1xx_HAL_Driver/Src/stm32f1xx_ll_usb.c **** 
 875:Drivers/STM32F1xx_HAL_Driver/Src/stm32f1xx_ll_usb.c **** /**
 876:Drivers/STM32F1xx_HAL_Driver/Src/stm32f1xx_ll_usb.c ****   * @brief  USB_EPSetStall : set a stall condition over an EP
 877:Drivers/STM32F1xx_HAL_Driver/Src/stm32f1xx_ll_usb.c ****   * @param  USBx  Selected device
 878:Drivers/STM32F1xx_HAL_Driver/Src/stm32f1xx_ll_usb.c ****   * @param  ep pointer to endpoint structure
 879:Drivers/STM32F1xx_HAL_Driver/Src/stm32f1xx_ll_usb.c ****   * @retval HAL status
 880:Drivers/STM32F1xx_HAL_Driver/Src/stm32f1xx_ll_usb.c ****   */
 881:Drivers/STM32F1xx_HAL_Driver/Src/stm32f1xx_ll_usb.c **** HAL_StatusTypeDef USB_EPSetStall(USB_OTG_GlobalTypeDef *USBx, USB_OTG_EPTypeDef *ep)
 882:Drivers/STM32F1xx_HAL_Driver/Src/stm32f1xx_ll_usb.c **** {
 883:Drivers/STM32F1xx_HAL_Driver/Src/stm32f1xx_ll_usb.c ****   uint32_t USBx_BASE = (uint32_t)USBx;
 884:Drivers/STM32F1xx_HAL_Driver/Src/stm32f1xx_ll_usb.c ****   uint32_t epnum = (uint32_t)ep->num;
 885:Drivers/STM32F1xx_HAL_Driver/Src/stm32f1xx_ll_usb.c **** 
 886:Drivers/STM32F1xx_HAL_Driver/Src/stm32f1xx_ll_usb.c ****   if (ep->is_in == 1U)
ARM GAS  /tmp/ccZyOP9D.s 			page 17


 887:Drivers/STM32F1xx_HAL_Driver/Src/stm32f1xx_ll_usb.c ****   {
 888:Drivers/STM32F1xx_HAL_Driver/Src/stm32f1xx_ll_usb.c ****     if (((USBx_INEP(epnum)->DIEPCTL & USB_OTG_DIEPCTL_EPENA) == 0U) && (epnum != 0U))
 889:Drivers/STM32F1xx_HAL_Driver/Src/stm32f1xx_ll_usb.c ****     {
 890:Drivers/STM32F1xx_HAL_Driver/Src/stm32f1xx_ll_usb.c ****       USBx_INEP(epnum)->DIEPCTL &= ~(USB_OTG_DIEPCTL_EPDIS);
 891:Drivers/STM32F1xx_HAL_Driver/Src/stm32f1xx_ll_usb.c ****     }
 892:Drivers/STM32F1xx_HAL_Driver/Src/stm32f1xx_ll_usb.c ****     USBx_INEP(epnum)->DIEPCTL |= USB_OTG_DIEPCTL_STALL;
 893:Drivers/STM32F1xx_HAL_Driver/Src/stm32f1xx_ll_usb.c ****   }
 894:Drivers/STM32F1xx_HAL_Driver/Src/stm32f1xx_ll_usb.c ****   else
 895:Drivers/STM32F1xx_HAL_Driver/Src/stm32f1xx_ll_usb.c ****   {
 896:Drivers/STM32F1xx_HAL_Driver/Src/stm32f1xx_ll_usb.c ****     if (((USBx_OUTEP(epnum)->DOEPCTL & USB_OTG_DOEPCTL_EPENA) == 0U) && (epnum != 0U))
 897:Drivers/STM32F1xx_HAL_Driver/Src/stm32f1xx_ll_usb.c ****     {
 898:Drivers/STM32F1xx_HAL_Driver/Src/stm32f1xx_ll_usb.c ****       USBx_OUTEP(epnum)->DOEPCTL &= ~(USB_OTG_DOEPCTL_EPDIS);
 899:Drivers/STM32F1xx_HAL_Driver/Src/stm32f1xx_ll_usb.c ****     }
 900:Drivers/STM32F1xx_HAL_Driver/Src/stm32f1xx_ll_usb.c ****     USBx_OUTEP(epnum)->DOEPCTL |= USB_OTG_DOEPCTL_STALL;
 901:Drivers/STM32F1xx_HAL_Driver/Src/stm32f1xx_ll_usb.c ****   }
 902:Drivers/STM32F1xx_HAL_Driver/Src/stm32f1xx_ll_usb.c **** 
 903:Drivers/STM32F1xx_HAL_Driver/Src/stm32f1xx_ll_usb.c ****   return HAL_OK;
 904:Drivers/STM32F1xx_HAL_Driver/Src/stm32f1xx_ll_usb.c **** }
 905:Drivers/STM32F1xx_HAL_Driver/Src/stm32f1xx_ll_usb.c **** 
 906:Drivers/STM32F1xx_HAL_Driver/Src/stm32f1xx_ll_usb.c **** /**
 907:Drivers/STM32F1xx_HAL_Driver/Src/stm32f1xx_ll_usb.c ****   * @brief  USB_EPClearStall : Clear a stall condition over an EP
 908:Drivers/STM32F1xx_HAL_Driver/Src/stm32f1xx_ll_usb.c ****   * @param  USBx  Selected device
 909:Drivers/STM32F1xx_HAL_Driver/Src/stm32f1xx_ll_usb.c ****   * @param  ep pointer to endpoint structure
 910:Drivers/STM32F1xx_HAL_Driver/Src/stm32f1xx_ll_usb.c ****   * @retval HAL status
 911:Drivers/STM32F1xx_HAL_Driver/Src/stm32f1xx_ll_usb.c ****   */
 912:Drivers/STM32F1xx_HAL_Driver/Src/stm32f1xx_ll_usb.c **** HAL_StatusTypeDef USB_EPClearStall(USB_OTG_GlobalTypeDef *USBx, USB_OTG_EPTypeDef *ep)
 913:Drivers/STM32F1xx_HAL_Driver/Src/stm32f1xx_ll_usb.c **** {
 914:Drivers/STM32F1xx_HAL_Driver/Src/stm32f1xx_ll_usb.c ****   uint32_t USBx_BASE = (uint32_t)USBx;
 915:Drivers/STM32F1xx_HAL_Driver/Src/stm32f1xx_ll_usb.c ****   uint32_t epnum = (uint32_t)ep->num;
 916:Drivers/STM32F1xx_HAL_Driver/Src/stm32f1xx_ll_usb.c **** 
 917:Drivers/STM32F1xx_HAL_Driver/Src/stm32f1xx_ll_usb.c ****   if (ep->is_in == 1U)
 918:Drivers/STM32F1xx_HAL_Driver/Src/stm32f1xx_ll_usb.c ****   {
 919:Drivers/STM32F1xx_HAL_Driver/Src/stm32f1xx_ll_usb.c ****     USBx_INEP(epnum)->DIEPCTL &= ~USB_OTG_DIEPCTL_STALL;
 920:Drivers/STM32F1xx_HAL_Driver/Src/stm32f1xx_ll_usb.c ****     if ((ep->type == EP_TYPE_INTR) || (ep->type == EP_TYPE_BULK))
 921:Drivers/STM32F1xx_HAL_Driver/Src/stm32f1xx_ll_usb.c ****     {
 922:Drivers/STM32F1xx_HAL_Driver/Src/stm32f1xx_ll_usb.c ****       USBx_INEP(epnum)->DIEPCTL |= USB_OTG_DIEPCTL_SD0PID_SEVNFRM; /* DATA0 */
 923:Drivers/STM32F1xx_HAL_Driver/Src/stm32f1xx_ll_usb.c ****     }
 924:Drivers/STM32F1xx_HAL_Driver/Src/stm32f1xx_ll_usb.c ****   }
 925:Drivers/STM32F1xx_HAL_Driver/Src/stm32f1xx_ll_usb.c ****   else
 926:Drivers/STM32F1xx_HAL_Driver/Src/stm32f1xx_ll_usb.c ****   {
 927:Drivers/STM32F1xx_HAL_Driver/Src/stm32f1xx_ll_usb.c ****     USBx_OUTEP(epnum)->DOEPCTL &= ~USB_OTG_DOEPCTL_STALL;
 928:Drivers/STM32F1xx_HAL_Driver/Src/stm32f1xx_ll_usb.c ****     if ((ep->type == EP_TYPE_INTR) || (ep->type == EP_TYPE_BULK))
 929:Drivers/STM32F1xx_HAL_Driver/Src/stm32f1xx_ll_usb.c ****     {
 930:Drivers/STM32F1xx_HAL_Driver/Src/stm32f1xx_ll_usb.c ****       USBx_OUTEP(epnum)->DOEPCTL |= USB_OTG_DOEPCTL_SD0PID_SEVNFRM; /* DATA0 */
 931:Drivers/STM32F1xx_HAL_Driver/Src/stm32f1xx_ll_usb.c ****     }
 932:Drivers/STM32F1xx_HAL_Driver/Src/stm32f1xx_ll_usb.c ****   }
 933:Drivers/STM32F1xx_HAL_Driver/Src/stm32f1xx_ll_usb.c ****   return HAL_OK;
 934:Drivers/STM32F1xx_HAL_Driver/Src/stm32f1xx_ll_usb.c **** }
 935:Drivers/STM32F1xx_HAL_Driver/Src/stm32f1xx_ll_usb.c **** 
 936:Drivers/STM32F1xx_HAL_Driver/Src/stm32f1xx_ll_usb.c **** /**
 937:Drivers/STM32F1xx_HAL_Driver/Src/stm32f1xx_ll_usb.c ****   * @brief  USB_StopDevice : Stop the usb device mode
 938:Drivers/STM32F1xx_HAL_Driver/Src/stm32f1xx_ll_usb.c ****   * @param  USBx  Selected device
 939:Drivers/STM32F1xx_HAL_Driver/Src/stm32f1xx_ll_usb.c ****   * @retval HAL status
 940:Drivers/STM32F1xx_HAL_Driver/Src/stm32f1xx_ll_usb.c ****   */
 941:Drivers/STM32F1xx_HAL_Driver/Src/stm32f1xx_ll_usb.c **** HAL_StatusTypeDef USB_StopDevice(USB_OTG_GlobalTypeDef *USBx)
 942:Drivers/STM32F1xx_HAL_Driver/Src/stm32f1xx_ll_usb.c **** {
 943:Drivers/STM32F1xx_HAL_Driver/Src/stm32f1xx_ll_usb.c ****   HAL_StatusTypeDef ret;
ARM GAS  /tmp/ccZyOP9D.s 			page 18


 944:Drivers/STM32F1xx_HAL_Driver/Src/stm32f1xx_ll_usb.c ****   uint32_t USBx_BASE = (uint32_t)USBx;
 945:Drivers/STM32F1xx_HAL_Driver/Src/stm32f1xx_ll_usb.c ****   uint32_t i;
 946:Drivers/STM32F1xx_HAL_Driver/Src/stm32f1xx_ll_usb.c **** 
 947:Drivers/STM32F1xx_HAL_Driver/Src/stm32f1xx_ll_usb.c ****   /* Clear Pending interrupt */
 948:Drivers/STM32F1xx_HAL_Driver/Src/stm32f1xx_ll_usb.c ****   for (i = 0U; i < 15U; i++)
 949:Drivers/STM32F1xx_HAL_Driver/Src/stm32f1xx_ll_usb.c ****   {
 950:Drivers/STM32F1xx_HAL_Driver/Src/stm32f1xx_ll_usb.c ****     USBx_INEP(i)->DIEPINT = 0xFB7FU;
 951:Drivers/STM32F1xx_HAL_Driver/Src/stm32f1xx_ll_usb.c ****     USBx_OUTEP(i)->DOEPINT = 0xFB7FU;
 952:Drivers/STM32F1xx_HAL_Driver/Src/stm32f1xx_ll_usb.c ****   }
 953:Drivers/STM32F1xx_HAL_Driver/Src/stm32f1xx_ll_usb.c **** 
 954:Drivers/STM32F1xx_HAL_Driver/Src/stm32f1xx_ll_usb.c ****   /* Clear interrupt masks */
 955:Drivers/STM32F1xx_HAL_Driver/Src/stm32f1xx_ll_usb.c ****   USBx_DEVICE->DIEPMSK  = 0U;
 956:Drivers/STM32F1xx_HAL_Driver/Src/stm32f1xx_ll_usb.c ****   USBx_DEVICE->DOEPMSK  = 0U;
 957:Drivers/STM32F1xx_HAL_Driver/Src/stm32f1xx_ll_usb.c ****   USBx_DEVICE->DAINTMSK = 0U;
 958:Drivers/STM32F1xx_HAL_Driver/Src/stm32f1xx_ll_usb.c **** 
 959:Drivers/STM32F1xx_HAL_Driver/Src/stm32f1xx_ll_usb.c ****   /* Flush the FIFO */
 960:Drivers/STM32F1xx_HAL_Driver/Src/stm32f1xx_ll_usb.c ****   ret = USB_FlushRxFifo(USBx);
 961:Drivers/STM32F1xx_HAL_Driver/Src/stm32f1xx_ll_usb.c ****   if (ret != HAL_OK)
 962:Drivers/STM32F1xx_HAL_Driver/Src/stm32f1xx_ll_usb.c ****   {
 963:Drivers/STM32F1xx_HAL_Driver/Src/stm32f1xx_ll_usb.c ****     return ret;
 964:Drivers/STM32F1xx_HAL_Driver/Src/stm32f1xx_ll_usb.c ****   }
 965:Drivers/STM32F1xx_HAL_Driver/Src/stm32f1xx_ll_usb.c **** 
 966:Drivers/STM32F1xx_HAL_Driver/Src/stm32f1xx_ll_usb.c ****   ret = USB_FlushTxFifo(USBx,  0x10U);
 967:Drivers/STM32F1xx_HAL_Driver/Src/stm32f1xx_ll_usb.c ****   if (ret != HAL_OK)
 968:Drivers/STM32F1xx_HAL_Driver/Src/stm32f1xx_ll_usb.c ****   {
 969:Drivers/STM32F1xx_HAL_Driver/Src/stm32f1xx_ll_usb.c ****     return ret;
 970:Drivers/STM32F1xx_HAL_Driver/Src/stm32f1xx_ll_usb.c ****   }
 971:Drivers/STM32F1xx_HAL_Driver/Src/stm32f1xx_ll_usb.c **** 
 972:Drivers/STM32F1xx_HAL_Driver/Src/stm32f1xx_ll_usb.c ****   return ret;
 973:Drivers/STM32F1xx_HAL_Driver/Src/stm32f1xx_ll_usb.c **** }
 974:Drivers/STM32F1xx_HAL_Driver/Src/stm32f1xx_ll_usb.c **** 
 975:Drivers/STM32F1xx_HAL_Driver/Src/stm32f1xx_ll_usb.c **** /**
 976:Drivers/STM32F1xx_HAL_Driver/Src/stm32f1xx_ll_usb.c ****   * @brief  USB_SetDevAddress : Stop the usb device mode
 977:Drivers/STM32F1xx_HAL_Driver/Src/stm32f1xx_ll_usb.c ****   * @param  USBx  Selected device
 978:Drivers/STM32F1xx_HAL_Driver/Src/stm32f1xx_ll_usb.c ****   * @param  address  new device address to be assigned
 979:Drivers/STM32F1xx_HAL_Driver/Src/stm32f1xx_ll_usb.c ****   *          This parameter can be a value from 0 to 255
 980:Drivers/STM32F1xx_HAL_Driver/Src/stm32f1xx_ll_usb.c ****   * @retval HAL status
 981:Drivers/STM32F1xx_HAL_Driver/Src/stm32f1xx_ll_usb.c ****   */
 982:Drivers/STM32F1xx_HAL_Driver/Src/stm32f1xx_ll_usb.c **** HAL_StatusTypeDef  USB_SetDevAddress(USB_OTG_GlobalTypeDef *USBx, uint8_t address)
 983:Drivers/STM32F1xx_HAL_Driver/Src/stm32f1xx_ll_usb.c **** {
 984:Drivers/STM32F1xx_HAL_Driver/Src/stm32f1xx_ll_usb.c ****   uint32_t USBx_BASE = (uint32_t)USBx;
 985:Drivers/STM32F1xx_HAL_Driver/Src/stm32f1xx_ll_usb.c **** 
 986:Drivers/STM32F1xx_HAL_Driver/Src/stm32f1xx_ll_usb.c ****   USBx_DEVICE->DCFG &= ~(USB_OTG_DCFG_DAD);
 987:Drivers/STM32F1xx_HAL_Driver/Src/stm32f1xx_ll_usb.c ****   USBx_DEVICE->DCFG |= ((uint32_t)address << 4) & USB_OTG_DCFG_DAD;
 988:Drivers/STM32F1xx_HAL_Driver/Src/stm32f1xx_ll_usb.c **** 
 989:Drivers/STM32F1xx_HAL_Driver/Src/stm32f1xx_ll_usb.c ****   return HAL_OK;
 990:Drivers/STM32F1xx_HAL_Driver/Src/stm32f1xx_ll_usb.c **** }
 991:Drivers/STM32F1xx_HAL_Driver/Src/stm32f1xx_ll_usb.c **** 
 992:Drivers/STM32F1xx_HAL_Driver/Src/stm32f1xx_ll_usb.c **** /**
 993:Drivers/STM32F1xx_HAL_Driver/Src/stm32f1xx_ll_usb.c ****   * @brief  USB_DevConnect : Connect the USB device by enabling Rpu
 994:Drivers/STM32F1xx_HAL_Driver/Src/stm32f1xx_ll_usb.c ****   * @param  USBx  Selected device
 995:Drivers/STM32F1xx_HAL_Driver/Src/stm32f1xx_ll_usb.c ****   * @retval HAL status
 996:Drivers/STM32F1xx_HAL_Driver/Src/stm32f1xx_ll_usb.c ****   */
 997:Drivers/STM32F1xx_HAL_Driver/Src/stm32f1xx_ll_usb.c **** HAL_StatusTypeDef  USB_DevConnect(USB_OTG_GlobalTypeDef *USBx)
 998:Drivers/STM32F1xx_HAL_Driver/Src/stm32f1xx_ll_usb.c **** {
 999:Drivers/STM32F1xx_HAL_Driver/Src/stm32f1xx_ll_usb.c ****   uint32_t USBx_BASE = (uint32_t)USBx;
1000:Drivers/STM32F1xx_HAL_Driver/Src/stm32f1xx_ll_usb.c **** 
ARM GAS  /tmp/ccZyOP9D.s 			page 19


1001:Drivers/STM32F1xx_HAL_Driver/Src/stm32f1xx_ll_usb.c ****   /* In case phy is stopped, ensure to ungate and restore the phy CLK */
1002:Drivers/STM32F1xx_HAL_Driver/Src/stm32f1xx_ll_usb.c ****   USBx_PCGCCTL &= ~(USB_OTG_PCGCCTL_STOPCLK | USB_OTG_PCGCCTL_GATECLK);
1003:Drivers/STM32F1xx_HAL_Driver/Src/stm32f1xx_ll_usb.c **** 
1004:Drivers/STM32F1xx_HAL_Driver/Src/stm32f1xx_ll_usb.c ****   USBx_DEVICE->DCTL &= ~USB_OTG_DCTL_SDIS;
1005:Drivers/STM32F1xx_HAL_Driver/Src/stm32f1xx_ll_usb.c **** 
1006:Drivers/STM32F1xx_HAL_Driver/Src/stm32f1xx_ll_usb.c ****   return HAL_OK;
1007:Drivers/STM32F1xx_HAL_Driver/Src/stm32f1xx_ll_usb.c **** }
1008:Drivers/STM32F1xx_HAL_Driver/Src/stm32f1xx_ll_usb.c **** 
1009:Drivers/STM32F1xx_HAL_Driver/Src/stm32f1xx_ll_usb.c **** /**
1010:Drivers/STM32F1xx_HAL_Driver/Src/stm32f1xx_ll_usb.c ****   * @brief  USB_DevDisconnect : Disconnect the USB device by disabling Rpu
1011:Drivers/STM32F1xx_HAL_Driver/Src/stm32f1xx_ll_usb.c ****   * @param  USBx  Selected device
1012:Drivers/STM32F1xx_HAL_Driver/Src/stm32f1xx_ll_usb.c ****   * @retval HAL status
1013:Drivers/STM32F1xx_HAL_Driver/Src/stm32f1xx_ll_usb.c ****   */
1014:Drivers/STM32F1xx_HAL_Driver/Src/stm32f1xx_ll_usb.c **** HAL_StatusTypeDef  USB_DevDisconnect(USB_OTG_GlobalTypeDef *USBx)
1015:Drivers/STM32F1xx_HAL_Driver/Src/stm32f1xx_ll_usb.c **** {
1016:Drivers/STM32F1xx_HAL_Driver/Src/stm32f1xx_ll_usb.c ****   uint32_t USBx_BASE = (uint32_t)USBx;
1017:Drivers/STM32F1xx_HAL_Driver/Src/stm32f1xx_ll_usb.c **** 
1018:Drivers/STM32F1xx_HAL_Driver/Src/stm32f1xx_ll_usb.c ****   /* In case phy is stopped, ensure to ungate and restore the phy CLK */
1019:Drivers/STM32F1xx_HAL_Driver/Src/stm32f1xx_ll_usb.c ****   USBx_PCGCCTL &= ~(USB_OTG_PCGCCTL_STOPCLK | USB_OTG_PCGCCTL_GATECLK);
1020:Drivers/STM32F1xx_HAL_Driver/Src/stm32f1xx_ll_usb.c **** 
1021:Drivers/STM32F1xx_HAL_Driver/Src/stm32f1xx_ll_usb.c ****   USBx_DEVICE->DCTL |= USB_OTG_DCTL_SDIS;
1022:Drivers/STM32F1xx_HAL_Driver/Src/stm32f1xx_ll_usb.c **** 
1023:Drivers/STM32F1xx_HAL_Driver/Src/stm32f1xx_ll_usb.c ****   return HAL_OK;
1024:Drivers/STM32F1xx_HAL_Driver/Src/stm32f1xx_ll_usb.c **** }
1025:Drivers/STM32F1xx_HAL_Driver/Src/stm32f1xx_ll_usb.c **** 
1026:Drivers/STM32F1xx_HAL_Driver/Src/stm32f1xx_ll_usb.c **** /**
1027:Drivers/STM32F1xx_HAL_Driver/Src/stm32f1xx_ll_usb.c ****   * @brief  USB_ReadInterrupts: return the global USB interrupt status
1028:Drivers/STM32F1xx_HAL_Driver/Src/stm32f1xx_ll_usb.c ****   * @param  USBx  Selected device
1029:Drivers/STM32F1xx_HAL_Driver/Src/stm32f1xx_ll_usb.c ****   * @retval HAL status
1030:Drivers/STM32F1xx_HAL_Driver/Src/stm32f1xx_ll_usb.c ****   */
1031:Drivers/STM32F1xx_HAL_Driver/Src/stm32f1xx_ll_usb.c **** uint32_t  USB_ReadInterrupts(USB_OTG_GlobalTypeDef *USBx)
1032:Drivers/STM32F1xx_HAL_Driver/Src/stm32f1xx_ll_usb.c **** {
1033:Drivers/STM32F1xx_HAL_Driver/Src/stm32f1xx_ll_usb.c ****   uint32_t tmpreg;
1034:Drivers/STM32F1xx_HAL_Driver/Src/stm32f1xx_ll_usb.c **** 
1035:Drivers/STM32F1xx_HAL_Driver/Src/stm32f1xx_ll_usb.c ****   tmpreg = USBx->GINTSTS;
1036:Drivers/STM32F1xx_HAL_Driver/Src/stm32f1xx_ll_usb.c ****   tmpreg &= USBx->GINTMSK;
1037:Drivers/STM32F1xx_HAL_Driver/Src/stm32f1xx_ll_usb.c **** 
1038:Drivers/STM32F1xx_HAL_Driver/Src/stm32f1xx_ll_usb.c ****   return tmpreg;
1039:Drivers/STM32F1xx_HAL_Driver/Src/stm32f1xx_ll_usb.c **** }
1040:Drivers/STM32F1xx_HAL_Driver/Src/stm32f1xx_ll_usb.c **** 
1041:Drivers/STM32F1xx_HAL_Driver/Src/stm32f1xx_ll_usb.c **** /**
1042:Drivers/STM32F1xx_HAL_Driver/Src/stm32f1xx_ll_usb.c ****   * @brief  USB_ReadDevAllOutEpInterrupt: return the USB device OUT endpoints interrupt status
1043:Drivers/STM32F1xx_HAL_Driver/Src/stm32f1xx_ll_usb.c ****   * @param  USBx  Selected device
1044:Drivers/STM32F1xx_HAL_Driver/Src/stm32f1xx_ll_usb.c ****   * @retval HAL status
1045:Drivers/STM32F1xx_HAL_Driver/Src/stm32f1xx_ll_usb.c ****   */
1046:Drivers/STM32F1xx_HAL_Driver/Src/stm32f1xx_ll_usb.c **** uint32_t USB_ReadDevAllOutEpInterrupt(USB_OTG_GlobalTypeDef *USBx)
1047:Drivers/STM32F1xx_HAL_Driver/Src/stm32f1xx_ll_usb.c **** {
1048:Drivers/STM32F1xx_HAL_Driver/Src/stm32f1xx_ll_usb.c ****   uint32_t USBx_BASE = (uint32_t)USBx;
1049:Drivers/STM32F1xx_HAL_Driver/Src/stm32f1xx_ll_usb.c ****   uint32_t tmpreg;
1050:Drivers/STM32F1xx_HAL_Driver/Src/stm32f1xx_ll_usb.c **** 
1051:Drivers/STM32F1xx_HAL_Driver/Src/stm32f1xx_ll_usb.c ****   tmpreg  = USBx_DEVICE->DAINT;
1052:Drivers/STM32F1xx_HAL_Driver/Src/stm32f1xx_ll_usb.c ****   tmpreg &= USBx_DEVICE->DAINTMSK;
1053:Drivers/STM32F1xx_HAL_Driver/Src/stm32f1xx_ll_usb.c **** 
1054:Drivers/STM32F1xx_HAL_Driver/Src/stm32f1xx_ll_usb.c ****   return ((tmpreg & 0xffff0000U) >> 16);
1055:Drivers/STM32F1xx_HAL_Driver/Src/stm32f1xx_ll_usb.c **** }
1056:Drivers/STM32F1xx_HAL_Driver/Src/stm32f1xx_ll_usb.c **** 
1057:Drivers/STM32F1xx_HAL_Driver/Src/stm32f1xx_ll_usb.c **** /**
ARM GAS  /tmp/ccZyOP9D.s 			page 20


1058:Drivers/STM32F1xx_HAL_Driver/Src/stm32f1xx_ll_usb.c ****   * @brief  USB_ReadDevAllInEpInterrupt: return the USB device IN endpoints interrupt status
1059:Drivers/STM32F1xx_HAL_Driver/Src/stm32f1xx_ll_usb.c ****   * @param  USBx  Selected device
1060:Drivers/STM32F1xx_HAL_Driver/Src/stm32f1xx_ll_usb.c ****   * @retval HAL status
1061:Drivers/STM32F1xx_HAL_Driver/Src/stm32f1xx_ll_usb.c ****   */
1062:Drivers/STM32F1xx_HAL_Driver/Src/stm32f1xx_ll_usb.c **** uint32_t USB_ReadDevAllInEpInterrupt(USB_OTG_GlobalTypeDef *USBx)
1063:Drivers/STM32F1xx_HAL_Driver/Src/stm32f1xx_ll_usb.c **** {
1064:Drivers/STM32F1xx_HAL_Driver/Src/stm32f1xx_ll_usb.c ****   uint32_t USBx_BASE = (uint32_t)USBx;
1065:Drivers/STM32F1xx_HAL_Driver/Src/stm32f1xx_ll_usb.c ****   uint32_t tmpreg;
1066:Drivers/STM32F1xx_HAL_Driver/Src/stm32f1xx_ll_usb.c **** 
1067:Drivers/STM32F1xx_HAL_Driver/Src/stm32f1xx_ll_usb.c ****   tmpreg  = USBx_DEVICE->DAINT;
1068:Drivers/STM32F1xx_HAL_Driver/Src/stm32f1xx_ll_usb.c ****   tmpreg &= USBx_DEVICE->DAINTMSK;
1069:Drivers/STM32F1xx_HAL_Driver/Src/stm32f1xx_ll_usb.c **** 
1070:Drivers/STM32F1xx_HAL_Driver/Src/stm32f1xx_ll_usb.c ****   return ((tmpreg & 0xFFFFU));
1071:Drivers/STM32F1xx_HAL_Driver/Src/stm32f1xx_ll_usb.c **** }
1072:Drivers/STM32F1xx_HAL_Driver/Src/stm32f1xx_ll_usb.c **** 
1073:Drivers/STM32F1xx_HAL_Driver/Src/stm32f1xx_ll_usb.c **** /**
1074:Drivers/STM32F1xx_HAL_Driver/Src/stm32f1xx_ll_usb.c ****   * @brief  Returns Device OUT EP Interrupt register
1075:Drivers/STM32F1xx_HAL_Driver/Src/stm32f1xx_ll_usb.c ****   * @param  USBx  Selected device
1076:Drivers/STM32F1xx_HAL_Driver/Src/stm32f1xx_ll_usb.c ****   * @param  epnum  endpoint number
1077:Drivers/STM32F1xx_HAL_Driver/Src/stm32f1xx_ll_usb.c ****   *          This parameter can be a value from 0 to 15
1078:Drivers/STM32F1xx_HAL_Driver/Src/stm32f1xx_ll_usb.c ****   * @retval Device OUT EP Interrupt register
1079:Drivers/STM32F1xx_HAL_Driver/Src/stm32f1xx_ll_usb.c ****   */
1080:Drivers/STM32F1xx_HAL_Driver/Src/stm32f1xx_ll_usb.c **** uint32_t USB_ReadDevOutEPInterrupt(USB_OTG_GlobalTypeDef *USBx, uint8_t epnum)
1081:Drivers/STM32F1xx_HAL_Driver/Src/stm32f1xx_ll_usb.c **** {
1082:Drivers/STM32F1xx_HAL_Driver/Src/stm32f1xx_ll_usb.c ****   uint32_t USBx_BASE = (uint32_t)USBx;
1083:Drivers/STM32F1xx_HAL_Driver/Src/stm32f1xx_ll_usb.c ****   uint32_t tmpreg;
1084:Drivers/STM32F1xx_HAL_Driver/Src/stm32f1xx_ll_usb.c **** 
1085:Drivers/STM32F1xx_HAL_Driver/Src/stm32f1xx_ll_usb.c ****   tmpreg  = USBx_OUTEP((uint32_t)epnum)->DOEPINT;
1086:Drivers/STM32F1xx_HAL_Driver/Src/stm32f1xx_ll_usb.c ****   tmpreg &= USBx_DEVICE->DOEPMSK;
1087:Drivers/STM32F1xx_HAL_Driver/Src/stm32f1xx_ll_usb.c **** 
1088:Drivers/STM32F1xx_HAL_Driver/Src/stm32f1xx_ll_usb.c ****   return tmpreg;
1089:Drivers/STM32F1xx_HAL_Driver/Src/stm32f1xx_ll_usb.c **** }
1090:Drivers/STM32F1xx_HAL_Driver/Src/stm32f1xx_ll_usb.c **** 
1091:Drivers/STM32F1xx_HAL_Driver/Src/stm32f1xx_ll_usb.c **** /**
1092:Drivers/STM32F1xx_HAL_Driver/Src/stm32f1xx_ll_usb.c ****   * @brief  Returns Device IN EP Interrupt register
1093:Drivers/STM32F1xx_HAL_Driver/Src/stm32f1xx_ll_usb.c ****   * @param  USBx  Selected device
1094:Drivers/STM32F1xx_HAL_Driver/Src/stm32f1xx_ll_usb.c ****   * @param  epnum  endpoint number
1095:Drivers/STM32F1xx_HAL_Driver/Src/stm32f1xx_ll_usb.c ****   *          This parameter can be a value from 0 to 15
1096:Drivers/STM32F1xx_HAL_Driver/Src/stm32f1xx_ll_usb.c ****   * @retval Device IN EP Interrupt register
1097:Drivers/STM32F1xx_HAL_Driver/Src/stm32f1xx_ll_usb.c ****   */
1098:Drivers/STM32F1xx_HAL_Driver/Src/stm32f1xx_ll_usb.c **** uint32_t USB_ReadDevInEPInterrupt(USB_OTG_GlobalTypeDef *USBx, uint8_t epnum)
1099:Drivers/STM32F1xx_HAL_Driver/Src/stm32f1xx_ll_usb.c **** {
1100:Drivers/STM32F1xx_HAL_Driver/Src/stm32f1xx_ll_usb.c ****   uint32_t USBx_BASE = (uint32_t)USBx;
1101:Drivers/STM32F1xx_HAL_Driver/Src/stm32f1xx_ll_usb.c ****   uint32_t tmpreg;
1102:Drivers/STM32F1xx_HAL_Driver/Src/stm32f1xx_ll_usb.c ****   uint32_t msk;
1103:Drivers/STM32F1xx_HAL_Driver/Src/stm32f1xx_ll_usb.c ****   uint32_t emp;
1104:Drivers/STM32F1xx_HAL_Driver/Src/stm32f1xx_ll_usb.c **** 
1105:Drivers/STM32F1xx_HAL_Driver/Src/stm32f1xx_ll_usb.c ****   msk = USBx_DEVICE->DIEPMSK;
1106:Drivers/STM32F1xx_HAL_Driver/Src/stm32f1xx_ll_usb.c ****   emp = USBx_DEVICE->DIEPEMPMSK;
1107:Drivers/STM32F1xx_HAL_Driver/Src/stm32f1xx_ll_usb.c ****   msk |= ((emp >> (epnum & EP_ADDR_MSK)) & 0x1U) << 7;
1108:Drivers/STM32F1xx_HAL_Driver/Src/stm32f1xx_ll_usb.c ****   tmpreg = USBx_INEP((uint32_t)epnum)->DIEPINT & msk;
1109:Drivers/STM32F1xx_HAL_Driver/Src/stm32f1xx_ll_usb.c **** 
1110:Drivers/STM32F1xx_HAL_Driver/Src/stm32f1xx_ll_usb.c ****   return tmpreg;
1111:Drivers/STM32F1xx_HAL_Driver/Src/stm32f1xx_ll_usb.c **** }
1112:Drivers/STM32F1xx_HAL_Driver/Src/stm32f1xx_ll_usb.c **** 
1113:Drivers/STM32F1xx_HAL_Driver/Src/stm32f1xx_ll_usb.c **** /**
1114:Drivers/STM32F1xx_HAL_Driver/Src/stm32f1xx_ll_usb.c ****   * @brief  USB_ClearInterrupts: clear a USB interrupt
ARM GAS  /tmp/ccZyOP9D.s 			page 21


1115:Drivers/STM32F1xx_HAL_Driver/Src/stm32f1xx_ll_usb.c ****   * @param  USBx  Selected device
1116:Drivers/STM32F1xx_HAL_Driver/Src/stm32f1xx_ll_usb.c ****   * @param  interrupt  flag
1117:Drivers/STM32F1xx_HAL_Driver/Src/stm32f1xx_ll_usb.c ****   * @retval None
1118:Drivers/STM32F1xx_HAL_Driver/Src/stm32f1xx_ll_usb.c ****   */
1119:Drivers/STM32F1xx_HAL_Driver/Src/stm32f1xx_ll_usb.c **** void  USB_ClearInterrupts(USB_OTG_GlobalTypeDef *USBx, uint32_t interrupt)
1120:Drivers/STM32F1xx_HAL_Driver/Src/stm32f1xx_ll_usb.c **** {
1121:Drivers/STM32F1xx_HAL_Driver/Src/stm32f1xx_ll_usb.c ****   USBx->GINTSTS |= interrupt;
1122:Drivers/STM32F1xx_HAL_Driver/Src/stm32f1xx_ll_usb.c **** }
1123:Drivers/STM32F1xx_HAL_Driver/Src/stm32f1xx_ll_usb.c **** 
1124:Drivers/STM32F1xx_HAL_Driver/Src/stm32f1xx_ll_usb.c **** /**
1125:Drivers/STM32F1xx_HAL_Driver/Src/stm32f1xx_ll_usb.c ****   * @brief  Returns USB core mode
1126:Drivers/STM32F1xx_HAL_Driver/Src/stm32f1xx_ll_usb.c ****   * @param  USBx  Selected device
1127:Drivers/STM32F1xx_HAL_Driver/Src/stm32f1xx_ll_usb.c ****   * @retval return core mode : Host or Device
1128:Drivers/STM32F1xx_HAL_Driver/Src/stm32f1xx_ll_usb.c ****   *          This parameter can be one of these values:
1129:Drivers/STM32F1xx_HAL_Driver/Src/stm32f1xx_ll_usb.c ****   *           0 : Host
1130:Drivers/STM32F1xx_HAL_Driver/Src/stm32f1xx_ll_usb.c ****   *           1 : Device
1131:Drivers/STM32F1xx_HAL_Driver/Src/stm32f1xx_ll_usb.c ****   */
1132:Drivers/STM32F1xx_HAL_Driver/Src/stm32f1xx_ll_usb.c **** uint32_t USB_GetMode(USB_OTG_GlobalTypeDef *USBx)
1133:Drivers/STM32F1xx_HAL_Driver/Src/stm32f1xx_ll_usb.c **** {
1134:Drivers/STM32F1xx_HAL_Driver/Src/stm32f1xx_ll_usb.c ****   return ((USBx->GINTSTS) & 0x1U);
1135:Drivers/STM32F1xx_HAL_Driver/Src/stm32f1xx_ll_usb.c **** }
1136:Drivers/STM32F1xx_HAL_Driver/Src/stm32f1xx_ll_usb.c **** 
1137:Drivers/STM32F1xx_HAL_Driver/Src/stm32f1xx_ll_usb.c **** /**
1138:Drivers/STM32F1xx_HAL_Driver/Src/stm32f1xx_ll_usb.c ****   * @brief  Activate EP0 for Setup transactions
1139:Drivers/STM32F1xx_HAL_Driver/Src/stm32f1xx_ll_usb.c ****   * @param  USBx  Selected device
1140:Drivers/STM32F1xx_HAL_Driver/Src/stm32f1xx_ll_usb.c ****   * @retval HAL status
1141:Drivers/STM32F1xx_HAL_Driver/Src/stm32f1xx_ll_usb.c ****   */
1142:Drivers/STM32F1xx_HAL_Driver/Src/stm32f1xx_ll_usb.c **** HAL_StatusTypeDef  USB_ActivateSetup(USB_OTG_GlobalTypeDef *USBx)
1143:Drivers/STM32F1xx_HAL_Driver/Src/stm32f1xx_ll_usb.c **** {
1144:Drivers/STM32F1xx_HAL_Driver/Src/stm32f1xx_ll_usb.c ****   uint32_t USBx_BASE = (uint32_t)USBx;
1145:Drivers/STM32F1xx_HAL_Driver/Src/stm32f1xx_ll_usb.c **** 
1146:Drivers/STM32F1xx_HAL_Driver/Src/stm32f1xx_ll_usb.c ****   /* Set the MPS of the IN EP0 to 64 bytes */
1147:Drivers/STM32F1xx_HAL_Driver/Src/stm32f1xx_ll_usb.c ****   USBx_INEP(0U)->DIEPCTL &= ~USB_OTG_DIEPCTL_MPSIZ;
1148:Drivers/STM32F1xx_HAL_Driver/Src/stm32f1xx_ll_usb.c **** 
1149:Drivers/STM32F1xx_HAL_Driver/Src/stm32f1xx_ll_usb.c ****   USBx_DEVICE->DCTL |= USB_OTG_DCTL_CGINAK;
1150:Drivers/STM32F1xx_HAL_Driver/Src/stm32f1xx_ll_usb.c **** 
1151:Drivers/STM32F1xx_HAL_Driver/Src/stm32f1xx_ll_usb.c ****   return HAL_OK;
1152:Drivers/STM32F1xx_HAL_Driver/Src/stm32f1xx_ll_usb.c **** }
1153:Drivers/STM32F1xx_HAL_Driver/Src/stm32f1xx_ll_usb.c **** 
1154:Drivers/STM32F1xx_HAL_Driver/Src/stm32f1xx_ll_usb.c **** /**
1155:Drivers/STM32F1xx_HAL_Driver/Src/stm32f1xx_ll_usb.c ****   * @brief  Prepare the EP0 to start the first control setup
1156:Drivers/STM32F1xx_HAL_Driver/Src/stm32f1xx_ll_usb.c ****   * @param  USBx  Selected device
1157:Drivers/STM32F1xx_HAL_Driver/Src/stm32f1xx_ll_usb.c ****   * @param  psetup  pointer to setup packet
1158:Drivers/STM32F1xx_HAL_Driver/Src/stm32f1xx_ll_usb.c ****   * @retval HAL status
1159:Drivers/STM32F1xx_HAL_Driver/Src/stm32f1xx_ll_usb.c ****   */
1160:Drivers/STM32F1xx_HAL_Driver/Src/stm32f1xx_ll_usb.c **** HAL_StatusTypeDef USB_EP0_OutStart(USB_OTG_GlobalTypeDef *USBx, uint8_t *psetup)
1161:Drivers/STM32F1xx_HAL_Driver/Src/stm32f1xx_ll_usb.c **** {
1162:Drivers/STM32F1xx_HAL_Driver/Src/stm32f1xx_ll_usb.c ****   uint32_t USBx_BASE = (uint32_t)USBx;
1163:Drivers/STM32F1xx_HAL_Driver/Src/stm32f1xx_ll_usb.c ****   uint32_t gSNPSiD = *(__IO uint32_t *)(&USBx->CID + 0x1U);
1164:Drivers/STM32F1xx_HAL_Driver/Src/stm32f1xx_ll_usb.c ****   UNUSED(psetup);
1165:Drivers/STM32F1xx_HAL_Driver/Src/stm32f1xx_ll_usb.c **** 
1166:Drivers/STM32F1xx_HAL_Driver/Src/stm32f1xx_ll_usb.c ****   if (gSNPSiD > USB_OTG_CORE_ID_300A)
1167:Drivers/STM32F1xx_HAL_Driver/Src/stm32f1xx_ll_usb.c ****   {
1168:Drivers/STM32F1xx_HAL_Driver/Src/stm32f1xx_ll_usb.c ****     if ((USBx_OUTEP(0U)->DOEPCTL & USB_OTG_DOEPCTL_EPENA) == USB_OTG_DOEPCTL_EPENA)
1169:Drivers/STM32F1xx_HAL_Driver/Src/stm32f1xx_ll_usb.c ****     {
1170:Drivers/STM32F1xx_HAL_Driver/Src/stm32f1xx_ll_usb.c ****       return HAL_OK;
1171:Drivers/STM32F1xx_HAL_Driver/Src/stm32f1xx_ll_usb.c ****     }
ARM GAS  /tmp/ccZyOP9D.s 			page 22


1172:Drivers/STM32F1xx_HAL_Driver/Src/stm32f1xx_ll_usb.c ****   }
1173:Drivers/STM32F1xx_HAL_Driver/Src/stm32f1xx_ll_usb.c **** 
1174:Drivers/STM32F1xx_HAL_Driver/Src/stm32f1xx_ll_usb.c ****   USBx_OUTEP(0U)->DOEPTSIZ = 0U;
1175:Drivers/STM32F1xx_HAL_Driver/Src/stm32f1xx_ll_usb.c ****   USBx_OUTEP(0U)->DOEPTSIZ |= (USB_OTG_DOEPTSIZ_PKTCNT & (1U << 19));
1176:Drivers/STM32F1xx_HAL_Driver/Src/stm32f1xx_ll_usb.c ****   USBx_OUTEP(0U)->DOEPTSIZ |= (3U * 8U);
1177:Drivers/STM32F1xx_HAL_Driver/Src/stm32f1xx_ll_usb.c ****   USBx_OUTEP(0U)->DOEPTSIZ |=  USB_OTG_DOEPTSIZ_STUPCNT;
1178:Drivers/STM32F1xx_HAL_Driver/Src/stm32f1xx_ll_usb.c **** 
1179:Drivers/STM32F1xx_HAL_Driver/Src/stm32f1xx_ll_usb.c ****   return HAL_OK;
1180:Drivers/STM32F1xx_HAL_Driver/Src/stm32f1xx_ll_usb.c **** }
1181:Drivers/STM32F1xx_HAL_Driver/Src/stm32f1xx_ll_usb.c **** 
1182:Drivers/STM32F1xx_HAL_Driver/Src/stm32f1xx_ll_usb.c **** /**
1183:Drivers/STM32F1xx_HAL_Driver/Src/stm32f1xx_ll_usb.c ****   * @brief  Reset the USB Core (needed after USB clock settings change)
1184:Drivers/STM32F1xx_HAL_Driver/Src/stm32f1xx_ll_usb.c ****   * @param  USBx  Selected device
1185:Drivers/STM32F1xx_HAL_Driver/Src/stm32f1xx_ll_usb.c ****   * @retval HAL status
1186:Drivers/STM32F1xx_HAL_Driver/Src/stm32f1xx_ll_usb.c ****   */
1187:Drivers/STM32F1xx_HAL_Driver/Src/stm32f1xx_ll_usb.c **** static HAL_StatusTypeDef USB_CoreReset(USB_OTG_GlobalTypeDef *USBx)
1188:Drivers/STM32F1xx_HAL_Driver/Src/stm32f1xx_ll_usb.c **** {
1189:Drivers/STM32F1xx_HAL_Driver/Src/stm32f1xx_ll_usb.c ****   uint32_t count = 0U;
1190:Drivers/STM32F1xx_HAL_Driver/Src/stm32f1xx_ll_usb.c **** 
1191:Drivers/STM32F1xx_HAL_Driver/Src/stm32f1xx_ll_usb.c ****   /* Wait for AHB master IDLE state. */
1192:Drivers/STM32F1xx_HAL_Driver/Src/stm32f1xx_ll_usb.c ****   do
1193:Drivers/STM32F1xx_HAL_Driver/Src/stm32f1xx_ll_usb.c ****   {
1194:Drivers/STM32F1xx_HAL_Driver/Src/stm32f1xx_ll_usb.c ****     if (++count > 200000U)
1195:Drivers/STM32F1xx_HAL_Driver/Src/stm32f1xx_ll_usb.c ****     {
1196:Drivers/STM32F1xx_HAL_Driver/Src/stm32f1xx_ll_usb.c ****       return HAL_TIMEOUT;
1197:Drivers/STM32F1xx_HAL_Driver/Src/stm32f1xx_ll_usb.c ****     }
1198:Drivers/STM32F1xx_HAL_Driver/Src/stm32f1xx_ll_usb.c ****   } while ((USBx->GRSTCTL & USB_OTG_GRSTCTL_AHBIDL) == 0U);
1199:Drivers/STM32F1xx_HAL_Driver/Src/stm32f1xx_ll_usb.c **** 
1200:Drivers/STM32F1xx_HAL_Driver/Src/stm32f1xx_ll_usb.c ****   /* Core Soft Reset */
1201:Drivers/STM32F1xx_HAL_Driver/Src/stm32f1xx_ll_usb.c ****   count = 0U;
1202:Drivers/STM32F1xx_HAL_Driver/Src/stm32f1xx_ll_usb.c ****   USBx->GRSTCTL |= USB_OTG_GRSTCTL_CSRST;
1203:Drivers/STM32F1xx_HAL_Driver/Src/stm32f1xx_ll_usb.c **** 
1204:Drivers/STM32F1xx_HAL_Driver/Src/stm32f1xx_ll_usb.c ****   do
1205:Drivers/STM32F1xx_HAL_Driver/Src/stm32f1xx_ll_usb.c ****   {
1206:Drivers/STM32F1xx_HAL_Driver/Src/stm32f1xx_ll_usb.c ****     if (++count > 200000U)
1207:Drivers/STM32F1xx_HAL_Driver/Src/stm32f1xx_ll_usb.c ****     {
1208:Drivers/STM32F1xx_HAL_Driver/Src/stm32f1xx_ll_usb.c ****       return HAL_TIMEOUT;
1209:Drivers/STM32F1xx_HAL_Driver/Src/stm32f1xx_ll_usb.c ****     }
1210:Drivers/STM32F1xx_HAL_Driver/Src/stm32f1xx_ll_usb.c ****   } while ((USBx->GRSTCTL & USB_OTG_GRSTCTL_CSRST) == USB_OTG_GRSTCTL_CSRST);
1211:Drivers/STM32F1xx_HAL_Driver/Src/stm32f1xx_ll_usb.c **** 
1212:Drivers/STM32F1xx_HAL_Driver/Src/stm32f1xx_ll_usb.c ****   return HAL_OK;
1213:Drivers/STM32F1xx_HAL_Driver/Src/stm32f1xx_ll_usb.c **** }
1214:Drivers/STM32F1xx_HAL_Driver/Src/stm32f1xx_ll_usb.c **** 
1215:Drivers/STM32F1xx_HAL_Driver/Src/stm32f1xx_ll_usb.c **** /**
1216:Drivers/STM32F1xx_HAL_Driver/Src/stm32f1xx_ll_usb.c ****   * @brief  USB_HostInit : Initializes the USB OTG controller registers
1217:Drivers/STM32F1xx_HAL_Driver/Src/stm32f1xx_ll_usb.c ****   *         for Host mode
1218:Drivers/STM32F1xx_HAL_Driver/Src/stm32f1xx_ll_usb.c ****   * @param  USBx  Selected device
1219:Drivers/STM32F1xx_HAL_Driver/Src/stm32f1xx_ll_usb.c ****   * @param  cfg   pointer to a USB_OTG_CfgTypeDef structure that contains
1220:Drivers/STM32F1xx_HAL_Driver/Src/stm32f1xx_ll_usb.c ****   *         the configuration information for the specified USBx peripheral.
1221:Drivers/STM32F1xx_HAL_Driver/Src/stm32f1xx_ll_usb.c ****   * @retval HAL status
1222:Drivers/STM32F1xx_HAL_Driver/Src/stm32f1xx_ll_usb.c ****   */
1223:Drivers/STM32F1xx_HAL_Driver/Src/stm32f1xx_ll_usb.c **** HAL_StatusTypeDef USB_HostInit(USB_OTG_GlobalTypeDef *USBx, USB_OTG_CfgTypeDef cfg)
1224:Drivers/STM32F1xx_HAL_Driver/Src/stm32f1xx_ll_usb.c **** {
1225:Drivers/STM32F1xx_HAL_Driver/Src/stm32f1xx_ll_usb.c ****   uint32_t USBx_BASE = (uint32_t)USBx;
1226:Drivers/STM32F1xx_HAL_Driver/Src/stm32f1xx_ll_usb.c ****   uint32_t i;
1227:Drivers/STM32F1xx_HAL_Driver/Src/stm32f1xx_ll_usb.c **** 
1228:Drivers/STM32F1xx_HAL_Driver/Src/stm32f1xx_ll_usb.c ****   /* Restart the Phy Clock */
ARM GAS  /tmp/ccZyOP9D.s 			page 23


1229:Drivers/STM32F1xx_HAL_Driver/Src/stm32f1xx_ll_usb.c ****   USBx_PCGCCTL = 0U;
1230:Drivers/STM32F1xx_HAL_Driver/Src/stm32f1xx_ll_usb.c **** 
1231:Drivers/STM32F1xx_HAL_Driver/Src/stm32f1xx_ll_usb.c ****   /* Disable VBUS sensing */
1232:Drivers/STM32F1xx_HAL_Driver/Src/stm32f1xx_ll_usb.c ****   USBx->GCCFG &= ~(USB_OTG_GCCFG_VBUSASEN);
1233:Drivers/STM32F1xx_HAL_Driver/Src/stm32f1xx_ll_usb.c ****   USBx->GCCFG &= ~(USB_OTG_GCCFG_VBUSBSEN);
1234:Drivers/STM32F1xx_HAL_Driver/Src/stm32f1xx_ll_usb.c ****   /* Set default Max speed support */
1235:Drivers/STM32F1xx_HAL_Driver/Src/stm32f1xx_ll_usb.c ****   USBx_HOST->HCFG &= ~(USB_OTG_HCFG_FSLSS);
1236:Drivers/STM32F1xx_HAL_Driver/Src/stm32f1xx_ll_usb.c **** 
1237:Drivers/STM32F1xx_HAL_Driver/Src/stm32f1xx_ll_usb.c ****   /* Make sure the FIFOs are flushed. */
1238:Drivers/STM32F1xx_HAL_Driver/Src/stm32f1xx_ll_usb.c ****   (void)USB_FlushTxFifo(USBx, 0x10U); /* all Tx FIFOs */
1239:Drivers/STM32F1xx_HAL_Driver/Src/stm32f1xx_ll_usb.c ****   (void)USB_FlushRxFifo(USBx);
1240:Drivers/STM32F1xx_HAL_Driver/Src/stm32f1xx_ll_usb.c **** 
1241:Drivers/STM32F1xx_HAL_Driver/Src/stm32f1xx_ll_usb.c ****   /* Clear all pending HC Interrupts */
1242:Drivers/STM32F1xx_HAL_Driver/Src/stm32f1xx_ll_usb.c ****   for (i = 0U; i < cfg.Host_channels; i++)
1243:Drivers/STM32F1xx_HAL_Driver/Src/stm32f1xx_ll_usb.c ****   {
1244:Drivers/STM32F1xx_HAL_Driver/Src/stm32f1xx_ll_usb.c ****     USBx_HC(i)->HCINT = 0xFFFFFFFFU;
1245:Drivers/STM32F1xx_HAL_Driver/Src/stm32f1xx_ll_usb.c ****     USBx_HC(i)->HCINTMSK = 0U;
1246:Drivers/STM32F1xx_HAL_Driver/Src/stm32f1xx_ll_usb.c ****   }
1247:Drivers/STM32F1xx_HAL_Driver/Src/stm32f1xx_ll_usb.c **** 
1248:Drivers/STM32F1xx_HAL_Driver/Src/stm32f1xx_ll_usb.c ****   /* Disable all interrupts. */
1249:Drivers/STM32F1xx_HAL_Driver/Src/stm32f1xx_ll_usb.c ****   USBx->GINTMSK = 0U;
1250:Drivers/STM32F1xx_HAL_Driver/Src/stm32f1xx_ll_usb.c **** 
1251:Drivers/STM32F1xx_HAL_Driver/Src/stm32f1xx_ll_usb.c ****   /* Clear any pending interrupts */
1252:Drivers/STM32F1xx_HAL_Driver/Src/stm32f1xx_ll_usb.c ****   USBx->GINTSTS = 0xFFFFFFFFU;
1253:Drivers/STM32F1xx_HAL_Driver/Src/stm32f1xx_ll_usb.c **** 
1254:Drivers/STM32F1xx_HAL_Driver/Src/stm32f1xx_ll_usb.c ****   /* set Rx FIFO size */
1255:Drivers/STM32F1xx_HAL_Driver/Src/stm32f1xx_ll_usb.c ****   USBx->GRXFSIZ  = 0x80U;
1256:Drivers/STM32F1xx_HAL_Driver/Src/stm32f1xx_ll_usb.c ****   USBx->DIEPTXF0_HNPTXFSIZ = (uint32_t)(((0x60U << 16) & USB_OTG_NPTXFD) | 0x80U);
1257:Drivers/STM32F1xx_HAL_Driver/Src/stm32f1xx_ll_usb.c ****   USBx->HPTXFSIZ = (uint32_t)(((0x40U << 16)& USB_OTG_HPTXFSIZ_PTXFD) | 0xE0U);
1258:Drivers/STM32F1xx_HAL_Driver/Src/stm32f1xx_ll_usb.c ****   /* Enable the common interrupts */
1259:Drivers/STM32F1xx_HAL_Driver/Src/stm32f1xx_ll_usb.c ****   USBx->GINTMSK |= USB_OTG_GINTMSK_RXFLVLM;
1260:Drivers/STM32F1xx_HAL_Driver/Src/stm32f1xx_ll_usb.c **** 
1261:Drivers/STM32F1xx_HAL_Driver/Src/stm32f1xx_ll_usb.c ****   /* Enable interrupts matching to the Host mode ONLY */
1262:Drivers/STM32F1xx_HAL_Driver/Src/stm32f1xx_ll_usb.c ****   USBx->GINTMSK |= (USB_OTG_GINTMSK_PRTIM            | USB_OTG_GINTMSK_HCIM | \
1263:Drivers/STM32F1xx_HAL_Driver/Src/stm32f1xx_ll_usb.c ****                     USB_OTG_GINTMSK_SOFM             | USB_OTG_GINTSTS_DISCINT | \
1264:Drivers/STM32F1xx_HAL_Driver/Src/stm32f1xx_ll_usb.c ****                     USB_OTG_GINTMSK_PXFRM_IISOOXFRM  | USB_OTG_GINTMSK_WUIM);
1265:Drivers/STM32F1xx_HAL_Driver/Src/stm32f1xx_ll_usb.c **** 
1266:Drivers/STM32F1xx_HAL_Driver/Src/stm32f1xx_ll_usb.c ****   return HAL_OK;
1267:Drivers/STM32F1xx_HAL_Driver/Src/stm32f1xx_ll_usb.c **** }
1268:Drivers/STM32F1xx_HAL_Driver/Src/stm32f1xx_ll_usb.c **** 
1269:Drivers/STM32F1xx_HAL_Driver/Src/stm32f1xx_ll_usb.c **** /**
1270:Drivers/STM32F1xx_HAL_Driver/Src/stm32f1xx_ll_usb.c ****   * @brief  USB_InitFSLSPClkSel : Initializes the FSLSPClkSel field of the
1271:Drivers/STM32F1xx_HAL_Driver/Src/stm32f1xx_ll_usb.c ****   *         HCFG register on the PHY type and set the right frame interval
1272:Drivers/STM32F1xx_HAL_Driver/Src/stm32f1xx_ll_usb.c ****   * @param  USBx  Selected device
1273:Drivers/STM32F1xx_HAL_Driver/Src/stm32f1xx_ll_usb.c ****   * @param  freq  clock frequency
1274:Drivers/STM32F1xx_HAL_Driver/Src/stm32f1xx_ll_usb.c ****   *          This parameter can be one of these values:
1275:Drivers/STM32F1xx_HAL_Driver/Src/stm32f1xx_ll_usb.c ****   *           HCFG_48_MHZ : Full Speed 48 MHz Clock
1276:Drivers/STM32F1xx_HAL_Driver/Src/stm32f1xx_ll_usb.c ****   *           HCFG_6_MHZ : Low Speed 6 MHz Clock
1277:Drivers/STM32F1xx_HAL_Driver/Src/stm32f1xx_ll_usb.c ****   * @retval HAL status
1278:Drivers/STM32F1xx_HAL_Driver/Src/stm32f1xx_ll_usb.c ****   */
1279:Drivers/STM32F1xx_HAL_Driver/Src/stm32f1xx_ll_usb.c **** HAL_StatusTypeDef USB_InitFSLSPClkSel(USB_OTG_GlobalTypeDef *USBx, uint8_t freq)
1280:Drivers/STM32F1xx_HAL_Driver/Src/stm32f1xx_ll_usb.c **** {
1281:Drivers/STM32F1xx_HAL_Driver/Src/stm32f1xx_ll_usb.c ****   uint32_t USBx_BASE = (uint32_t)USBx;
1282:Drivers/STM32F1xx_HAL_Driver/Src/stm32f1xx_ll_usb.c **** 
1283:Drivers/STM32F1xx_HAL_Driver/Src/stm32f1xx_ll_usb.c ****   USBx_HOST->HCFG &= ~(USB_OTG_HCFG_FSLSPCS);
1284:Drivers/STM32F1xx_HAL_Driver/Src/stm32f1xx_ll_usb.c ****   USBx_HOST->HCFG |= (uint32_t)freq & USB_OTG_HCFG_FSLSPCS;
1285:Drivers/STM32F1xx_HAL_Driver/Src/stm32f1xx_ll_usb.c **** 
ARM GAS  /tmp/ccZyOP9D.s 			page 24


1286:Drivers/STM32F1xx_HAL_Driver/Src/stm32f1xx_ll_usb.c ****   if (freq == HCFG_48_MHZ)
1287:Drivers/STM32F1xx_HAL_Driver/Src/stm32f1xx_ll_usb.c ****   {
1288:Drivers/STM32F1xx_HAL_Driver/Src/stm32f1xx_ll_usb.c ****     USBx_HOST->HFIR = 48000U;
1289:Drivers/STM32F1xx_HAL_Driver/Src/stm32f1xx_ll_usb.c ****   }
1290:Drivers/STM32F1xx_HAL_Driver/Src/stm32f1xx_ll_usb.c ****   else if (freq == HCFG_6_MHZ)
1291:Drivers/STM32F1xx_HAL_Driver/Src/stm32f1xx_ll_usb.c ****   {
1292:Drivers/STM32F1xx_HAL_Driver/Src/stm32f1xx_ll_usb.c ****     USBx_HOST->HFIR = 6000U;
1293:Drivers/STM32F1xx_HAL_Driver/Src/stm32f1xx_ll_usb.c ****   }
1294:Drivers/STM32F1xx_HAL_Driver/Src/stm32f1xx_ll_usb.c ****   else
1295:Drivers/STM32F1xx_HAL_Driver/Src/stm32f1xx_ll_usb.c ****   {
1296:Drivers/STM32F1xx_HAL_Driver/Src/stm32f1xx_ll_usb.c ****     /* ... */
1297:Drivers/STM32F1xx_HAL_Driver/Src/stm32f1xx_ll_usb.c ****   }
1298:Drivers/STM32F1xx_HAL_Driver/Src/stm32f1xx_ll_usb.c **** 
1299:Drivers/STM32F1xx_HAL_Driver/Src/stm32f1xx_ll_usb.c ****   return HAL_OK;
1300:Drivers/STM32F1xx_HAL_Driver/Src/stm32f1xx_ll_usb.c **** }
1301:Drivers/STM32F1xx_HAL_Driver/Src/stm32f1xx_ll_usb.c **** 
1302:Drivers/STM32F1xx_HAL_Driver/Src/stm32f1xx_ll_usb.c **** /**
1303:Drivers/STM32F1xx_HAL_Driver/Src/stm32f1xx_ll_usb.c ****   * @brief  USB_OTG_ResetPort : Reset Host Port
1304:Drivers/STM32F1xx_HAL_Driver/Src/stm32f1xx_ll_usb.c ****   * @param  USBx  Selected device
1305:Drivers/STM32F1xx_HAL_Driver/Src/stm32f1xx_ll_usb.c ****   * @retval HAL status
1306:Drivers/STM32F1xx_HAL_Driver/Src/stm32f1xx_ll_usb.c ****   * @note (1)The application must wait at least 10 ms
1307:Drivers/STM32F1xx_HAL_Driver/Src/stm32f1xx_ll_usb.c ****   *   before clearing the reset bit.
1308:Drivers/STM32F1xx_HAL_Driver/Src/stm32f1xx_ll_usb.c ****   */
1309:Drivers/STM32F1xx_HAL_Driver/Src/stm32f1xx_ll_usb.c **** HAL_StatusTypeDef USB_ResetPort(USB_OTG_GlobalTypeDef *USBx)
1310:Drivers/STM32F1xx_HAL_Driver/Src/stm32f1xx_ll_usb.c **** {
1311:Drivers/STM32F1xx_HAL_Driver/Src/stm32f1xx_ll_usb.c ****   uint32_t USBx_BASE = (uint32_t)USBx;
1312:Drivers/STM32F1xx_HAL_Driver/Src/stm32f1xx_ll_usb.c **** 
1313:Drivers/STM32F1xx_HAL_Driver/Src/stm32f1xx_ll_usb.c ****   __IO uint32_t hprt0 = 0U;
1314:Drivers/STM32F1xx_HAL_Driver/Src/stm32f1xx_ll_usb.c **** 
1315:Drivers/STM32F1xx_HAL_Driver/Src/stm32f1xx_ll_usb.c ****   hprt0 = USBx_HPRT0;
1316:Drivers/STM32F1xx_HAL_Driver/Src/stm32f1xx_ll_usb.c **** 
1317:Drivers/STM32F1xx_HAL_Driver/Src/stm32f1xx_ll_usb.c ****   hprt0 &= ~(USB_OTG_HPRT_PENA | USB_OTG_HPRT_PCDET |
1318:Drivers/STM32F1xx_HAL_Driver/Src/stm32f1xx_ll_usb.c ****              USB_OTG_HPRT_PENCHNG | USB_OTG_HPRT_POCCHNG);
1319:Drivers/STM32F1xx_HAL_Driver/Src/stm32f1xx_ll_usb.c **** 
1320:Drivers/STM32F1xx_HAL_Driver/Src/stm32f1xx_ll_usb.c ****   USBx_HPRT0 = (USB_OTG_HPRT_PRST | hprt0);
1321:Drivers/STM32F1xx_HAL_Driver/Src/stm32f1xx_ll_usb.c ****   HAL_Delay(100U);                                 /* See Note #1 */
1322:Drivers/STM32F1xx_HAL_Driver/Src/stm32f1xx_ll_usb.c ****   USBx_HPRT0 = ((~USB_OTG_HPRT_PRST) & hprt0);
1323:Drivers/STM32F1xx_HAL_Driver/Src/stm32f1xx_ll_usb.c ****   HAL_Delay(10U);
1324:Drivers/STM32F1xx_HAL_Driver/Src/stm32f1xx_ll_usb.c **** 
1325:Drivers/STM32F1xx_HAL_Driver/Src/stm32f1xx_ll_usb.c ****   return HAL_OK;
1326:Drivers/STM32F1xx_HAL_Driver/Src/stm32f1xx_ll_usb.c **** }
1327:Drivers/STM32F1xx_HAL_Driver/Src/stm32f1xx_ll_usb.c **** 
1328:Drivers/STM32F1xx_HAL_Driver/Src/stm32f1xx_ll_usb.c **** /**
1329:Drivers/STM32F1xx_HAL_Driver/Src/stm32f1xx_ll_usb.c ****   * @brief  USB_DriveVbus : activate or de-activate vbus
1330:Drivers/STM32F1xx_HAL_Driver/Src/stm32f1xx_ll_usb.c ****   * @param  state  VBUS state
1331:Drivers/STM32F1xx_HAL_Driver/Src/stm32f1xx_ll_usb.c ****   *          This parameter can be one of these values:
1332:Drivers/STM32F1xx_HAL_Driver/Src/stm32f1xx_ll_usb.c ****   *           0 : Deactivate VBUS
1333:Drivers/STM32F1xx_HAL_Driver/Src/stm32f1xx_ll_usb.c ****   *           1 : Activate VBUS
1334:Drivers/STM32F1xx_HAL_Driver/Src/stm32f1xx_ll_usb.c ****   * @retval HAL status
1335:Drivers/STM32F1xx_HAL_Driver/Src/stm32f1xx_ll_usb.c ****   */
1336:Drivers/STM32F1xx_HAL_Driver/Src/stm32f1xx_ll_usb.c **** HAL_StatusTypeDef USB_DriveVbus(USB_OTG_GlobalTypeDef *USBx, uint8_t state)
1337:Drivers/STM32F1xx_HAL_Driver/Src/stm32f1xx_ll_usb.c **** {
1338:Drivers/STM32F1xx_HAL_Driver/Src/stm32f1xx_ll_usb.c ****   uint32_t USBx_BASE = (uint32_t)USBx;
1339:Drivers/STM32F1xx_HAL_Driver/Src/stm32f1xx_ll_usb.c ****   __IO uint32_t hprt0 = 0U;
1340:Drivers/STM32F1xx_HAL_Driver/Src/stm32f1xx_ll_usb.c **** 
1341:Drivers/STM32F1xx_HAL_Driver/Src/stm32f1xx_ll_usb.c ****   hprt0 = USBx_HPRT0;
1342:Drivers/STM32F1xx_HAL_Driver/Src/stm32f1xx_ll_usb.c **** 
ARM GAS  /tmp/ccZyOP9D.s 			page 25


1343:Drivers/STM32F1xx_HAL_Driver/Src/stm32f1xx_ll_usb.c ****   hprt0 &= ~(USB_OTG_HPRT_PENA | USB_OTG_HPRT_PCDET |
1344:Drivers/STM32F1xx_HAL_Driver/Src/stm32f1xx_ll_usb.c ****              USB_OTG_HPRT_PENCHNG | USB_OTG_HPRT_POCCHNG);
1345:Drivers/STM32F1xx_HAL_Driver/Src/stm32f1xx_ll_usb.c **** 
1346:Drivers/STM32F1xx_HAL_Driver/Src/stm32f1xx_ll_usb.c ****   if (((hprt0 & USB_OTG_HPRT_PPWR) == 0U) && (state == 1U))
1347:Drivers/STM32F1xx_HAL_Driver/Src/stm32f1xx_ll_usb.c ****   {
1348:Drivers/STM32F1xx_HAL_Driver/Src/stm32f1xx_ll_usb.c ****     USBx_HPRT0 = (USB_OTG_HPRT_PPWR | hprt0);
1349:Drivers/STM32F1xx_HAL_Driver/Src/stm32f1xx_ll_usb.c ****   }
1350:Drivers/STM32F1xx_HAL_Driver/Src/stm32f1xx_ll_usb.c ****   if (((hprt0 & USB_OTG_HPRT_PPWR) == USB_OTG_HPRT_PPWR) && (state == 0U))
1351:Drivers/STM32F1xx_HAL_Driver/Src/stm32f1xx_ll_usb.c ****   {
1352:Drivers/STM32F1xx_HAL_Driver/Src/stm32f1xx_ll_usb.c ****     USBx_HPRT0 = ((~USB_OTG_HPRT_PPWR) & hprt0);
1353:Drivers/STM32F1xx_HAL_Driver/Src/stm32f1xx_ll_usb.c ****   }
1354:Drivers/STM32F1xx_HAL_Driver/Src/stm32f1xx_ll_usb.c ****   return HAL_OK;
1355:Drivers/STM32F1xx_HAL_Driver/Src/stm32f1xx_ll_usb.c **** }
1356:Drivers/STM32F1xx_HAL_Driver/Src/stm32f1xx_ll_usb.c **** 
1357:Drivers/STM32F1xx_HAL_Driver/Src/stm32f1xx_ll_usb.c **** /**
1358:Drivers/STM32F1xx_HAL_Driver/Src/stm32f1xx_ll_usb.c ****   * @brief  Return Host Core speed
1359:Drivers/STM32F1xx_HAL_Driver/Src/stm32f1xx_ll_usb.c ****   * @param  USBx  Selected device
1360:Drivers/STM32F1xx_HAL_Driver/Src/stm32f1xx_ll_usb.c ****   * @retval speed : Host speed
1361:Drivers/STM32F1xx_HAL_Driver/Src/stm32f1xx_ll_usb.c ****   *          This parameter can be one of these values:
1362:Drivers/STM32F1xx_HAL_Driver/Src/stm32f1xx_ll_usb.c ****   *            @arg HCD_SPEED_FULL: Full speed mode
1363:Drivers/STM32F1xx_HAL_Driver/Src/stm32f1xx_ll_usb.c ****   *            @arg HCD_SPEED_LOW: Low speed mode
1364:Drivers/STM32F1xx_HAL_Driver/Src/stm32f1xx_ll_usb.c ****   */
1365:Drivers/STM32F1xx_HAL_Driver/Src/stm32f1xx_ll_usb.c **** uint32_t USB_GetHostSpeed(USB_OTG_GlobalTypeDef *USBx)
1366:Drivers/STM32F1xx_HAL_Driver/Src/stm32f1xx_ll_usb.c **** {
1367:Drivers/STM32F1xx_HAL_Driver/Src/stm32f1xx_ll_usb.c ****   uint32_t USBx_BASE = (uint32_t)USBx;
1368:Drivers/STM32F1xx_HAL_Driver/Src/stm32f1xx_ll_usb.c ****   __IO uint32_t hprt0 = 0U;
1369:Drivers/STM32F1xx_HAL_Driver/Src/stm32f1xx_ll_usb.c **** 
1370:Drivers/STM32F1xx_HAL_Driver/Src/stm32f1xx_ll_usb.c ****   hprt0 = USBx_HPRT0;
1371:Drivers/STM32F1xx_HAL_Driver/Src/stm32f1xx_ll_usb.c ****   return ((hprt0 & USB_OTG_HPRT_PSPD) >> 17);
1372:Drivers/STM32F1xx_HAL_Driver/Src/stm32f1xx_ll_usb.c **** }
1373:Drivers/STM32F1xx_HAL_Driver/Src/stm32f1xx_ll_usb.c **** 
1374:Drivers/STM32F1xx_HAL_Driver/Src/stm32f1xx_ll_usb.c **** /**
1375:Drivers/STM32F1xx_HAL_Driver/Src/stm32f1xx_ll_usb.c ****   * @brief  Return Host Current Frame number
1376:Drivers/STM32F1xx_HAL_Driver/Src/stm32f1xx_ll_usb.c ****   * @param  USBx  Selected device
1377:Drivers/STM32F1xx_HAL_Driver/Src/stm32f1xx_ll_usb.c ****   * @retval current frame number
1378:Drivers/STM32F1xx_HAL_Driver/Src/stm32f1xx_ll_usb.c ****   */
1379:Drivers/STM32F1xx_HAL_Driver/Src/stm32f1xx_ll_usb.c **** uint32_t USB_GetCurrentFrame(USB_OTG_GlobalTypeDef *USBx)
1380:Drivers/STM32F1xx_HAL_Driver/Src/stm32f1xx_ll_usb.c **** {
1381:Drivers/STM32F1xx_HAL_Driver/Src/stm32f1xx_ll_usb.c ****   uint32_t USBx_BASE = (uint32_t)USBx;
1382:Drivers/STM32F1xx_HAL_Driver/Src/stm32f1xx_ll_usb.c **** 
1383:Drivers/STM32F1xx_HAL_Driver/Src/stm32f1xx_ll_usb.c ****   return (USBx_HOST->HFNUM & USB_OTG_HFNUM_FRNUM);
1384:Drivers/STM32F1xx_HAL_Driver/Src/stm32f1xx_ll_usb.c **** }
1385:Drivers/STM32F1xx_HAL_Driver/Src/stm32f1xx_ll_usb.c **** 
1386:Drivers/STM32F1xx_HAL_Driver/Src/stm32f1xx_ll_usb.c **** /**
1387:Drivers/STM32F1xx_HAL_Driver/Src/stm32f1xx_ll_usb.c ****   * @brief  Initialize a host channel
1388:Drivers/STM32F1xx_HAL_Driver/Src/stm32f1xx_ll_usb.c ****   * @param  USBx  Selected device
1389:Drivers/STM32F1xx_HAL_Driver/Src/stm32f1xx_ll_usb.c ****   * @param  ch_num  Channel number
1390:Drivers/STM32F1xx_HAL_Driver/Src/stm32f1xx_ll_usb.c ****   *         This parameter can be a value from 1 to 15
1391:Drivers/STM32F1xx_HAL_Driver/Src/stm32f1xx_ll_usb.c ****   * @param  epnum  Endpoint number
1392:Drivers/STM32F1xx_HAL_Driver/Src/stm32f1xx_ll_usb.c ****   *          This parameter can be a value from 1 to 15
1393:Drivers/STM32F1xx_HAL_Driver/Src/stm32f1xx_ll_usb.c ****   * @param  dev_address  Current device address
1394:Drivers/STM32F1xx_HAL_Driver/Src/stm32f1xx_ll_usb.c ****   *          This parameter can be a value from 0 to 255
1395:Drivers/STM32F1xx_HAL_Driver/Src/stm32f1xx_ll_usb.c ****   * @param  speed  Current device speed
1396:Drivers/STM32F1xx_HAL_Driver/Src/stm32f1xx_ll_usb.c ****   *          This parameter can be one of these values:
1397:Drivers/STM32F1xx_HAL_Driver/Src/stm32f1xx_ll_usb.c ****   *            @arg USB_OTG_SPEED_FULL: Full speed mode
1398:Drivers/STM32F1xx_HAL_Driver/Src/stm32f1xx_ll_usb.c ****   *            @arg USB_OTG_SPEED_LOW: Low speed mode
1399:Drivers/STM32F1xx_HAL_Driver/Src/stm32f1xx_ll_usb.c ****   * @param  ep_type  Endpoint Type
ARM GAS  /tmp/ccZyOP9D.s 			page 26


1400:Drivers/STM32F1xx_HAL_Driver/Src/stm32f1xx_ll_usb.c ****   *          This parameter can be one of these values:
1401:Drivers/STM32F1xx_HAL_Driver/Src/stm32f1xx_ll_usb.c ****   *            @arg EP_TYPE_CTRL: Control type
1402:Drivers/STM32F1xx_HAL_Driver/Src/stm32f1xx_ll_usb.c ****   *            @arg EP_TYPE_ISOC: Isochronous type
1403:Drivers/STM32F1xx_HAL_Driver/Src/stm32f1xx_ll_usb.c ****   *            @arg EP_TYPE_BULK: Bulk type
1404:Drivers/STM32F1xx_HAL_Driver/Src/stm32f1xx_ll_usb.c ****   *            @arg EP_TYPE_INTR: Interrupt type
1405:Drivers/STM32F1xx_HAL_Driver/Src/stm32f1xx_ll_usb.c ****   * @param  mps  Max Packet Size
1406:Drivers/STM32F1xx_HAL_Driver/Src/stm32f1xx_ll_usb.c ****   *          This parameter can be a value from 0 to 32K
1407:Drivers/STM32F1xx_HAL_Driver/Src/stm32f1xx_ll_usb.c ****   * @retval HAL state
1408:Drivers/STM32F1xx_HAL_Driver/Src/stm32f1xx_ll_usb.c ****   */
1409:Drivers/STM32F1xx_HAL_Driver/Src/stm32f1xx_ll_usb.c **** HAL_StatusTypeDef USB_HC_Init(USB_OTG_GlobalTypeDef *USBx, uint8_t ch_num,
1410:Drivers/STM32F1xx_HAL_Driver/Src/stm32f1xx_ll_usb.c ****                               uint8_t epnum, uint8_t dev_address, uint8_t speed,
1411:Drivers/STM32F1xx_HAL_Driver/Src/stm32f1xx_ll_usb.c ****                               uint8_t ep_type, uint16_t mps)
1412:Drivers/STM32F1xx_HAL_Driver/Src/stm32f1xx_ll_usb.c **** {
1413:Drivers/STM32F1xx_HAL_Driver/Src/stm32f1xx_ll_usb.c ****   HAL_StatusTypeDef ret = HAL_OK;
1414:Drivers/STM32F1xx_HAL_Driver/Src/stm32f1xx_ll_usb.c ****   uint32_t USBx_BASE = (uint32_t)USBx;
1415:Drivers/STM32F1xx_HAL_Driver/Src/stm32f1xx_ll_usb.c ****   uint32_t HCcharEpDir;
1416:Drivers/STM32F1xx_HAL_Driver/Src/stm32f1xx_ll_usb.c ****   uint32_t HCcharLowSpeed;
1417:Drivers/STM32F1xx_HAL_Driver/Src/stm32f1xx_ll_usb.c ****   uint32_t HostCoreSpeed;
1418:Drivers/STM32F1xx_HAL_Driver/Src/stm32f1xx_ll_usb.c **** 
1419:Drivers/STM32F1xx_HAL_Driver/Src/stm32f1xx_ll_usb.c ****   /* Clear old interrupt conditions for this host channel. */
1420:Drivers/STM32F1xx_HAL_Driver/Src/stm32f1xx_ll_usb.c ****   USBx_HC((uint32_t)ch_num)->HCINT = 0xFFFFFFFFU;
1421:Drivers/STM32F1xx_HAL_Driver/Src/stm32f1xx_ll_usb.c **** 
1422:Drivers/STM32F1xx_HAL_Driver/Src/stm32f1xx_ll_usb.c ****   /* Enable channel interrupts required for this transfer. */
1423:Drivers/STM32F1xx_HAL_Driver/Src/stm32f1xx_ll_usb.c ****   switch (ep_type)
1424:Drivers/STM32F1xx_HAL_Driver/Src/stm32f1xx_ll_usb.c ****   {
1425:Drivers/STM32F1xx_HAL_Driver/Src/stm32f1xx_ll_usb.c ****     case EP_TYPE_CTRL:
1426:Drivers/STM32F1xx_HAL_Driver/Src/stm32f1xx_ll_usb.c ****     case EP_TYPE_BULK:
1427:Drivers/STM32F1xx_HAL_Driver/Src/stm32f1xx_ll_usb.c ****       USBx_HC((uint32_t)ch_num)->HCINTMSK = USB_OTG_HCINTMSK_XFRCM  |
1428:Drivers/STM32F1xx_HAL_Driver/Src/stm32f1xx_ll_usb.c ****                                             USB_OTG_HCINTMSK_STALLM |
1429:Drivers/STM32F1xx_HAL_Driver/Src/stm32f1xx_ll_usb.c ****                                             USB_OTG_HCINTMSK_TXERRM |
1430:Drivers/STM32F1xx_HAL_Driver/Src/stm32f1xx_ll_usb.c ****                                             USB_OTG_HCINTMSK_DTERRM |
1431:Drivers/STM32F1xx_HAL_Driver/Src/stm32f1xx_ll_usb.c ****                                             USB_OTG_HCINTMSK_AHBERR |
1432:Drivers/STM32F1xx_HAL_Driver/Src/stm32f1xx_ll_usb.c ****                                             USB_OTG_HCINTMSK_NAKM;
1433:Drivers/STM32F1xx_HAL_Driver/Src/stm32f1xx_ll_usb.c **** 
1434:Drivers/STM32F1xx_HAL_Driver/Src/stm32f1xx_ll_usb.c ****       if ((epnum & 0x80U) == 0x80U)
1435:Drivers/STM32F1xx_HAL_Driver/Src/stm32f1xx_ll_usb.c ****       {
1436:Drivers/STM32F1xx_HAL_Driver/Src/stm32f1xx_ll_usb.c ****         USBx_HC((uint32_t)ch_num)->HCINTMSK |= USB_OTG_HCINTMSK_BBERRM;
1437:Drivers/STM32F1xx_HAL_Driver/Src/stm32f1xx_ll_usb.c ****       }
1438:Drivers/STM32F1xx_HAL_Driver/Src/stm32f1xx_ll_usb.c ****       break;
1439:Drivers/STM32F1xx_HAL_Driver/Src/stm32f1xx_ll_usb.c **** 
1440:Drivers/STM32F1xx_HAL_Driver/Src/stm32f1xx_ll_usb.c ****     case EP_TYPE_INTR:
1441:Drivers/STM32F1xx_HAL_Driver/Src/stm32f1xx_ll_usb.c ****       USBx_HC((uint32_t)ch_num)->HCINTMSK = USB_OTG_HCINTMSK_XFRCM  |
1442:Drivers/STM32F1xx_HAL_Driver/Src/stm32f1xx_ll_usb.c ****                                             USB_OTG_HCINTMSK_STALLM |
1443:Drivers/STM32F1xx_HAL_Driver/Src/stm32f1xx_ll_usb.c ****                                             USB_OTG_HCINTMSK_TXERRM |
1444:Drivers/STM32F1xx_HAL_Driver/Src/stm32f1xx_ll_usb.c ****                                             USB_OTG_HCINTMSK_DTERRM |
1445:Drivers/STM32F1xx_HAL_Driver/Src/stm32f1xx_ll_usb.c ****                                             USB_OTG_HCINTMSK_NAKM   |
1446:Drivers/STM32F1xx_HAL_Driver/Src/stm32f1xx_ll_usb.c ****                                             USB_OTG_HCINTMSK_AHBERR |
1447:Drivers/STM32F1xx_HAL_Driver/Src/stm32f1xx_ll_usb.c ****                                             USB_OTG_HCINTMSK_FRMORM;
1448:Drivers/STM32F1xx_HAL_Driver/Src/stm32f1xx_ll_usb.c **** 
1449:Drivers/STM32F1xx_HAL_Driver/Src/stm32f1xx_ll_usb.c ****       if ((epnum & 0x80U) == 0x80U)
1450:Drivers/STM32F1xx_HAL_Driver/Src/stm32f1xx_ll_usb.c ****       {
1451:Drivers/STM32F1xx_HAL_Driver/Src/stm32f1xx_ll_usb.c ****         USBx_HC((uint32_t)ch_num)->HCINTMSK |= USB_OTG_HCINTMSK_BBERRM;
1452:Drivers/STM32F1xx_HAL_Driver/Src/stm32f1xx_ll_usb.c ****       }
1453:Drivers/STM32F1xx_HAL_Driver/Src/stm32f1xx_ll_usb.c **** 
1454:Drivers/STM32F1xx_HAL_Driver/Src/stm32f1xx_ll_usb.c ****       break;
1455:Drivers/STM32F1xx_HAL_Driver/Src/stm32f1xx_ll_usb.c **** 
1456:Drivers/STM32F1xx_HAL_Driver/Src/stm32f1xx_ll_usb.c ****     case EP_TYPE_ISOC:
ARM GAS  /tmp/ccZyOP9D.s 			page 27


1457:Drivers/STM32F1xx_HAL_Driver/Src/stm32f1xx_ll_usb.c ****       USBx_HC((uint32_t)ch_num)->HCINTMSK = USB_OTG_HCINTMSK_XFRCM  |
1458:Drivers/STM32F1xx_HAL_Driver/Src/stm32f1xx_ll_usb.c ****                                             USB_OTG_HCINTMSK_ACKM   |
1459:Drivers/STM32F1xx_HAL_Driver/Src/stm32f1xx_ll_usb.c ****                                             USB_OTG_HCINTMSK_AHBERR |
1460:Drivers/STM32F1xx_HAL_Driver/Src/stm32f1xx_ll_usb.c ****                                             USB_OTG_HCINTMSK_FRMORM;
1461:Drivers/STM32F1xx_HAL_Driver/Src/stm32f1xx_ll_usb.c **** 
1462:Drivers/STM32F1xx_HAL_Driver/Src/stm32f1xx_ll_usb.c ****       if ((epnum & 0x80U) == 0x80U)
1463:Drivers/STM32F1xx_HAL_Driver/Src/stm32f1xx_ll_usb.c ****       {
1464:Drivers/STM32F1xx_HAL_Driver/Src/stm32f1xx_ll_usb.c ****         USBx_HC((uint32_t)ch_num)->HCINTMSK |= (USB_OTG_HCINTMSK_TXERRM | USB_OTG_HCINTMSK_BBERRM);
1465:Drivers/STM32F1xx_HAL_Driver/Src/stm32f1xx_ll_usb.c ****       }
1466:Drivers/STM32F1xx_HAL_Driver/Src/stm32f1xx_ll_usb.c ****       break;
1467:Drivers/STM32F1xx_HAL_Driver/Src/stm32f1xx_ll_usb.c **** 
1468:Drivers/STM32F1xx_HAL_Driver/Src/stm32f1xx_ll_usb.c ****     default:
1469:Drivers/STM32F1xx_HAL_Driver/Src/stm32f1xx_ll_usb.c ****       ret = HAL_ERROR;
1470:Drivers/STM32F1xx_HAL_Driver/Src/stm32f1xx_ll_usb.c ****       break;
1471:Drivers/STM32F1xx_HAL_Driver/Src/stm32f1xx_ll_usb.c ****   }
1472:Drivers/STM32F1xx_HAL_Driver/Src/stm32f1xx_ll_usb.c **** 
1473:Drivers/STM32F1xx_HAL_Driver/Src/stm32f1xx_ll_usb.c ****   /* Enable the top level host channel interrupt. */
1474:Drivers/STM32F1xx_HAL_Driver/Src/stm32f1xx_ll_usb.c ****   USBx_HOST->HAINTMSK |= 1UL << (ch_num & 0xFU);
1475:Drivers/STM32F1xx_HAL_Driver/Src/stm32f1xx_ll_usb.c **** 
1476:Drivers/STM32F1xx_HAL_Driver/Src/stm32f1xx_ll_usb.c ****   /* Make sure host channel interrupts are enabled. */
1477:Drivers/STM32F1xx_HAL_Driver/Src/stm32f1xx_ll_usb.c ****   USBx->GINTMSK |= USB_OTG_GINTMSK_HCIM;
1478:Drivers/STM32F1xx_HAL_Driver/Src/stm32f1xx_ll_usb.c **** 
1479:Drivers/STM32F1xx_HAL_Driver/Src/stm32f1xx_ll_usb.c ****   /* Program the HCCHAR register */
1480:Drivers/STM32F1xx_HAL_Driver/Src/stm32f1xx_ll_usb.c ****   if ((epnum & 0x80U) == 0x80U)
1481:Drivers/STM32F1xx_HAL_Driver/Src/stm32f1xx_ll_usb.c ****   {
1482:Drivers/STM32F1xx_HAL_Driver/Src/stm32f1xx_ll_usb.c ****     HCcharEpDir = (0x1U << 15) & USB_OTG_HCCHAR_EPDIR;
1483:Drivers/STM32F1xx_HAL_Driver/Src/stm32f1xx_ll_usb.c ****   }
1484:Drivers/STM32F1xx_HAL_Driver/Src/stm32f1xx_ll_usb.c ****   else
1485:Drivers/STM32F1xx_HAL_Driver/Src/stm32f1xx_ll_usb.c ****   {
1486:Drivers/STM32F1xx_HAL_Driver/Src/stm32f1xx_ll_usb.c ****     HCcharEpDir = 0U;
1487:Drivers/STM32F1xx_HAL_Driver/Src/stm32f1xx_ll_usb.c ****   }
1488:Drivers/STM32F1xx_HAL_Driver/Src/stm32f1xx_ll_usb.c **** 
1489:Drivers/STM32F1xx_HAL_Driver/Src/stm32f1xx_ll_usb.c ****   HostCoreSpeed = USB_GetHostSpeed(USBx);
1490:Drivers/STM32F1xx_HAL_Driver/Src/stm32f1xx_ll_usb.c **** 
1491:Drivers/STM32F1xx_HAL_Driver/Src/stm32f1xx_ll_usb.c ****   /* LS device plugged to HUB */
1492:Drivers/STM32F1xx_HAL_Driver/Src/stm32f1xx_ll_usb.c ****   if ((speed == HPRT0_PRTSPD_LOW_SPEED) && (HostCoreSpeed != HPRT0_PRTSPD_LOW_SPEED))
1493:Drivers/STM32F1xx_HAL_Driver/Src/stm32f1xx_ll_usb.c ****   {
1494:Drivers/STM32F1xx_HAL_Driver/Src/stm32f1xx_ll_usb.c ****     HCcharLowSpeed = (0x1U << 17) & USB_OTG_HCCHAR_LSDEV;
1495:Drivers/STM32F1xx_HAL_Driver/Src/stm32f1xx_ll_usb.c ****   }
1496:Drivers/STM32F1xx_HAL_Driver/Src/stm32f1xx_ll_usb.c ****   else
1497:Drivers/STM32F1xx_HAL_Driver/Src/stm32f1xx_ll_usb.c ****   {
1498:Drivers/STM32F1xx_HAL_Driver/Src/stm32f1xx_ll_usb.c ****     HCcharLowSpeed = 0U;
1499:Drivers/STM32F1xx_HAL_Driver/Src/stm32f1xx_ll_usb.c ****   }
1500:Drivers/STM32F1xx_HAL_Driver/Src/stm32f1xx_ll_usb.c **** 
1501:Drivers/STM32F1xx_HAL_Driver/Src/stm32f1xx_ll_usb.c ****   USBx_HC((uint32_t)ch_num)->HCCHAR = (((uint32_t)dev_address << 22) & USB_OTG_HCCHAR_DAD) |
1502:Drivers/STM32F1xx_HAL_Driver/Src/stm32f1xx_ll_usb.c ****                                       ((((uint32_t)epnum & 0x7FU) << 11) & USB_OTG_HCCHAR_EPNUM) |
1503:Drivers/STM32F1xx_HAL_Driver/Src/stm32f1xx_ll_usb.c ****                                       (((uint32_t)ep_type << 18) & USB_OTG_HCCHAR_EPTYP) |
1504:Drivers/STM32F1xx_HAL_Driver/Src/stm32f1xx_ll_usb.c ****                                       ((uint32_t)mps & USB_OTG_HCCHAR_MPSIZ) | HCcharEpDir | HCchar
1505:Drivers/STM32F1xx_HAL_Driver/Src/stm32f1xx_ll_usb.c **** 
1506:Drivers/STM32F1xx_HAL_Driver/Src/stm32f1xx_ll_usb.c ****   if (ep_type == EP_TYPE_INTR)
1507:Drivers/STM32F1xx_HAL_Driver/Src/stm32f1xx_ll_usb.c ****   {
1508:Drivers/STM32F1xx_HAL_Driver/Src/stm32f1xx_ll_usb.c ****     USBx_HC((uint32_t)ch_num)->HCCHAR |= USB_OTG_HCCHAR_ODDFRM ;
1509:Drivers/STM32F1xx_HAL_Driver/Src/stm32f1xx_ll_usb.c ****   }
1510:Drivers/STM32F1xx_HAL_Driver/Src/stm32f1xx_ll_usb.c **** 
1511:Drivers/STM32F1xx_HAL_Driver/Src/stm32f1xx_ll_usb.c ****   return ret;
1512:Drivers/STM32F1xx_HAL_Driver/Src/stm32f1xx_ll_usb.c **** }
1513:Drivers/STM32F1xx_HAL_Driver/Src/stm32f1xx_ll_usb.c **** 
ARM GAS  /tmp/ccZyOP9D.s 			page 28


1514:Drivers/STM32F1xx_HAL_Driver/Src/stm32f1xx_ll_usb.c **** /**
1515:Drivers/STM32F1xx_HAL_Driver/Src/stm32f1xx_ll_usb.c ****   * @brief  Start a transfer over a host channel
1516:Drivers/STM32F1xx_HAL_Driver/Src/stm32f1xx_ll_usb.c ****   * @param  USBx  Selected device
1517:Drivers/STM32F1xx_HAL_Driver/Src/stm32f1xx_ll_usb.c ****   * @param  hc  pointer to host channel structure
1518:Drivers/STM32F1xx_HAL_Driver/Src/stm32f1xx_ll_usb.c ****   * @retval HAL state
1519:Drivers/STM32F1xx_HAL_Driver/Src/stm32f1xx_ll_usb.c ****   */
1520:Drivers/STM32F1xx_HAL_Driver/Src/stm32f1xx_ll_usb.c **** HAL_StatusTypeDef USB_HC_StartXfer(USB_OTG_GlobalTypeDef *USBx, USB_OTG_HCTypeDef *hc)
1521:Drivers/STM32F1xx_HAL_Driver/Src/stm32f1xx_ll_usb.c **** {
1522:Drivers/STM32F1xx_HAL_Driver/Src/stm32f1xx_ll_usb.c ****   uint32_t USBx_BASE = (uint32_t)USBx;
1523:Drivers/STM32F1xx_HAL_Driver/Src/stm32f1xx_ll_usb.c ****   uint32_t ch_num = (uint32_t)hc->ch_num;
1524:Drivers/STM32F1xx_HAL_Driver/Src/stm32f1xx_ll_usb.c ****   __IO uint32_t tmpreg;
1525:Drivers/STM32F1xx_HAL_Driver/Src/stm32f1xx_ll_usb.c ****   uint8_t  is_oddframe;
1526:Drivers/STM32F1xx_HAL_Driver/Src/stm32f1xx_ll_usb.c ****   uint16_t len_words;
1527:Drivers/STM32F1xx_HAL_Driver/Src/stm32f1xx_ll_usb.c ****   uint16_t num_packets;
1528:Drivers/STM32F1xx_HAL_Driver/Src/stm32f1xx_ll_usb.c ****   uint16_t max_hc_pkt_count = 256U;
1529:Drivers/STM32F1xx_HAL_Driver/Src/stm32f1xx_ll_usb.c **** 
1530:Drivers/STM32F1xx_HAL_Driver/Src/stm32f1xx_ll_usb.c ****   /* Compute the expected number of packets associated to the transfer */
1531:Drivers/STM32F1xx_HAL_Driver/Src/stm32f1xx_ll_usb.c ****   if (hc->xfer_len > 0U)
1532:Drivers/STM32F1xx_HAL_Driver/Src/stm32f1xx_ll_usb.c ****   {
1533:Drivers/STM32F1xx_HAL_Driver/Src/stm32f1xx_ll_usb.c ****     num_packets = (uint16_t)((hc->xfer_len + hc->max_packet - 1U) / hc->max_packet);
1534:Drivers/STM32F1xx_HAL_Driver/Src/stm32f1xx_ll_usb.c **** 
1535:Drivers/STM32F1xx_HAL_Driver/Src/stm32f1xx_ll_usb.c ****     if (num_packets > max_hc_pkt_count)
1536:Drivers/STM32F1xx_HAL_Driver/Src/stm32f1xx_ll_usb.c ****     {
1537:Drivers/STM32F1xx_HAL_Driver/Src/stm32f1xx_ll_usb.c ****       num_packets = max_hc_pkt_count;
1538:Drivers/STM32F1xx_HAL_Driver/Src/stm32f1xx_ll_usb.c ****       hc->XferSize = (uint32_t)num_packets * hc->max_packet;
1539:Drivers/STM32F1xx_HAL_Driver/Src/stm32f1xx_ll_usb.c ****     }
1540:Drivers/STM32F1xx_HAL_Driver/Src/stm32f1xx_ll_usb.c ****   }
1541:Drivers/STM32F1xx_HAL_Driver/Src/stm32f1xx_ll_usb.c ****   else
1542:Drivers/STM32F1xx_HAL_Driver/Src/stm32f1xx_ll_usb.c ****   {
1543:Drivers/STM32F1xx_HAL_Driver/Src/stm32f1xx_ll_usb.c ****     num_packets = 1U;
1544:Drivers/STM32F1xx_HAL_Driver/Src/stm32f1xx_ll_usb.c ****   }
1545:Drivers/STM32F1xx_HAL_Driver/Src/stm32f1xx_ll_usb.c **** 
1546:Drivers/STM32F1xx_HAL_Driver/Src/stm32f1xx_ll_usb.c ****   /*
1547:Drivers/STM32F1xx_HAL_Driver/Src/stm32f1xx_ll_usb.c ****    * For IN channel HCTSIZ.XferSize is expected to be an integer multiple of
1548:Drivers/STM32F1xx_HAL_Driver/Src/stm32f1xx_ll_usb.c ****    * max_packet size.
1549:Drivers/STM32F1xx_HAL_Driver/Src/stm32f1xx_ll_usb.c ****    */
1550:Drivers/STM32F1xx_HAL_Driver/Src/stm32f1xx_ll_usb.c ****   if (hc->ep_is_in != 0U)
1551:Drivers/STM32F1xx_HAL_Driver/Src/stm32f1xx_ll_usb.c ****   {
1552:Drivers/STM32F1xx_HAL_Driver/Src/stm32f1xx_ll_usb.c ****     hc->XferSize = (uint32_t)num_packets * hc->max_packet;
1553:Drivers/STM32F1xx_HAL_Driver/Src/stm32f1xx_ll_usb.c ****   }
1554:Drivers/STM32F1xx_HAL_Driver/Src/stm32f1xx_ll_usb.c ****   else
1555:Drivers/STM32F1xx_HAL_Driver/Src/stm32f1xx_ll_usb.c ****   {
1556:Drivers/STM32F1xx_HAL_Driver/Src/stm32f1xx_ll_usb.c ****     hc->XferSize = hc->xfer_len;
1557:Drivers/STM32F1xx_HAL_Driver/Src/stm32f1xx_ll_usb.c ****   }
1558:Drivers/STM32F1xx_HAL_Driver/Src/stm32f1xx_ll_usb.c **** 
1559:Drivers/STM32F1xx_HAL_Driver/Src/stm32f1xx_ll_usb.c ****   /* Initialize the HCTSIZn register */
1560:Drivers/STM32F1xx_HAL_Driver/Src/stm32f1xx_ll_usb.c ****   USBx_HC(ch_num)->HCTSIZ = (hc->XferSize & USB_OTG_HCTSIZ_XFRSIZ) |
1561:Drivers/STM32F1xx_HAL_Driver/Src/stm32f1xx_ll_usb.c ****                             (((uint32_t)num_packets << 19) & USB_OTG_HCTSIZ_PKTCNT) |
1562:Drivers/STM32F1xx_HAL_Driver/Src/stm32f1xx_ll_usb.c ****                             (((uint32_t)hc->data_pid << 29) & USB_OTG_HCTSIZ_DPID);
1563:Drivers/STM32F1xx_HAL_Driver/Src/stm32f1xx_ll_usb.c **** 
1564:Drivers/STM32F1xx_HAL_Driver/Src/stm32f1xx_ll_usb.c ****   is_oddframe = (((uint32_t)USBx_HOST->HFNUM & 0x01U) != 0U) ? 0U : 1U;
1565:Drivers/STM32F1xx_HAL_Driver/Src/stm32f1xx_ll_usb.c ****   USBx_HC(ch_num)->HCCHAR &= ~USB_OTG_HCCHAR_ODDFRM;
1566:Drivers/STM32F1xx_HAL_Driver/Src/stm32f1xx_ll_usb.c ****   USBx_HC(ch_num)->HCCHAR |= (uint32_t)is_oddframe << 29;
1567:Drivers/STM32F1xx_HAL_Driver/Src/stm32f1xx_ll_usb.c **** 
1568:Drivers/STM32F1xx_HAL_Driver/Src/stm32f1xx_ll_usb.c ****   /* Set host channel enable */
1569:Drivers/STM32F1xx_HAL_Driver/Src/stm32f1xx_ll_usb.c ****   tmpreg = USBx_HC(ch_num)->HCCHAR;
1570:Drivers/STM32F1xx_HAL_Driver/Src/stm32f1xx_ll_usb.c ****   tmpreg &= ~USB_OTG_HCCHAR_CHDIS;
ARM GAS  /tmp/ccZyOP9D.s 			page 29


1571:Drivers/STM32F1xx_HAL_Driver/Src/stm32f1xx_ll_usb.c **** 
1572:Drivers/STM32F1xx_HAL_Driver/Src/stm32f1xx_ll_usb.c ****   /* make sure to set the correct ep direction */
1573:Drivers/STM32F1xx_HAL_Driver/Src/stm32f1xx_ll_usb.c ****   if (hc->ep_is_in != 0U)
1574:Drivers/STM32F1xx_HAL_Driver/Src/stm32f1xx_ll_usb.c ****   {
1575:Drivers/STM32F1xx_HAL_Driver/Src/stm32f1xx_ll_usb.c ****     tmpreg |= USB_OTG_HCCHAR_EPDIR;
1576:Drivers/STM32F1xx_HAL_Driver/Src/stm32f1xx_ll_usb.c ****   }
1577:Drivers/STM32F1xx_HAL_Driver/Src/stm32f1xx_ll_usb.c ****   else
1578:Drivers/STM32F1xx_HAL_Driver/Src/stm32f1xx_ll_usb.c ****   {
1579:Drivers/STM32F1xx_HAL_Driver/Src/stm32f1xx_ll_usb.c ****     tmpreg &= ~USB_OTG_HCCHAR_EPDIR;
1580:Drivers/STM32F1xx_HAL_Driver/Src/stm32f1xx_ll_usb.c ****   }
1581:Drivers/STM32F1xx_HAL_Driver/Src/stm32f1xx_ll_usb.c ****   tmpreg |= USB_OTG_HCCHAR_CHENA;
1582:Drivers/STM32F1xx_HAL_Driver/Src/stm32f1xx_ll_usb.c ****   USBx_HC(ch_num)->HCCHAR = tmpreg;
1583:Drivers/STM32F1xx_HAL_Driver/Src/stm32f1xx_ll_usb.c **** 
1584:Drivers/STM32F1xx_HAL_Driver/Src/stm32f1xx_ll_usb.c ****   if ((hc->ep_is_in == 0U) && (hc->xfer_len > 0U))
1585:Drivers/STM32F1xx_HAL_Driver/Src/stm32f1xx_ll_usb.c ****   {
1586:Drivers/STM32F1xx_HAL_Driver/Src/stm32f1xx_ll_usb.c ****     switch (hc->ep_type)
1587:Drivers/STM32F1xx_HAL_Driver/Src/stm32f1xx_ll_usb.c ****     {
1588:Drivers/STM32F1xx_HAL_Driver/Src/stm32f1xx_ll_usb.c ****       /* Non periodic transfer */
1589:Drivers/STM32F1xx_HAL_Driver/Src/stm32f1xx_ll_usb.c ****       case EP_TYPE_CTRL:
1590:Drivers/STM32F1xx_HAL_Driver/Src/stm32f1xx_ll_usb.c ****       case EP_TYPE_BULK:
1591:Drivers/STM32F1xx_HAL_Driver/Src/stm32f1xx_ll_usb.c **** 
1592:Drivers/STM32F1xx_HAL_Driver/Src/stm32f1xx_ll_usb.c ****         len_words = (uint16_t)((hc->xfer_len + 3U) / 4U);
1593:Drivers/STM32F1xx_HAL_Driver/Src/stm32f1xx_ll_usb.c **** 
1594:Drivers/STM32F1xx_HAL_Driver/Src/stm32f1xx_ll_usb.c ****         /* check if there is enough space in FIFO space */
1595:Drivers/STM32F1xx_HAL_Driver/Src/stm32f1xx_ll_usb.c ****         if (len_words > (USBx->HNPTXSTS & 0xFFFFU))
1596:Drivers/STM32F1xx_HAL_Driver/Src/stm32f1xx_ll_usb.c ****         {
1597:Drivers/STM32F1xx_HAL_Driver/Src/stm32f1xx_ll_usb.c ****           /* need to process data in nptxfempty interrupt */
1598:Drivers/STM32F1xx_HAL_Driver/Src/stm32f1xx_ll_usb.c ****           USBx->GINTMSK |= USB_OTG_GINTMSK_NPTXFEM;
1599:Drivers/STM32F1xx_HAL_Driver/Src/stm32f1xx_ll_usb.c ****         }
1600:Drivers/STM32F1xx_HAL_Driver/Src/stm32f1xx_ll_usb.c ****         break;
1601:Drivers/STM32F1xx_HAL_Driver/Src/stm32f1xx_ll_usb.c **** 
1602:Drivers/STM32F1xx_HAL_Driver/Src/stm32f1xx_ll_usb.c ****       /* Periodic transfer */
1603:Drivers/STM32F1xx_HAL_Driver/Src/stm32f1xx_ll_usb.c ****       case EP_TYPE_INTR:
1604:Drivers/STM32F1xx_HAL_Driver/Src/stm32f1xx_ll_usb.c ****       case EP_TYPE_ISOC:
1605:Drivers/STM32F1xx_HAL_Driver/Src/stm32f1xx_ll_usb.c ****         len_words = (uint16_t)((hc->xfer_len + 3U) / 4U);
1606:Drivers/STM32F1xx_HAL_Driver/Src/stm32f1xx_ll_usb.c ****         /* check if there is enough space in FIFO space */
1607:Drivers/STM32F1xx_HAL_Driver/Src/stm32f1xx_ll_usb.c ****         if (len_words > (USBx_HOST->HPTXSTS & 0xFFFFU)) /* split the transfer */
1608:Drivers/STM32F1xx_HAL_Driver/Src/stm32f1xx_ll_usb.c ****         {
1609:Drivers/STM32F1xx_HAL_Driver/Src/stm32f1xx_ll_usb.c ****           /* need to process data in ptxfempty interrupt */
1610:Drivers/STM32F1xx_HAL_Driver/Src/stm32f1xx_ll_usb.c ****           USBx->GINTMSK |= USB_OTG_GINTMSK_PTXFEM;
1611:Drivers/STM32F1xx_HAL_Driver/Src/stm32f1xx_ll_usb.c ****         }
1612:Drivers/STM32F1xx_HAL_Driver/Src/stm32f1xx_ll_usb.c ****         break;
1613:Drivers/STM32F1xx_HAL_Driver/Src/stm32f1xx_ll_usb.c **** 
1614:Drivers/STM32F1xx_HAL_Driver/Src/stm32f1xx_ll_usb.c ****       default:
1615:Drivers/STM32F1xx_HAL_Driver/Src/stm32f1xx_ll_usb.c ****         break;
1616:Drivers/STM32F1xx_HAL_Driver/Src/stm32f1xx_ll_usb.c ****     }
1617:Drivers/STM32F1xx_HAL_Driver/Src/stm32f1xx_ll_usb.c **** 
1618:Drivers/STM32F1xx_HAL_Driver/Src/stm32f1xx_ll_usb.c ****     /* Write packet into the Tx FIFO. */
1619:Drivers/STM32F1xx_HAL_Driver/Src/stm32f1xx_ll_usb.c ****     (void)USB_WritePacket(USBx, hc->xfer_buff, hc->ch_num, (uint16_t)hc->xfer_len);
1620:Drivers/STM32F1xx_HAL_Driver/Src/stm32f1xx_ll_usb.c ****   }
1621:Drivers/STM32F1xx_HAL_Driver/Src/stm32f1xx_ll_usb.c **** 
1622:Drivers/STM32F1xx_HAL_Driver/Src/stm32f1xx_ll_usb.c ****   return HAL_OK;
1623:Drivers/STM32F1xx_HAL_Driver/Src/stm32f1xx_ll_usb.c **** }
1624:Drivers/STM32F1xx_HAL_Driver/Src/stm32f1xx_ll_usb.c **** 
1625:Drivers/STM32F1xx_HAL_Driver/Src/stm32f1xx_ll_usb.c **** /**
1626:Drivers/STM32F1xx_HAL_Driver/Src/stm32f1xx_ll_usb.c ****   * @brief Read all host channel interrupts status
1627:Drivers/STM32F1xx_HAL_Driver/Src/stm32f1xx_ll_usb.c ****   * @param  USBx  Selected device
ARM GAS  /tmp/ccZyOP9D.s 			page 30


1628:Drivers/STM32F1xx_HAL_Driver/Src/stm32f1xx_ll_usb.c ****   * @retval HAL state
1629:Drivers/STM32F1xx_HAL_Driver/Src/stm32f1xx_ll_usb.c ****   */
1630:Drivers/STM32F1xx_HAL_Driver/Src/stm32f1xx_ll_usb.c **** uint32_t USB_HC_ReadInterrupt(USB_OTG_GlobalTypeDef *USBx)
1631:Drivers/STM32F1xx_HAL_Driver/Src/stm32f1xx_ll_usb.c **** {
1632:Drivers/STM32F1xx_HAL_Driver/Src/stm32f1xx_ll_usb.c ****   uint32_t USBx_BASE = (uint32_t)USBx;
1633:Drivers/STM32F1xx_HAL_Driver/Src/stm32f1xx_ll_usb.c **** 
1634:Drivers/STM32F1xx_HAL_Driver/Src/stm32f1xx_ll_usb.c ****   return ((USBx_HOST->HAINT) & 0xFFFFU);
1635:Drivers/STM32F1xx_HAL_Driver/Src/stm32f1xx_ll_usb.c **** }
1636:Drivers/STM32F1xx_HAL_Driver/Src/stm32f1xx_ll_usb.c **** 
1637:Drivers/STM32F1xx_HAL_Driver/Src/stm32f1xx_ll_usb.c **** /**
1638:Drivers/STM32F1xx_HAL_Driver/Src/stm32f1xx_ll_usb.c ****   * @brief  Halt a host channel
1639:Drivers/STM32F1xx_HAL_Driver/Src/stm32f1xx_ll_usb.c ****   * @param  USBx  Selected device
1640:Drivers/STM32F1xx_HAL_Driver/Src/stm32f1xx_ll_usb.c ****   * @param  hc_num  Host Channel number
1641:Drivers/STM32F1xx_HAL_Driver/Src/stm32f1xx_ll_usb.c ****   *         This parameter can be a value from 1 to 15
1642:Drivers/STM32F1xx_HAL_Driver/Src/stm32f1xx_ll_usb.c ****   * @retval HAL state
1643:Drivers/STM32F1xx_HAL_Driver/Src/stm32f1xx_ll_usb.c ****   */
1644:Drivers/STM32F1xx_HAL_Driver/Src/stm32f1xx_ll_usb.c **** HAL_StatusTypeDef USB_HC_Halt(USB_OTG_GlobalTypeDef *USBx, uint8_t hc_num)
1645:Drivers/STM32F1xx_HAL_Driver/Src/stm32f1xx_ll_usb.c **** {
1646:Drivers/STM32F1xx_HAL_Driver/Src/stm32f1xx_ll_usb.c ****   uint32_t USBx_BASE = (uint32_t)USBx;
1647:Drivers/STM32F1xx_HAL_Driver/Src/stm32f1xx_ll_usb.c ****   uint32_t hcnum = (uint32_t)hc_num;
1648:Drivers/STM32F1xx_HAL_Driver/Src/stm32f1xx_ll_usb.c ****   uint32_t count = 0U;
1649:Drivers/STM32F1xx_HAL_Driver/Src/stm32f1xx_ll_usb.c ****   uint32_t HcEpType = (USBx_HC(hcnum)->HCCHAR & USB_OTG_HCCHAR_EPTYP) >> 18;
1650:Drivers/STM32F1xx_HAL_Driver/Src/stm32f1xx_ll_usb.c ****   uint32_t ChannelEna = (USBx_HC(hcnum)->HCCHAR & USB_OTG_HCCHAR_CHENA) >> 31;
1651:Drivers/STM32F1xx_HAL_Driver/Src/stm32f1xx_ll_usb.c **** 
1652:Drivers/STM32F1xx_HAL_Driver/Src/stm32f1xx_ll_usb.c ****   if (((USBx->GAHBCFG & USB_OTG_GAHBCFG_DMAEN) == USB_OTG_GAHBCFG_DMAEN) &&
1653:Drivers/STM32F1xx_HAL_Driver/Src/stm32f1xx_ll_usb.c ****       (ChannelEna == 0U))
1654:Drivers/STM32F1xx_HAL_Driver/Src/stm32f1xx_ll_usb.c ****   {
1655:Drivers/STM32F1xx_HAL_Driver/Src/stm32f1xx_ll_usb.c ****     return HAL_OK;
1656:Drivers/STM32F1xx_HAL_Driver/Src/stm32f1xx_ll_usb.c ****   }
1657:Drivers/STM32F1xx_HAL_Driver/Src/stm32f1xx_ll_usb.c **** 
1658:Drivers/STM32F1xx_HAL_Driver/Src/stm32f1xx_ll_usb.c ****   /* Check for space in the request queue to issue the halt. */
1659:Drivers/STM32F1xx_HAL_Driver/Src/stm32f1xx_ll_usb.c ****   if ((HcEpType == HCCHAR_CTRL) || (HcEpType == HCCHAR_BULK))
1660:Drivers/STM32F1xx_HAL_Driver/Src/stm32f1xx_ll_usb.c ****   {
1661:Drivers/STM32F1xx_HAL_Driver/Src/stm32f1xx_ll_usb.c ****     USBx_HC(hcnum)->HCCHAR |= USB_OTG_HCCHAR_CHDIS;
1662:Drivers/STM32F1xx_HAL_Driver/Src/stm32f1xx_ll_usb.c **** 
1663:Drivers/STM32F1xx_HAL_Driver/Src/stm32f1xx_ll_usb.c ****     if ((USBx->GAHBCFG & USB_OTG_GAHBCFG_DMAEN) == 0U)
1664:Drivers/STM32F1xx_HAL_Driver/Src/stm32f1xx_ll_usb.c ****     {
1665:Drivers/STM32F1xx_HAL_Driver/Src/stm32f1xx_ll_usb.c ****       if ((USBx->HNPTXSTS & (0xFFU << 16)) == 0U)
1666:Drivers/STM32F1xx_HAL_Driver/Src/stm32f1xx_ll_usb.c ****       {
1667:Drivers/STM32F1xx_HAL_Driver/Src/stm32f1xx_ll_usb.c ****         USBx_HC(hcnum)->HCCHAR &= ~USB_OTG_HCCHAR_CHENA;
1668:Drivers/STM32F1xx_HAL_Driver/Src/stm32f1xx_ll_usb.c ****         USBx_HC(hcnum)->HCCHAR |= USB_OTG_HCCHAR_CHENA;
1669:Drivers/STM32F1xx_HAL_Driver/Src/stm32f1xx_ll_usb.c ****         USBx_HC(hcnum)->HCCHAR &= ~USB_OTG_HCCHAR_EPDIR;
1670:Drivers/STM32F1xx_HAL_Driver/Src/stm32f1xx_ll_usb.c ****         do
1671:Drivers/STM32F1xx_HAL_Driver/Src/stm32f1xx_ll_usb.c ****         {
1672:Drivers/STM32F1xx_HAL_Driver/Src/stm32f1xx_ll_usb.c ****           if (++count > 1000U)
1673:Drivers/STM32F1xx_HAL_Driver/Src/stm32f1xx_ll_usb.c ****           {
1674:Drivers/STM32F1xx_HAL_Driver/Src/stm32f1xx_ll_usb.c ****             break;
1675:Drivers/STM32F1xx_HAL_Driver/Src/stm32f1xx_ll_usb.c ****           }
1676:Drivers/STM32F1xx_HAL_Driver/Src/stm32f1xx_ll_usb.c ****         } while ((USBx_HC(hcnum)->HCCHAR & USB_OTG_HCCHAR_CHENA) == USB_OTG_HCCHAR_CHENA);
1677:Drivers/STM32F1xx_HAL_Driver/Src/stm32f1xx_ll_usb.c ****       }
1678:Drivers/STM32F1xx_HAL_Driver/Src/stm32f1xx_ll_usb.c ****       else
1679:Drivers/STM32F1xx_HAL_Driver/Src/stm32f1xx_ll_usb.c ****       {
1680:Drivers/STM32F1xx_HAL_Driver/Src/stm32f1xx_ll_usb.c ****         USBx_HC(hcnum)->HCCHAR |= USB_OTG_HCCHAR_CHENA;
1681:Drivers/STM32F1xx_HAL_Driver/Src/stm32f1xx_ll_usb.c ****       }
1682:Drivers/STM32F1xx_HAL_Driver/Src/stm32f1xx_ll_usb.c ****     }
1683:Drivers/STM32F1xx_HAL_Driver/Src/stm32f1xx_ll_usb.c ****   }
1684:Drivers/STM32F1xx_HAL_Driver/Src/stm32f1xx_ll_usb.c ****   else
ARM GAS  /tmp/ccZyOP9D.s 			page 31


1685:Drivers/STM32F1xx_HAL_Driver/Src/stm32f1xx_ll_usb.c ****   {
1686:Drivers/STM32F1xx_HAL_Driver/Src/stm32f1xx_ll_usb.c ****     USBx_HC(hcnum)->HCCHAR |= USB_OTG_HCCHAR_CHDIS;
1687:Drivers/STM32F1xx_HAL_Driver/Src/stm32f1xx_ll_usb.c **** 
1688:Drivers/STM32F1xx_HAL_Driver/Src/stm32f1xx_ll_usb.c ****     if ((USBx_HOST->HPTXSTS & (0xFFU << 16)) == 0U)
1689:Drivers/STM32F1xx_HAL_Driver/Src/stm32f1xx_ll_usb.c ****     {
1690:Drivers/STM32F1xx_HAL_Driver/Src/stm32f1xx_ll_usb.c ****       USBx_HC(hcnum)->HCCHAR &= ~USB_OTG_HCCHAR_CHENA;
1691:Drivers/STM32F1xx_HAL_Driver/Src/stm32f1xx_ll_usb.c ****       USBx_HC(hcnum)->HCCHAR |= USB_OTG_HCCHAR_CHENA;
1692:Drivers/STM32F1xx_HAL_Driver/Src/stm32f1xx_ll_usb.c ****       USBx_HC(hcnum)->HCCHAR &= ~USB_OTG_HCCHAR_EPDIR;
1693:Drivers/STM32F1xx_HAL_Driver/Src/stm32f1xx_ll_usb.c ****       do
1694:Drivers/STM32F1xx_HAL_Driver/Src/stm32f1xx_ll_usb.c ****       {
1695:Drivers/STM32F1xx_HAL_Driver/Src/stm32f1xx_ll_usb.c ****         if (++count > 1000U)
1696:Drivers/STM32F1xx_HAL_Driver/Src/stm32f1xx_ll_usb.c ****         {
1697:Drivers/STM32F1xx_HAL_Driver/Src/stm32f1xx_ll_usb.c ****           break;
1698:Drivers/STM32F1xx_HAL_Driver/Src/stm32f1xx_ll_usb.c ****         }
1699:Drivers/STM32F1xx_HAL_Driver/Src/stm32f1xx_ll_usb.c ****       } while ((USBx_HC(hcnum)->HCCHAR & USB_OTG_HCCHAR_CHENA) == USB_OTG_HCCHAR_CHENA);
1700:Drivers/STM32F1xx_HAL_Driver/Src/stm32f1xx_ll_usb.c ****     }
1701:Drivers/STM32F1xx_HAL_Driver/Src/stm32f1xx_ll_usb.c ****     else
1702:Drivers/STM32F1xx_HAL_Driver/Src/stm32f1xx_ll_usb.c ****     {
1703:Drivers/STM32F1xx_HAL_Driver/Src/stm32f1xx_ll_usb.c ****       USBx_HC(hcnum)->HCCHAR |= USB_OTG_HCCHAR_CHENA;
1704:Drivers/STM32F1xx_HAL_Driver/Src/stm32f1xx_ll_usb.c ****     }
1705:Drivers/STM32F1xx_HAL_Driver/Src/stm32f1xx_ll_usb.c ****   }
1706:Drivers/STM32F1xx_HAL_Driver/Src/stm32f1xx_ll_usb.c **** 
1707:Drivers/STM32F1xx_HAL_Driver/Src/stm32f1xx_ll_usb.c ****   return HAL_OK;
1708:Drivers/STM32F1xx_HAL_Driver/Src/stm32f1xx_ll_usb.c **** }
1709:Drivers/STM32F1xx_HAL_Driver/Src/stm32f1xx_ll_usb.c **** 
1710:Drivers/STM32F1xx_HAL_Driver/Src/stm32f1xx_ll_usb.c **** /**
1711:Drivers/STM32F1xx_HAL_Driver/Src/stm32f1xx_ll_usb.c ****   * @brief  Initiate Do Ping protocol
1712:Drivers/STM32F1xx_HAL_Driver/Src/stm32f1xx_ll_usb.c ****   * @param  USBx  Selected device
1713:Drivers/STM32F1xx_HAL_Driver/Src/stm32f1xx_ll_usb.c ****   * @param  hc_num  Host Channel number
1714:Drivers/STM32F1xx_HAL_Driver/Src/stm32f1xx_ll_usb.c ****   *         This parameter can be a value from 1 to 15
1715:Drivers/STM32F1xx_HAL_Driver/Src/stm32f1xx_ll_usb.c ****   * @retval HAL state
1716:Drivers/STM32F1xx_HAL_Driver/Src/stm32f1xx_ll_usb.c ****   */
1717:Drivers/STM32F1xx_HAL_Driver/Src/stm32f1xx_ll_usb.c **** HAL_StatusTypeDef USB_DoPing(USB_OTG_GlobalTypeDef *USBx, uint8_t ch_num)
1718:Drivers/STM32F1xx_HAL_Driver/Src/stm32f1xx_ll_usb.c **** {
1719:Drivers/STM32F1xx_HAL_Driver/Src/stm32f1xx_ll_usb.c ****   uint32_t USBx_BASE = (uint32_t)USBx;
1720:Drivers/STM32F1xx_HAL_Driver/Src/stm32f1xx_ll_usb.c ****   uint32_t chnum = (uint32_t)ch_num;
1721:Drivers/STM32F1xx_HAL_Driver/Src/stm32f1xx_ll_usb.c ****   uint32_t num_packets = 1U;
1722:Drivers/STM32F1xx_HAL_Driver/Src/stm32f1xx_ll_usb.c ****   uint32_t tmpreg;
1723:Drivers/STM32F1xx_HAL_Driver/Src/stm32f1xx_ll_usb.c **** 
1724:Drivers/STM32F1xx_HAL_Driver/Src/stm32f1xx_ll_usb.c ****   USBx_HC(chnum)->HCTSIZ = ((num_packets << 19) & USB_OTG_HCTSIZ_PKTCNT) |
1725:Drivers/STM32F1xx_HAL_Driver/Src/stm32f1xx_ll_usb.c ****                            USB_OTG_HCTSIZ_DOPING;
1726:Drivers/STM32F1xx_HAL_Driver/Src/stm32f1xx_ll_usb.c **** 
1727:Drivers/STM32F1xx_HAL_Driver/Src/stm32f1xx_ll_usb.c ****   /* Set host channel enable */
1728:Drivers/STM32F1xx_HAL_Driver/Src/stm32f1xx_ll_usb.c ****   tmpreg = USBx_HC(chnum)->HCCHAR;
1729:Drivers/STM32F1xx_HAL_Driver/Src/stm32f1xx_ll_usb.c ****   tmpreg &= ~USB_OTG_HCCHAR_CHDIS;
1730:Drivers/STM32F1xx_HAL_Driver/Src/stm32f1xx_ll_usb.c ****   tmpreg |= USB_OTG_HCCHAR_CHENA;
1731:Drivers/STM32F1xx_HAL_Driver/Src/stm32f1xx_ll_usb.c ****   USBx_HC(chnum)->HCCHAR = tmpreg;
1732:Drivers/STM32F1xx_HAL_Driver/Src/stm32f1xx_ll_usb.c **** 
1733:Drivers/STM32F1xx_HAL_Driver/Src/stm32f1xx_ll_usb.c ****   return HAL_OK;
1734:Drivers/STM32F1xx_HAL_Driver/Src/stm32f1xx_ll_usb.c **** }
1735:Drivers/STM32F1xx_HAL_Driver/Src/stm32f1xx_ll_usb.c **** 
1736:Drivers/STM32F1xx_HAL_Driver/Src/stm32f1xx_ll_usb.c **** /**
1737:Drivers/STM32F1xx_HAL_Driver/Src/stm32f1xx_ll_usb.c ****   * @brief  Stop Host Core
1738:Drivers/STM32F1xx_HAL_Driver/Src/stm32f1xx_ll_usb.c ****   * @param  USBx  Selected device
1739:Drivers/STM32F1xx_HAL_Driver/Src/stm32f1xx_ll_usb.c ****   * @retval HAL state
1740:Drivers/STM32F1xx_HAL_Driver/Src/stm32f1xx_ll_usb.c ****   */
1741:Drivers/STM32F1xx_HAL_Driver/Src/stm32f1xx_ll_usb.c **** HAL_StatusTypeDef USB_StopHost(USB_OTG_GlobalTypeDef *USBx)
ARM GAS  /tmp/ccZyOP9D.s 			page 32


1742:Drivers/STM32F1xx_HAL_Driver/Src/stm32f1xx_ll_usb.c **** {
1743:Drivers/STM32F1xx_HAL_Driver/Src/stm32f1xx_ll_usb.c ****   uint32_t USBx_BASE = (uint32_t)USBx;
1744:Drivers/STM32F1xx_HAL_Driver/Src/stm32f1xx_ll_usb.c ****   uint32_t count = 0U;
1745:Drivers/STM32F1xx_HAL_Driver/Src/stm32f1xx_ll_usb.c ****   uint32_t value;
1746:Drivers/STM32F1xx_HAL_Driver/Src/stm32f1xx_ll_usb.c ****   uint32_t i;
1747:Drivers/STM32F1xx_HAL_Driver/Src/stm32f1xx_ll_usb.c **** 
1748:Drivers/STM32F1xx_HAL_Driver/Src/stm32f1xx_ll_usb.c ****   (void)USB_DisableGlobalInt(USBx);
1749:Drivers/STM32F1xx_HAL_Driver/Src/stm32f1xx_ll_usb.c **** 
1750:Drivers/STM32F1xx_HAL_Driver/Src/stm32f1xx_ll_usb.c ****   /* Flush FIFO */
1751:Drivers/STM32F1xx_HAL_Driver/Src/stm32f1xx_ll_usb.c ****   (void)USB_FlushTxFifo(USBx, 0x10U);
1752:Drivers/STM32F1xx_HAL_Driver/Src/stm32f1xx_ll_usb.c ****   (void)USB_FlushRxFifo(USBx);
1753:Drivers/STM32F1xx_HAL_Driver/Src/stm32f1xx_ll_usb.c **** 
1754:Drivers/STM32F1xx_HAL_Driver/Src/stm32f1xx_ll_usb.c ****   /* Flush out any leftover queued requests. */
1755:Drivers/STM32F1xx_HAL_Driver/Src/stm32f1xx_ll_usb.c ****   for (i = 0U; i <= 15U; i++)
1756:Drivers/STM32F1xx_HAL_Driver/Src/stm32f1xx_ll_usb.c ****   {
1757:Drivers/STM32F1xx_HAL_Driver/Src/stm32f1xx_ll_usb.c ****     value = USBx_HC(i)->HCCHAR;
1758:Drivers/STM32F1xx_HAL_Driver/Src/stm32f1xx_ll_usb.c ****     value |=  USB_OTG_HCCHAR_CHDIS;
1759:Drivers/STM32F1xx_HAL_Driver/Src/stm32f1xx_ll_usb.c ****     value &= ~USB_OTG_HCCHAR_CHENA;
1760:Drivers/STM32F1xx_HAL_Driver/Src/stm32f1xx_ll_usb.c ****     value &= ~USB_OTG_HCCHAR_EPDIR;
1761:Drivers/STM32F1xx_HAL_Driver/Src/stm32f1xx_ll_usb.c ****     USBx_HC(i)->HCCHAR = value;
1762:Drivers/STM32F1xx_HAL_Driver/Src/stm32f1xx_ll_usb.c ****   }
1763:Drivers/STM32F1xx_HAL_Driver/Src/stm32f1xx_ll_usb.c **** 
1764:Drivers/STM32F1xx_HAL_Driver/Src/stm32f1xx_ll_usb.c ****   /* Halt all channels to put them into a known state. */
1765:Drivers/STM32F1xx_HAL_Driver/Src/stm32f1xx_ll_usb.c ****   for (i = 0U; i <= 15U; i++)
1766:Drivers/STM32F1xx_HAL_Driver/Src/stm32f1xx_ll_usb.c ****   {
1767:Drivers/STM32F1xx_HAL_Driver/Src/stm32f1xx_ll_usb.c ****     value = USBx_HC(i)->HCCHAR;
1768:Drivers/STM32F1xx_HAL_Driver/Src/stm32f1xx_ll_usb.c ****     value |= USB_OTG_HCCHAR_CHDIS;
1769:Drivers/STM32F1xx_HAL_Driver/Src/stm32f1xx_ll_usb.c ****     value |= USB_OTG_HCCHAR_CHENA;
1770:Drivers/STM32F1xx_HAL_Driver/Src/stm32f1xx_ll_usb.c ****     value &= ~USB_OTG_HCCHAR_EPDIR;
1771:Drivers/STM32F1xx_HAL_Driver/Src/stm32f1xx_ll_usb.c ****     USBx_HC(i)->HCCHAR = value;
1772:Drivers/STM32F1xx_HAL_Driver/Src/stm32f1xx_ll_usb.c **** 
1773:Drivers/STM32F1xx_HAL_Driver/Src/stm32f1xx_ll_usb.c ****     do
1774:Drivers/STM32F1xx_HAL_Driver/Src/stm32f1xx_ll_usb.c ****     {
1775:Drivers/STM32F1xx_HAL_Driver/Src/stm32f1xx_ll_usb.c ****       if (++count > 1000U)
1776:Drivers/STM32F1xx_HAL_Driver/Src/stm32f1xx_ll_usb.c ****       {
1777:Drivers/STM32F1xx_HAL_Driver/Src/stm32f1xx_ll_usb.c ****         break;
1778:Drivers/STM32F1xx_HAL_Driver/Src/stm32f1xx_ll_usb.c ****       }
1779:Drivers/STM32F1xx_HAL_Driver/Src/stm32f1xx_ll_usb.c ****     } while ((USBx_HC(i)->HCCHAR & USB_OTG_HCCHAR_CHENA) == USB_OTG_HCCHAR_CHENA);
1780:Drivers/STM32F1xx_HAL_Driver/Src/stm32f1xx_ll_usb.c ****   }
1781:Drivers/STM32F1xx_HAL_Driver/Src/stm32f1xx_ll_usb.c **** 
1782:Drivers/STM32F1xx_HAL_Driver/Src/stm32f1xx_ll_usb.c ****   /* Clear any pending Host interrupts */
1783:Drivers/STM32F1xx_HAL_Driver/Src/stm32f1xx_ll_usb.c ****   USBx_HOST->HAINT = 0xFFFFFFFFU;
1784:Drivers/STM32F1xx_HAL_Driver/Src/stm32f1xx_ll_usb.c ****   USBx->GINTSTS = 0xFFFFFFFFU;
1785:Drivers/STM32F1xx_HAL_Driver/Src/stm32f1xx_ll_usb.c **** 
1786:Drivers/STM32F1xx_HAL_Driver/Src/stm32f1xx_ll_usb.c ****   return HAL_OK;
1787:Drivers/STM32F1xx_HAL_Driver/Src/stm32f1xx_ll_usb.c **** }
1788:Drivers/STM32F1xx_HAL_Driver/Src/stm32f1xx_ll_usb.c **** 
1789:Drivers/STM32F1xx_HAL_Driver/Src/stm32f1xx_ll_usb.c **** /**
1790:Drivers/STM32F1xx_HAL_Driver/Src/stm32f1xx_ll_usb.c ****   * @brief  USB_ActivateRemoteWakeup active remote wakeup signalling
1791:Drivers/STM32F1xx_HAL_Driver/Src/stm32f1xx_ll_usb.c ****   * @param  USBx Selected device
1792:Drivers/STM32F1xx_HAL_Driver/Src/stm32f1xx_ll_usb.c ****   * @retval HAL status
1793:Drivers/STM32F1xx_HAL_Driver/Src/stm32f1xx_ll_usb.c ****   */
1794:Drivers/STM32F1xx_HAL_Driver/Src/stm32f1xx_ll_usb.c **** HAL_StatusTypeDef USB_ActivateRemoteWakeup(USB_OTG_GlobalTypeDef *USBx)
1795:Drivers/STM32F1xx_HAL_Driver/Src/stm32f1xx_ll_usb.c **** {
1796:Drivers/STM32F1xx_HAL_Driver/Src/stm32f1xx_ll_usb.c ****   uint32_t USBx_BASE = (uint32_t)USBx;
1797:Drivers/STM32F1xx_HAL_Driver/Src/stm32f1xx_ll_usb.c **** 
1798:Drivers/STM32F1xx_HAL_Driver/Src/stm32f1xx_ll_usb.c ****   if ((USBx_DEVICE->DSTS & USB_OTG_DSTS_SUSPSTS) == USB_OTG_DSTS_SUSPSTS)
ARM GAS  /tmp/ccZyOP9D.s 			page 33


1799:Drivers/STM32F1xx_HAL_Driver/Src/stm32f1xx_ll_usb.c ****   {
1800:Drivers/STM32F1xx_HAL_Driver/Src/stm32f1xx_ll_usb.c ****     /* active Remote wakeup signalling */
1801:Drivers/STM32F1xx_HAL_Driver/Src/stm32f1xx_ll_usb.c ****     USBx_DEVICE->DCTL |= USB_OTG_DCTL_RWUSIG;
1802:Drivers/STM32F1xx_HAL_Driver/Src/stm32f1xx_ll_usb.c ****   }
1803:Drivers/STM32F1xx_HAL_Driver/Src/stm32f1xx_ll_usb.c **** 
1804:Drivers/STM32F1xx_HAL_Driver/Src/stm32f1xx_ll_usb.c ****   return HAL_OK;
1805:Drivers/STM32F1xx_HAL_Driver/Src/stm32f1xx_ll_usb.c **** }
1806:Drivers/STM32F1xx_HAL_Driver/Src/stm32f1xx_ll_usb.c **** 
1807:Drivers/STM32F1xx_HAL_Driver/Src/stm32f1xx_ll_usb.c **** /**
1808:Drivers/STM32F1xx_HAL_Driver/Src/stm32f1xx_ll_usb.c ****   * @brief  USB_DeActivateRemoteWakeup de-active remote wakeup signalling
1809:Drivers/STM32F1xx_HAL_Driver/Src/stm32f1xx_ll_usb.c ****   * @param  USBx Selected device
1810:Drivers/STM32F1xx_HAL_Driver/Src/stm32f1xx_ll_usb.c ****   * @retval HAL status
1811:Drivers/STM32F1xx_HAL_Driver/Src/stm32f1xx_ll_usb.c ****   */
1812:Drivers/STM32F1xx_HAL_Driver/Src/stm32f1xx_ll_usb.c **** HAL_StatusTypeDef USB_DeActivateRemoteWakeup(USB_OTG_GlobalTypeDef *USBx)
1813:Drivers/STM32F1xx_HAL_Driver/Src/stm32f1xx_ll_usb.c **** {
1814:Drivers/STM32F1xx_HAL_Driver/Src/stm32f1xx_ll_usb.c ****   uint32_t USBx_BASE = (uint32_t)USBx;
1815:Drivers/STM32F1xx_HAL_Driver/Src/stm32f1xx_ll_usb.c **** 
1816:Drivers/STM32F1xx_HAL_Driver/Src/stm32f1xx_ll_usb.c ****   /* active Remote wakeup signalling */
1817:Drivers/STM32F1xx_HAL_Driver/Src/stm32f1xx_ll_usb.c ****   USBx_DEVICE->DCTL &= ~(USB_OTG_DCTL_RWUSIG);
1818:Drivers/STM32F1xx_HAL_Driver/Src/stm32f1xx_ll_usb.c **** 
1819:Drivers/STM32F1xx_HAL_Driver/Src/stm32f1xx_ll_usb.c ****   return HAL_OK;
1820:Drivers/STM32F1xx_HAL_Driver/Src/stm32f1xx_ll_usb.c **** }
1821:Drivers/STM32F1xx_HAL_Driver/Src/stm32f1xx_ll_usb.c **** #endif /* defined (USB_OTG_FS) */
1822:Drivers/STM32F1xx_HAL_Driver/Src/stm32f1xx_ll_usb.c **** 
1823:Drivers/STM32F1xx_HAL_Driver/Src/stm32f1xx_ll_usb.c **** #if defined (USB)
1824:Drivers/STM32F1xx_HAL_Driver/Src/stm32f1xx_ll_usb.c **** /**
1825:Drivers/STM32F1xx_HAL_Driver/Src/stm32f1xx_ll_usb.c ****   * @brief  Initializes the USB Core
1826:Drivers/STM32F1xx_HAL_Driver/Src/stm32f1xx_ll_usb.c ****   * @param  USBx USB Instance
1827:Drivers/STM32F1xx_HAL_Driver/Src/stm32f1xx_ll_usb.c ****   * @param  cfg pointer to a USB_CfgTypeDef structure that contains
1828:Drivers/STM32F1xx_HAL_Driver/Src/stm32f1xx_ll_usb.c ****   *         the configuration information for the specified USBx peripheral.
1829:Drivers/STM32F1xx_HAL_Driver/Src/stm32f1xx_ll_usb.c ****   * @retval HAL status
1830:Drivers/STM32F1xx_HAL_Driver/Src/stm32f1xx_ll_usb.c ****   */
1831:Drivers/STM32F1xx_HAL_Driver/Src/stm32f1xx_ll_usb.c **** HAL_StatusTypeDef USB_CoreInit(USB_TypeDef *USBx, USB_CfgTypeDef cfg)
1832:Drivers/STM32F1xx_HAL_Driver/Src/stm32f1xx_ll_usb.c **** {
  28              		.loc 1 1832 1 view -0
  29              		.cfi_startproc
  30              		@ args = 36, pretend = 16, frame = 0
  31              		@ frame_needed = 0, uses_anonymous_args = 0
  32              		@ link register save eliminated.
  33              		.loc 1 1832 1 is_stmt 0 view .LVU1
  34 0000 84B0     		sub	sp, sp, #16
  35              	.LCFI0:
  36              		.cfi_def_cfa_offset 16
  37 0002 01A8     		add	r0, sp, #4
  38              	.LVL1:
  39              		.loc 1 1832 1 view .LVU2
  40 0004 80E80E00 		stm	r0, {r1, r2, r3}
1833:Drivers/STM32F1xx_HAL_Driver/Src/stm32f1xx_ll_usb.c ****   /* Prevent unused argument(s) compilation warning */
1834:Drivers/STM32F1xx_HAL_Driver/Src/stm32f1xx_ll_usb.c ****   UNUSED(USBx);
  41              		.loc 1 1834 3 is_stmt 1 view .LVU3
1835:Drivers/STM32F1xx_HAL_Driver/Src/stm32f1xx_ll_usb.c ****   UNUSED(cfg);
  42              		.loc 1 1835 3 view .LVU4
1836:Drivers/STM32F1xx_HAL_Driver/Src/stm32f1xx_ll_usb.c **** 
1837:Drivers/STM32F1xx_HAL_Driver/Src/stm32f1xx_ll_usb.c ****   /* NOTE : - This function is not required by USB Device FS peripheral, it is used
1838:Drivers/STM32F1xx_HAL_Driver/Src/stm32f1xx_ll_usb.c ****               only by USB OTG FS peripheral.
1839:Drivers/STM32F1xx_HAL_Driver/Src/stm32f1xx_ll_usb.c ****             - This function is added to ensure compatibility across platforms.
1840:Drivers/STM32F1xx_HAL_Driver/Src/stm32f1xx_ll_usb.c ****    */
ARM GAS  /tmp/ccZyOP9D.s 			page 34


1841:Drivers/STM32F1xx_HAL_Driver/Src/stm32f1xx_ll_usb.c **** 
1842:Drivers/STM32F1xx_HAL_Driver/Src/stm32f1xx_ll_usb.c ****   return HAL_OK;
  43              		.loc 1 1842 3 view .LVU5
1843:Drivers/STM32F1xx_HAL_Driver/Src/stm32f1xx_ll_usb.c **** }
  44              		.loc 1 1843 1 is_stmt 0 view .LVU6
  45 0008 0020     		movs	r0, #0
  46 000a 04B0     		add	sp, sp, #16
  47              	.LCFI1:
  48              		.cfi_def_cfa_offset 0
  49 000c 7047     		bx	lr
  50              		.cfi_endproc
  51              	.LFE65:
  53              		.section	.text.USB_EnableGlobalInt,"ax",%progbits
  54              		.align	1
  55              		.global	USB_EnableGlobalInt
  56              		.syntax unified
  57              		.thumb
  58              		.thumb_func
  60              	USB_EnableGlobalInt:
  61              	.LVL2:
  62              	.LFB66:
1844:Drivers/STM32F1xx_HAL_Driver/Src/stm32f1xx_ll_usb.c **** 
1845:Drivers/STM32F1xx_HAL_Driver/Src/stm32f1xx_ll_usb.c **** /**
1846:Drivers/STM32F1xx_HAL_Driver/Src/stm32f1xx_ll_usb.c ****   * @brief  USB_EnableGlobalInt
1847:Drivers/STM32F1xx_HAL_Driver/Src/stm32f1xx_ll_usb.c ****   *         Enables the controller's Global Int in the AHB Config reg
1848:Drivers/STM32F1xx_HAL_Driver/Src/stm32f1xx_ll_usb.c ****   * @param  USBx Selected device
1849:Drivers/STM32F1xx_HAL_Driver/Src/stm32f1xx_ll_usb.c ****   * @retval HAL status
1850:Drivers/STM32F1xx_HAL_Driver/Src/stm32f1xx_ll_usb.c ****   */
1851:Drivers/STM32F1xx_HAL_Driver/Src/stm32f1xx_ll_usb.c **** HAL_StatusTypeDef USB_EnableGlobalInt(USB_TypeDef *USBx)
1852:Drivers/STM32F1xx_HAL_Driver/Src/stm32f1xx_ll_usb.c **** {
  63              		.loc 1 1852 1 is_stmt 1 view -0
  64              		.cfi_startproc
  65              		@ args = 0, pretend = 0, frame = 0
  66              		@ frame_needed = 0, uses_anonymous_args = 0
  67              		@ link register save eliminated.
  68              		.loc 1 1852 1 is_stmt 0 view .LVU8
  69 0000 0346     		mov	r3, r0
1853:Drivers/STM32F1xx_HAL_Driver/Src/stm32f1xx_ll_usb.c ****   uint32_t winterruptmask;
  70              		.loc 1 1853 3 is_stmt 1 view .LVU9
1854:Drivers/STM32F1xx_HAL_Driver/Src/stm32f1xx_ll_usb.c **** 
1855:Drivers/STM32F1xx_HAL_Driver/Src/stm32f1xx_ll_usb.c ****   /* Clear pending interrupts */
1856:Drivers/STM32F1xx_HAL_Driver/Src/stm32f1xx_ll_usb.c ****   USBx->ISTR = 0U;
  71              		.loc 1 1856 3 view .LVU10
  72              		.loc 1 1856 14 is_stmt 0 view .LVU11
  73 0002 0020     		movs	r0, #0
  74              	.LVL3:
  75              		.loc 1 1856 14 view .LVU12
  76 0004 A3F84400 		strh	r0, [r3, #68]	@ movhi
1857:Drivers/STM32F1xx_HAL_Driver/Src/stm32f1xx_ll_usb.c **** 
1858:Drivers/STM32F1xx_HAL_Driver/Src/stm32f1xx_ll_usb.c ****   /* Set winterruptmask variable */
1859:Drivers/STM32F1xx_HAL_Driver/Src/stm32f1xx_ll_usb.c ****   winterruptmask = USB_CNTR_CTRM  | USB_CNTR_WKUPM |
  77              		.loc 1 1859 3 is_stmt 1 view .LVU13
  78              	.LVL4:
1860:Drivers/STM32F1xx_HAL_Driver/Src/stm32f1xx_ll_usb.c ****                    USB_CNTR_SUSPM | USB_CNTR_ERRM |
1861:Drivers/STM32F1xx_HAL_Driver/Src/stm32f1xx_ll_usb.c ****                    USB_CNTR_SOFM | USB_CNTR_ESOFM |
1862:Drivers/STM32F1xx_HAL_Driver/Src/stm32f1xx_ll_usb.c ****                    USB_CNTR_RESETM;
1863:Drivers/STM32F1xx_HAL_Driver/Src/stm32f1xx_ll_usb.c **** 
ARM GAS  /tmp/ccZyOP9D.s 			page 35


1864:Drivers/STM32F1xx_HAL_Driver/Src/stm32f1xx_ll_usb.c ****   /* Set interrupt mask */
1865:Drivers/STM32F1xx_HAL_Driver/Src/stm32f1xx_ll_usb.c ****   USBx->CNTR = (uint16_t)winterruptmask;
  79              		.loc 1 1865 3 view .LVU14
  80              		.loc 1 1865 14 is_stmt 0 view .LVU15
  81 0008 4FF43F42 		mov	r2, #48896
  82 000c A3F84020 		strh	r2, [r3, #64]	@ movhi
1866:Drivers/STM32F1xx_HAL_Driver/Src/stm32f1xx_ll_usb.c **** 
1867:Drivers/STM32F1xx_HAL_Driver/Src/stm32f1xx_ll_usb.c ****   return HAL_OK;
  83              		.loc 1 1867 3 is_stmt 1 view .LVU16
1868:Drivers/STM32F1xx_HAL_Driver/Src/stm32f1xx_ll_usb.c **** }
  84              		.loc 1 1868 1 is_stmt 0 view .LVU17
  85 0010 7047     		bx	lr
  86              		.cfi_endproc
  87              	.LFE66:
  89              		.section	.text.USB_DisableGlobalInt,"ax",%progbits
  90              		.align	1
  91              		.global	USB_DisableGlobalInt
  92              		.syntax unified
  93              		.thumb
  94              		.thumb_func
  96              	USB_DisableGlobalInt:
  97              	.LVL5:
  98              	.LFB67:
1869:Drivers/STM32F1xx_HAL_Driver/Src/stm32f1xx_ll_usb.c **** 
1870:Drivers/STM32F1xx_HAL_Driver/Src/stm32f1xx_ll_usb.c **** /**
1871:Drivers/STM32F1xx_HAL_Driver/Src/stm32f1xx_ll_usb.c ****   * @brief  USB_DisableGlobalInt
1872:Drivers/STM32F1xx_HAL_Driver/Src/stm32f1xx_ll_usb.c ****   *         Disable the controller's Global Int in the AHB Config reg
1873:Drivers/STM32F1xx_HAL_Driver/Src/stm32f1xx_ll_usb.c ****   * @param  USBx Selected device
1874:Drivers/STM32F1xx_HAL_Driver/Src/stm32f1xx_ll_usb.c ****   * @retval HAL status
1875:Drivers/STM32F1xx_HAL_Driver/Src/stm32f1xx_ll_usb.c ****   */
1876:Drivers/STM32F1xx_HAL_Driver/Src/stm32f1xx_ll_usb.c **** HAL_StatusTypeDef USB_DisableGlobalInt(USB_TypeDef *USBx)
1877:Drivers/STM32F1xx_HAL_Driver/Src/stm32f1xx_ll_usb.c **** {
  99              		.loc 1 1877 1 is_stmt 1 view -0
 100              		.cfi_startproc
 101              		@ args = 0, pretend = 0, frame = 0
 102              		@ frame_needed = 0, uses_anonymous_args = 0
 103              		@ link register save eliminated.
1878:Drivers/STM32F1xx_HAL_Driver/Src/stm32f1xx_ll_usb.c ****   uint32_t winterruptmask;
 104              		.loc 1 1878 3 view .LVU19
1879:Drivers/STM32F1xx_HAL_Driver/Src/stm32f1xx_ll_usb.c **** 
1880:Drivers/STM32F1xx_HAL_Driver/Src/stm32f1xx_ll_usb.c ****   /* Set winterruptmask variable */
1881:Drivers/STM32F1xx_HAL_Driver/Src/stm32f1xx_ll_usb.c ****   winterruptmask = USB_CNTR_CTRM  | USB_CNTR_WKUPM |
 105              		.loc 1 1881 3 view .LVU20
1882:Drivers/STM32F1xx_HAL_Driver/Src/stm32f1xx_ll_usb.c ****                    USB_CNTR_SUSPM | USB_CNTR_ERRM |
1883:Drivers/STM32F1xx_HAL_Driver/Src/stm32f1xx_ll_usb.c ****                    USB_CNTR_SOFM | USB_CNTR_ESOFM |
1884:Drivers/STM32F1xx_HAL_Driver/Src/stm32f1xx_ll_usb.c ****                    USB_CNTR_RESETM;
1885:Drivers/STM32F1xx_HAL_Driver/Src/stm32f1xx_ll_usb.c **** 
1886:Drivers/STM32F1xx_HAL_Driver/Src/stm32f1xx_ll_usb.c ****   /* Clear interrupt mask */
1887:Drivers/STM32F1xx_HAL_Driver/Src/stm32f1xx_ll_usb.c ****   USBx->CNTR &= (uint16_t)(~winterruptmask);
 106              		.loc 1 1887 3 view .LVU21
 107              		.loc 1 1887 7 is_stmt 0 view .LVU22
 108 0000 B0F84030 		ldrh	r3, [r0, #64]
 109              		.loc 1 1887 14 view .LVU23
 110 0004 23F47C53 		bic	r3, r3, #16128
 111 0008 5B04     		lsls	r3, r3, #17
 112 000a 5B0C     		lsrs	r3, r3, #17
 113 000c A0F84030 		strh	r3, [r0, #64]	@ movhi
ARM GAS  /tmp/ccZyOP9D.s 			page 36


1888:Drivers/STM32F1xx_HAL_Driver/Src/stm32f1xx_ll_usb.c **** 
1889:Drivers/STM32F1xx_HAL_Driver/Src/stm32f1xx_ll_usb.c ****   return HAL_OK;
 114              		.loc 1 1889 3 is_stmt 1 view .LVU24
1890:Drivers/STM32F1xx_HAL_Driver/Src/stm32f1xx_ll_usb.c **** }
 115              		.loc 1 1890 1 is_stmt 0 view .LVU25
 116 0010 0020     		movs	r0, #0
 117              	.LVL6:
 118              		.loc 1 1890 1 view .LVU26
 119 0012 7047     		bx	lr
 120              		.cfi_endproc
 121              	.LFE67:
 123              		.section	.text.USB_SetCurrentMode,"ax",%progbits
 124              		.align	1
 125              		.global	USB_SetCurrentMode
 126              		.syntax unified
 127              		.thumb
 128              		.thumb_func
 130              	USB_SetCurrentMode:
 131              	.LVL7:
 132              	.LFB68:
1891:Drivers/STM32F1xx_HAL_Driver/Src/stm32f1xx_ll_usb.c **** 
1892:Drivers/STM32F1xx_HAL_Driver/Src/stm32f1xx_ll_usb.c **** /**
1893:Drivers/STM32F1xx_HAL_Driver/Src/stm32f1xx_ll_usb.c ****   * @brief  USB_SetCurrentMode Set functional mode
1894:Drivers/STM32F1xx_HAL_Driver/Src/stm32f1xx_ll_usb.c ****   * @param  USBx Selected device
1895:Drivers/STM32F1xx_HAL_Driver/Src/stm32f1xx_ll_usb.c ****   * @param  mode current core mode
1896:Drivers/STM32F1xx_HAL_Driver/Src/stm32f1xx_ll_usb.c ****   *          This parameter can be one of the these values:
1897:Drivers/STM32F1xx_HAL_Driver/Src/stm32f1xx_ll_usb.c ****   *            @arg USB_DEVICE_MODE Peripheral mode
1898:Drivers/STM32F1xx_HAL_Driver/Src/stm32f1xx_ll_usb.c ****   * @retval HAL status
1899:Drivers/STM32F1xx_HAL_Driver/Src/stm32f1xx_ll_usb.c ****   */
1900:Drivers/STM32F1xx_HAL_Driver/Src/stm32f1xx_ll_usb.c **** HAL_StatusTypeDef USB_SetCurrentMode(USB_TypeDef *USBx, USB_ModeTypeDef mode)
1901:Drivers/STM32F1xx_HAL_Driver/Src/stm32f1xx_ll_usb.c **** {
 133              		.loc 1 1901 1 is_stmt 1 view -0
 134              		.cfi_startproc
 135              		@ args = 0, pretend = 0, frame = 0
 136              		@ frame_needed = 0, uses_anonymous_args = 0
 137              		@ link register save eliminated.
1902:Drivers/STM32F1xx_HAL_Driver/Src/stm32f1xx_ll_usb.c ****   /* Prevent unused argument(s) compilation warning */
1903:Drivers/STM32F1xx_HAL_Driver/Src/stm32f1xx_ll_usb.c ****   UNUSED(USBx);
 138              		.loc 1 1903 3 view .LVU28
1904:Drivers/STM32F1xx_HAL_Driver/Src/stm32f1xx_ll_usb.c ****   UNUSED(mode);
 139              		.loc 1 1904 3 view .LVU29
1905:Drivers/STM32F1xx_HAL_Driver/Src/stm32f1xx_ll_usb.c **** 
1906:Drivers/STM32F1xx_HAL_Driver/Src/stm32f1xx_ll_usb.c ****   /* NOTE : - This function is not required by USB Device FS peripheral, it is used
1907:Drivers/STM32F1xx_HAL_Driver/Src/stm32f1xx_ll_usb.c ****               only by USB OTG FS peripheral.
1908:Drivers/STM32F1xx_HAL_Driver/Src/stm32f1xx_ll_usb.c ****             - This function is added to ensure compatibility across platforms.
1909:Drivers/STM32F1xx_HAL_Driver/Src/stm32f1xx_ll_usb.c ****    */
1910:Drivers/STM32F1xx_HAL_Driver/Src/stm32f1xx_ll_usb.c ****   return HAL_OK;
 140              		.loc 1 1910 3 view .LVU30
1911:Drivers/STM32F1xx_HAL_Driver/Src/stm32f1xx_ll_usb.c **** }
 141              		.loc 1 1911 1 is_stmt 0 view .LVU31
 142 0000 0020     		movs	r0, #0
 143              	.LVL8:
 144              		.loc 1 1911 1 view .LVU32
 145 0002 7047     		bx	lr
 146              		.cfi_endproc
 147              	.LFE68:
 149              		.section	.text.USB_DevInit,"ax",%progbits
ARM GAS  /tmp/ccZyOP9D.s 			page 37


 150              		.align	1
 151              		.global	USB_DevInit
 152              		.syntax unified
 153              		.thumb
 154              		.thumb_func
 156              	USB_DevInit:
 157              	.LVL9:
 158              	.LFB69:
1912:Drivers/STM32F1xx_HAL_Driver/Src/stm32f1xx_ll_usb.c **** 
1913:Drivers/STM32F1xx_HAL_Driver/Src/stm32f1xx_ll_usb.c **** /**
1914:Drivers/STM32F1xx_HAL_Driver/Src/stm32f1xx_ll_usb.c ****   * @brief  USB_DevInit Initializes the USB controller registers
1915:Drivers/STM32F1xx_HAL_Driver/Src/stm32f1xx_ll_usb.c ****   *         for device mode
1916:Drivers/STM32F1xx_HAL_Driver/Src/stm32f1xx_ll_usb.c ****   * @param  USBx Selected device
1917:Drivers/STM32F1xx_HAL_Driver/Src/stm32f1xx_ll_usb.c ****   * @param  cfg  pointer to a USB_CfgTypeDef structure that contains
1918:Drivers/STM32F1xx_HAL_Driver/Src/stm32f1xx_ll_usb.c ****   *         the configuration information for the specified USBx peripheral.
1919:Drivers/STM32F1xx_HAL_Driver/Src/stm32f1xx_ll_usb.c ****   * @retval HAL status
1920:Drivers/STM32F1xx_HAL_Driver/Src/stm32f1xx_ll_usb.c ****   */
1921:Drivers/STM32F1xx_HAL_Driver/Src/stm32f1xx_ll_usb.c **** HAL_StatusTypeDef USB_DevInit(USB_TypeDef *USBx, USB_CfgTypeDef cfg)
1922:Drivers/STM32F1xx_HAL_Driver/Src/stm32f1xx_ll_usb.c **** {
 159              		.loc 1 1922 1 is_stmt 1 view -0
 160              		.cfi_startproc
 161              		@ args = 36, pretend = 16, frame = 0
 162              		@ frame_needed = 0, uses_anonymous_args = 0
 163              		@ link register save eliminated.
 164              		.loc 1 1922 1 is_stmt 0 view .LVU34
 165 0000 84B0     		sub	sp, sp, #16
 166              	.LCFI2:
 167              		.cfi_def_cfa_offset 16
 168 0002 8446     		mov	ip, r0
 169 0004 01A8     		add	r0, sp, #4
 170              	.LVL10:
 171              		.loc 1 1922 1 view .LVU35
 172 0006 80E80E00 		stm	r0, {r1, r2, r3}
1923:Drivers/STM32F1xx_HAL_Driver/Src/stm32f1xx_ll_usb.c ****   /* Prevent unused argument(s) compilation warning */
1924:Drivers/STM32F1xx_HAL_Driver/Src/stm32f1xx_ll_usb.c ****   UNUSED(cfg);
 173              		.loc 1 1924 3 is_stmt 1 view .LVU36
1925:Drivers/STM32F1xx_HAL_Driver/Src/stm32f1xx_ll_usb.c **** 
1926:Drivers/STM32F1xx_HAL_Driver/Src/stm32f1xx_ll_usb.c ****   /* Init Device */
1927:Drivers/STM32F1xx_HAL_Driver/Src/stm32f1xx_ll_usb.c ****   /* CNTR_FRES = 1 */
1928:Drivers/STM32F1xx_HAL_Driver/Src/stm32f1xx_ll_usb.c ****   USBx->CNTR = (uint16_t)USB_CNTR_FRES;
 174              		.loc 1 1928 3 view .LVU37
 175              		.loc 1 1928 14 is_stmt 0 view .LVU38
 176 000a 0123     		movs	r3, #1
 177 000c ACF84030 		strh	r3, [ip, #64]	@ movhi
1929:Drivers/STM32F1xx_HAL_Driver/Src/stm32f1xx_ll_usb.c **** 
1930:Drivers/STM32F1xx_HAL_Driver/Src/stm32f1xx_ll_usb.c ****   /* CNTR_FRES = 0 */
1931:Drivers/STM32F1xx_HAL_Driver/Src/stm32f1xx_ll_usb.c ****   USBx->CNTR = 0U;
 178              		.loc 1 1931 3 is_stmt 1 view .LVU39
 179              		.loc 1 1931 14 is_stmt 0 view .LVU40
 180 0010 0020     		movs	r0, #0
 181 0012 ACF84000 		strh	r0, [ip, #64]	@ movhi
1932:Drivers/STM32F1xx_HAL_Driver/Src/stm32f1xx_ll_usb.c **** 
1933:Drivers/STM32F1xx_HAL_Driver/Src/stm32f1xx_ll_usb.c ****   /* Clear pending interrupts */
1934:Drivers/STM32F1xx_HAL_Driver/Src/stm32f1xx_ll_usb.c ****   USBx->ISTR = 0U;
 182              		.loc 1 1934 3 is_stmt 1 view .LVU41
 183              		.loc 1 1934 14 is_stmt 0 view .LVU42
 184 0016 ACF84400 		strh	r0, [ip, #68]	@ movhi
ARM GAS  /tmp/ccZyOP9D.s 			page 38


1935:Drivers/STM32F1xx_HAL_Driver/Src/stm32f1xx_ll_usb.c **** 
1936:Drivers/STM32F1xx_HAL_Driver/Src/stm32f1xx_ll_usb.c ****   /*Set Btable Address*/
1937:Drivers/STM32F1xx_HAL_Driver/Src/stm32f1xx_ll_usb.c ****   USBx->BTABLE = BTABLE_ADDRESS;
 185              		.loc 1 1937 3 is_stmt 1 view .LVU43
 186              		.loc 1 1937 16 is_stmt 0 view .LVU44
 187 001a ACF85000 		strh	r0, [ip, #80]	@ movhi
1938:Drivers/STM32F1xx_HAL_Driver/Src/stm32f1xx_ll_usb.c **** 
1939:Drivers/STM32F1xx_HAL_Driver/Src/stm32f1xx_ll_usb.c ****   return HAL_OK;
 188              		.loc 1 1939 3 is_stmt 1 view .LVU45
1940:Drivers/STM32F1xx_HAL_Driver/Src/stm32f1xx_ll_usb.c **** }
 189              		.loc 1 1940 1 is_stmt 0 view .LVU46
 190 001e 04B0     		add	sp, sp, #16
 191              	.LCFI3:
 192              		.cfi_def_cfa_offset 0
 193 0020 7047     		bx	lr
 194              		.cfi_endproc
 195              	.LFE69:
 197              		.section	.text.USB_FlushTxFifo,"ax",%progbits
 198              		.align	1
 199              		.global	USB_FlushTxFifo
 200              		.syntax unified
 201              		.thumb
 202              		.thumb_func
 204              	USB_FlushTxFifo:
 205              	.LVL11:
 206              	.LFB70:
1941:Drivers/STM32F1xx_HAL_Driver/Src/stm32f1xx_ll_usb.c **** 
1942:Drivers/STM32F1xx_HAL_Driver/Src/stm32f1xx_ll_usb.c **** /**
1943:Drivers/STM32F1xx_HAL_Driver/Src/stm32f1xx_ll_usb.c ****   * @brief  USB_FlushTxFifo : Flush a Tx FIFO
1944:Drivers/STM32F1xx_HAL_Driver/Src/stm32f1xx_ll_usb.c ****   * @param  USBx : Selected device
1945:Drivers/STM32F1xx_HAL_Driver/Src/stm32f1xx_ll_usb.c ****   * @param  num : FIFO number
1946:Drivers/STM32F1xx_HAL_Driver/Src/stm32f1xx_ll_usb.c ****   *         This parameter can be a value from 1 to 15
1947:Drivers/STM32F1xx_HAL_Driver/Src/stm32f1xx_ll_usb.c ****             15 means Flush all Tx FIFOs
1948:Drivers/STM32F1xx_HAL_Driver/Src/stm32f1xx_ll_usb.c ****   * @retval HAL status
1949:Drivers/STM32F1xx_HAL_Driver/Src/stm32f1xx_ll_usb.c ****   */
1950:Drivers/STM32F1xx_HAL_Driver/Src/stm32f1xx_ll_usb.c **** HAL_StatusTypeDef USB_FlushTxFifo(USB_TypeDef *USBx, uint32_t num)
1951:Drivers/STM32F1xx_HAL_Driver/Src/stm32f1xx_ll_usb.c **** {
 207              		.loc 1 1951 1 is_stmt 1 view -0
 208              		.cfi_startproc
 209              		@ args = 0, pretend = 0, frame = 0
 210              		@ frame_needed = 0, uses_anonymous_args = 0
 211              		@ link register save eliminated.
1952:Drivers/STM32F1xx_HAL_Driver/Src/stm32f1xx_ll_usb.c ****   /* Prevent unused argument(s) compilation warning */
1953:Drivers/STM32F1xx_HAL_Driver/Src/stm32f1xx_ll_usb.c ****   UNUSED(USBx);
 212              		.loc 1 1953 3 view .LVU48
1954:Drivers/STM32F1xx_HAL_Driver/Src/stm32f1xx_ll_usb.c ****   UNUSED(num);
 213              		.loc 1 1954 3 view .LVU49
1955:Drivers/STM32F1xx_HAL_Driver/Src/stm32f1xx_ll_usb.c **** 
1956:Drivers/STM32F1xx_HAL_Driver/Src/stm32f1xx_ll_usb.c ****   /* NOTE : - This function is not required by USB Device FS peripheral, it is used
1957:Drivers/STM32F1xx_HAL_Driver/Src/stm32f1xx_ll_usb.c ****               only by USB OTG FS peripheral.
1958:Drivers/STM32F1xx_HAL_Driver/Src/stm32f1xx_ll_usb.c ****             - This function is added to ensure compatibility across platforms.
1959:Drivers/STM32F1xx_HAL_Driver/Src/stm32f1xx_ll_usb.c ****    */
1960:Drivers/STM32F1xx_HAL_Driver/Src/stm32f1xx_ll_usb.c **** 
1961:Drivers/STM32F1xx_HAL_Driver/Src/stm32f1xx_ll_usb.c ****   return HAL_OK;
 214              		.loc 1 1961 3 view .LVU50
1962:Drivers/STM32F1xx_HAL_Driver/Src/stm32f1xx_ll_usb.c **** }
 215              		.loc 1 1962 1 is_stmt 0 view .LVU51
ARM GAS  /tmp/ccZyOP9D.s 			page 39


 216 0000 0020     		movs	r0, #0
 217              	.LVL12:
 218              		.loc 1 1962 1 view .LVU52
 219 0002 7047     		bx	lr
 220              		.cfi_endproc
 221              	.LFE70:
 223              		.section	.text.USB_FlushRxFifo,"ax",%progbits
 224              		.align	1
 225              		.global	USB_FlushRxFifo
 226              		.syntax unified
 227              		.thumb
 228              		.thumb_func
 230              	USB_FlushRxFifo:
 231              	.LVL13:
 232              	.LFB71:
1963:Drivers/STM32F1xx_HAL_Driver/Src/stm32f1xx_ll_usb.c **** 
1964:Drivers/STM32F1xx_HAL_Driver/Src/stm32f1xx_ll_usb.c **** /**
1965:Drivers/STM32F1xx_HAL_Driver/Src/stm32f1xx_ll_usb.c ****   * @brief  USB_FlushRxFifo : Flush Rx FIFO
1966:Drivers/STM32F1xx_HAL_Driver/Src/stm32f1xx_ll_usb.c ****   * @param  USBx : Selected device
1967:Drivers/STM32F1xx_HAL_Driver/Src/stm32f1xx_ll_usb.c ****   * @retval HAL status
1968:Drivers/STM32F1xx_HAL_Driver/Src/stm32f1xx_ll_usb.c ****   */
1969:Drivers/STM32F1xx_HAL_Driver/Src/stm32f1xx_ll_usb.c **** HAL_StatusTypeDef USB_FlushRxFifo(USB_TypeDef *USBx)
1970:Drivers/STM32F1xx_HAL_Driver/Src/stm32f1xx_ll_usb.c **** {
 233              		.loc 1 1970 1 is_stmt 1 view -0
 234              		.cfi_startproc
 235              		@ args = 0, pretend = 0, frame = 0
 236              		@ frame_needed = 0, uses_anonymous_args = 0
 237              		@ link register save eliminated.
1971:Drivers/STM32F1xx_HAL_Driver/Src/stm32f1xx_ll_usb.c ****   /* Prevent unused argument(s) compilation warning */
1972:Drivers/STM32F1xx_HAL_Driver/Src/stm32f1xx_ll_usb.c ****   UNUSED(USBx);
 238              		.loc 1 1972 3 view .LVU54
1973:Drivers/STM32F1xx_HAL_Driver/Src/stm32f1xx_ll_usb.c **** 
1974:Drivers/STM32F1xx_HAL_Driver/Src/stm32f1xx_ll_usb.c ****   /* NOTE : - This function is not required by USB Device FS peripheral, it is used
1975:Drivers/STM32F1xx_HAL_Driver/Src/stm32f1xx_ll_usb.c ****               only by USB OTG FS peripheral.
1976:Drivers/STM32F1xx_HAL_Driver/Src/stm32f1xx_ll_usb.c ****             - This function is added to ensure compatibility across platforms.
1977:Drivers/STM32F1xx_HAL_Driver/Src/stm32f1xx_ll_usb.c ****    */
1978:Drivers/STM32F1xx_HAL_Driver/Src/stm32f1xx_ll_usb.c **** 
1979:Drivers/STM32F1xx_HAL_Driver/Src/stm32f1xx_ll_usb.c ****   return HAL_OK;
 239              		.loc 1 1979 3 view .LVU55
1980:Drivers/STM32F1xx_HAL_Driver/Src/stm32f1xx_ll_usb.c **** }
 240              		.loc 1 1980 1 is_stmt 0 view .LVU56
 241 0000 0020     		movs	r0, #0
 242              	.LVL14:
 243              		.loc 1 1980 1 view .LVU57
 244 0002 7047     		bx	lr
 245              		.cfi_endproc
 246              	.LFE71:
 248              		.section	.text.USB_ActivateEndpoint,"ax",%progbits
 249              		.align	1
 250              		.global	USB_ActivateEndpoint
 251              		.syntax unified
 252              		.thumb
 253              		.thumb_func
 255              	USB_ActivateEndpoint:
 256              	.LVL15:
 257              	.LFB72:
1981:Drivers/STM32F1xx_HAL_Driver/Src/stm32f1xx_ll_usb.c **** 
ARM GAS  /tmp/ccZyOP9D.s 			page 40


1982:Drivers/STM32F1xx_HAL_Driver/Src/stm32f1xx_ll_usb.c **** #if defined (HAL_PCD_MODULE_ENABLED)
1983:Drivers/STM32F1xx_HAL_Driver/Src/stm32f1xx_ll_usb.c **** /**
1984:Drivers/STM32F1xx_HAL_Driver/Src/stm32f1xx_ll_usb.c ****   * @brief  Activate and configure an endpoint
1985:Drivers/STM32F1xx_HAL_Driver/Src/stm32f1xx_ll_usb.c ****   * @param  USBx Selected device
1986:Drivers/STM32F1xx_HAL_Driver/Src/stm32f1xx_ll_usb.c ****   * @param  ep pointer to endpoint structure
1987:Drivers/STM32F1xx_HAL_Driver/Src/stm32f1xx_ll_usb.c ****   * @retval HAL status
1988:Drivers/STM32F1xx_HAL_Driver/Src/stm32f1xx_ll_usb.c ****   */
1989:Drivers/STM32F1xx_HAL_Driver/Src/stm32f1xx_ll_usb.c **** HAL_StatusTypeDef USB_ActivateEndpoint(USB_TypeDef *USBx, USB_EPTypeDef *ep)
1990:Drivers/STM32F1xx_HAL_Driver/Src/stm32f1xx_ll_usb.c **** {
 258              		.loc 1 1990 1 is_stmt 1 view -0
 259              		.cfi_startproc
 260              		@ args = 0, pretend = 0, frame = 0
 261              		@ frame_needed = 0, uses_anonymous_args = 0
 262              		.loc 1 1990 1 is_stmt 0 view .LVU59
 263 0000 10B5     		push	{r4, lr}
 264              	.LCFI4:
 265              		.cfi_def_cfa_offset 8
 266              		.cfi_offset 4, -8
 267              		.cfi_offset 14, -4
 268 0002 0346     		mov	r3, r0
1991:Drivers/STM32F1xx_HAL_Driver/Src/stm32f1xx_ll_usb.c ****   HAL_StatusTypeDef ret = HAL_OK;
 269              		.loc 1 1991 3 is_stmt 1 view .LVU60
 270              	.LVL16:
1992:Drivers/STM32F1xx_HAL_Driver/Src/stm32f1xx_ll_usb.c ****   uint16_t wEpRegVal;
 271              		.loc 1 1992 3 view .LVU61
1993:Drivers/STM32F1xx_HAL_Driver/Src/stm32f1xx_ll_usb.c **** 
1994:Drivers/STM32F1xx_HAL_Driver/Src/stm32f1xx_ll_usb.c ****   wEpRegVal = PCD_GET_ENDPOINT(USBx, ep->num) & USB_EP_T_MASK;
 272              		.loc 1 1994 3 view .LVU62
 273              		.loc 1 1994 15 is_stmt 0 view .LVU63
 274 0004 91F800C0 		ldrb	ip, [r1]	@ zero_extendqisi2
 275 0008 30F82C20 		ldrh	r2, [r0, ip, lsl #2]
 276 000c 92B2     		uxth	r2, r2
 277              		.loc 1 1994 13 view .LVU64
 278 000e 22F4EC42 		bic	r2, r2, #30208
 279 0012 22F07002 		bic	r2, r2, #112
 280 0016 92B2     		uxth	r2, r2
 281              	.LVL17:
1995:Drivers/STM32F1xx_HAL_Driver/Src/stm32f1xx_ll_usb.c **** 
1996:Drivers/STM32F1xx_HAL_Driver/Src/stm32f1xx_ll_usb.c ****   /* initialize Endpoint */
1997:Drivers/STM32F1xx_HAL_Driver/Src/stm32f1xx_ll_usb.c ****   switch (ep->type)
 282              		.loc 1 1997 3 is_stmt 1 view .LVU65
 283              		.loc 1 1997 13 is_stmt 0 view .LVU66
 284 0018 C878     		ldrb	r0, [r1, #3]	@ zero_extendqisi2
 285              	.LVL18:
 286              		.loc 1 1997 3 view .LVU67
 287 001a 0328     		cmp	r0, #3
 288 001c 61D8     		bhi	.L35
 289 001e DFE800F0 		tbb	[pc, r0]
 290              	.L13:
 291 0022 55       		.byte	(.L16-.L13)/2
 292 0023 5C       		.byte	(.L15-.L13)/2
 293 0024 02       		.byte	(.L14-.L13)/2
 294 0025 58       		.byte	(.L12-.L13)/2
 295              		.p2align 1
 296              	.L14:
 297 0026 0020     		movs	r0, #0
 298              	.L11:
ARM GAS  /tmp/ccZyOP9D.s 			page 41


 299              	.LVL19:
1998:Drivers/STM32F1xx_HAL_Driver/Src/stm32f1xx_ll_usb.c ****   {
1999:Drivers/STM32F1xx_HAL_Driver/Src/stm32f1xx_ll_usb.c ****     case EP_TYPE_CTRL:
2000:Drivers/STM32F1xx_HAL_Driver/Src/stm32f1xx_ll_usb.c ****       wEpRegVal |= USB_EP_CONTROL;
2001:Drivers/STM32F1xx_HAL_Driver/Src/stm32f1xx_ll_usb.c ****       break;
2002:Drivers/STM32F1xx_HAL_Driver/Src/stm32f1xx_ll_usb.c **** 
2003:Drivers/STM32F1xx_HAL_Driver/Src/stm32f1xx_ll_usb.c ****     case EP_TYPE_BULK:
2004:Drivers/STM32F1xx_HAL_Driver/Src/stm32f1xx_ll_usb.c ****       wEpRegVal |= USB_EP_BULK;
2005:Drivers/STM32F1xx_HAL_Driver/Src/stm32f1xx_ll_usb.c ****       break;
2006:Drivers/STM32F1xx_HAL_Driver/Src/stm32f1xx_ll_usb.c **** 
2007:Drivers/STM32F1xx_HAL_Driver/Src/stm32f1xx_ll_usb.c ****     case EP_TYPE_INTR:
2008:Drivers/STM32F1xx_HAL_Driver/Src/stm32f1xx_ll_usb.c ****       wEpRegVal |= USB_EP_INTERRUPT;
2009:Drivers/STM32F1xx_HAL_Driver/Src/stm32f1xx_ll_usb.c ****       break;
2010:Drivers/STM32F1xx_HAL_Driver/Src/stm32f1xx_ll_usb.c **** 
2011:Drivers/STM32F1xx_HAL_Driver/Src/stm32f1xx_ll_usb.c ****     case EP_TYPE_ISOC:
2012:Drivers/STM32F1xx_HAL_Driver/Src/stm32f1xx_ll_usb.c ****       wEpRegVal |= USB_EP_ISOCHRONOUS;
2013:Drivers/STM32F1xx_HAL_Driver/Src/stm32f1xx_ll_usb.c ****       break;
2014:Drivers/STM32F1xx_HAL_Driver/Src/stm32f1xx_ll_usb.c **** 
2015:Drivers/STM32F1xx_HAL_Driver/Src/stm32f1xx_ll_usb.c ****     default:
2016:Drivers/STM32F1xx_HAL_Driver/Src/stm32f1xx_ll_usb.c ****       ret = HAL_ERROR;
2017:Drivers/STM32F1xx_HAL_Driver/Src/stm32f1xx_ll_usb.c ****       break;
2018:Drivers/STM32F1xx_HAL_Driver/Src/stm32f1xx_ll_usb.c ****   }
2019:Drivers/STM32F1xx_HAL_Driver/Src/stm32f1xx_ll_usb.c **** 
2020:Drivers/STM32F1xx_HAL_Driver/Src/stm32f1xx_ll_usb.c ****   PCD_SET_ENDPOINT(USBx, ep->num, (wEpRegVal | USB_EP_CTR_RX | USB_EP_CTR_TX));
 300              		.loc 1 2020 3 is_stmt 1 view .LVU68
 301 0028 48F2800E 		movw	lr, #32896
 302 002c 42EA0E02 		orr	r2, r2, lr
 303              	.LVL20:
 304              		.loc 1 2020 3 is_stmt 0 view .LVU69
 305 0030 23F82C20 		strh	r2, [r3, ip, lsl #2]	@ movhi
2021:Drivers/STM32F1xx_HAL_Driver/Src/stm32f1xx_ll_usb.c **** 
2022:Drivers/STM32F1xx_HAL_Driver/Src/stm32f1xx_ll_usb.c ****   PCD_SET_EP_ADDRESS(USBx, ep->num, ep->num);
 306              		.loc 1 2022 3 is_stmt 1 view .LVU70
 307              	.LBB2:
 308              		.loc 1 2022 3 view .LVU71
 309              		.loc 1 2022 3 view .LVU72
 310 0034 91F800C0 		ldrb	ip, [r1]	@ zero_extendqisi2
 311 0038 33F82C20 		ldrh	r2, [r3, ip, lsl #2]
 312 003c 92B2     		uxth	r2, r2
 313 003e 22F4E042 		bic	r2, r2, #28672
 314 0042 22F07002 		bic	r2, r2, #112
 315 0046 42EA0C02 		orr	r2, r2, ip
 316              	.LVL21:
 317              		.loc 1 2022 3 view .LVU73
 318 004a 42EA0E02 		orr	r2, r2, lr
 319              	.LVL22:
 320              		.loc 1 2022 3 is_stmt 0 view .LVU74
 321 004e 23F82C20 		strh	r2, [r3, ip, lsl #2]	@ movhi
 322              	.LBE2:
 323              		.loc 1 2022 3 is_stmt 1 view .LVU75
2023:Drivers/STM32F1xx_HAL_Driver/Src/stm32f1xx_ll_usb.c **** 
2024:Drivers/STM32F1xx_HAL_Driver/Src/stm32f1xx_ll_usb.c ****   if (ep->doublebuffer == 0U)
 324              		.loc 1 2024 3 view .LVU76
 325              		.loc 1 2024 9 is_stmt 0 view .LVU77
 326 0052 0A7B     		ldrb	r2, [r1, #12]	@ zero_extendqisi2
 327              		.loc 1 2024 6 view .LVU78
 328 0054 002A     		cmp	r2, #0
ARM GAS  /tmp/ccZyOP9D.s 			page 42


 329 0056 40F0C480 		bne	.L17
2025:Drivers/STM32F1xx_HAL_Driver/Src/stm32f1xx_ll_usb.c ****   {
2026:Drivers/STM32F1xx_HAL_Driver/Src/stm32f1xx_ll_usb.c ****     if (ep->is_in != 0U)
 330              		.loc 1 2026 5 is_stmt 1 view .LVU79
 331              		.loc 1 2026 11 is_stmt 0 view .LVU80
 332 005a 4A78     		ldrb	r2, [r1, #1]	@ zero_extendqisi2
 333              		.loc 1 2026 8 view .LVU81
 334 005c 002A     		cmp	r2, #0
 335 005e 51D0     		beq	.L18
2027:Drivers/STM32F1xx_HAL_Driver/Src/stm32f1xx_ll_usb.c ****     {
2028:Drivers/STM32F1xx_HAL_Driver/Src/stm32f1xx_ll_usb.c ****       /*Set the endpoint Transmit buffer address */
2029:Drivers/STM32F1xx_HAL_Driver/Src/stm32f1xx_ll_usb.c ****       PCD_SET_EP_TX_ADDRESS(USBx, ep->num, ep->pmaadress);
 336              		.loc 1 2029 7 is_stmt 1 view .LVU82
 337              	.LBB3:
 338              		.loc 1 2029 7 view .LVU83
 339              		.loc 1 2029 7 view .LVU84
 340              	.LVL23:
 341              		.loc 1 2029 7 view .LVU85
 342 0060 B3F85020 		ldrh	r2, [r3, #80]
 343 0064 92B2     		uxth	r2, r2
 344 0066 1A44     		add	r2, r2, r3
 345              	.LVL24:
 346              		.loc 1 2029 7 view .LVU86
 347 0068 0C78     		ldrb	r4, [r1]	@ zero_extendqisi2
 348 006a 02EB0412 		add	r2, r2, r4, lsl #4
 349              	.LVL25:
 350              		.loc 1 2029 7 view .LVU87
 351 006e B1F806C0 		ldrh	ip, [r1, #6]
 352 0072 4FEA5C0C 		lsr	ip, ip, #1
 353 0076 4FEA4C0C 		lsl	ip, ip, #1
 354 007a A2F800C4 		strh	ip, [r2, #1024]	@ movhi
 355              	.LBE3:
 356              		.loc 1 2029 7 view .LVU88
2030:Drivers/STM32F1xx_HAL_Driver/Src/stm32f1xx_ll_usb.c ****       PCD_CLEAR_TX_DTOG(USBx, ep->num);
 357              		.loc 1 2030 7 view .LVU89
 358              	.LBB4:
 359              		.loc 1 2030 7 view .LVU90
 360              		.loc 1 2030 7 view .LVU91
 361 007e 0C78     		ldrb	r4, [r1]	@ zero_extendqisi2
 362 0080 33F82420 		ldrh	r2, [r3, r4, lsl #2]
 363              	.LVL26:
 364              		.loc 1 2030 7 view .LVU92
 365 0084 12F0400F 		tst	r2, #64
 366 0088 0CD0     		beq	.L19
 367              		.loc 1 2030 7 discriminator 1 view .LVU93
 368              	.LBB5:
 369              		.loc 1 2030 7 discriminator 1 view .LVU94
 370              		.loc 1 2030 7 discriminator 1 view .LVU95
 371 008a 33F82420 		ldrh	r2, [r3, r4, lsl #2]
 372              	.LVL27:
 373              		.loc 1 2030 7 is_stmt 0 discriminator 1 view .LVU96
 374 008e 92B2     		uxth	r2, r2
 375 0090 22F4E042 		bic	r2, r2, #28672
 376 0094 22F07002 		bic	r2, r2, #112
 377              	.LVL28:
 378              		.loc 1 2030 7 is_stmt 1 view .LVU97
 379              		.loc 1 2030 7 is_stmt 0 discriminator 1 view .LVU98
ARM GAS  /tmp/ccZyOP9D.s 			page 43


 380 0098 42F40042 		orr	r2, r2, #32768
 381              	.LVL29:
 382              		.loc 1 2030 7 discriminator 1 view .LVU99
 383 009c 42F0C002 		orr	r2, r2, #192
 384 00a0 23F82420 		strh	r2, [r3, r4, lsl #2]	@ movhi
 385              	.LVL30:
 386              	.L19:
 387              		.loc 1 2030 7 discriminator 1 view .LVU100
 388              	.LBE5:
 389              		.loc 1 2030 7 is_stmt 1 discriminator 3 view .LVU101
 390              	.LBE4:
 391              		.loc 1 2030 7 discriminator 3 view .LVU102
2031:Drivers/STM32F1xx_HAL_Driver/Src/stm32f1xx_ll_usb.c **** 
2032:Drivers/STM32F1xx_HAL_Driver/Src/stm32f1xx_ll_usb.c ****       if (ep->type != EP_TYPE_ISOC)
 392              		.loc 1 2032 7 view .LVU103
 393              		.loc 1 2032 13 is_stmt 0 view .LVU104
 394 00a4 CA78     		ldrb	r2, [r1, #3]	@ zero_extendqisi2
 395              		.loc 1 2032 10 view .LVU105
 396 00a6 012A     		cmp	r2, #1
 397 00a8 1DD0     		beq	.L20
2033:Drivers/STM32F1xx_HAL_Driver/Src/stm32f1xx_ll_usb.c ****       {
2034:Drivers/STM32F1xx_HAL_Driver/Src/stm32f1xx_ll_usb.c ****         /* Configure NAK status for the Endpoint */
2035:Drivers/STM32F1xx_HAL_Driver/Src/stm32f1xx_ll_usb.c ****         PCD_SET_EP_TX_STATUS(USBx, ep->num, USB_EP_TX_NAK);
 398              		.loc 1 2035 9 is_stmt 1 view .LVU106
 399              	.LBB6:
 400              		.loc 1 2035 9 view .LVU107
 401              		.loc 1 2035 9 view .LVU108
 402 00aa 0978     		ldrb	r1, [r1]	@ zero_extendqisi2
 403              	.LVL31:
 404              		.loc 1 2035 9 is_stmt 0 view .LVU109
 405 00ac 33F82120 		ldrh	r2, [r3, r1, lsl #2]
 406 00b0 92B2     		uxth	r2, r2
 407 00b2 22F4E042 		bic	r2, r2, #28672
 408 00b6 22F04002 		bic	r2, r2, #64
 409              	.LVL32:
 410              		.loc 1 2035 9 is_stmt 1 view .LVU110
 411              		.loc 1 2035 9 discriminator 3 view .LVU111
 412              		.loc 1 2035 9 discriminator 4 view .LVU112
 413 00ba 82F02002 		eor	r2, r2, #32
 414              	.LVL33:
 415              		.loc 1 2035 9 discriminator 6 view .LVU113
 416 00be 42F40042 		orr	r2, r2, #32768
 417              	.LVL34:
 418              		.loc 1 2035 9 is_stmt 0 discriminator 6 view .LVU114
 419 00c2 42F08002 		orr	r2, r2, #128
 420 00c6 23F82120 		strh	r2, [r3, r1, lsl #2]	@ movhi
 421              	.LBE6:
 422              		.loc 1 2035 9 is_stmt 1 view .LVU115
 423 00ca 6AE0     		b	.L21
 424              	.LVL35:
 425              	.L16:
2000:Drivers/STM32F1xx_HAL_Driver/Src/stm32f1xx_ll_usb.c ****       break;
 426              		.loc 1 2000 7 view .LVU116
2000:Drivers/STM32F1xx_HAL_Driver/Src/stm32f1xx_ll_usb.c ****       break;
 427              		.loc 1 2000 17 is_stmt 0 view .LVU117
 428 00cc 42F40072 		orr	r2, r2, #512
 429              	.LVL36:
ARM GAS  /tmp/ccZyOP9D.s 			page 44


2001:Drivers/STM32F1xx_HAL_Driver/Src/stm32f1xx_ll_usb.c **** 
 430              		.loc 1 2001 7 is_stmt 1 view .LVU118
 431 00d0 AAE7     		b	.L11
 432              	.L12:
2008:Drivers/STM32F1xx_HAL_Driver/Src/stm32f1xx_ll_usb.c ****       break;
 433              		.loc 1 2008 7 view .LVU119
2008:Drivers/STM32F1xx_HAL_Driver/Src/stm32f1xx_ll_usb.c ****       break;
 434              		.loc 1 2008 17 is_stmt 0 view .LVU120
 435 00d2 42F4C062 		orr	r2, r2, #1536
 436              	.LVL37:
2009:Drivers/STM32F1xx_HAL_Driver/Src/stm32f1xx_ll_usb.c **** 
 437              		.loc 1 2009 7 is_stmt 1 view .LVU121
1991:Drivers/STM32F1xx_HAL_Driver/Src/stm32f1xx_ll_usb.c ****   uint16_t wEpRegVal;
 438              		.loc 1 1991 21 is_stmt 0 view .LVU122
 439 00d6 0020     		movs	r0, #0
2009:Drivers/STM32F1xx_HAL_Driver/Src/stm32f1xx_ll_usb.c **** 
 440              		.loc 1 2009 7 view .LVU123
 441 00d8 A6E7     		b	.L11
 442              	.L15:
2012:Drivers/STM32F1xx_HAL_Driver/Src/stm32f1xx_ll_usb.c ****       break;
 443              		.loc 1 2012 7 is_stmt 1 view .LVU124
2012:Drivers/STM32F1xx_HAL_Driver/Src/stm32f1xx_ll_usb.c ****       break;
 444              		.loc 1 2012 17 is_stmt 0 view .LVU125
 445 00da 42F48062 		orr	r2, r2, #1024
 446              	.LVL38:
2013:Drivers/STM32F1xx_HAL_Driver/Src/stm32f1xx_ll_usb.c **** 
 447              		.loc 1 2013 7 is_stmt 1 view .LVU126
1991:Drivers/STM32F1xx_HAL_Driver/Src/stm32f1xx_ll_usb.c ****   uint16_t wEpRegVal;
 448              		.loc 1 1991 21 is_stmt 0 view .LVU127
 449 00de 0020     		movs	r0, #0
2013:Drivers/STM32F1xx_HAL_Driver/Src/stm32f1xx_ll_usb.c **** 
 450              		.loc 1 2013 7 view .LVU128
 451 00e0 A2E7     		b	.L11
 452              	.L35:
2016:Drivers/STM32F1xx_HAL_Driver/Src/stm32f1xx_ll_usb.c ****       break;
 453              		.loc 1 2016 11 view .LVU129
 454 00e2 0120     		movs	r0, #1
 455 00e4 A0E7     		b	.L11
 456              	.LVL39:
 457              	.L20:
2036:Drivers/STM32F1xx_HAL_Driver/Src/stm32f1xx_ll_usb.c ****       }
2037:Drivers/STM32F1xx_HAL_Driver/Src/stm32f1xx_ll_usb.c ****       else
2038:Drivers/STM32F1xx_HAL_Driver/Src/stm32f1xx_ll_usb.c ****       {
2039:Drivers/STM32F1xx_HAL_Driver/Src/stm32f1xx_ll_usb.c ****         /* Configure TX Endpoint to disabled state */
2040:Drivers/STM32F1xx_HAL_Driver/Src/stm32f1xx_ll_usb.c ****         PCD_SET_EP_TX_STATUS(USBx, ep->num, USB_EP_TX_DIS);
 458              		.loc 1 2040 9 is_stmt 1 view .LVU130
 459              	.LBB7:
 460              		.loc 1 2040 9 view .LVU131
 461              		.loc 1 2040 9 view .LVU132
 462 00e6 0978     		ldrb	r1, [r1]	@ zero_extendqisi2
 463              	.LVL40:
 464              		.loc 1 2040 9 is_stmt 0 view .LVU133
 465 00e8 33F82120 		ldrh	r2, [r3, r1, lsl #2]
 466 00ec 92B2     		uxth	r2, r2
 467 00ee 22F4E042 		bic	r2, r2, #28672
 468 00f2 22F04002 		bic	r2, r2, #64
 469              	.LVL41:
ARM GAS  /tmp/ccZyOP9D.s 			page 45


 470              		.loc 1 2040 9 is_stmt 1 view .LVU134
 471              		.loc 1 2040 9 discriminator 3 view .LVU135
 472              		.loc 1 2040 9 discriminator 6 view .LVU136
 473 00f6 42F40042 		orr	r2, r2, #32768
 474              	.LVL42:
 475              		.loc 1 2040 9 is_stmt 0 discriminator 6 view .LVU137
 476 00fa 42F08002 		orr	r2, r2, #128
 477 00fe 23F82120 		strh	r2, [r3, r1, lsl #2]	@ movhi
 478 0102 4EE0     		b	.L21
 479              	.LVL43:
 480              	.L18:
 481              		.loc 1 2040 9 discriminator 6 view .LVU138
 482              	.LBE7:
2041:Drivers/STM32F1xx_HAL_Driver/Src/stm32f1xx_ll_usb.c ****       }
2042:Drivers/STM32F1xx_HAL_Driver/Src/stm32f1xx_ll_usb.c ****     }
2043:Drivers/STM32F1xx_HAL_Driver/Src/stm32f1xx_ll_usb.c ****     else
2044:Drivers/STM32F1xx_HAL_Driver/Src/stm32f1xx_ll_usb.c ****     {
2045:Drivers/STM32F1xx_HAL_Driver/Src/stm32f1xx_ll_usb.c ****       /*Set the endpoint Receive buffer address */
2046:Drivers/STM32F1xx_HAL_Driver/Src/stm32f1xx_ll_usb.c ****       PCD_SET_EP_RX_ADDRESS(USBx, ep->num, ep->pmaadress);
 483              		.loc 1 2046 7 is_stmt 1 view .LVU139
 484              	.LBB8:
 485              		.loc 1 2046 7 view .LVU140
 486              		.loc 1 2046 7 view .LVU141
 487              		.loc 1 2046 7 view .LVU142
 488 0104 B3F85020 		ldrh	r2, [r3, #80]
 489 0108 92B2     		uxth	r2, r2
 490 010a 1A44     		add	r2, r2, r3
 491              	.LVL44:
 492              		.loc 1 2046 7 view .LVU143
 493 010c 0C78     		ldrb	r4, [r1]	@ zero_extendqisi2
 494 010e 02EB0412 		add	r2, r2, r4, lsl #4
 495              	.LVL45:
 496              		.loc 1 2046 7 view .LVU144
 497 0112 B1F806C0 		ldrh	ip, [r1, #6]
 498 0116 4FEA5C0C 		lsr	ip, ip, #1
 499 011a 4FEA4C0C 		lsl	ip, ip, #1
 500 011e A2F808C4 		strh	ip, [r2, #1032]	@ movhi
 501              	.LBE8:
 502              		.loc 1 2046 7 view .LVU145
2047:Drivers/STM32F1xx_HAL_Driver/Src/stm32f1xx_ll_usb.c **** 
2048:Drivers/STM32F1xx_HAL_Driver/Src/stm32f1xx_ll_usb.c ****       /*Set the endpoint Receive buffer counter*/
2049:Drivers/STM32F1xx_HAL_Driver/Src/stm32f1xx_ll_usb.c ****       PCD_SET_EP_RX_CNT(USBx, ep->num, ep->maxpacket);
 503              		.loc 1 2049 7 view .LVU146
 504              	.LBB9:
 505              		.loc 1 2049 7 view .LVU147
 506              	.LVL46:
 507              		.loc 1 2049 7 view .LVU148
 508              		.loc 1 2049 7 view .LVU149
 509 0122 B3F85020 		ldrh	r2, [r3, #80]
 510              	.LVL47:
 511              		.loc 1 2049 7 is_stmt 0 view .LVU150
 512 0126 92B2     		uxth	r2, r2
 513 0128 1A44     		add	r2, r2, r3
 514              	.LVL48:
 515              		.loc 1 2049 7 is_stmt 1 view .LVU151
 516 012a 0C78     		ldrb	r4, [r1]	@ zero_extendqisi2
 517              		.loc 1 2049 7 is_stmt 0 view .LVU152
ARM GAS  /tmp/ccZyOP9D.s 			page 46


 518 012c 02EB0412 		add	r2, r2, r4, lsl #4
 519              	.LVL49:
 520              		.loc 1 2049 7 is_stmt 1 view .LVU153
 521              	.LBB10:
 522              		.loc 1 2049 7 view .LVU154
 523              		.loc 1 2049 7 view .LVU155
 524 0130 0C69     		ldr	r4, [r1, #16]
 525 0132 BCBB     		cbnz	r4, .L22
 526              		.loc 1 2049 7 discriminator 1 view .LVU156
 527 0134 B2F80CC4 		ldrh	ip, [r2, #1036]
 528 0138 1FFA8CFC 		uxth	ip, ip
 529 013c 2CF4F84C 		bic	ip, ip, #31744
 530 0140 1FFA8CFC 		uxth	ip, ip
 531 0144 A2F80CC4 		strh	ip, [r2, #1036]	@ movhi
 532              		.loc 1 2049 7 view .LVU157
 533              		.loc 1 2049 7 is_stmt 0 discriminator 1 view .LVU158
 534 0148 B2F80CC4 		ldrh	ip, [r2, #1036]
 535 014c 6FEA4C4C 		mvn	ip, ip, lsl #17
 536 0150 6FEA5C4C 		mvn	ip, ip, lsr #17
 537 0154 1FFA8CFC 		uxth	ip, ip
 538 0158 A2F80CC4 		strh	ip, [r2, #1036]	@ movhi
 539              	.L23:
 540              		.loc 1 2049 7 is_stmt 1 discriminator 13 view .LVU159
 541              	.LBE10:
 542              		.loc 1 2049 7 discriminator 13 view .LVU160
 543              	.LBE9:
 544              		.loc 1 2049 7 discriminator 13 view .LVU161
2050:Drivers/STM32F1xx_HAL_Driver/Src/stm32f1xx_ll_usb.c ****       PCD_CLEAR_RX_DTOG(USBx, ep->num);
 545              		.loc 1 2050 7 view .LVU162
 546              	.LBB12:
 547              		.loc 1 2050 7 view .LVU163
 548              		.loc 1 2050 7 view .LVU164
 549 015c 0C78     		ldrb	r4, [r1]	@ zero_extendqisi2
 550 015e 33F82420 		ldrh	r2, [r3, r4, lsl #2]
 551              	.LVL50:
 552              		.loc 1 2050 7 view .LVU165
 553 0162 12F4804F 		tst	r2, #16384
 554 0166 0CD0     		beq	.L27
 555              		.loc 1 2050 7 discriminator 1 view .LVU166
 556              	.LBB13:
 557              		.loc 1 2050 7 discriminator 1 view .LVU167
 558              		.loc 1 2050 7 discriminator 1 view .LVU168
 559 0168 33F82420 		ldrh	r2, [r3, r4, lsl #2]
 560              	.LVL51:
 561              		.loc 1 2050 7 is_stmt 0 discriminator 1 view .LVU169
 562 016c 92B2     		uxth	r2, r2
 563 016e 22F4E042 		bic	r2, r2, #28672
 564 0172 22F07002 		bic	r2, r2, #112
 565              	.LVL52:
 566              		.loc 1 2050 7 is_stmt 1 view .LVU170
 567              		.loc 1 2050 7 is_stmt 0 discriminator 1 view .LVU171
 568 0176 42F44042 		orr	r2, r2, #49152
 569              	.LVL53:
 570              		.loc 1 2050 7 discriminator 1 view .LVU172
 571 017a 42F08002 		orr	r2, r2, #128
 572 017e 23F82420 		strh	r2, [r3, r4, lsl #2]	@ movhi
 573              	.LVL54:
ARM GAS  /tmp/ccZyOP9D.s 			page 47


 574              	.L27:
 575              		.loc 1 2050 7 discriminator 1 view .LVU173
 576              	.LBE13:
 577              		.loc 1 2050 7 is_stmt 1 discriminator 3 view .LVU174
 578              	.LBE12:
 579              		.loc 1 2050 7 discriminator 3 view .LVU175
2051:Drivers/STM32F1xx_HAL_Driver/Src/stm32f1xx_ll_usb.c **** 
2052:Drivers/STM32F1xx_HAL_Driver/Src/stm32f1xx_ll_usb.c ****       /* Configure VALID status for the Endpoint*/
2053:Drivers/STM32F1xx_HAL_Driver/Src/stm32f1xx_ll_usb.c ****       PCD_SET_EP_RX_STATUS(USBx, ep->num, USB_EP_RX_VALID);
 580              		.loc 1 2053 7 view .LVU176
 581              	.LBB14:
 582              		.loc 1 2053 7 view .LVU177
 583              		.loc 1 2053 7 view .LVU178
 584 0182 0978     		ldrb	r1, [r1]	@ zero_extendqisi2
 585              	.LVL55:
 586              		.loc 1 2053 7 is_stmt 0 view .LVU179
 587 0184 33F82120 		ldrh	r2, [r3, r1, lsl #2]
 588 0188 92B2     		uxth	r2, r2
 589 018a 22F48042 		bic	r2, r2, #16384
 590 018e 22F07002 		bic	r2, r2, #112
 591              	.LVL56:
 592              		.loc 1 2053 7 is_stmt 1 view .LVU180
 593              		.loc 1 2053 7 discriminator 1 view .LVU181
 594              		.loc 1 2053 7 discriminator 3 view .LVU182
 595              		.loc 1 2053 7 discriminator 4 view .LVU183
 596 0192 82F44052 		eor	r2, r2, #12288
 597              	.LVL57:
 598              		.loc 1 2053 7 discriminator 6 view .LVU184
 599 0196 42F40042 		orr	r2, r2, #32768
 600              	.LVL58:
 601              		.loc 1 2053 7 is_stmt 0 discriminator 6 view .LVU185
 602 019a 42F08002 		orr	r2, r2, #128
 603 019e 23F82120 		strh	r2, [r3, r1, lsl #2]	@ movhi
 604              	.LVL59:
 605              	.L21:
 606              		.loc 1 2053 7 discriminator 6 view .LVU186
 607              	.LBE14:
2054:Drivers/STM32F1xx_HAL_Driver/Src/stm32f1xx_ll_usb.c ****     }
2055:Drivers/STM32F1xx_HAL_Driver/Src/stm32f1xx_ll_usb.c ****   }
2056:Drivers/STM32F1xx_HAL_Driver/Src/stm32f1xx_ll_usb.c ****   /*Double Buffer*/
2057:Drivers/STM32F1xx_HAL_Driver/Src/stm32f1xx_ll_usb.c ****   else
2058:Drivers/STM32F1xx_HAL_Driver/Src/stm32f1xx_ll_usb.c ****   {
2059:Drivers/STM32F1xx_HAL_Driver/Src/stm32f1xx_ll_usb.c ****     /* Set the endpoint as double buffered */
2060:Drivers/STM32F1xx_HAL_Driver/Src/stm32f1xx_ll_usb.c ****     PCD_SET_EP_DBUF(USBx, ep->num);
2061:Drivers/STM32F1xx_HAL_Driver/Src/stm32f1xx_ll_usb.c **** 
2062:Drivers/STM32F1xx_HAL_Driver/Src/stm32f1xx_ll_usb.c ****     /* Set buffer address for double buffered mode */
2063:Drivers/STM32F1xx_HAL_Driver/Src/stm32f1xx_ll_usb.c ****     PCD_SET_EP_DBUF_ADDR(USBx, ep->num, ep->pmaaddr0, ep->pmaaddr1);
2064:Drivers/STM32F1xx_HAL_Driver/Src/stm32f1xx_ll_usb.c **** 
2065:Drivers/STM32F1xx_HAL_Driver/Src/stm32f1xx_ll_usb.c ****     if (ep->is_in == 0U)
2066:Drivers/STM32F1xx_HAL_Driver/Src/stm32f1xx_ll_usb.c ****     {
2067:Drivers/STM32F1xx_HAL_Driver/Src/stm32f1xx_ll_usb.c ****       /* Clear the data toggle bits for the endpoint IN/OUT */
2068:Drivers/STM32F1xx_HAL_Driver/Src/stm32f1xx_ll_usb.c ****       PCD_CLEAR_RX_DTOG(USBx, ep->num);
2069:Drivers/STM32F1xx_HAL_Driver/Src/stm32f1xx_ll_usb.c ****       PCD_CLEAR_TX_DTOG(USBx, ep->num);
2070:Drivers/STM32F1xx_HAL_Driver/Src/stm32f1xx_ll_usb.c **** 
2071:Drivers/STM32F1xx_HAL_Driver/Src/stm32f1xx_ll_usb.c ****       PCD_SET_EP_RX_STATUS(USBx, ep->num, USB_EP_RX_VALID);
2072:Drivers/STM32F1xx_HAL_Driver/Src/stm32f1xx_ll_usb.c ****       PCD_SET_EP_TX_STATUS(USBx, ep->num, USB_EP_TX_DIS);
2073:Drivers/STM32F1xx_HAL_Driver/Src/stm32f1xx_ll_usb.c ****     }
ARM GAS  /tmp/ccZyOP9D.s 			page 48


2074:Drivers/STM32F1xx_HAL_Driver/Src/stm32f1xx_ll_usb.c ****     else
2075:Drivers/STM32F1xx_HAL_Driver/Src/stm32f1xx_ll_usb.c ****     {
2076:Drivers/STM32F1xx_HAL_Driver/Src/stm32f1xx_ll_usb.c ****       /* Clear the data toggle bits for the endpoint IN/OUT */
2077:Drivers/STM32F1xx_HAL_Driver/Src/stm32f1xx_ll_usb.c ****       PCD_CLEAR_RX_DTOG(USBx, ep->num);
2078:Drivers/STM32F1xx_HAL_Driver/Src/stm32f1xx_ll_usb.c ****       PCD_CLEAR_TX_DTOG(USBx, ep->num);
2079:Drivers/STM32F1xx_HAL_Driver/Src/stm32f1xx_ll_usb.c **** 
2080:Drivers/STM32F1xx_HAL_Driver/Src/stm32f1xx_ll_usb.c ****       if (ep->type != EP_TYPE_ISOC)
2081:Drivers/STM32F1xx_HAL_Driver/Src/stm32f1xx_ll_usb.c ****       {
2082:Drivers/STM32F1xx_HAL_Driver/Src/stm32f1xx_ll_usb.c ****         /* Configure NAK status for the Endpoint */
2083:Drivers/STM32F1xx_HAL_Driver/Src/stm32f1xx_ll_usb.c ****         PCD_SET_EP_TX_STATUS(USBx, ep->num, USB_EP_TX_NAK);
2084:Drivers/STM32F1xx_HAL_Driver/Src/stm32f1xx_ll_usb.c ****       }
2085:Drivers/STM32F1xx_HAL_Driver/Src/stm32f1xx_ll_usb.c ****       else
2086:Drivers/STM32F1xx_HAL_Driver/Src/stm32f1xx_ll_usb.c ****       {
2087:Drivers/STM32F1xx_HAL_Driver/Src/stm32f1xx_ll_usb.c ****         /* Configure TX Endpoint to disabled state */
2088:Drivers/STM32F1xx_HAL_Driver/Src/stm32f1xx_ll_usb.c ****         PCD_SET_EP_TX_STATUS(USBx, ep->num, USB_EP_TX_DIS);
2089:Drivers/STM32F1xx_HAL_Driver/Src/stm32f1xx_ll_usb.c ****       }
2090:Drivers/STM32F1xx_HAL_Driver/Src/stm32f1xx_ll_usb.c **** 
2091:Drivers/STM32F1xx_HAL_Driver/Src/stm32f1xx_ll_usb.c ****       PCD_SET_EP_RX_STATUS(USBx, ep->num, USB_EP_RX_DIS);
 608              		.loc 1 2091 7 is_stmt 1 discriminator 7 view .LVU187
2092:Drivers/STM32F1xx_HAL_Driver/Src/stm32f1xx_ll_usb.c ****     }
2093:Drivers/STM32F1xx_HAL_Driver/Src/stm32f1xx_ll_usb.c ****   }
2094:Drivers/STM32F1xx_HAL_Driver/Src/stm32f1xx_ll_usb.c **** 
2095:Drivers/STM32F1xx_HAL_Driver/Src/stm32f1xx_ll_usb.c ****   return ret;
 609              		.loc 1 2095 3 view .LVU188
2096:Drivers/STM32F1xx_HAL_Driver/Src/stm32f1xx_ll_usb.c **** }
 610              		.loc 1 2096 1 is_stmt 0 view .LVU189
 611 01a2 10BD     		pop	{r4, pc}
 612              	.LVL60:
 613              	.L22:
 614              	.LBB15:
 615              	.LBB11:
2049:Drivers/STM32F1xx_HAL_Driver/Src/stm32f1xx_ll_usb.c ****       PCD_CLEAR_RX_DTOG(USBx, ep->num);
 616              		.loc 1 2049 7 is_stmt 1 discriminator 2 view .LVU190
 617 01a4 3E2C     		cmp	r4, #62
 618 01a6 0DD8     		bhi	.L24
2049:Drivers/STM32F1xx_HAL_Driver/Src/stm32f1xx_ll_usb.c ****       PCD_CLEAR_RX_DTOG(USBx, ep->num);
 619              		.loc 1 2049 7 discriminator 4 view .LVU191
2049:Drivers/STM32F1xx_HAL_Driver/Src/stm32f1xx_ll_usb.c ****       PCD_CLEAR_RX_DTOG(USBx, ep->num);
 620              		.loc 1 2049 7 discriminator 4 view .LVU192
 621 01a8 4FEA540C 		lsr	ip, r4, #1
 622              	.LVL61:
2049:Drivers/STM32F1xx_HAL_Driver/Src/stm32f1xx_ll_usb.c ****       PCD_CLEAR_RX_DTOG(USBx, ep->num);
 623              		.loc 1 2049 7 view .LVU193
2049:Drivers/STM32F1xx_HAL_Driver/Src/stm32f1xx_ll_usb.c ****       PCD_CLEAR_RX_DTOG(USBx, ep->num);
 624              		.loc 1 2049 7 is_stmt 0 discriminator 4 view .LVU194
 625 01ac 14F0010F 		tst	r4, #1
 626 01b0 01D0     		beq	.L25
2049:Drivers/STM32F1xx_HAL_Driver/Src/stm32f1xx_ll_usb.c ****       PCD_CLEAR_RX_DTOG(USBx, ep->num);
 627              		.loc 1 2049 7 is_stmt 1 discriminator 6 view .LVU195
 628 01b2 0CF1010C 		add	ip, ip, #1
 629              	.LVL62:
 630              	.L25:
2049:Drivers/STM32F1xx_HAL_Driver/Src/stm32f1xx_ll_usb.c ****       PCD_CLEAR_RX_DTOG(USBx, ep->num);
 631              		.loc 1 2049 7 discriminator 8 view .LVU196
 632 01b6 4FEA8C2C 		lsl	ip, ip, #10
 633              	.LVL63:
2049:Drivers/STM32F1xx_HAL_Driver/Src/stm32f1xx_ll_usb.c ****       PCD_CLEAR_RX_DTOG(USBx, ep->num);
ARM GAS  /tmp/ccZyOP9D.s 			page 49


 634              		.loc 1 2049 7 is_stmt 0 discriminator 8 view .LVU197
 635 01ba 1FFA8CFC 		uxth	ip, ip
 636 01be A2F80CC4 		strh	ip, [r2, #1036]	@ movhi
2049:Drivers/STM32F1xx_HAL_Driver/Src/stm32f1xx_ll_usb.c ****       PCD_CLEAR_RX_DTOG(USBx, ep->num);
 637              		.loc 1 2049 7 is_stmt 1 view .LVU198
 638 01c2 CBE7     		b	.L23
 639              	.LVL64:
 640              	.L24:
2049:Drivers/STM32F1xx_HAL_Driver/Src/stm32f1xx_ll_usb.c ****       PCD_CLEAR_RX_DTOG(USBx, ep->num);
 641              		.loc 1 2049 7 discriminator 5 view .LVU199
2049:Drivers/STM32F1xx_HAL_Driver/Src/stm32f1xx_ll_usb.c ****       PCD_CLEAR_RX_DTOG(USBx, ep->num);
 642              		.loc 1 2049 7 discriminator 5 view .LVU200
 643 01c4 4FEA541C 		lsr	ip, r4, #5
 644              	.LVL65:
2049:Drivers/STM32F1xx_HAL_Driver/Src/stm32f1xx_ll_usb.c ****       PCD_CLEAR_RX_DTOG(USBx, ep->num);
 645              		.loc 1 2049 7 view .LVU201
2049:Drivers/STM32F1xx_HAL_Driver/Src/stm32f1xx_ll_usb.c ****       PCD_CLEAR_RX_DTOG(USBx, ep->num);
 646              		.loc 1 2049 7 is_stmt 0 discriminator 5 view .LVU202
 647 01c8 14F01F0F 		tst	r4, #31
 648 01cc 01D1     		bne	.L26
2049:Drivers/STM32F1xx_HAL_Driver/Src/stm32f1xx_ll_usb.c ****       PCD_CLEAR_RX_DTOG(USBx, ep->num);
 649              		.loc 1 2049 7 is_stmt 1 discriminator 10 view .LVU203
 650 01ce 0CF1FF3C 		add	ip, ip, #-1
 651              	.LVL66:
 652              	.L26:
2049:Drivers/STM32F1xx_HAL_Driver/Src/stm32f1xx_ll_usb.c ****       PCD_CLEAR_RX_DTOG(USBx, ep->num);
 653              		.loc 1 2049 7 discriminator 12 view .LVU204
 654 01d2 6FEACC64 		mvn	r4, ip, lsl #27
 655 01d6 6FEA5444 		mvn	r4, r4, lsr #17
 656 01da A4B2     		uxth	r4, r4
 657 01dc A2F80C44 		strh	r4, [r2, #1036]	@ movhi
 658 01e0 BCE7     		b	.L23
 659              	.LVL67:
 660              	.L17:
2049:Drivers/STM32F1xx_HAL_Driver/Src/stm32f1xx_ll_usb.c ****       PCD_CLEAR_RX_DTOG(USBx, ep->num);
 661              		.loc 1 2049 7 is_stmt 0 discriminator 12 view .LVU205
 662              	.LBE11:
 663              	.LBE15:
2060:Drivers/STM32F1xx_HAL_Driver/Src/stm32f1xx_ll_usb.c **** 
 664              		.loc 1 2060 5 is_stmt 1 view .LVU206
 665              	.LBB16:
2060:Drivers/STM32F1xx_HAL_Driver/Src/stm32f1xx_ll_usb.c **** 
 666              		.loc 1 2060 5 view .LVU207
2060:Drivers/STM32F1xx_HAL_Driver/Src/stm32f1xx_ll_usb.c **** 
 667              		.loc 1 2060 5 view .LVU208
 668 01e2 91F800C0 		ldrb	ip, [r1]	@ zero_extendqisi2
 669 01e6 33F82C20 		ldrh	r2, [r3, ip, lsl #2]
 670 01ea 92B2     		uxth	r2, r2
 671 01ec 22F4E042 		bic	r2, r2, #28672
 672 01f0 22F07002 		bic	r2, r2, #112
 673              	.LVL68:
2060:Drivers/STM32F1xx_HAL_Driver/Src/stm32f1xx_ll_usb.c **** 
 674              		.loc 1 2060 5 view .LVU209
 675 01f4 42F40142 		orr	r2, r2, #33024
 676              	.LVL69:
2060:Drivers/STM32F1xx_HAL_Driver/Src/stm32f1xx_ll_usb.c **** 
 677              		.loc 1 2060 5 is_stmt 0 view .LVU210
ARM GAS  /tmp/ccZyOP9D.s 			page 50


 678 01f8 42F08002 		orr	r2, r2, #128
 679 01fc 23F82C20 		strh	r2, [r3, ip, lsl #2]	@ movhi
 680              	.LBE16:
2060:Drivers/STM32F1xx_HAL_Driver/Src/stm32f1xx_ll_usb.c **** 
 681              		.loc 1 2060 5 is_stmt 1 view .LVU211
2063:Drivers/STM32F1xx_HAL_Driver/Src/stm32f1xx_ll_usb.c **** 
 682              		.loc 1 2063 5 view .LVU212
2063:Drivers/STM32F1xx_HAL_Driver/Src/stm32f1xx_ll_usb.c **** 
 683              		.loc 1 2063 5 view .LVU213
2063:Drivers/STM32F1xx_HAL_Driver/Src/stm32f1xx_ll_usb.c **** 
 684              		.loc 1 2063 5 view .LVU214
 685              	.LBB17:
2063:Drivers/STM32F1xx_HAL_Driver/Src/stm32f1xx_ll_usb.c **** 
 686              		.loc 1 2063 5 view .LVU215
2063:Drivers/STM32F1xx_HAL_Driver/Src/stm32f1xx_ll_usb.c **** 
 687              		.loc 1 2063 5 view .LVU216
 688              	.LVL70:
2063:Drivers/STM32F1xx_HAL_Driver/Src/stm32f1xx_ll_usb.c **** 
 689              		.loc 1 2063 5 view .LVU217
 690 0200 B3F85020 		ldrh	r2, [r3, #80]
 691 0204 92B2     		uxth	r2, r2
 692 0206 1A44     		add	r2, r2, r3
 693              	.LVL71:
2063:Drivers/STM32F1xx_HAL_Driver/Src/stm32f1xx_ll_usb.c **** 
 694              		.loc 1 2063 5 view .LVU218
 695 0208 91F800C0 		ldrb	ip, [r1]	@ zero_extendqisi2
 696 020c 02EB0C12 		add	r2, r2, ip, lsl #4
 697              	.LVL72:
2063:Drivers/STM32F1xx_HAL_Driver/Src/stm32f1xx_ll_usb.c **** 
 698              		.loc 1 2063 5 view .LVU219
 699 0210 B1F808C0 		ldrh	ip, [r1, #8]
 700 0214 4FEA5C0C 		lsr	ip, ip, #1
 701 0218 4FEA4C0C 		lsl	ip, ip, #1
 702 021c A2F800C4 		strh	ip, [r2, #1024]	@ movhi
 703              	.LBE17:
2063:Drivers/STM32F1xx_HAL_Driver/Src/stm32f1xx_ll_usb.c **** 
 704              		.loc 1 2063 5 view .LVU220
2063:Drivers/STM32F1xx_HAL_Driver/Src/stm32f1xx_ll_usb.c **** 
 705              		.loc 1 2063 5 view .LVU221
2063:Drivers/STM32F1xx_HAL_Driver/Src/stm32f1xx_ll_usb.c **** 
 706              		.loc 1 2063 5 view .LVU222
2063:Drivers/STM32F1xx_HAL_Driver/Src/stm32f1xx_ll_usb.c **** 
 707              		.loc 1 2063 5 view .LVU223
 708              	.LBB18:
2063:Drivers/STM32F1xx_HAL_Driver/Src/stm32f1xx_ll_usb.c **** 
 709              		.loc 1 2063 5 view .LVU224
2063:Drivers/STM32F1xx_HAL_Driver/Src/stm32f1xx_ll_usb.c **** 
 710              		.loc 1 2063 5 view .LVU225
 711              	.LVL73:
2063:Drivers/STM32F1xx_HAL_Driver/Src/stm32f1xx_ll_usb.c **** 
 712              		.loc 1 2063 5 view .LVU226
 713 0220 B3F85020 		ldrh	r2, [r3, #80]
 714              	.LVL74:
2063:Drivers/STM32F1xx_HAL_Driver/Src/stm32f1xx_ll_usb.c **** 
 715              		.loc 1 2063 5 is_stmt 0 view .LVU227
 716 0224 92B2     		uxth	r2, r2
 717 0226 1A44     		add	r2, r2, r3
ARM GAS  /tmp/ccZyOP9D.s 			page 51


 718              	.LVL75:
2063:Drivers/STM32F1xx_HAL_Driver/Src/stm32f1xx_ll_usb.c **** 
 719              		.loc 1 2063 5 is_stmt 1 view .LVU228
 720 0228 91F800C0 		ldrb	ip, [r1]	@ zero_extendqisi2
 721 022c 02EB0C12 		add	r2, r2, ip, lsl #4
 722              	.LVL76:
2063:Drivers/STM32F1xx_HAL_Driver/Src/stm32f1xx_ll_usb.c **** 
 723              		.loc 1 2063 5 view .LVU229
 724 0230 B1F80AC0 		ldrh	ip, [r1, #10]
 725 0234 4FEA5C0C 		lsr	ip, ip, #1
 726 0238 4FEA4C0C 		lsl	ip, ip, #1
 727 023c A2F808C4 		strh	ip, [r2, #1032]	@ movhi
 728              	.LBE18:
2063:Drivers/STM32F1xx_HAL_Driver/Src/stm32f1xx_ll_usb.c **** 
 729              		.loc 1 2063 5 view .LVU230
2063:Drivers/STM32F1xx_HAL_Driver/Src/stm32f1xx_ll_usb.c **** 
 730              		.loc 1 2063 5 view .LVU231
2063:Drivers/STM32F1xx_HAL_Driver/Src/stm32f1xx_ll_usb.c **** 
 731              		.loc 1 2063 5 view .LVU232
2065:Drivers/STM32F1xx_HAL_Driver/Src/stm32f1xx_ll_usb.c ****     {
 732              		.loc 1 2065 5 view .LVU233
2065:Drivers/STM32F1xx_HAL_Driver/Src/stm32f1xx_ll_usb.c ****     {
 733              		.loc 1 2065 11 is_stmt 0 view .LVU234
 734 0240 4A78     		ldrb	r2, [r1, #1]	@ zero_extendqisi2
 735              	.LVL77:
2065:Drivers/STM32F1xx_HAL_Driver/Src/stm32f1xx_ll_usb.c ****     {
 736              		.loc 1 2065 8 view .LVU235
 737 0242 002A     		cmp	r2, #0
 738 0244 41D1     		bne	.L28
2068:Drivers/STM32F1xx_HAL_Driver/Src/stm32f1xx_ll_usb.c ****       PCD_CLEAR_TX_DTOG(USBx, ep->num);
 739              		.loc 1 2068 7 is_stmt 1 view .LVU236
 740              	.LBB19:
2068:Drivers/STM32F1xx_HAL_Driver/Src/stm32f1xx_ll_usb.c ****       PCD_CLEAR_TX_DTOG(USBx, ep->num);
 741              		.loc 1 2068 7 view .LVU237
2068:Drivers/STM32F1xx_HAL_Driver/Src/stm32f1xx_ll_usb.c ****       PCD_CLEAR_TX_DTOG(USBx, ep->num);
 742              		.loc 1 2068 7 view .LVU238
 743 0246 0C78     		ldrb	r4, [r1]	@ zero_extendqisi2
 744 0248 33F82420 		ldrh	r2, [r3, r4, lsl #2]
 745              	.LVL78:
2068:Drivers/STM32F1xx_HAL_Driver/Src/stm32f1xx_ll_usb.c ****       PCD_CLEAR_TX_DTOG(USBx, ep->num);
 746              		.loc 1 2068 7 view .LVU239
 747 024c 12F4804F 		tst	r2, #16384
 748 0250 0CD0     		beq	.L29
2068:Drivers/STM32F1xx_HAL_Driver/Src/stm32f1xx_ll_usb.c ****       PCD_CLEAR_TX_DTOG(USBx, ep->num);
 749              		.loc 1 2068 7 discriminator 1 view .LVU240
 750              	.LBB20:
2068:Drivers/STM32F1xx_HAL_Driver/Src/stm32f1xx_ll_usb.c ****       PCD_CLEAR_TX_DTOG(USBx, ep->num);
 751              		.loc 1 2068 7 discriminator 1 view .LVU241
2068:Drivers/STM32F1xx_HAL_Driver/Src/stm32f1xx_ll_usb.c ****       PCD_CLEAR_TX_DTOG(USBx, ep->num);
 752              		.loc 1 2068 7 discriminator 1 view .LVU242
 753 0252 33F82420 		ldrh	r2, [r3, r4, lsl #2]
 754              	.LVL79:
2068:Drivers/STM32F1xx_HAL_Driver/Src/stm32f1xx_ll_usb.c ****       PCD_CLEAR_TX_DTOG(USBx, ep->num);
 755              		.loc 1 2068 7 is_stmt 0 discriminator 1 view .LVU243
 756 0256 92B2     		uxth	r2, r2
 757 0258 22F4E042 		bic	r2, r2, #28672
 758 025c 22F07002 		bic	r2, r2, #112
ARM GAS  /tmp/ccZyOP9D.s 			page 52


 759              	.LVL80:
2068:Drivers/STM32F1xx_HAL_Driver/Src/stm32f1xx_ll_usb.c ****       PCD_CLEAR_TX_DTOG(USBx, ep->num);
 760              		.loc 1 2068 7 is_stmt 1 view .LVU244
2068:Drivers/STM32F1xx_HAL_Driver/Src/stm32f1xx_ll_usb.c ****       PCD_CLEAR_TX_DTOG(USBx, ep->num);
 761              		.loc 1 2068 7 is_stmt 0 discriminator 1 view .LVU245
 762 0260 42F44042 		orr	r2, r2, #49152
 763              	.LVL81:
2068:Drivers/STM32F1xx_HAL_Driver/Src/stm32f1xx_ll_usb.c ****       PCD_CLEAR_TX_DTOG(USBx, ep->num);
 764              		.loc 1 2068 7 discriminator 1 view .LVU246
 765 0264 42F08002 		orr	r2, r2, #128
 766 0268 23F82420 		strh	r2, [r3, r4, lsl #2]	@ movhi
 767              	.LVL82:
 768              	.L29:
2068:Drivers/STM32F1xx_HAL_Driver/Src/stm32f1xx_ll_usb.c ****       PCD_CLEAR_TX_DTOG(USBx, ep->num);
 769              		.loc 1 2068 7 discriminator 1 view .LVU247
 770              	.LBE20:
2068:Drivers/STM32F1xx_HAL_Driver/Src/stm32f1xx_ll_usb.c ****       PCD_CLEAR_TX_DTOG(USBx, ep->num);
 771              		.loc 1 2068 7 is_stmt 1 discriminator 3 view .LVU248
 772              	.LBE19:
2068:Drivers/STM32F1xx_HAL_Driver/Src/stm32f1xx_ll_usb.c ****       PCD_CLEAR_TX_DTOG(USBx, ep->num);
 773              		.loc 1 2068 7 discriminator 3 view .LVU249
2069:Drivers/STM32F1xx_HAL_Driver/Src/stm32f1xx_ll_usb.c **** 
 774              		.loc 1 2069 7 view .LVU250
 775              	.LBB21:
2069:Drivers/STM32F1xx_HAL_Driver/Src/stm32f1xx_ll_usb.c **** 
 776              		.loc 1 2069 7 view .LVU251
2069:Drivers/STM32F1xx_HAL_Driver/Src/stm32f1xx_ll_usb.c **** 
 777              		.loc 1 2069 7 view .LVU252
 778 026c 0C78     		ldrb	r4, [r1]	@ zero_extendqisi2
 779 026e 33F82420 		ldrh	r2, [r3, r4, lsl #2]
 780              	.LVL83:
2069:Drivers/STM32F1xx_HAL_Driver/Src/stm32f1xx_ll_usb.c **** 
 781              		.loc 1 2069 7 view .LVU253
 782 0272 12F0400F 		tst	r2, #64
 783 0276 0CD0     		beq	.L30
2069:Drivers/STM32F1xx_HAL_Driver/Src/stm32f1xx_ll_usb.c **** 
 784              		.loc 1 2069 7 discriminator 1 view .LVU254
 785              	.LBB22:
2069:Drivers/STM32F1xx_HAL_Driver/Src/stm32f1xx_ll_usb.c **** 
 786              		.loc 1 2069 7 discriminator 1 view .LVU255
2069:Drivers/STM32F1xx_HAL_Driver/Src/stm32f1xx_ll_usb.c **** 
 787              		.loc 1 2069 7 discriminator 1 view .LVU256
 788 0278 33F82420 		ldrh	r2, [r3, r4, lsl #2]
 789              	.LVL84:
2069:Drivers/STM32F1xx_HAL_Driver/Src/stm32f1xx_ll_usb.c **** 
 790              		.loc 1 2069 7 is_stmt 0 discriminator 1 view .LVU257
 791 027c 92B2     		uxth	r2, r2
 792 027e 22F4E042 		bic	r2, r2, #28672
 793 0282 22F07002 		bic	r2, r2, #112
 794              	.LVL85:
2069:Drivers/STM32F1xx_HAL_Driver/Src/stm32f1xx_ll_usb.c **** 
 795              		.loc 1 2069 7 is_stmt 1 view .LVU258
2069:Drivers/STM32F1xx_HAL_Driver/Src/stm32f1xx_ll_usb.c **** 
 796              		.loc 1 2069 7 is_stmt 0 discriminator 1 view .LVU259
 797 0286 42F40042 		orr	r2, r2, #32768
 798              	.LVL86:
2069:Drivers/STM32F1xx_HAL_Driver/Src/stm32f1xx_ll_usb.c **** 
ARM GAS  /tmp/ccZyOP9D.s 			page 53


 799              		.loc 1 2069 7 discriminator 1 view .LVU260
 800 028a 42F0C002 		orr	r2, r2, #192
 801 028e 23F82420 		strh	r2, [r3, r4, lsl #2]	@ movhi
 802              	.LVL87:
 803              	.L30:
2069:Drivers/STM32F1xx_HAL_Driver/Src/stm32f1xx_ll_usb.c **** 
 804              		.loc 1 2069 7 discriminator 1 view .LVU261
 805              	.LBE22:
2069:Drivers/STM32F1xx_HAL_Driver/Src/stm32f1xx_ll_usb.c **** 
 806              		.loc 1 2069 7 is_stmt 1 discriminator 3 view .LVU262
 807              	.LBE21:
2069:Drivers/STM32F1xx_HAL_Driver/Src/stm32f1xx_ll_usb.c **** 
 808              		.loc 1 2069 7 discriminator 3 view .LVU263
2071:Drivers/STM32F1xx_HAL_Driver/Src/stm32f1xx_ll_usb.c ****       PCD_SET_EP_TX_STATUS(USBx, ep->num, USB_EP_TX_DIS);
 809              		.loc 1 2071 7 view .LVU264
 810              	.LBB23:
2071:Drivers/STM32F1xx_HAL_Driver/Src/stm32f1xx_ll_usb.c ****       PCD_SET_EP_TX_STATUS(USBx, ep->num, USB_EP_TX_DIS);
 811              		.loc 1 2071 7 view .LVU265
2071:Drivers/STM32F1xx_HAL_Driver/Src/stm32f1xx_ll_usb.c ****       PCD_SET_EP_TX_STATUS(USBx, ep->num, USB_EP_TX_DIS);
 812              		.loc 1 2071 7 view .LVU266
 813 0292 91F800C0 		ldrb	ip, [r1]	@ zero_extendqisi2
 814 0296 33F82C20 		ldrh	r2, [r3, ip, lsl #2]
 815 029a 92B2     		uxth	r2, r2
 816 029c 22F48042 		bic	r2, r2, #16384
 817 02a0 22F07002 		bic	r2, r2, #112
 818              	.LVL88:
2071:Drivers/STM32F1xx_HAL_Driver/Src/stm32f1xx_ll_usb.c ****       PCD_SET_EP_TX_STATUS(USBx, ep->num, USB_EP_TX_DIS);
 819              		.loc 1 2071 7 view .LVU267
2071:Drivers/STM32F1xx_HAL_Driver/Src/stm32f1xx_ll_usb.c ****       PCD_SET_EP_TX_STATUS(USBx, ep->num, USB_EP_TX_DIS);
 820              		.loc 1 2071 7 discriminator 1 view .LVU268
2071:Drivers/STM32F1xx_HAL_Driver/Src/stm32f1xx_ll_usb.c ****       PCD_SET_EP_TX_STATUS(USBx, ep->num, USB_EP_TX_DIS);
 821              		.loc 1 2071 7 discriminator 3 view .LVU269
2071:Drivers/STM32F1xx_HAL_Driver/Src/stm32f1xx_ll_usb.c ****       PCD_SET_EP_TX_STATUS(USBx, ep->num, USB_EP_TX_DIS);
 822              		.loc 1 2071 7 discriminator 4 view .LVU270
 823 02a4 82F44052 		eor	r2, r2, #12288
 824              	.LVL89:
2071:Drivers/STM32F1xx_HAL_Driver/Src/stm32f1xx_ll_usb.c ****       PCD_SET_EP_TX_STATUS(USBx, ep->num, USB_EP_TX_DIS);
 825              		.loc 1 2071 7 discriminator 6 view .LVU271
 826 02a8 48F28004 		movw	r4, #32896
 827 02ac 2243     		orrs	r2, r2, r4
 828              	.LVL90:
2071:Drivers/STM32F1xx_HAL_Driver/Src/stm32f1xx_ll_usb.c ****       PCD_SET_EP_TX_STATUS(USBx, ep->num, USB_EP_TX_DIS);
 829              		.loc 1 2071 7 is_stmt 0 discriminator 6 view .LVU272
 830 02ae 23F82C20 		strh	r2, [r3, ip, lsl #2]	@ movhi
 831              	.LBE23:
2071:Drivers/STM32F1xx_HAL_Driver/Src/stm32f1xx_ll_usb.c ****       PCD_SET_EP_TX_STATUS(USBx, ep->num, USB_EP_TX_DIS);
 832              		.loc 1 2071 7 is_stmt 1 view .LVU273
2072:Drivers/STM32F1xx_HAL_Driver/Src/stm32f1xx_ll_usb.c ****     }
 833              		.loc 1 2072 7 view .LVU274
 834              	.LBB24:
2072:Drivers/STM32F1xx_HAL_Driver/Src/stm32f1xx_ll_usb.c ****     }
 835              		.loc 1 2072 7 view .LVU275
2072:Drivers/STM32F1xx_HAL_Driver/Src/stm32f1xx_ll_usb.c ****     }
 836              		.loc 1 2072 7 view .LVU276
 837 02b2 0978     		ldrb	r1, [r1]	@ zero_extendqisi2
 838              	.LVL91:
2072:Drivers/STM32F1xx_HAL_Driver/Src/stm32f1xx_ll_usb.c ****     }
ARM GAS  /tmp/ccZyOP9D.s 			page 54


 839              		.loc 1 2072 7 is_stmt 0 view .LVU277
 840 02b4 33F82120 		ldrh	r2, [r3, r1, lsl #2]
 841 02b8 92B2     		uxth	r2, r2
 842 02ba 22F4E042 		bic	r2, r2, #28672
 843 02be 22F04002 		bic	r2, r2, #64
 844              	.LVL92:
2072:Drivers/STM32F1xx_HAL_Driver/Src/stm32f1xx_ll_usb.c ****     }
 845              		.loc 1 2072 7 is_stmt 1 view .LVU278
2072:Drivers/STM32F1xx_HAL_Driver/Src/stm32f1xx_ll_usb.c ****     }
 846              		.loc 1 2072 7 discriminator 3 view .LVU279
2072:Drivers/STM32F1xx_HAL_Driver/Src/stm32f1xx_ll_usb.c ****     }
 847              		.loc 1 2072 7 discriminator 6 view .LVU280
 848 02c2 2243     		orrs	r2, r2, r4
 849              	.LVL93:
2072:Drivers/STM32F1xx_HAL_Driver/Src/stm32f1xx_ll_usb.c ****     }
 850              		.loc 1 2072 7 is_stmt 0 discriminator 6 view .LVU281
 851 02c4 23F82120 		strh	r2, [r3, r1, lsl #2]	@ movhi
 852              	.LBE24:
2072:Drivers/STM32F1xx_HAL_Driver/Src/stm32f1xx_ll_usb.c ****     }
 853              		.loc 1 2072 7 is_stmt 1 view .LVU282
 854 02c8 6BE7     		b	.L21
 855              	.LVL94:
 856              	.L28:
2077:Drivers/STM32F1xx_HAL_Driver/Src/stm32f1xx_ll_usb.c ****       PCD_CLEAR_TX_DTOG(USBx, ep->num);
 857              		.loc 1 2077 7 view .LVU283
 858              	.LBB25:
2077:Drivers/STM32F1xx_HAL_Driver/Src/stm32f1xx_ll_usb.c ****       PCD_CLEAR_TX_DTOG(USBx, ep->num);
 859              		.loc 1 2077 7 view .LVU284
2077:Drivers/STM32F1xx_HAL_Driver/Src/stm32f1xx_ll_usb.c ****       PCD_CLEAR_TX_DTOG(USBx, ep->num);
 860              		.loc 1 2077 7 view .LVU285
 861 02ca 0C78     		ldrb	r4, [r1]	@ zero_extendqisi2
 862 02cc 33F82420 		ldrh	r2, [r3, r4, lsl #2]
 863              	.LVL95:
2077:Drivers/STM32F1xx_HAL_Driver/Src/stm32f1xx_ll_usb.c ****       PCD_CLEAR_TX_DTOG(USBx, ep->num);
 864              		.loc 1 2077 7 view .LVU286
 865 02d0 12F4804F 		tst	r2, #16384
 866 02d4 0CD0     		beq	.L31
2077:Drivers/STM32F1xx_HAL_Driver/Src/stm32f1xx_ll_usb.c ****       PCD_CLEAR_TX_DTOG(USBx, ep->num);
 867              		.loc 1 2077 7 discriminator 1 view .LVU287
 868              	.LBB26:
2077:Drivers/STM32F1xx_HAL_Driver/Src/stm32f1xx_ll_usb.c ****       PCD_CLEAR_TX_DTOG(USBx, ep->num);
 869              		.loc 1 2077 7 discriminator 1 view .LVU288
2077:Drivers/STM32F1xx_HAL_Driver/Src/stm32f1xx_ll_usb.c ****       PCD_CLEAR_TX_DTOG(USBx, ep->num);
 870              		.loc 1 2077 7 discriminator 1 view .LVU289
 871 02d6 33F82420 		ldrh	r2, [r3, r4, lsl #2]
 872              	.LVL96:
2077:Drivers/STM32F1xx_HAL_Driver/Src/stm32f1xx_ll_usb.c ****       PCD_CLEAR_TX_DTOG(USBx, ep->num);
 873              		.loc 1 2077 7 is_stmt 0 discriminator 1 view .LVU290
 874 02da 92B2     		uxth	r2, r2
 875 02dc 22F4E042 		bic	r2, r2, #28672
 876 02e0 22F07002 		bic	r2, r2, #112
 877              	.LVL97:
2077:Drivers/STM32F1xx_HAL_Driver/Src/stm32f1xx_ll_usb.c ****       PCD_CLEAR_TX_DTOG(USBx, ep->num);
 878              		.loc 1 2077 7 is_stmt 1 view .LVU291
2077:Drivers/STM32F1xx_HAL_Driver/Src/stm32f1xx_ll_usb.c ****       PCD_CLEAR_TX_DTOG(USBx, ep->num);
 879              		.loc 1 2077 7 is_stmt 0 discriminator 1 view .LVU292
 880 02e4 42F44042 		orr	r2, r2, #49152
ARM GAS  /tmp/ccZyOP9D.s 			page 55


 881              	.LVL98:
2077:Drivers/STM32F1xx_HAL_Driver/Src/stm32f1xx_ll_usb.c ****       PCD_CLEAR_TX_DTOG(USBx, ep->num);
 882              		.loc 1 2077 7 discriminator 1 view .LVU293
 883 02e8 42F08002 		orr	r2, r2, #128
 884 02ec 23F82420 		strh	r2, [r3, r4, lsl #2]	@ movhi
 885              	.LVL99:
 886              	.L31:
2077:Drivers/STM32F1xx_HAL_Driver/Src/stm32f1xx_ll_usb.c ****       PCD_CLEAR_TX_DTOG(USBx, ep->num);
 887              		.loc 1 2077 7 discriminator 1 view .LVU294
 888              	.LBE26:
2077:Drivers/STM32F1xx_HAL_Driver/Src/stm32f1xx_ll_usb.c ****       PCD_CLEAR_TX_DTOG(USBx, ep->num);
 889              		.loc 1 2077 7 is_stmt 1 discriminator 3 view .LVU295
 890              	.LBE25:
2077:Drivers/STM32F1xx_HAL_Driver/Src/stm32f1xx_ll_usb.c ****       PCD_CLEAR_TX_DTOG(USBx, ep->num);
 891              		.loc 1 2077 7 discriminator 3 view .LVU296
2078:Drivers/STM32F1xx_HAL_Driver/Src/stm32f1xx_ll_usb.c **** 
 892              		.loc 1 2078 7 view .LVU297
 893              	.LBB27:
2078:Drivers/STM32F1xx_HAL_Driver/Src/stm32f1xx_ll_usb.c **** 
 894              		.loc 1 2078 7 view .LVU298
2078:Drivers/STM32F1xx_HAL_Driver/Src/stm32f1xx_ll_usb.c **** 
 895              		.loc 1 2078 7 view .LVU299
 896 02f0 0C78     		ldrb	r4, [r1]	@ zero_extendqisi2
 897 02f2 33F82420 		ldrh	r2, [r3, r4, lsl #2]
 898              	.LVL100:
2078:Drivers/STM32F1xx_HAL_Driver/Src/stm32f1xx_ll_usb.c **** 
 899              		.loc 1 2078 7 view .LVU300
 900 02f6 12F0400F 		tst	r2, #64
 901 02fa 0CD0     		beq	.L32
2078:Drivers/STM32F1xx_HAL_Driver/Src/stm32f1xx_ll_usb.c **** 
 902              		.loc 1 2078 7 discriminator 1 view .LVU301
 903              	.LBB28:
2078:Drivers/STM32F1xx_HAL_Driver/Src/stm32f1xx_ll_usb.c **** 
 904              		.loc 1 2078 7 discriminator 1 view .LVU302
2078:Drivers/STM32F1xx_HAL_Driver/Src/stm32f1xx_ll_usb.c **** 
 905              		.loc 1 2078 7 discriminator 1 view .LVU303
 906 02fc 33F82420 		ldrh	r2, [r3, r4, lsl #2]
 907              	.LVL101:
2078:Drivers/STM32F1xx_HAL_Driver/Src/stm32f1xx_ll_usb.c **** 
 908              		.loc 1 2078 7 is_stmt 0 discriminator 1 view .LVU304
 909 0300 92B2     		uxth	r2, r2
 910 0302 22F4E042 		bic	r2, r2, #28672
 911 0306 22F07002 		bic	r2, r2, #112
 912              	.LVL102:
2078:Drivers/STM32F1xx_HAL_Driver/Src/stm32f1xx_ll_usb.c **** 
 913              		.loc 1 2078 7 is_stmt 1 view .LVU305
2078:Drivers/STM32F1xx_HAL_Driver/Src/stm32f1xx_ll_usb.c **** 
 914              		.loc 1 2078 7 is_stmt 0 discriminator 1 view .LVU306
 915 030a 42F40042 		orr	r2, r2, #32768
 916              	.LVL103:
2078:Drivers/STM32F1xx_HAL_Driver/Src/stm32f1xx_ll_usb.c **** 
 917              		.loc 1 2078 7 discriminator 1 view .LVU307
 918 030e 42F0C002 		orr	r2, r2, #192
 919 0312 23F82420 		strh	r2, [r3, r4, lsl #2]	@ movhi
 920              	.LVL104:
 921              	.L32:
2078:Drivers/STM32F1xx_HAL_Driver/Src/stm32f1xx_ll_usb.c **** 
ARM GAS  /tmp/ccZyOP9D.s 			page 56


 922              		.loc 1 2078 7 discriminator 1 view .LVU308
 923              	.LBE28:
2078:Drivers/STM32F1xx_HAL_Driver/Src/stm32f1xx_ll_usb.c **** 
 924              		.loc 1 2078 7 is_stmt 1 discriminator 3 view .LVU309
 925              	.LBE27:
2078:Drivers/STM32F1xx_HAL_Driver/Src/stm32f1xx_ll_usb.c **** 
 926              		.loc 1 2078 7 discriminator 3 view .LVU310
2080:Drivers/STM32F1xx_HAL_Driver/Src/stm32f1xx_ll_usb.c ****       {
 927              		.loc 1 2080 7 view .LVU311
2080:Drivers/STM32F1xx_HAL_Driver/Src/stm32f1xx_ll_usb.c ****       {
 928              		.loc 1 2080 13 is_stmt 0 view .LVU312
 929 0316 CA78     		ldrb	r2, [r1, #3]	@ zero_extendqisi2
2080:Drivers/STM32F1xx_HAL_Driver/Src/stm32f1xx_ll_usb.c ****       {
 930              		.loc 1 2080 10 view .LVU313
 931 0318 012A     		cmp	r2, #1
 932 031a 1ED0     		beq	.L33
2083:Drivers/STM32F1xx_HAL_Driver/Src/stm32f1xx_ll_usb.c ****       }
 933              		.loc 1 2083 9 is_stmt 1 view .LVU314
 934              	.LBB29:
2083:Drivers/STM32F1xx_HAL_Driver/Src/stm32f1xx_ll_usb.c ****       }
 935              		.loc 1 2083 9 view .LVU315
2083:Drivers/STM32F1xx_HAL_Driver/Src/stm32f1xx_ll_usb.c ****       }
 936              		.loc 1 2083 9 view .LVU316
 937 031c 0C78     		ldrb	r4, [r1]	@ zero_extendqisi2
 938 031e 33F82420 		ldrh	r2, [r3, r4, lsl #2]
 939 0322 92B2     		uxth	r2, r2
 940 0324 22F4E042 		bic	r2, r2, #28672
 941 0328 22F04002 		bic	r2, r2, #64
 942              	.LVL105:
2083:Drivers/STM32F1xx_HAL_Driver/Src/stm32f1xx_ll_usb.c ****       }
 943              		.loc 1 2083 9 view .LVU317
2083:Drivers/STM32F1xx_HAL_Driver/Src/stm32f1xx_ll_usb.c ****       }
 944              		.loc 1 2083 9 discriminator 3 view .LVU318
2083:Drivers/STM32F1xx_HAL_Driver/Src/stm32f1xx_ll_usb.c ****       }
 945              		.loc 1 2083 9 discriminator 4 view .LVU319
 946 032c 82F02002 		eor	r2, r2, #32
 947              	.LVL106:
2083:Drivers/STM32F1xx_HAL_Driver/Src/stm32f1xx_ll_usb.c ****       }
 948              		.loc 1 2083 9 discriminator 6 view .LVU320
 949 0330 42F40042 		orr	r2, r2, #32768
 950              	.LVL107:
2083:Drivers/STM32F1xx_HAL_Driver/Src/stm32f1xx_ll_usb.c ****       }
 951              		.loc 1 2083 9 is_stmt 0 discriminator 6 view .LVU321
 952 0334 42F08002 		orr	r2, r2, #128
 953 0338 23F82420 		strh	r2, [r3, r4, lsl #2]	@ movhi
 954              	.LBE29:
2083:Drivers/STM32F1xx_HAL_Driver/Src/stm32f1xx_ll_usb.c ****       }
 955              		.loc 1 2083 9 is_stmt 1 view .LVU322
 956              	.LVL108:
 957              	.L34:
2088:Drivers/STM32F1xx_HAL_Driver/Src/stm32f1xx_ll_usb.c ****       }
 958              		.loc 1 2088 9 discriminator 7 view .LVU323
2091:Drivers/STM32F1xx_HAL_Driver/Src/stm32f1xx_ll_usb.c ****     }
 959              		.loc 1 2091 7 view .LVU324
 960              	.LBB30:
2091:Drivers/STM32F1xx_HAL_Driver/Src/stm32f1xx_ll_usb.c ****     }
 961              		.loc 1 2091 7 view .LVU325
ARM GAS  /tmp/ccZyOP9D.s 			page 57


2091:Drivers/STM32F1xx_HAL_Driver/Src/stm32f1xx_ll_usb.c ****     }
 962              		.loc 1 2091 7 view .LVU326
 963 033c 0978     		ldrb	r1, [r1]	@ zero_extendqisi2
 964              	.LVL109:
2091:Drivers/STM32F1xx_HAL_Driver/Src/stm32f1xx_ll_usb.c ****     }
 965              		.loc 1 2091 7 is_stmt 0 view .LVU327
 966 033e 33F82120 		ldrh	r2, [r3, r1, lsl #2]
 967 0342 92B2     		uxth	r2, r2
 968 0344 22F48042 		bic	r2, r2, #16384
 969 0348 22F07002 		bic	r2, r2, #112
 970              	.LVL110:
2091:Drivers/STM32F1xx_HAL_Driver/Src/stm32f1xx_ll_usb.c ****     }
 971              		.loc 1 2091 7 is_stmt 1 view .LVU328
2091:Drivers/STM32F1xx_HAL_Driver/Src/stm32f1xx_ll_usb.c ****     }
 972              		.loc 1 2091 7 discriminator 3 view .LVU329
2091:Drivers/STM32F1xx_HAL_Driver/Src/stm32f1xx_ll_usb.c ****     }
 973              		.loc 1 2091 7 discriminator 6 view .LVU330
 974 034c 42F40042 		orr	r2, r2, #32768
 975              	.LVL111:
2091:Drivers/STM32F1xx_HAL_Driver/Src/stm32f1xx_ll_usb.c ****     }
 976              		.loc 1 2091 7 is_stmt 0 discriminator 6 view .LVU331
 977 0350 42F08002 		orr	r2, r2, #128
 978 0354 23F82120 		strh	r2, [r3, r1, lsl #2]	@ movhi
 979 0358 23E7     		b	.L21
 980              	.LVL112:
 981              	.L33:
2091:Drivers/STM32F1xx_HAL_Driver/Src/stm32f1xx_ll_usb.c ****     }
 982              		.loc 1 2091 7 discriminator 6 view .LVU332
 983              	.LBE30:
2088:Drivers/STM32F1xx_HAL_Driver/Src/stm32f1xx_ll_usb.c ****       }
 984              		.loc 1 2088 9 is_stmt 1 view .LVU333
 985              	.LBB31:
2088:Drivers/STM32F1xx_HAL_Driver/Src/stm32f1xx_ll_usb.c ****       }
 986              		.loc 1 2088 9 view .LVU334
2088:Drivers/STM32F1xx_HAL_Driver/Src/stm32f1xx_ll_usb.c ****       }
 987              		.loc 1 2088 9 view .LVU335
 988 035a 0C78     		ldrb	r4, [r1]	@ zero_extendqisi2
 989 035c 33F82420 		ldrh	r2, [r3, r4, lsl #2]
 990 0360 92B2     		uxth	r2, r2
 991 0362 22F4E042 		bic	r2, r2, #28672
 992 0366 22F04002 		bic	r2, r2, #64
 993              	.LVL113:
2088:Drivers/STM32F1xx_HAL_Driver/Src/stm32f1xx_ll_usb.c ****       }
 994              		.loc 1 2088 9 view .LVU336
2088:Drivers/STM32F1xx_HAL_Driver/Src/stm32f1xx_ll_usb.c ****       }
 995              		.loc 1 2088 9 discriminator 3 view .LVU337
2088:Drivers/STM32F1xx_HAL_Driver/Src/stm32f1xx_ll_usb.c ****       }
 996              		.loc 1 2088 9 discriminator 6 view .LVU338
 997 036a 42F40042 		orr	r2, r2, #32768
 998              	.LVL114:
2088:Drivers/STM32F1xx_HAL_Driver/Src/stm32f1xx_ll_usb.c ****       }
 999              		.loc 1 2088 9 is_stmt 0 discriminator 6 view .LVU339
 1000 036e 42F08002 		orr	r2, r2, #128
 1001 0372 23F82420 		strh	r2, [r3, r4, lsl #2]	@ movhi
 1002 0376 E1E7     		b	.L34
 1003              	.LBE31:
 1004              		.cfi_endproc
ARM GAS  /tmp/ccZyOP9D.s 			page 58


 1005              	.LFE72:
 1007              		.section	.text.USB_DeactivateEndpoint,"ax",%progbits
 1008              		.align	1
 1009              		.global	USB_DeactivateEndpoint
 1010              		.syntax unified
 1011              		.thumb
 1012              		.thumb_func
 1014              	USB_DeactivateEndpoint:
 1015              	.LVL115:
 1016              	.LFB73:
2097:Drivers/STM32F1xx_HAL_Driver/Src/stm32f1xx_ll_usb.c **** 
2098:Drivers/STM32F1xx_HAL_Driver/Src/stm32f1xx_ll_usb.c **** /**
2099:Drivers/STM32F1xx_HAL_Driver/Src/stm32f1xx_ll_usb.c ****   * @brief  De-activate and de-initialize an endpoint
2100:Drivers/STM32F1xx_HAL_Driver/Src/stm32f1xx_ll_usb.c ****   * @param  USBx Selected device
2101:Drivers/STM32F1xx_HAL_Driver/Src/stm32f1xx_ll_usb.c ****   * @param  ep pointer to endpoint structure
2102:Drivers/STM32F1xx_HAL_Driver/Src/stm32f1xx_ll_usb.c ****   * @retval HAL status
2103:Drivers/STM32F1xx_HAL_Driver/Src/stm32f1xx_ll_usb.c ****   */
2104:Drivers/STM32F1xx_HAL_Driver/Src/stm32f1xx_ll_usb.c **** HAL_StatusTypeDef USB_DeactivateEndpoint(USB_TypeDef *USBx, USB_EPTypeDef *ep)
2105:Drivers/STM32F1xx_HAL_Driver/Src/stm32f1xx_ll_usb.c **** {
 1017              		.loc 1 2105 1 is_stmt 1 view -0
 1018              		.cfi_startproc
 1019              		@ args = 0, pretend = 0, frame = 0
 1020              		@ frame_needed = 0, uses_anonymous_args = 0
 1021              		@ link register save eliminated.
2106:Drivers/STM32F1xx_HAL_Driver/Src/stm32f1xx_ll_usb.c ****   if (ep->doublebuffer == 0U)
 1022              		.loc 1 2106 3 view .LVU341
 1023              		.loc 1 2106 9 is_stmt 0 view .LVU342
 1024 0000 0B7B     		ldrb	r3, [r1, #12]	@ zero_extendqisi2
 1025              		.loc 1 2106 6 view .LVU343
 1026 0002 002B     		cmp	r3, #0
 1027 0004 46D1     		bne	.L38
2107:Drivers/STM32F1xx_HAL_Driver/Src/stm32f1xx_ll_usb.c ****   {
2108:Drivers/STM32F1xx_HAL_Driver/Src/stm32f1xx_ll_usb.c ****     if (ep->is_in != 0U)
 1028              		.loc 1 2108 5 is_stmt 1 view .LVU344
 1029              		.loc 1 2108 11 is_stmt 0 view .LVU345
 1030 0006 4B78     		ldrb	r3, [r1, #1]	@ zero_extendqisi2
 1031              		.loc 1 2108 8 view .LVU346
 1032 0008 13B3     		cbz	r3, .L39
2109:Drivers/STM32F1xx_HAL_Driver/Src/stm32f1xx_ll_usb.c ****     {
2110:Drivers/STM32F1xx_HAL_Driver/Src/stm32f1xx_ll_usb.c ****       PCD_CLEAR_TX_DTOG(USBx, ep->num);
 1033              		.loc 1 2110 7 is_stmt 1 view .LVU347
 1034              	.LBB32:
 1035              		.loc 1 2110 7 view .LVU348
 1036              		.loc 1 2110 7 view .LVU349
 1037 000a 0A78     		ldrb	r2, [r1]	@ zero_extendqisi2
 1038 000c 30F82230 		ldrh	r3, [r0, r2, lsl #2]
 1039              	.LVL116:
 1040              		.loc 1 2110 7 view .LVU350
 1041 0010 13F0400F 		tst	r3, #64
 1042 0014 0CD0     		beq	.L40
 1043              		.loc 1 2110 7 discriminator 1 view .LVU351
 1044              	.LBB33:
 1045              		.loc 1 2110 7 discriminator 1 view .LVU352
 1046              		.loc 1 2110 7 discriminator 1 view .LVU353
 1047 0016 30F82230 		ldrh	r3, [r0, r2, lsl #2]
 1048              	.LVL117:
 1049              		.loc 1 2110 7 is_stmt 0 discriminator 1 view .LVU354
ARM GAS  /tmp/ccZyOP9D.s 			page 59


 1050 001a 9BB2     		uxth	r3, r3
 1051 001c 23F4E043 		bic	r3, r3, #28672
 1052 0020 23F07003 		bic	r3, r3, #112
 1053              	.LVL118:
 1054              		.loc 1 2110 7 is_stmt 1 view .LVU355
 1055              		.loc 1 2110 7 is_stmt 0 discriminator 1 view .LVU356
 1056 0024 43F40043 		orr	r3, r3, #32768
 1057              	.LVL119:
 1058              		.loc 1 2110 7 discriminator 1 view .LVU357
 1059 0028 43F0C003 		orr	r3, r3, #192
 1060 002c 20F82230 		strh	r3, [r0, r2, lsl #2]	@ movhi
 1061              	.LVL120:
 1062              	.L40:
 1063              		.loc 1 2110 7 discriminator 1 view .LVU358
 1064              	.LBE33:
 1065              		.loc 1 2110 7 is_stmt 1 discriminator 3 view .LVU359
 1066              	.LBE32:
 1067              		.loc 1 2110 7 discriminator 3 view .LVU360
2111:Drivers/STM32F1xx_HAL_Driver/Src/stm32f1xx_ll_usb.c **** 
2112:Drivers/STM32F1xx_HAL_Driver/Src/stm32f1xx_ll_usb.c ****       /* Configure DISABLE status for the Endpoint*/
2113:Drivers/STM32F1xx_HAL_Driver/Src/stm32f1xx_ll_usb.c ****       PCD_SET_EP_TX_STATUS(USBx, ep->num, USB_EP_TX_DIS);
 1068              		.loc 1 2113 7 view .LVU361
 1069              	.LBB34:
 1070              		.loc 1 2113 7 view .LVU362
 1071              		.loc 1 2113 7 view .LVU363
 1072 0030 0A78     		ldrb	r2, [r1]	@ zero_extendqisi2
 1073 0032 30F82230 		ldrh	r3, [r0, r2, lsl #2]
 1074 0036 9BB2     		uxth	r3, r3
 1075 0038 23F4E043 		bic	r3, r3, #28672
 1076 003c 23F04003 		bic	r3, r3, #64
 1077              	.LVL121:
 1078              		.loc 1 2113 7 view .LVU364
 1079              		.loc 1 2113 7 discriminator 3 view .LVU365
 1080              		.loc 1 2113 7 discriminator 6 view .LVU366
 1081 0040 43F40043 		orr	r3, r3, #32768
 1082              	.LVL122:
 1083              		.loc 1 2113 7 is_stmt 0 discriminator 6 view .LVU367
 1084 0044 43F08003 		orr	r3, r3, #128
 1085 0048 20F82230 		strh	r3, [r0, r2, lsl #2]	@ movhi
 1086              	.LBE34:
 1087              		.loc 1 2113 7 is_stmt 1 view .LVU368
 1088              	.LVL123:
 1089              	.L41:
2114:Drivers/STM32F1xx_HAL_Driver/Src/stm32f1xx_ll_usb.c ****     }
2115:Drivers/STM32F1xx_HAL_Driver/Src/stm32f1xx_ll_usb.c ****     else
2116:Drivers/STM32F1xx_HAL_Driver/Src/stm32f1xx_ll_usb.c ****     {
2117:Drivers/STM32F1xx_HAL_Driver/Src/stm32f1xx_ll_usb.c ****       PCD_CLEAR_RX_DTOG(USBx, ep->num);
2118:Drivers/STM32F1xx_HAL_Driver/Src/stm32f1xx_ll_usb.c **** 
2119:Drivers/STM32F1xx_HAL_Driver/Src/stm32f1xx_ll_usb.c ****       /* Configure DISABLE status for the Endpoint*/
2120:Drivers/STM32F1xx_HAL_Driver/Src/stm32f1xx_ll_usb.c ****       PCD_SET_EP_RX_STATUS(USBx, ep->num, USB_EP_RX_DIS);
2121:Drivers/STM32F1xx_HAL_Driver/Src/stm32f1xx_ll_usb.c ****     }
2122:Drivers/STM32F1xx_HAL_Driver/Src/stm32f1xx_ll_usb.c ****   }
2123:Drivers/STM32F1xx_HAL_Driver/Src/stm32f1xx_ll_usb.c ****   /*Double Buffer*/
2124:Drivers/STM32F1xx_HAL_Driver/Src/stm32f1xx_ll_usb.c ****   else
2125:Drivers/STM32F1xx_HAL_Driver/Src/stm32f1xx_ll_usb.c ****   {
2126:Drivers/STM32F1xx_HAL_Driver/Src/stm32f1xx_ll_usb.c ****     if (ep->is_in == 0U)
2127:Drivers/STM32F1xx_HAL_Driver/Src/stm32f1xx_ll_usb.c ****     {
ARM GAS  /tmp/ccZyOP9D.s 			page 60


2128:Drivers/STM32F1xx_HAL_Driver/Src/stm32f1xx_ll_usb.c ****       /* Clear the data toggle bits for the endpoint IN/OUT*/
2129:Drivers/STM32F1xx_HAL_Driver/Src/stm32f1xx_ll_usb.c ****       PCD_CLEAR_RX_DTOG(USBx, ep->num);
2130:Drivers/STM32F1xx_HAL_Driver/Src/stm32f1xx_ll_usb.c ****       PCD_CLEAR_TX_DTOG(USBx, ep->num);
2131:Drivers/STM32F1xx_HAL_Driver/Src/stm32f1xx_ll_usb.c **** 
2132:Drivers/STM32F1xx_HAL_Driver/Src/stm32f1xx_ll_usb.c ****       /* Reset value of the data toggle bits for the endpoint out*/
2133:Drivers/STM32F1xx_HAL_Driver/Src/stm32f1xx_ll_usb.c ****       PCD_TX_DTOG(USBx, ep->num);
2134:Drivers/STM32F1xx_HAL_Driver/Src/stm32f1xx_ll_usb.c **** 
2135:Drivers/STM32F1xx_HAL_Driver/Src/stm32f1xx_ll_usb.c ****       PCD_SET_EP_RX_STATUS(USBx, ep->num, USB_EP_RX_DIS);
2136:Drivers/STM32F1xx_HAL_Driver/Src/stm32f1xx_ll_usb.c ****       PCD_SET_EP_TX_STATUS(USBx, ep->num, USB_EP_TX_DIS);
2137:Drivers/STM32F1xx_HAL_Driver/Src/stm32f1xx_ll_usb.c ****     }
2138:Drivers/STM32F1xx_HAL_Driver/Src/stm32f1xx_ll_usb.c ****     else
2139:Drivers/STM32F1xx_HAL_Driver/Src/stm32f1xx_ll_usb.c ****     {
2140:Drivers/STM32F1xx_HAL_Driver/Src/stm32f1xx_ll_usb.c ****       /* Clear the data toggle bits for the endpoint IN/OUT*/
2141:Drivers/STM32F1xx_HAL_Driver/Src/stm32f1xx_ll_usb.c ****       PCD_CLEAR_RX_DTOG(USBx, ep->num);
2142:Drivers/STM32F1xx_HAL_Driver/Src/stm32f1xx_ll_usb.c ****       PCD_CLEAR_TX_DTOG(USBx, ep->num);
2143:Drivers/STM32F1xx_HAL_Driver/Src/stm32f1xx_ll_usb.c ****       PCD_RX_DTOG(USBx, ep->num);
2144:Drivers/STM32F1xx_HAL_Driver/Src/stm32f1xx_ll_usb.c **** 
2145:Drivers/STM32F1xx_HAL_Driver/Src/stm32f1xx_ll_usb.c ****       /* Configure DISABLE status for the Endpoint*/
2146:Drivers/STM32F1xx_HAL_Driver/Src/stm32f1xx_ll_usb.c ****       PCD_SET_EP_TX_STATUS(USBx, ep->num, USB_EP_TX_DIS);
2147:Drivers/STM32F1xx_HAL_Driver/Src/stm32f1xx_ll_usb.c ****       PCD_SET_EP_RX_STATUS(USBx, ep->num, USB_EP_RX_DIS);
 1090              		.loc 1 2147 7 discriminator 7 view .LVU369
2148:Drivers/STM32F1xx_HAL_Driver/Src/stm32f1xx_ll_usb.c ****     }
2149:Drivers/STM32F1xx_HAL_Driver/Src/stm32f1xx_ll_usb.c ****   }
2150:Drivers/STM32F1xx_HAL_Driver/Src/stm32f1xx_ll_usb.c **** 
2151:Drivers/STM32F1xx_HAL_Driver/Src/stm32f1xx_ll_usb.c ****   return HAL_OK;
 1091              		.loc 1 2151 3 view .LVU370
2152:Drivers/STM32F1xx_HAL_Driver/Src/stm32f1xx_ll_usb.c **** }
 1092              		.loc 1 2152 1 is_stmt 0 view .LVU371
 1093 004c 0020     		movs	r0, #0
 1094              	.LVL124:
 1095              		.loc 1 2152 1 view .LVU372
 1096 004e 7047     		bx	lr
 1097              	.LVL125:
 1098              	.L39:
2117:Drivers/STM32F1xx_HAL_Driver/Src/stm32f1xx_ll_usb.c **** 
 1099              		.loc 1 2117 7 is_stmt 1 view .LVU373
 1100              	.LBB35:
2117:Drivers/STM32F1xx_HAL_Driver/Src/stm32f1xx_ll_usb.c **** 
 1101              		.loc 1 2117 7 view .LVU374
2117:Drivers/STM32F1xx_HAL_Driver/Src/stm32f1xx_ll_usb.c **** 
 1102              		.loc 1 2117 7 view .LVU375
 1103 0050 0A78     		ldrb	r2, [r1]	@ zero_extendqisi2
 1104 0052 30F82230 		ldrh	r3, [r0, r2, lsl #2]
 1105              	.LVL126:
2117:Drivers/STM32F1xx_HAL_Driver/Src/stm32f1xx_ll_usb.c **** 
 1106              		.loc 1 2117 7 view .LVU376
 1107 0056 13F4804F 		tst	r3, #16384
 1108 005a 0CD0     		beq	.L42
2117:Drivers/STM32F1xx_HAL_Driver/Src/stm32f1xx_ll_usb.c **** 
 1109              		.loc 1 2117 7 discriminator 1 view .LVU377
 1110              	.LBB36:
2117:Drivers/STM32F1xx_HAL_Driver/Src/stm32f1xx_ll_usb.c **** 
 1111              		.loc 1 2117 7 discriminator 1 view .LVU378
2117:Drivers/STM32F1xx_HAL_Driver/Src/stm32f1xx_ll_usb.c **** 
 1112              		.loc 1 2117 7 discriminator 1 view .LVU379
 1113 005c 30F82230 		ldrh	r3, [r0, r2, lsl #2]
 1114              	.LVL127:
ARM GAS  /tmp/ccZyOP9D.s 			page 61


2117:Drivers/STM32F1xx_HAL_Driver/Src/stm32f1xx_ll_usb.c **** 
 1115              		.loc 1 2117 7 is_stmt 0 discriminator 1 view .LVU380
 1116 0060 9BB2     		uxth	r3, r3
 1117 0062 23F4E043 		bic	r3, r3, #28672
 1118 0066 23F07003 		bic	r3, r3, #112
 1119              	.LVL128:
2117:Drivers/STM32F1xx_HAL_Driver/Src/stm32f1xx_ll_usb.c **** 
 1120              		.loc 1 2117 7 is_stmt 1 view .LVU381
2117:Drivers/STM32F1xx_HAL_Driver/Src/stm32f1xx_ll_usb.c **** 
 1121              		.loc 1 2117 7 is_stmt 0 discriminator 1 view .LVU382
 1122 006a 43F44043 		orr	r3, r3, #49152
 1123              	.LVL129:
2117:Drivers/STM32F1xx_HAL_Driver/Src/stm32f1xx_ll_usb.c **** 
 1124              		.loc 1 2117 7 discriminator 1 view .LVU383
 1125 006e 43F08003 		orr	r3, r3, #128
 1126 0072 20F82230 		strh	r3, [r0, r2, lsl #2]	@ movhi
 1127              	.LVL130:
 1128              	.L42:
2117:Drivers/STM32F1xx_HAL_Driver/Src/stm32f1xx_ll_usb.c **** 
 1129              		.loc 1 2117 7 discriminator 1 view .LVU384
 1130              	.LBE36:
2117:Drivers/STM32F1xx_HAL_Driver/Src/stm32f1xx_ll_usb.c **** 
 1131              		.loc 1 2117 7 is_stmt 1 discriminator 3 view .LVU385
 1132              	.LBE35:
2117:Drivers/STM32F1xx_HAL_Driver/Src/stm32f1xx_ll_usb.c **** 
 1133              		.loc 1 2117 7 discriminator 3 view .LVU386
2120:Drivers/STM32F1xx_HAL_Driver/Src/stm32f1xx_ll_usb.c ****     }
 1134              		.loc 1 2120 7 view .LVU387
 1135              	.LBB37:
2120:Drivers/STM32F1xx_HAL_Driver/Src/stm32f1xx_ll_usb.c ****     }
 1136              		.loc 1 2120 7 view .LVU388
2120:Drivers/STM32F1xx_HAL_Driver/Src/stm32f1xx_ll_usb.c ****     }
 1137              		.loc 1 2120 7 view .LVU389
 1138 0076 0A78     		ldrb	r2, [r1]	@ zero_extendqisi2
 1139 0078 30F82230 		ldrh	r3, [r0, r2, lsl #2]
 1140 007c 9BB2     		uxth	r3, r3
 1141 007e 23F48043 		bic	r3, r3, #16384
 1142 0082 23F07003 		bic	r3, r3, #112
 1143              	.LVL131:
2120:Drivers/STM32F1xx_HAL_Driver/Src/stm32f1xx_ll_usb.c ****     }
 1144              		.loc 1 2120 7 view .LVU390
2120:Drivers/STM32F1xx_HAL_Driver/Src/stm32f1xx_ll_usb.c ****     }
 1145              		.loc 1 2120 7 discriminator 3 view .LVU391
2120:Drivers/STM32F1xx_HAL_Driver/Src/stm32f1xx_ll_usb.c ****     }
 1146              		.loc 1 2120 7 discriminator 6 view .LVU392
 1147 0086 43F40043 		orr	r3, r3, #32768
 1148              	.LVL132:
2120:Drivers/STM32F1xx_HAL_Driver/Src/stm32f1xx_ll_usb.c ****     }
 1149              		.loc 1 2120 7 is_stmt 0 discriminator 6 view .LVU393
 1150 008a 43F08003 		orr	r3, r3, #128
 1151 008e 20F82230 		strh	r3, [r0, r2, lsl #2]	@ movhi
 1152 0092 DBE7     		b	.L41
 1153              	.LVL133:
 1154              	.L38:
2120:Drivers/STM32F1xx_HAL_Driver/Src/stm32f1xx_ll_usb.c ****     }
 1155              		.loc 1 2120 7 discriminator 6 view .LVU394
 1156              	.LBE37:
ARM GAS  /tmp/ccZyOP9D.s 			page 62


2126:Drivers/STM32F1xx_HAL_Driver/Src/stm32f1xx_ll_usb.c ****     {
 1157              		.loc 1 2126 5 is_stmt 1 view .LVU395
2126:Drivers/STM32F1xx_HAL_Driver/Src/stm32f1xx_ll_usb.c ****     {
 1158              		.loc 1 2126 11 is_stmt 0 view .LVU396
 1159 0094 4B78     		ldrb	r3, [r1, #1]	@ zero_extendqisi2
2126:Drivers/STM32F1xx_HAL_Driver/Src/stm32f1xx_ll_usb.c ****     {
 1160              		.loc 1 2126 8 view .LVU397
 1161 0096 002B     		cmp	r3, #0
 1162 0098 4ED1     		bne	.L43
2129:Drivers/STM32F1xx_HAL_Driver/Src/stm32f1xx_ll_usb.c ****       PCD_CLEAR_TX_DTOG(USBx, ep->num);
 1163              		.loc 1 2129 7 is_stmt 1 view .LVU398
 1164              	.LBB38:
2129:Drivers/STM32F1xx_HAL_Driver/Src/stm32f1xx_ll_usb.c ****       PCD_CLEAR_TX_DTOG(USBx, ep->num);
 1165              		.loc 1 2129 7 view .LVU399
2129:Drivers/STM32F1xx_HAL_Driver/Src/stm32f1xx_ll_usb.c ****       PCD_CLEAR_TX_DTOG(USBx, ep->num);
 1166              		.loc 1 2129 7 view .LVU400
 1167 009a 0A78     		ldrb	r2, [r1]	@ zero_extendqisi2
 1168 009c 30F82230 		ldrh	r3, [r0, r2, lsl #2]
 1169              	.LVL134:
2129:Drivers/STM32F1xx_HAL_Driver/Src/stm32f1xx_ll_usb.c ****       PCD_CLEAR_TX_DTOG(USBx, ep->num);
 1170              		.loc 1 2129 7 view .LVU401
 1171 00a0 13F4804F 		tst	r3, #16384
 1172 00a4 0CD0     		beq	.L44
2129:Drivers/STM32F1xx_HAL_Driver/Src/stm32f1xx_ll_usb.c ****       PCD_CLEAR_TX_DTOG(USBx, ep->num);
 1173              		.loc 1 2129 7 discriminator 1 view .LVU402
 1174              	.LBB39:
2129:Drivers/STM32F1xx_HAL_Driver/Src/stm32f1xx_ll_usb.c ****       PCD_CLEAR_TX_DTOG(USBx, ep->num);
 1175              		.loc 1 2129 7 discriminator 1 view .LVU403
2129:Drivers/STM32F1xx_HAL_Driver/Src/stm32f1xx_ll_usb.c ****       PCD_CLEAR_TX_DTOG(USBx, ep->num);
 1176              		.loc 1 2129 7 discriminator 1 view .LVU404
 1177 00a6 30F82230 		ldrh	r3, [r0, r2, lsl #2]
 1178              	.LVL135:
2129:Drivers/STM32F1xx_HAL_Driver/Src/stm32f1xx_ll_usb.c ****       PCD_CLEAR_TX_DTOG(USBx, ep->num);
 1179              		.loc 1 2129 7 is_stmt 0 discriminator 1 view .LVU405
 1180 00aa 9BB2     		uxth	r3, r3
 1181 00ac 23F4E043 		bic	r3, r3, #28672
 1182 00b0 23F07003 		bic	r3, r3, #112
 1183              	.LVL136:
2129:Drivers/STM32F1xx_HAL_Driver/Src/stm32f1xx_ll_usb.c ****       PCD_CLEAR_TX_DTOG(USBx, ep->num);
 1184              		.loc 1 2129 7 is_stmt 1 view .LVU406
2129:Drivers/STM32F1xx_HAL_Driver/Src/stm32f1xx_ll_usb.c ****       PCD_CLEAR_TX_DTOG(USBx, ep->num);
 1185              		.loc 1 2129 7 is_stmt 0 discriminator 1 view .LVU407
 1186 00b4 43F44043 		orr	r3, r3, #49152
 1187              	.LVL137:
2129:Drivers/STM32F1xx_HAL_Driver/Src/stm32f1xx_ll_usb.c ****       PCD_CLEAR_TX_DTOG(USBx, ep->num);
 1188              		.loc 1 2129 7 discriminator 1 view .LVU408
 1189 00b8 43F08003 		orr	r3, r3, #128
 1190 00bc 20F82230 		strh	r3, [r0, r2, lsl #2]	@ movhi
 1191              	.LVL138:
 1192              	.L44:
2129:Drivers/STM32F1xx_HAL_Driver/Src/stm32f1xx_ll_usb.c ****       PCD_CLEAR_TX_DTOG(USBx, ep->num);
 1193              		.loc 1 2129 7 discriminator 1 view .LVU409
 1194              	.LBE39:
2129:Drivers/STM32F1xx_HAL_Driver/Src/stm32f1xx_ll_usb.c ****       PCD_CLEAR_TX_DTOG(USBx, ep->num);
 1195              		.loc 1 2129 7 is_stmt 1 discriminator 3 view .LVU410
 1196              	.LBE38:
2129:Drivers/STM32F1xx_HAL_Driver/Src/stm32f1xx_ll_usb.c ****       PCD_CLEAR_TX_DTOG(USBx, ep->num);
ARM GAS  /tmp/ccZyOP9D.s 			page 63


 1197              		.loc 1 2129 7 discriminator 3 view .LVU411
2130:Drivers/STM32F1xx_HAL_Driver/Src/stm32f1xx_ll_usb.c **** 
 1198              		.loc 1 2130 7 view .LVU412
 1199              	.LBB40:
2130:Drivers/STM32F1xx_HAL_Driver/Src/stm32f1xx_ll_usb.c **** 
 1200              		.loc 1 2130 7 view .LVU413
2130:Drivers/STM32F1xx_HAL_Driver/Src/stm32f1xx_ll_usb.c **** 
 1201              		.loc 1 2130 7 view .LVU414
 1202 00c0 0A78     		ldrb	r2, [r1]	@ zero_extendqisi2
 1203 00c2 30F82230 		ldrh	r3, [r0, r2, lsl #2]
 1204              	.LVL139:
2130:Drivers/STM32F1xx_HAL_Driver/Src/stm32f1xx_ll_usb.c **** 
 1205              		.loc 1 2130 7 view .LVU415
 1206 00c6 13F0400F 		tst	r3, #64
 1207 00ca 0CD0     		beq	.L45
2130:Drivers/STM32F1xx_HAL_Driver/Src/stm32f1xx_ll_usb.c **** 
 1208              		.loc 1 2130 7 discriminator 1 view .LVU416
 1209              	.LBB41:
2130:Drivers/STM32F1xx_HAL_Driver/Src/stm32f1xx_ll_usb.c **** 
 1210              		.loc 1 2130 7 discriminator 1 view .LVU417
2130:Drivers/STM32F1xx_HAL_Driver/Src/stm32f1xx_ll_usb.c **** 
 1211              		.loc 1 2130 7 discriminator 1 view .LVU418
 1212 00cc 30F82230 		ldrh	r3, [r0, r2, lsl #2]
 1213              	.LVL140:
2130:Drivers/STM32F1xx_HAL_Driver/Src/stm32f1xx_ll_usb.c **** 
 1214              		.loc 1 2130 7 is_stmt 0 discriminator 1 view .LVU419
 1215 00d0 9BB2     		uxth	r3, r3
 1216 00d2 23F4E043 		bic	r3, r3, #28672
 1217 00d6 23F07003 		bic	r3, r3, #112
 1218              	.LVL141:
2130:Drivers/STM32F1xx_HAL_Driver/Src/stm32f1xx_ll_usb.c **** 
 1219              		.loc 1 2130 7 is_stmt 1 view .LVU420
2130:Drivers/STM32F1xx_HAL_Driver/Src/stm32f1xx_ll_usb.c **** 
 1220              		.loc 1 2130 7 is_stmt 0 discriminator 1 view .LVU421
 1221 00da 43F40043 		orr	r3, r3, #32768
 1222              	.LVL142:
2130:Drivers/STM32F1xx_HAL_Driver/Src/stm32f1xx_ll_usb.c **** 
 1223              		.loc 1 2130 7 discriminator 1 view .LVU422
 1224 00de 43F0C003 		orr	r3, r3, #192
 1225 00e2 20F82230 		strh	r3, [r0, r2, lsl #2]	@ movhi
 1226              	.LVL143:
 1227              	.L45:
2130:Drivers/STM32F1xx_HAL_Driver/Src/stm32f1xx_ll_usb.c **** 
 1228              		.loc 1 2130 7 discriminator 1 view .LVU423
 1229              	.LBE41:
2130:Drivers/STM32F1xx_HAL_Driver/Src/stm32f1xx_ll_usb.c **** 
 1230              		.loc 1 2130 7 is_stmt 1 discriminator 3 view .LVU424
 1231              	.LBE40:
2130:Drivers/STM32F1xx_HAL_Driver/Src/stm32f1xx_ll_usb.c **** 
 1232              		.loc 1 2130 7 discriminator 3 view .LVU425
2133:Drivers/STM32F1xx_HAL_Driver/Src/stm32f1xx_ll_usb.c **** 
 1233              		.loc 1 2133 7 view .LVU426
 1234              	.LBB42:
2133:Drivers/STM32F1xx_HAL_Driver/Src/stm32f1xx_ll_usb.c **** 
 1235              		.loc 1 2133 7 view .LVU427
2133:Drivers/STM32F1xx_HAL_Driver/Src/stm32f1xx_ll_usb.c **** 
 1236              		.loc 1 2133 7 view .LVU428
ARM GAS  /tmp/ccZyOP9D.s 			page 64


 1237 00e6 0A78     		ldrb	r2, [r1]	@ zero_extendqisi2
 1238 00e8 30F82230 		ldrh	r3, [r0, r2, lsl #2]
 1239 00ec 9BB2     		uxth	r3, r3
 1240 00ee 23F4E043 		bic	r3, r3, #28672
 1241 00f2 23F07003 		bic	r3, r3, #112
 1242              	.LVL144:
2133:Drivers/STM32F1xx_HAL_Driver/Src/stm32f1xx_ll_usb.c **** 
 1243              		.loc 1 2133 7 view .LVU429
 1244 00f6 43F40043 		orr	r3, r3, #32768
 1245              	.LVL145:
2133:Drivers/STM32F1xx_HAL_Driver/Src/stm32f1xx_ll_usb.c **** 
 1246              		.loc 1 2133 7 is_stmt 0 view .LVU430
 1247 00fa 43F0C003 		orr	r3, r3, #192
 1248 00fe 20F82230 		strh	r3, [r0, r2, lsl #2]	@ movhi
 1249              	.LBE42:
2133:Drivers/STM32F1xx_HAL_Driver/Src/stm32f1xx_ll_usb.c **** 
 1250              		.loc 1 2133 7 is_stmt 1 view .LVU431
2135:Drivers/STM32F1xx_HAL_Driver/Src/stm32f1xx_ll_usb.c ****       PCD_SET_EP_TX_STATUS(USBx, ep->num, USB_EP_TX_DIS);
 1251              		.loc 1 2135 7 view .LVU432
 1252              	.LBB43:
2135:Drivers/STM32F1xx_HAL_Driver/Src/stm32f1xx_ll_usb.c ****       PCD_SET_EP_TX_STATUS(USBx, ep->num, USB_EP_TX_DIS);
 1253              		.loc 1 2135 7 view .LVU433
2135:Drivers/STM32F1xx_HAL_Driver/Src/stm32f1xx_ll_usb.c ****       PCD_SET_EP_TX_STATUS(USBx, ep->num, USB_EP_TX_DIS);
 1254              		.loc 1 2135 7 view .LVU434
 1255 0102 0A78     		ldrb	r2, [r1]	@ zero_extendqisi2
 1256 0104 30F82230 		ldrh	r3, [r0, r2, lsl #2]
 1257 0108 9BB2     		uxth	r3, r3
 1258 010a 23F48043 		bic	r3, r3, #16384
 1259 010e 23F07003 		bic	r3, r3, #112
 1260              	.LVL146:
2135:Drivers/STM32F1xx_HAL_Driver/Src/stm32f1xx_ll_usb.c ****       PCD_SET_EP_TX_STATUS(USBx, ep->num, USB_EP_TX_DIS);
 1261              		.loc 1 2135 7 view .LVU435
2135:Drivers/STM32F1xx_HAL_Driver/Src/stm32f1xx_ll_usb.c ****       PCD_SET_EP_TX_STATUS(USBx, ep->num, USB_EP_TX_DIS);
 1262              		.loc 1 2135 7 discriminator 3 view .LVU436
2135:Drivers/STM32F1xx_HAL_Driver/Src/stm32f1xx_ll_usb.c ****       PCD_SET_EP_TX_STATUS(USBx, ep->num, USB_EP_TX_DIS);
 1263              		.loc 1 2135 7 discriminator 6 view .LVU437
 1264 0112 48F2800C 		movw	ip, #32896
 1265 0116 43EA0C03 		orr	r3, r3, ip
 1266              	.LVL147:
2135:Drivers/STM32F1xx_HAL_Driver/Src/stm32f1xx_ll_usb.c ****       PCD_SET_EP_TX_STATUS(USBx, ep->num, USB_EP_TX_DIS);
 1267              		.loc 1 2135 7 is_stmt 0 discriminator 6 view .LVU438
 1268 011a 20F82230 		strh	r3, [r0, r2, lsl #2]	@ movhi
 1269              	.LBE43:
2135:Drivers/STM32F1xx_HAL_Driver/Src/stm32f1xx_ll_usb.c ****       PCD_SET_EP_TX_STATUS(USBx, ep->num, USB_EP_TX_DIS);
 1270              		.loc 1 2135 7 is_stmt 1 view .LVU439
2136:Drivers/STM32F1xx_HAL_Driver/Src/stm32f1xx_ll_usb.c ****     }
 1271              		.loc 1 2136 7 view .LVU440
 1272              	.LBB44:
2136:Drivers/STM32F1xx_HAL_Driver/Src/stm32f1xx_ll_usb.c ****     }
 1273              		.loc 1 2136 7 view .LVU441
2136:Drivers/STM32F1xx_HAL_Driver/Src/stm32f1xx_ll_usb.c ****     }
 1274              		.loc 1 2136 7 view .LVU442
 1275 011e 0A78     		ldrb	r2, [r1]	@ zero_extendqisi2
 1276 0120 30F82230 		ldrh	r3, [r0, r2, lsl #2]
 1277 0124 9BB2     		uxth	r3, r3
 1278 0126 23F4E043 		bic	r3, r3, #28672
 1279 012a 23F04003 		bic	r3, r3, #64
ARM GAS  /tmp/ccZyOP9D.s 			page 65


 1280              	.LVL148:
2136:Drivers/STM32F1xx_HAL_Driver/Src/stm32f1xx_ll_usb.c ****     }
 1281              		.loc 1 2136 7 view .LVU443
2136:Drivers/STM32F1xx_HAL_Driver/Src/stm32f1xx_ll_usb.c ****     }
 1282              		.loc 1 2136 7 discriminator 3 view .LVU444
2136:Drivers/STM32F1xx_HAL_Driver/Src/stm32f1xx_ll_usb.c ****     }
 1283              		.loc 1 2136 7 discriminator 6 view .LVU445
 1284 012e 43EA0C03 		orr	r3, r3, ip
 1285              	.LVL149:
2136:Drivers/STM32F1xx_HAL_Driver/Src/stm32f1xx_ll_usb.c ****     }
 1286              		.loc 1 2136 7 is_stmt 0 discriminator 6 view .LVU446
 1287 0132 20F82230 		strh	r3, [r0, r2, lsl #2]	@ movhi
 1288              	.LBE44:
2136:Drivers/STM32F1xx_HAL_Driver/Src/stm32f1xx_ll_usb.c ****     }
 1289              		.loc 1 2136 7 is_stmt 1 view .LVU447
 1290 0136 89E7     		b	.L41
 1291              	.LVL150:
 1292              	.L43:
2141:Drivers/STM32F1xx_HAL_Driver/Src/stm32f1xx_ll_usb.c ****       PCD_CLEAR_TX_DTOG(USBx, ep->num);
 1293              		.loc 1 2141 7 view .LVU448
 1294              	.LBB45:
2141:Drivers/STM32F1xx_HAL_Driver/Src/stm32f1xx_ll_usb.c ****       PCD_CLEAR_TX_DTOG(USBx, ep->num);
 1295              		.loc 1 2141 7 view .LVU449
2141:Drivers/STM32F1xx_HAL_Driver/Src/stm32f1xx_ll_usb.c ****       PCD_CLEAR_TX_DTOG(USBx, ep->num);
 1296              		.loc 1 2141 7 view .LVU450
 1297 0138 0A78     		ldrb	r2, [r1]	@ zero_extendqisi2
 1298 013a 30F82230 		ldrh	r3, [r0, r2, lsl #2]
 1299              	.LVL151:
2141:Drivers/STM32F1xx_HAL_Driver/Src/stm32f1xx_ll_usb.c ****       PCD_CLEAR_TX_DTOG(USBx, ep->num);
 1300              		.loc 1 2141 7 view .LVU451
 1301 013e 13F4804F 		tst	r3, #16384
 1302 0142 0CD0     		beq	.L46
2141:Drivers/STM32F1xx_HAL_Driver/Src/stm32f1xx_ll_usb.c ****       PCD_CLEAR_TX_DTOG(USBx, ep->num);
 1303              		.loc 1 2141 7 discriminator 1 view .LVU452
 1304              	.LBB46:
2141:Drivers/STM32F1xx_HAL_Driver/Src/stm32f1xx_ll_usb.c ****       PCD_CLEAR_TX_DTOG(USBx, ep->num);
 1305              		.loc 1 2141 7 discriminator 1 view .LVU453
2141:Drivers/STM32F1xx_HAL_Driver/Src/stm32f1xx_ll_usb.c ****       PCD_CLEAR_TX_DTOG(USBx, ep->num);
 1306              		.loc 1 2141 7 discriminator 1 view .LVU454
 1307 0144 30F82230 		ldrh	r3, [r0, r2, lsl #2]
 1308              	.LVL152:
2141:Drivers/STM32F1xx_HAL_Driver/Src/stm32f1xx_ll_usb.c ****       PCD_CLEAR_TX_DTOG(USBx, ep->num);
 1309              		.loc 1 2141 7 is_stmt 0 discriminator 1 view .LVU455
 1310 0148 9BB2     		uxth	r3, r3
 1311 014a 23F4E043 		bic	r3, r3, #28672
 1312 014e 23F07003 		bic	r3, r3, #112
 1313              	.LVL153:
2141:Drivers/STM32F1xx_HAL_Driver/Src/stm32f1xx_ll_usb.c ****       PCD_CLEAR_TX_DTOG(USBx, ep->num);
 1314              		.loc 1 2141 7 is_stmt 1 view .LVU456
2141:Drivers/STM32F1xx_HAL_Driver/Src/stm32f1xx_ll_usb.c ****       PCD_CLEAR_TX_DTOG(USBx, ep->num);
 1315              		.loc 1 2141 7 is_stmt 0 discriminator 1 view .LVU457
 1316 0152 43F44043 		orr	r3, r3, #49152
 1317              	.LVL154:
2141:Drivers/STM32F1xx_HAL_Driver/Src/stm32f1xx_ll_usb.c ****       PCD_CLEAR_TX_DTOG(USBx, ep->num);
 1318              		.loc 1 2141 7 discriminator 1 view .LVU458
 1319 0156 43F08003 		orr	r3, r3, #128
 1320 015a 20F82230 		strh	r3, [r0, r2, lsl #2]	@ movhi
ARM GAS  /tmp/ccZyOP9D.s 			page 66


 1321              	.LVL155:
 1322              	.L46:
2141:Drivers/STM32F1xx_HAL_Driver/Src/stm32f1xx_ll_usb.c ****       PCD_CLEAR_TX_DTOG(USBx, ep->num);
 1323              		.loc 1 2141 7 discriminator 1 view .LVU459
 1324              	.LBE46:
2141:Drivers/STM32F1xx_HAL_Driver/Src/stm32f1xx_ll_usb.c ****       PCD_CLEAR_TX_DTOG(USBx, ep->num);
 1325              		.loc 1 2141 7 is_stmt 1 discriminator 3 view .LVU460
 1326              	.LBE45:
2141:Drivers/STM32F1xx_HAL_Driver/Src/stm32f1xx_ll_usb.c ****       PCD_CLEAR_TX_DTOG(USBx, ep->num);
 1327              		.loc 1 2141 7 discriminator 3 view .LVU461
2142:Drivers/STM32F1xx_HAL_Driver/Src/stm32f1xx_ll_usb.c ****       PCD_RX_DTOG(USBx, ep->num);
 1328              		.loc 1 2142 7 view .LVU462
 1329              	.LBB47:
2142:Drivers/STM32F1xx_HAL_Driver/Src/stm32f1xx_ll_usb.c ****       PCD_RX_DTOG(USBx, ep->num);
 1330              		.loc 1 2142 7 view .LVU463
2142:Drivers/STM32F1xx_HAL_Driver/Src/stm32f1xx_ll_usb.c ****       PCD_RX_DTOG(USBx, ep->num);
 1331              		.loc 1 2142 7 view .LVU464
 1332 015e 0A78     		ldrb	r2, [r1]	@ zero_extendqisi2
 1333 0160 30F82230 		ldrh	r3, [r0, r2, lsl #2]
 1334              	.LVL156:
2142:Drivers/STM32F1xx_HAL_Driver/Src/stm32f1xx_ll_usb.c ****       PCD_RX_DTOG(USBx, ep->num);
 1335              		.loc 1 2142 7 view .LVU465
 1336 0164 13F0400F 		tst	r3, #64
 1337 0168 0CD0     		beq	.L47
2142:Drivers/STM32F1xx_HAL_Driver/Src/stm32f1xx_ll_usb.c ****       PCD_RX_DTOG(USBx, ep->num);
 1338              		.loc 1 2142 7 discriminator 1 view .LVU466
 1339              	.LBB48:
2142:Drivers/STM32F1xx_HAL_Driver/Src/stm32f1xx_ll_usb.c ****       PCD_RX_DTOG(USBx, ep->num);
 1340              		.loc 1 2142 7 discriminator 1 view .LVU467
2142:Drivers/STM32F1xx_HAL_Driver/Src/stm32f1xx_ll_usb.c ****       PCD_RX_DTOG(USBx, ep->num);
 1341              		.loc 1 2142 7 discriminator 1 view .LVU468
 1342 016a 30F82230 		ldrh	r3, [r0, r2, lsl #2]
 1343              	.LVL157:
2142:Drivers/STM32F1xx_HAL_Driver/Src/stm32f1xx_ll_usb.c ****       PCD_RX_DTOG(USBx, ep->num);
 1344              		.loc 1 2142 7 is_stmt 0 discriminator 1 view .LVU469
 1345 016e 9BB2     		uxth	r3, r3
 1346 0170 23F4E043 		bic	r3, r3, #28672
 1347 0174 23F07003 		bic	r3, r3, #112
 1348              	.LVL158:
2142:Drivers/STM32F1xx_HAL_Driver/Src/stm32f1xx_ll_usb.c ****       PCD_RX_DTOG(USBx, ep->num);
 1349              		.loc 1 2142 7 is_stmt 1 view .LVU470
2142:Drivers/STM32F1xx_HAL_Driver/Src/stm32f1xx_ll_usb.c ****       PCD_RX_DTOG(USBx, ep->num);
 1350              		.loc 1 2142 7 is_stmt 0 discriminator 1 view .LVU471
 1351 0178 43F40043 		orr	r3, r3, #32768
 1352              	.LVL159:
2142:Drivers/STM32F1xx_HAL_Driver/Src/stm32f1xx_ll_usb.c ****       PCD_RX_DTOG(USBx, ep->num);
 1353              		.loc 1 2142 7 discriminator 1 view .LVU472
 1354 017c 43F0C003 		orr	r3, r3, #192
 1355 0180 20F82230 		strh	r3, [r0, r2, lsl #2]	@ movhi
 1356              	.LVL160:
 1357              	.L47:
2142:Drivers/STM32F1xx_HAL_Driver/Src/stm32f1xx_ll_usb.c ****       PCD_RX_DTOG(USBx, ep->num);
 1358              		.loc 1 2142 7 discriminator 1 view .LVU473
 1359              	.LBE48:
2142:Drivers/STM32F1xx_HAL_Driver/Src/stm32f1xx_ll_usb.c ****       PCD_RX_DTOG(USBx, ep->num);
 1360              		.loc 1 2142 7 is_stmt 1 discriminator 3 view .LVU474
 1361              	.LBE47:
ARM GAS  /tmp/ccZyOP9D.s 			page 67


2142:Drivers/STM32F1xx_HAL_Driver/Src/stm32f1xx_ll_usb.c ****       PCD_RX_DTOG(USBx, ep->num);
 1362              		.loc 1 2142 7 discriminator 3 view .LVU475
2143:Drivers/STM32F1xx_HAL_Driver/Src/stm32f1xx_ll_usb.c **** 
 1363              		.loc 1 2143 7 view .LVU476
 1364              	.LBB49:
2143:Drivers/STM32F1xx_HAL_Driver/Src/stm32f1xx_ll_usb.c **** 
 1365              		.loc 1 2143 7 view .LVU477
2143:Drivers/STM32F1xx_HAL_Driver/Src/stm32f1xx_ll_usb.c **** 
 1366              		.loc 1 2143 7 view .LVU478
 1367 0184 0A78     		ldrb	r2, [r1]	@ zero_extendqisi2
 1368 0186 30F82230 		ldrh	r3, [r0, r2, lsl #2]
 1369 018a 9BB2     		uxth	r3, r3
 1370 018c 23F4E043 		bic	r3, r3, #28672
 1371 0190 23F07003 		bic	r3, r3, #112
 1372              	.LVL161:
2143:Drivers/STM32F1xx_HAL_Driver/Src/stm32f1xx_ll_usb.c **** 
 1373              		.loc 1 2143 7 view .LVU479
 1374 0194 43F44043 		orr	r3, r3, #49152
 1375              	.LVL162:
2143:Drivers/STM32F1xx_HAL_Driver/Src/stm32f1xx_ll_usb.c **** 
 1376              		.loc 1 2143 7 is_stmt 0 view .LVU480
 1377 0198 43F08003 		orr	r3, r3, #128
 1378 019c 20F82230 		strh	r3, [r0, r2, lsl #2]	@ movhi
 1379              	.LBE49:
2143:Drivers/STM32F1xx_HAL_Driver/Src/stm32f1xx_ll_usb.c **** 
 1380              		.loc 1 2143 7 is_stmt 1 view .LVU481
2146:Drivers/STM32F1xx_HAL_Driver/Src/stm32f1xx_ll_usb.c ****       PCD_SET_EP_RX_STATUS(USBx, ep->num, USB_EP_RX_DIS);
 1381              		.loc 1 2146 7 view .LVU482
 1382              	.LBB50:
2146:Drivers/STM32F1xx_HAL_Driver/Src/stm32f1xx_ll_usb.c ****       PCD_SET_EP_RX_STATUS(USBx, ep->num, USB_EP_RX_DIS);
 1383              		.loc 1 2146 7 view .LVU483
2146:Drivers/STM32F1xx_HAL_Driver/Src/stm32f1xx_ll_usb.c ****       PCD_SET_EP_RX_STATUS(USBx, ep->num, USB_EP_RX_DIS);
 1384              		.loc 1 2146 7 view .LVU484
 1385 01a0 0A78     		ldrb	r2, [r1]	@ zero_extendqisi2
 1386 01a2 30F82230 		ldrh	r3, [r0, r2, lsl #2]
 1387 01a6 9BB2     		uxth	r3, r3
 1388 01a8 23F4E043 		bic	r3, r3, #28672
 1389 01ac 23F04003 		bic	r3, r3, #64
 1390              	.LVL163:
2146:Drivers/STM32F1xx_HAL_Driver/Src/stm32f1xx_ll_usb.c ****       PCD_SET_EP_RX_STATUS(USBx, ep->num, USB_EP_RX_DIS);
 1391              		.loc 1 2146 7 view .LVU485
2146:Drivers/STM32F1xx_HAL_Driver/Src/stm32f1xx_ll_usb.c ****       PCD_SET_EP_RX_STATUS(USBx, ep->num, USB_EP_RX_DIS);
 1392              		.loc 1 2146 7 discriminator 3 view .LVU486
2146:Drivers/STM32F1xx_HAL_Driver/Src/stm32f1xx_ll_usb.c ****       PCD_SET_EP_RX_STATUS(USBx, ep->num, USB_EP_RX_DIS);
 1393              		.loc 1 2146 7 discriminator 6 view .LVU487
 1394 01b0 48F2800C 		movw	ip, #32896
 1395 01b4 43EA0C03 		orr	r3, r3, ip
 1396              	.LVL164:
2146:Drivers/STM32F1xx_HAL_Driver/Src/stm32f1xx_ll_usb.c ****       PCD_SET_EP_RX_STATUS(USBx, ep->num, USB_EP_RX_DIS);
 1397              		.loc 1 2146 7 is_stmt 0 discriminator 6 view .LVU488
 1398 01b8 20F82230 		strh	r3, [r0, r2, lsl #2]	@ movhi
 1399              	.LBE50:
2146:Drivers/STM32F1xx_HAL_Driver/Src/stm32f1xx_ll_usb.c ****       PCD_SET_EP_RX_STATUS(USBx, ep->num, USB_EP_RX_DIS);
 1400              		.loc 1 2146 7 is_stmt 1 view .LVU489
2147:Drivers/STM32F1xx_HAL_Driver/Src/stm32f1xx_ll_usb.c ****     }
 1401              		.loc 1 2147 7 view .LVU490
 1402              	.LBB51:
ARM GAS  /tmp/ccZyOP9D.s 			page 68


2147:Drivers/STM32F1xx_HAL_Driver/Src/stm32f1xx_ll_usb.c ****     }
 1403              		.loc 1 2147 7 view .LVU491
2147:Drivers/STM32F1xx_HAL_Driver/Src/stm32f1xx_ll_usb.c ****     }
 1404              		.loc 1 2147 7 view .LVU492
 1405 01bc 0A78     		ldrb	r2, [r1]	@ zero_extendqisi2
 1406 01be 30F82230 		ldrh	r3, [r0, r2, lsl #2]
 1407 01c2 9BB2     		uxth	r3, r3
 1408 01c4 23F48043 		bic	r3, r3, #16384
 1409 01c8 23F07003 		bic	r3, r3, #112
 1410              	.LVL165:
2147:Drivers/STM32F1xx_HAL_Driver/Src/stm32f1xx_ll_usb.c ****     }
 1411              		.loc 1 2147 7 view .LVU493
2147:Drivers/STM32F1xx_HAL_Driver/Src/stm32f1xx_ll_usb.c ****     }
 1412              		.loc 1 2147 7 discriminator 3 view .LVU494
2147:Drivers/STM32F1xx_HAL_Driver/Src/stm32f1xx_ll_usb.c ****     }
 1413              		.loc 1 2147 7 discriminator 6 view .LVU495
 1414 01cc 43EA0C03 		orr	r3, r3, ip
 1415              	.LVL166:
2147:Drivers/STM32F1xx_HAL_Driver/Src/stm32f1xx_ll_usb.c ****     }
 1416              		.loc 1 2147 7 is_stmt 0 discriminator 6 view .LVU496
 1417 01d0 20F82230 		strh	r3, [r0, r2, lsl #2]	@ movhi
 1418 01d4 3AE7     		b	.L41
 1419              	.LBE51:
 1420              		.cfi_endproc
 1421              	.LFE73:
 1423              		.section	.text.USB_EPSetStall,"ax",%progbits
 1424              		.align	1
 1425              		.global	USB_EPSetStall
 1426              		.syntax unified
 1427              		.thumb
 1428              		.thumb_func
 1430              	USB_EPSetStall:
 1431              	.LVL167:
 1432              	.LFB75:
2153:Drivers/STM32F1xx_HAL_Driver/Src/stm32f1xx_ll_usb.c **** 
2154:Drivers/STM32F1xx_HAL_Driver/Src/stm32f1xx_ll_usb.c **** /**
2155:Drivers/STM32F1xx_HAL_Driver/Src/stm32f1xx_ll_usb.c ****   * @brief  USB_EPStartXfer setup and starts a transfer over an EP
2156:Drivers/STM32F1xx_HAL_Driver/Src/stm32f1xx_ll_usb.c ****   * @param  USBx Selected device
2157:Drivers/STM32F1xx_HAL_Driver/Src/stm32f1xx_ll_usb.c ****   * @param  ep pointer to endpoint structure
2158:Drivers/STM32F1xx_HAL_Driver/Src/stm32f1xx_ll_usb.c ****   * @retval HAL status
2159:Drivers/STM32F1xx_HAL_Driver/Src/stm32f1xx_ll_usb.c ****   */
2160:Drivers/STM32F1xx_HAL_Driver/Src/stm32f1xx_ll_usb.c **** HAL_StatusTypeDef USB_EPStartXfer(USB_TypeDef *USBx, USB_EPTypeDef *ep)
2161:Drivers/STM32F1xx_HAL_Driver/Src/stm32f1xx_ll_usb.c **** {
2162:Drivers/STM32F1xx_HAL_Driver/Src/stm32f1xx_ll_usb.c ****   uint32_t len;
2163:Drivers/STM32F1xx_HAL_Driver/Src/stm32f1xx_ll_usb.c ****   uint16_t pmabuffer;
2164:Drivers/STM32F1xx_HAL_Driver/Src/stm32f1xx_ll_usb.c ****   uint16_t wEPVal;
2165:Drivers/STM32F1xx_HAL_Driver/Src/stm32f1xx_ll_usb.c **** 
2166:Drivers/STM32F1xx_HAL_Driver/Src/stm32f1xx_ll_usb.c ****   /* IN endpoint */
2167:Drivers/STM32F1xx_HAL_Driver/Src/stm32f1xx_ll_usb.c ****   if (ep->is_in == 1U)
2168:Drivers/STM32F1xx_HAL_Driver/Src/stm32f1xx_ll_usb.c ****   {
2169:Drivers/STM32F1xx_HAL_Driver/Src/stm32f1xx_ll_usb.c ****     /*Multi packet transfer*/
2170:Drivers/STM32F1xx_HAL_Driver/Src/stm32f1xx_ll_usb.c ****     if (ep->xfer_len > ep->maxpacket)
2171:Drivers/STM32F1xx_HAL_Driver/Src/stm32f1xx_ll_usb.c ****     {
2172:Drivers/STM32F1xx_HAL_Driver/Src/stm32f1xx_ll_usb.c ****       len = ep->maxpacket;
2173:Drivers/STM32F1xx_HAL_Driver/Src/stm32f1xx_ll_usb.c ****     }
2174:Drivers/STM32F1xx_HAL_Driver/Src/stm32f1xx_ll_usb.c ****     else
2175:Drivers/STM32F1xx_HAL_Driver/Src/stm32f1xx_ll_usb.c ****     {
ARM GAS  /tmp/ccZyOP9D.s 			page 69


2176:Drivers/STM32F1xx_HAL_Driver/Src/stm32f1xx_ll_usb.c ****       len = ep->xfer_len;
2177:Drivers/STM32F1xx_HAL_Driver/Src/stm32f1xx_ll_usb.c ****     }
2178:Drivers/STM32F1xx_HAL_Driver/Src/stm32f1xx_ll_usb.c **** 
2179:Drivers/STM32F1xx_HAL_Driver/Src/stm32f1xx_ll_usb.c ****     /* configure and validate Tx endpoint */
2180:Drivers/STM32F1xx_HAL_Driver/Src/stm32f1xx_ll_usb.c ****     if (ep->doublebuffer == 0U)
2181:Drivers/STM32F1xx_HAL_Driver/Src/stm32f1xx_ll_usb.c ****     {
2182:Drivers/STM32F1xx_HAL_Driver/Src/stm32f1xx_ll_usb.c ****       USB_WritePMA(USBx, ep->xfer_buff, ep->pmaadress, (uint16_t)len);
2183:Drivers/STM32F1xx_HAL_Driver/Src/stm32f1xx_ll_usb.c ****       PCD_SET_EP_TX_CNT(USBx, ep->num, len);
2184:Drivers/STM32F1xx_HAL_Driver/Src/stm32f1xx_ll_usb.c ****     }
2185:Drivers/STM32F1xx_HAL_Driver/Src/stm32f1xx_ll_usb.c ****     else
2186:Drivers/STM32F1xx_HAL_Driver/Src/stm32f1xx_ll_usb.c ****     {
2187:Drivers/STM32F1xx_HAL_Driver/Src/stm32f1xx_ll_usb.c ****       /* double buffer bulk management */
2188:Drivers/STM32F1xx_HAL_Driver/Src/stm32f1xx_ll_usb.c ****       if (ep->type == EP_TYPE_BULK)
2189:Drivers/STM32F1xx_HAL_Driver/Src/stm32f1xx_ll_usb.c ****       {
2190:Drivers/STM32F1xx_HAL_Driver/Src/stm32f1xx_ll_usb.c ****         if (ep->xfer_len_db > ep->maxpacket)
2191:Drivers/STM32F1xx_HAL_Driver/Src/stm32f1xx_ll_usb.c ****         {
2192:Drivers/STM32F1xx_HAL_Driver/Src/stm32f1xx_ll_usb.c ****           /* enable double buffer */
2193:Drivers/STM32F1xx_HAL_Driver/Src/stm32f1xx_ll_usb.c ****           PCD_SET_EP_DBUF(USBx, ep->num);
2194:Drivers/STM32F1xx_HAL_Driver/Src/stm32f1xx_ll_usb.c **** 
2195:Drivers/STM32F1xx_HAL_Driver/Src/stm32f1xx_ll_usb.c ****           /* each Time to write in PMA xfer_len_db will */
2196:Drivers/STM32F1xx_HAL_Driver/Src/stm32f1xx_ll_usb.c ****           ep->xfer_len_db -= len;
2197:Drivers/STM32F1xx_HAL_Driver/Src/stm32f1xx_ll_usb.c **** 
2198:Drivers/STM32F1xx_HAL_Driver/Src/stm32f1xx_ll_usb.c ****           /* Fill the two first buffer in the Buffer0 & Buffer1 */
2199:Drivers/STM32F1xx_HAL_Driver/Src/stm32f1xx_ll_usb.c ****           if ((PCD_GET_ENDPOINT(USBx, ep->num) & USB_EP_DTOG_TX) != 0U)
2200:Drivers/STM32F1xx_HAL_Driver/Src/stm32f1xx_ll_usb.c ****           {
2201:Drivers/STM32F1xx_HAL_Driver/Src/stm32f1xx_ll_usb.c ****             /* Set the Double buffer counter for pmabuffer1 */
2202:Drivers/STM32F1xx_HAL_Driver/Src/stm32f1xx_ll_usb.c ****             PCD_SET_EP_DBUF1_CNT(USBx, ep->num, ep->is_in, len);
2203:Drivers/STM32F1xx_HAL_Driver/Src/stm32f1xx_ll_usb.c ****             pmabuffer = ep->pmaaddr1;
2204:Drivers/STM32F1xx_HAL_Driver/Src/stm32f1xx_ll_usb.c **** 
2205:Drivers/STM32F1xx_HAL_Driver/Src/stm32f1xx_ll_usb.c ****             /* Write the user buffer to USB PMA */
2206:Drivers/STM32F1xx_HAL_Driver/Src/stm32f1xx_ll_usb.c ****             USB_WritePMA(USBx, ep->xfer_buff, pmabuffer, (uint16_t)len);
2207:Drivers/STM32F1xx_HAL_Driver/Src/stm32f1xx_ll_usb.c ****             ep->xfer_buff += len;
2208:Drivers/STM32F1xx_HAL_Driver/Src/stm32f1xx_ll_usb.c **** 
2209:Drivers/STM32F1xx_HAL_Driver/Src/stm32f1xx_ll_usb.c ****             if (ep->xfer_len_db > ep->maxpacket)
2210:Drivers/STM32F1xx_HAL_Driver/Src/stm32f1xx_ll_usb.c ****             {
2211:Drivers/STM32F1xx_HAL_Driver/Src/stm32f1xx_ll_usb.c ****               ep->xfer_len_db -= len;
2212:Drivers/STM32F1xx_HAL_Driver/Src/stm32f1xx_ll_usb.c ****             }
2213:Drivers/STM32F1xx_HAL_Driver/Src/stm32f1xx_ll_usb.c ****             else
2214:Drivers/STM32F1xx_HAL_Driver/Src/stm32f1xx_ll_usb.c ****             {
2215:Drivers/STM32F1xx_HAL_Driver/Src/stm32f1xx_ll_usb.c ****               len = ep->xfer_len_db;
2216:Drivers/STM32F1xx_HAL_Driver/Src/stm32f1xx_ll_usb.c ****               ep->xfer_len_db = 0U;
2217:Drivers/STM32F1xx_HAL_Driver/Src/stm32f1xx_ll_usb.c ****             }
2218:Drivers/STM32F1xx_HAL_Driver/Src/stm32f1xx_ll_usb.c **** 
2219:Drivers/STM32F1xx_HAL_Driver/Src/stm32f1xx_ll_usb.c ****             /* Set the Double buffer counter for pmabuffer0 */
2220:Drivers/STM32F1xx_HAL_Driver/Src/stm32f1xx_ll_usb.c ****             PCD_SET_EP_DBUF0_CNT(USBx, ep->num, ep->is_in, len);
2221:Drivers/STM32F1xx_HAL_Driver/Src/stm32f1xx_ll_usb.c ****             pmabuffer = ep->pmaaddr0;
2222:Drivers/STM32F1xx_HAL_Driver/Src/stm32f1xx_ll_usb.c **** 
2223:Drivers/STM32F1xx_HAL_Driver/Src/stm32f1xx_ll_usb.c ****             /* Write the user buffer to USB PMA */
2224:Drivers/STM32F1xx_HAL_Driver/Src/stm32f1xx_ll_usb.c ****             USB_WritePMA(USBx, ep->xfer_buff, pmabuffer, (uint16_t)len);
2225:Drivers/STM32F1xx_HAL_Driver/Src/stm32f1xx_ll_usb.c ****           }
2226:Drivers/STM32F1xx_HAL_Driver/Src/stm32f1xx_ll_usb.c ****           else
2227:Drivers/STM32F1xx_HAL_Driver/Src/stm32f1xx_ll_usb.c ****           {
2228:Drivers/STM32F1xx_HAL_Driver/Src/stm32f1xx_ll_usb.c ****             /* Set the Double buffer counter for pmabuffer0 */
2229:Drivers/STM32F1xx_HAL_Driver/Src/stm32f1xx_ll_usb.c ****             PCD_SET_EP_DBUF0_CNT(USBx, ep->num, ep->is_in, len);
2230:Drivers/STM32F1xx_HAL_Driver/Src/stm32f1xx_ll_usb.c ****             pmabuffer = ep->pmaaddr0;
2231:Drivers/STM32F1xx_HAL_Driver/Src/stm32f1xx_ll_usb.c **** 
2232:Drivers/STM32F1xx_HAL_Driver/Src/stm32f1xx_ll_usb.c ****             /* Write the user buffer to USB PMA */
ARM GAS  /tmp/ccZyOP9D.s 			page 70


2233:Drivers/STM32F1xx_HAL_Driver/Src/stm32f1xx_ll_usb.c ****             USB_WritePMA(USBx, ep->xfer_buff, pmabuffer, (uint16_t)len);
2234:Drivers/STM32F1xx_HAL_Driver/Src/stm32f1xx_ll_usb.c ****             ep->xfer_buff += len;
2235:Drivers/STM32F1xx_HAL_Driver/Src/stm32f1xx_ll_usb.c **** 
2236:Drivers/STM32F1xx_HAL_Driver/Src/stm32f1xx_ll_usb.c ****             if (ep->xfer_len_db > ep->maxpacket)
2237:Drivers/STM32F1xx_HAL_Driver/Src/stm32f1xx_ll_usb.c ****             {
2238:Drivers/STM32F1xx_HAL_Driver/Src/stm32f1xx_ll_usb.c ****               ep->xfer_len_db -= len;
2239:Drivers/STM32F1xx_HAL_Driver/Src/stm32f1xx_ll_usb.c ****             }
2240:Drivers/STM32F1xx_HAL_Driver/Src/stm32f1xx_ll_usb.c ****             else
2241:Drivers/STM32F1xx_HAL_Driver/Src/stm32f1xx_ll_usb.c ****             {
2242:Drivers/STM32F1xx_HAL_Driver/Src/stm32f1xx_ll_usb.c ****               len = ep->xfer_len_db;
2243:Drivers/STM32F1xx_HAL_Driver/Src/stm32f1xx_ll_usb.c ****               ep->xfer_len_db = 0U;
2244:Drivers/STM32F1xx_HAL_Driver/Src/stm32f1xx_ll_usb.c ****             }
2245:Drivers/STM32F1xx_HAL_Driver/Src/stm32f1xx_ll_usb.c **** 
2246:Drivers/STM32F1xx_HAL_Driver/Src/stm32f1xx_ll_usb.c ****             /* Set the Double buffer counter for pmabuffer1 */
2247:Drivers/STM32F1xx_HAL_Driver/Src/stm32f1xx_ll_usb.c ****             PCD_SET_EP_DBUF1_CNT(USBx, ep->num, ep->is_in, len);
2248:Drivers/STM32F1xx_HAL_Driver/Src/stm32f1xx_ll_usb.c ****             pmabuffer = ep->pmaaddr1;
2249:Drivers/STM32F1xx_HAL_Driver/Src/stm32f1xx_ll_usb.c **** 
2250:Drivers/STM32F1xx_HAL_Driver/Src/stm32f1xx_ll_usb.c ****             /* Write the user buffer to USB PMA */
2251:Drivers/STM32F1xx_HAL_Driver/Src/stm32f1xx_ll_usb.c ****             USB_WritePMA(USBx, ep->xfer_buff, pmabuffer, (uint16_t)len);
2252:Drivers/STM32F1xx_HAL_Driver/Src/stm32f1xx_ll_usb.c ****           }
2253:Drivers/STM32F1xx_HAL_Driver/Src/stm32f1xx_ll_usb.c ****         }
2254:Drivers/STM32F1xx_HAL_Driver/Src/stm32f1xx_ll_usb.c ****         /* auto Switch to single buffer mode when transfer <Mps no need to manage in double buffer 
2255:Drivers/STM32F1xx_HAL_Driver/Src/stm32f1xx_ll_usb.c ****         else
2256:Drivers/STM32F1xx_HAL_Driver/Src/stm32f1xx_ll_usb.c ****         {
2257:Drivers/STM32F1xx_HAL_Driver/Src/stm32f1xx_ll_usb.c ****           len = ep->xfer_len_db;
2258:Drivers/STM32F1xx_HAL_Driver/Src/stm32f1xx_ll_usb.c **** 
2259:Drivers/STM32F1xx_HAL_Driver/Src/stm32f1xx_ll_usb.c ****           /* disable double buffer mode */
2260:Drivers/STM32F1xx_HAL_Driver/Src/stm32f1xx_ll_usb.c ****           PCD_CLEAR_EP_DBUF(USBx, ep->num);
2261:Drivers/STM32F1xx_HAL_Driver/Src/stm32f1xx_ll_usb.c **** 
2262:Drivers/STM32F1xx_HAL_Driver/Src/stm32f1xx_ll_usb.c ****           /* Set Tx count with nbre of byte to be transmitted */
2263:Drivers/STM32F1xx_HAL_Driver/Src/stm32f1xx_ll_usb.c ****           PCD_SET_EP_TX_CNT(USBx, ep->num, len);
2264:Drivers/STM32F1xx_HAL_Driver/Src/stm32f1xx_ll_usb.c ****           pmabuffer = ep->pmaaddr0;
2265:Drivers/STM32F1xx_HAL_Driver/Src/stm32f1xx_ll_usb.c **** 
2266:Drivers/STM32F1xx_HAL_Driver/Src/stm32f1xx_ll_usb.c ****           /* Write the user buffer to USB PMA */
2267:Drivers/STM32F1xx_HAL_Driver/Src/stm32f1xx_ll_usb.c ****           USB_WritePMA(USBx, ep->xfer_buff, pmabuffer, (uint16_t)len);
2268:Drivers/STM32F1xx_HAL_Driver/Src/stm32f1xx_ll_usb.c ****         }
2269:Drivers/STM32F1xx_HAL_Driver/Src/stm32f1xx_ll_usb.c ****       }/* end if bulk double buffer */
2270:Drivers/STM32F1xx_HAL_Driver/Src/stm32f1xx_ll_usb.c **** 
2271:Drivers/STM32F1xx_HAL_Driver/Src/stm32f1xx_ll_usb.c ****       /* manage isochronous double buffer IN mode */
2272:Drivers/STM32F1xx_HAL_Driver/Src/stm32f1xx_ll_usb.c ****       else
2273:Drivers/STM32F1xx_HAL_Driver/Src/stm32f1xx_ll_usb.c ****       {
2274:Drivers/STM32F1xx_HAL_Driver/Src/stm32f1xx_ll_usb.c ****         /* enable double buffer */
2275:Drivers/STM32F1xx_HAL_Driver/Src/stm32f1xx_ll_usb.c ****         PCD_SET_EP_DBUF(USBx, ep->num);
2276:Drivers/STM32F1xx_HAL_Driver/Src/stm32f1xx_ll_usb.c **** 
2277:Drivers/STM32F1xx_HAL_Driver/Src/stm32f1xx_ll_usb.c ****         /* each Time to write in PMA xfer_len_db will */
2278:Drivers/STM32F1xx_HAL_Driver/Src/stm32f1xx_ll_usb.c ****         ep->xfer_len_db -= len;
2279:Drivers/STM32F1xx_HAL_Driver/Src/stm32f1xx_ll_usb.c **** 
2280:Drivers/STM32F1xx_HAL_Driver/Src/stm32f1xx_ll_usb.c ****         /* Fill the data buffer */
2281:Drivers/STM32F1xx_HAL_Driver/Src/stm32f1xx_ll_usb.c ****         if ((PCD_GET_ENDPOINT(USBx, ep->num) & USB_EP_DTOG_TX) != 0U)
2282:Drivers/STM32F1xx_HAL_Driver/Src/stm32f1xx_ll_usb.c ****         {
2283:Drivers/STM32F1xx_HAL_Driver/Src/stm32f1xx_ll_usb.c ****           /* Set the Double buffer counter for pmabuffer1 */
2284:Drivers/STM32F1xx_HAL_Driver/Src/stm32f1xx_ll_usb.c ****           PCD_SET_EP_DBUF1_CNT(USBx, ep->num, ep->is_in, len);
2285:Drivers/STM32F1xx_HAL_Driver/Src/stm32f1xx_ll_usb.c ****           pmabuffer = ep->pmaaddr1;
2286:Drivers/STM32F1xx_HAL_Driver/Src/stm32f1xx_ll_usb.c **** 
2287:Drivers/STM32F1xx_HAL_Driver/Src/stm32f1xx_ll_usb.c ****           /* Write the user buffer to USB PMA */
2288:Drivers/STM32F1xx_HAL_Driver/Src/stm32f1xx_ll_usb.c ****           USB_WritePMA(USBx, ep->xfer_buff, pmabuffer, (uint16_t)len);
2289:Drivers/STM32F1xx_HAL_Driver/Src/stm32f1xx_ll_usb.c ****           ep->xfer_buff += len;
ARM GAS  /tmp/ccZyOP9D.s 			page 71


2290:Drivers/STM32F1xx_HAL_Driver/Src/stm32f1xx_ll_usb.c **** 
2291:Drivers/STM32F1xx_HAL_Driver/Src/stm32f1xx_ll_usb.c ****           if (ep->xfer_len_db > ep->maxpacket)
2292:Drivers/STM32F1xx_HAL_Driver/Src/stm32f1xx_ll_usb.c ****           {
2293:Drivers/STM32F1xx_HAL_Driver/Src/stm32f1xx_ll_usb.c ****             ep->xfer_len_db -= len;
2294:Drivers/STM32F1xx_HAL_Driver/Src/stm32f1xx_ll_usb.c ****           }
2295:Drivers/STM32F1xx_HAL_Driver/Src/stm32f1xx_ll_usb.c ****           else
2296:Drivers/STM32F1xx_HAL_Driver/Src/stm32f1xx_ll_usb.c ****           {
2297:Drivers/STM32F1xx_HAL_Driver/Src/stm32f1xx_ll_usb.c ****             len = ep->xfer_len_db;
2298:Drivers/STM32F1xx_HAL_Driver/Src/stm32f1xx_ll_usb.c ****             ep->xfer_len_db = 0U;
2299:Drivers/STM32F1xx_HAL_Driver/Src/stm32f1xx_ll_usb.c ****           }
2300:Drivers/STM32F1xx_HAL_Driver/Src/stm32f1xx_ll_usb.c **** 
2301:Drivers/STM32F1xx_HAL_Driver/Src/stm32f1xx_ll_usb.c ****           if (len > 0U)
2302:Drivers/STM32F1xx_HAL_Driver/Src/stm32f1xx_ll_usb.c ****           {
2303:Drivers/STM32F1xx_HAL_Driver/Src/stm32f1xx_ll_usb.c ****             /* Set the Double buffer counter for pmabuffer0 */
2304:Drivers/STM32F1xx_HAL_Driver/Src/stm32f1xx_ll_usb.c ****             PCD_SET_EP_DBUF0_CNT(USBx, ep->num, ep->is_in, len);
2305:Drivers/STM32F1xx_HAL_Driver/Src/stm32f1xx_ll_usb.c ****             pmabuffer = ep->pmaaddr0;
2306:Drivers/STM32F1xx_HAL_Driver/Src/stm32f1xx_ll_usb.c **** 
2307:Drivers/STM32F1xx_HAL_Driver/Src/stm32f1xx_ll_usb.c ****             /* Write the user buffer to USB PMA */
2308:Drivers/STM32F1xx_HAL_Driver/Src/stm32f1xx_ll_usb.c ****             USB_WritePMA(USBx, ep->xfer_buff, pmabuffer, (uint16_t)len);
2309:Drivers/STM32F1xx_HAL_Driver/Src/stm32f1xx_ll_usb.c ****           }
2310:Drivers/STM32F1xx_HAL_Driver/Src/stm32f1xx_ll_usb.c ****         }
2311:Drivers/STM32F1xx_HAL_Driver/Src/stm32f1xx_ll_usb.c ****         else
2312:Drivers/STM32F1xx_HAL_Driver/Src/stm32f1xx_ll_usb.c ****         {
2313:Drivers/STM32F1xx_HAL_Driver/Src/stm32f1xx_ll_usb.c ****           /* Set the Double buffer counter for pmabuffer0 */
2314:Drivers/STM32F1xx_HAL_Driver/Src/stm32f1xx_ll_usb.c ****           PCD_SET_EP_DBUF0_CNT(USBx, ep->num, ep->is_in, len);
2315:Drivers/STM32F1xx_HAL_Driver/Src/stm32f1xx_ll_usb.c ****           pmabuffer = ep->pmaaddr0;
2316:Drivers/STM32F1xx_HAL_Driver/Src/stm32f1xx_ll_usb.c **** 
2317:Drivers/STM32F1xx_HAL_Driver/Src/stm32f1xx_ll_usb.c ****           /* Write the user buffer to USB PMA */
2318:Drivers/STM32F1xx_HAL_Driver/Src/stm32f1xx_ll_usb.c ****           USB_WritePMA(USBx, ep->xfer_buff, pmabuffer, (uint16_t)len);
2319:Drivers/STM32F1xx_HAL_Driver/Src/stm32f1xx_ll_usb.c ****           ep->xfer_buff += len;
2320:Drivers/STM32F1xx_HAL_Driver/Src/stm32f1xx_ll_usb.c **** 
2321:Drivers/STM32F1xx_HAL_Driver/Src/stm32f1xx_ll_usb.c ****           if (ep->xfer_len_db > ep->maxpacket)
2322:Drivers/STM32F1xx_HAL_Driver/Src/stm32f1xx_ll_usb.c ****           {
2323:Drivers/STM32F1xx_HAL_Driver/Src/stm32f1xx_ll_usb.c ****             ep->xfer_len_db -= len;
2324:Drivers/STM32F1xx_HAL_Driver/Src/stm32f1xx_ll_usb.c ****           }
2325:Drivers/STM32F1xx_HAL_Driver/Src/stm32f1xx_ll_usb.c ****           else
2326:Drivers/STM32F1xx_HAL_Driver/Src/stm32f1xx_ll_usb.c ****           {
2327:Drivers/STM32F1xx_HAL_Driver/Src/stm32f1xx_ll_usb.c ****             len = ep->xfer_len_db;
2328:Drivers/STM32F1xx_HAL_Driver/Src/stm32f1xx_ll_usb.c ****             ep->xfer_len_db = 0U;
2329:Drivers/STM32F1xx_HAL_Driver/Src/stm32f1xx_ll_usb.c ****           }
2330:Drivers/STM32F1xx_HAL_Driver/Src/stm32f1xx_ll_usb.c **** 
2331:Drivers/STM32F1xx_HAL_Driver/Src/stm32f1xx_ll_usb.c ****           if (len > 0U)
2332:Drivers/STM32F1xx_HAL_Driver/Src/stm32f1xx_ll_usb.c ****           {
2333:Drivers/STM32F1xx_HAL_Driver/Src/stm32f1xx_ll_usb.c ****             /* Set the Double buffer counter for pmabuffer1 */
2334:Drivers/STM32F1xx_HAL_Driver/Src/stm32f1xx_ll_usb.c ****             PCD_SET_EP_DBUF1_CNT(USBx, ep->num, ep->is_in, len);
2335:Drivers/STM32F1xx_HAL_Driver/Src/stm32f1xx_ll_usb.c ****             pmabuffer = ep->pmaaddr1;
2336:Drivers/STM32F1xx_HAL_Driver/Src/stm32f1xx_ll_usb.c **** 
2337:Drivers/STM32F1xx_HAL_Driver/Src/stm32f1xx_ll_usb.c ****             /* Write the user buffer to USB PMA */
2338:Drivers/STM32F1xx_HAL_Driver/Src/stm32f1xx_ll_usb.c ****             USB_WritePMA(USBx, ep->xfer_buff, pmabuffer, (uint16_t)len);
2339:Drivers/STM32F1xx_HAL_Driver/Src/stm32f1xx_ll_usb.c ****           }
2340:Drivers/STM32F1xx_HAL_Driver/Src/stm32f1xx_ll_usb.c ****         }
2341:Drivers/STM32F1xx_HAL_Driver/Src/stm32f1xx_ll_usb.c ****       }
2342:Drivers/STM32F1xx_HAL_Driver/Src/stm32f1xx_ll_usb.c ****     }
2343:Drivers/STM32F1xx_HAL_Driver/Src/stm32f1xx_ll_usb.c **** 
2344:Drivers/STM32F1xx_HAL_Driver/Src/stm32f1xx_ll_usb.c ****     PCD_SET_EP_TX_STATUS(USBx, ep->num, USB_EP_TX_VALID);
2345:Drivers/STM32F1xx_HAL_Driver/Src/stm32f1xx_ll_usb.c ****   }
2346:Drivers/STM32F1xx_HAL_Driver/Src/stm32f1xx_ll_usb.c ****   else /* OUT endpoint */
ARM GAS  /tmp/ccZyOP9D.s 			page 72


2347:Drivers/STM32F1xx_HAL_Driver/Src/stm32f1xx_ll_usb.c ****   {
2348:Drivers/STM32F1xx_HAL_Driver/Src/stm32f1xx_ll_usb.c ****     if (ep->doublebuffer == 0U)
2349:Drivers/STM32F1xx_HAL_Driver/Src/stm32f1xx_ll_usb.c ****     {
2350:Drivers/STM32F1xx_HAL_Driver/Src/stm32f1xx_ll_usb.c ****       /* Multi packet transfer */
2351:Drivers/STM32F1xx_HAL_Driver/Src/stm32f1xx_ll_usb.c ****       if (ep->xfer_len > ep->maxpacket)
2352:Drivers/STM32F1xx_HAL_Driver/Src/stm32f1xx_ll_usb.c ****       {
2353:Drivers/STM32F1xx_HAL_Driver/Src/stm32f1xx_ll_usb.c ****         len = ep->maxpacket;
2354:Drivers/STM32F1xx_HAL_Driver/Src/stm32f1xx_ll_usb.c ****         ep->xfer_len -= len;
2355:Drivers/STM32F1xx_HAL_Driver/Src/stm32f1xx_ll_usb.c ****       }
2356:Drivers/STM32F1xx_HAL_Driver/Src/stm32f1xx_ll_usb.c ****       else
2357:Drivers/STM32F1xx_HAL_Driver/Src/stm32f1xx_ll_usb.c ****       {
2358:Drivers/STM32F1xx_HAL_Driver/Src/stm32f1xx_ll_usb.c ****         len = ep->xfer_len;
2359:Drivers/STM32F1xx_HAL_Driver/Src/stm32f1xx_ll_usb.c ****         ep->xfer_len = 0U;
2360:Drivers/STM32F1xx_HAL_Driver/Src/stm32f1xx_ll_usb.c ****       }
2361:Drivers/STM32F1xx_HAL_Driver/Src/stm32f1xx_ll_usb.c ****       /* configure and validate Rx endpoint */
2362:Drivers/STM32F1xx_HAL_Driver/Src/stm32f1xx_ll_usb.c ****       PCD_SET_EP_RX_CNT(USBx, ep->num, len);
2363:Drivers/STM32F1xx_HAL_Driver/Src/stm32f1xx_ll_usb.c ****     }
2364:Drivers/STM32F1xx_HAL_Driver/Src/stm32f1xx_ll_usb.c ****     else
2365:Drivers/STM32F1xx_HAL_Driver/Src/stm32f1xx_ll_usb.c ****     {
2366:Drivers/STM32F1xx_HAL_Driver/Src/stm32f1xx_ll_usb.c ****       /* First Transfer Coming From HAL_PCD_EP_Receive & From ISR */
2367:Drivers/STM32F1xx_HAL_Driver/Src/stm32f1xx_ll_usb.c ****       /* Set the Double buffer counter */
2368:Drivers/STM32F1xx_HAL_Driver/Src/stm32f1xx_ll_usb.c ****       if (ep->type == EP_TYPE_BULK)
2369:Drivers/STM32F1xx_HAL_Driver/Src/stm32f1xx_ll_usb.c ****       {
2370:Drivers/STM32F1xx_HAL_Driver/Src/stm32f1xx_ll_usb.c ****         PCD_SET_EP_DBUF_CNT(USBx, ep->num, ep->is_in, ep->maxpacket);
2371:Drivers/STM32F1xx_HAL_Driver/Src/stm32f1xx_ll_usb.c **** 
2372:Drivers/STM32F1xx_HAL_Driver/Src/stm32f1xx_ll_usb.c ****         /* Coming from ISR */
2373:Drivers/STM32F1xx_HAL_Driver/Src/stm32f1xx_ll_usb.c ****         if (ep->xfer_count != 0U)
2374:Drivers/STM32F1xx_HAL_Driver/Src/stm32f1xx_ll_usb.c ****         {
2375:Drivers/STM32F1xx_HAL_Driver/Src/stm32f1xx_ll_usb.c ****           /* update last value to check if there is blocking state */
2376:Drivers/STM32F1xx_HAL_Driver/Src/stm32f1xx_ll_usb.c ****           wEPVal = PCD_GET_ENDPOINT(USBx, ep->num);
2377:Drivers/STM32F1xx_HAL_Driver/Src/stm32f1xx_ll_usb.c **** 
2378:Drivers/STM32F1xx_HAL_Driver/Src/stm32f1xx_ll_usb.c ****           /*Blocking State */
2379:Drivers/STM32F1xx_HAL_Driver/Src/stm32f1xx_ll_usb.c ****           if ((((wEPVal & USB_EP_DTOG_RX) != 0U) && ((wEPVal & USB_EP_DTOG_TX) != 0U)) ||
2380:Drivers/STM32F1xx_HAL_Driver/Src/stm32f1xx_ll_usb.c ****               (((wEPVal & USB_EP_DTOG_RX) == 0U) && ((wEPVal & USB_EP_DTOG_TX) == 0U)))
2381:Drivers/STM32F1xx_HAL_Driver/Src/stm32f1xx_ll_usb.c ****           {
2382:Drivers/STM32F1xx_HAL_Driver/Src/stm32f1xx_ll_usb.c ****             PCD_FreeUserBuffer(USBx, ep->num, 0U);
2383:Drivers/STM32F1xx_HAL_Driver/Src/stm32f1xx_ll_usb.c ****           }
2384:Drivers/STM32F1xx_HAL_Driver/Src/stm32f1xx_ll_usb.c ****         }
2385:Drivers/STM32F1xx_HAL_Driver/Src/stm32f1xx_ll_usb.c ****       }
2386:Drivers/STM32F1xx_HAL_Driver/Src/stm32f1xx_ll_usb.c ****       /* iso out double */
2387:Drivers/STM32F1xx_HAL_Driver/Src/stm32f1xx_ll_usb.c ****       else if (ep->type == EP_TYPE_ISOC)
2388:Drivers/STM32F1xx_HAL_Driver/Src/stm32f1xx_ll_usb.c ****       {
2389:Drivers/STM32F1xx_HAL_Driver/Src/stm32f1xx_ll_usb.c ****         /* Multi packet transfer */
2390:Drivers/STM32F1xx_HAL_Driver/Src/stm32f1xx_ll_usb.c ****         if (ep->xfer_len > ep->maxpacket)
2391:Drivers/STM32F1xx_HAL_Driver/Src/stm32f1xx_ll_usb.c ****         {
2392:Drivers/STM32F1xx_HAL_Driver/Src/stm32f1xx_ll_usb.c ****           len = ep->maxpacket;
2393:Drivers/STM32F1xx_HAL_Driver/Src/stm32f1xx_ll_usb.c ****           ep->xfer_len -= len;
2394:Drivers/STM32F1xx_HAL_Driver/Src/stm32f1xx_ll_usb.c ****         }
2395:Drivers/STM32F1xx_HAL_Driver/Src/stm32f1xx_ll_usb.c ****         else
2396:Drivers/STM32F1xx_HAL_Driver/Src/stm32f1xx_ll_usb.c ****         {
2397:Drivers/STM32F1xx_HAL_Driver/Src/stm32f1xx_ll_usb.c ****           len = ep->xfer_len;
2398:Drivers/STM32F1xx_HAL_Driver/Src/stm32f1xx_ll_usb.c ****           ep->xfer_len = 0U;
2399:Drivers/STM32F1xx_HAL_Driver/Src/stm32f1xx_ll_usb.c ****         }
2400:Drivers/STM32F1xx_HAL_Driver/Src/stm32f1xx_ll_usb.c ****         PCD_SET_EP_DBUF_CNT(USBx, ep->num, ep->is_in, len);
2401:Drivers/STM32F1xx_HAL_Driver/Src/stm32f1xx_ll_usb.c ****       }
2402:Drivers/STM32F1xx_HAL_Driver/Src/stm32f1xx_ll_usb.c ****       else
2403:Drivers/STM32F1xx_HAL_Driver/Src/stm32f1xx_ll_usb.c ****       {
ARM GAS  /tmp/ccZyOP9D.s 			page 73


2404:Drivers/STM32F1xx_HAL_Driver/Src/stm32f1xx_ll_usb.c ****         return HAL_ERROR;
2405:Drivers/STM32F1xx_HAL_Driver/Src/stm32f1xx_ll_usb.c ****       }
2406:Drivers/STM32F1xx_HAL_Driver/Src/stm32f1xx_ll_usb.c ****     }
2407:Drivers/STM32F1xx_HAL_Driver/Src/stm32f1xx_ll_usb.c **** 
2408:Drivers/STM32F1xx_HAL_Driver/Src/stm32f1xx_ll_usb.c ****     PCD_SET_EP_RX_STATUS(USBx, ep->num, USB_EP_RX_VALID);
2409:Drivers/STM32F1xx_HAL_Driver/Src/stm32f1xx_ll_usb.c ****   }
2410:Drivers/STM32F1xx_HAL_Driver/Src/stm32f1xx_ll_usb.c **** 
2411:Drivers/STM32F1xx_HAL_Driver/Src/stm32f1xx_ll_usb.c ****   return HAL_OK;
2412:Drivers/STM32F1xx_HAL_Driver/Src/stm32f1xx_ll_usb.c **** }
2413:Drivers/STM32F1xx_HAL_Driver/Src/stm32f1xx_ll_usb.c **** 
2414:Drivers/STM32F1xx_HAL_Driver/Src/stm32f1xx_ll_usb.c **** 
2415:Drivers/STM32F1xx_HAL_Driver/Src/stm32f1xx_ll_usb.c **** /**
2416:Drivers/STM32F1xx_HAL_Driver/Src/stm32f1xx_ll_usb.c ****   * @brief  USB_EPSetStall set a stall condition over an EP
2417:Drivers/STM32F1xx_HAL_Driver/Src/stm32f1xx_ll_usb.c ****   * @param  USBx Selected device
2418:Drivers/STM32F1xx_HAL_Driver/Src/stm32f1xx_ll_usb.c ****   * @param  ep pointer to endpoint structure
2419:Drivers/STM32F1xx_HAL_Driver/Src/stm32f1xx_ll_usb.c ****   * @retval HAL status
2420:Drivers/STM32F1xx_HAL_Driver/Src/stm32f1xx_ll_usb.c ****   */
2421:Drivers/STM32F1xx_HAL_Driver/Src/stm32f1xx_ll_usb.c **** HAL_StatusTypeDef USB_EPSetStall(USB_TypeDef *USBx, USB_EPTypeDef *ep)
2422:Drivers/STM32F1xx_HAL_Driver/Src/stm32f1xx_ll_usb.c **** {
 1433              		.loc 1 2422 1 is_stmt 1 view -0
 1434              		.cfi_startproc
 1435              		@ args = 0, pretend = 0, frame = 0
 1436              		@ frame_needed = 0, uses_anonymous_args = 0
 1437              		@ link register save eliminated.
2423:Drivers/STM32F1xx_HAL_Driver/Src/stm32f1xx_ll_usb.c ****   if (ep->is_in != 0U)
 1438              		.loc 1 2423 3 view .LVU498
 1439              		.loc 1 2423 9 is_stmt 0 view .LVU499
 1440 0000 4B78     		ldrb	r3, [r1, #1]	@ zero_extendqisi2
 1441              		.loc 1 2423 6 view .LVU500
 1442 0002 8BB1     		cbz	r3, .L49
2424:Drivers/STM32F1xx_HAL_Driver/Src/stm32f1xx_ll_usb.c ****   {
2425:Drivers/STM32F1xx_HAL_Driver/Src/stm32f1xx_ll_usb.c ****     PCD_SET_EP_TX_STATUS(USBx, ep->num, USB_EP_TX_STALL);
 1443              		.loc 1 2425 5 is_stmt 1 view .LVU501
 1444              	.LBB52:
 1445              		.loc 1 2425 5 view .LVU502
 1446              		.loc 1 2425 5 view .LVU503
 1447 0004 0A78     		ldrb	r2, [r1]	@ zero_extendqisi2
 1448 0006 30F82230 		ldrh	r3, [r0, r2, lsl #2]
 1449 000a 9BB2     		uxth	r3, r3
 1450 000c 23F4E043 		bic	r3, r3, #28672
 1451 0010 23F04003 		bic	r3, r3, #64
 1452              	.LVL168:
 1453              		.loc 1 2425 5 view .LVU504
 1454              		.loc 1 2425 5 discriminator 1 view .LVU505
 1455 0014 83F01003 		eor	r3, r3, #16
 1456              	.LVL169:
 1457              		.loc 1 2425 5 discriminator 3 view .LVU506
 1458              		.loc 1 2425 5 discriminator 6 view .LVU507
 1459 0018 43F40043 		orr	r3, r3, #32768
 1460              	.LVL170:
 1461              		.loc 1 2425 5 is_stmt 0 discriminator 6 view .LVU508
 1462 001c 43F08003 		orr	r3, r3, #128
 1463 0020 20F82230 		strh	r3, [r0, r2, lsl #2]	@ movhi
 1464              	.LBE52:
 1465              		.loc 1 2425 5 is_stmt 1 view .LVU509
 1466              	.LVL171:
 1467              	.L50:
ARM GAS  /tmp/ccZyOP9D.s 			page 74


2426:Drivers/STM32F1xx_HAL_Driver/Src/stm32f1xx_ll_usb.c ****   }
2427:Drivers/STM32F1xx_HAL_Driver/Src/stm32f1xx_ll_usb.c ****   else
2428:Drivers/STM32F1xx_HAL_Driver/Src/stm32f1xx_ll_usb.c ****   {
2429:Drivers/STM32F1xx_HAL_Driver/Src/stm32f1xx_ll_usb.c ****     PCD_SET_EP_RX_STATUS(USBx, ep->num, USB_EP_RX_STALL);
 1468              		.loc 1 2429 5 discriminator 7 view .LVU510
2430:Drivers/STM32F1xx_HAL_Driver/Src/stm32f1xx_ll_usb.c ****   }
2431:Drivers/STM32F1xx_HAL_Driver/Src/stm32f1xx_ll_usb.c **** 
2432:Drivers/STM32F1xx_HAL_Driver/Src/stm32f1xx_ll_usb.c ****   return HAL_OK;
 1469              		.loc 1 2432 3 view .LVU511
2433:Drivers/STM32F1xx_HAL_Driver/Src/stm32f1xx_ll_usb.c **** }
 1470              		.loc 1 2433 1 is_stmt 0 view .LVU512
 1471 0024 0020     		movs	r0, #0
 1472              	.LVL172:
 1473              		.loc 1 2433 1 view .LVU513
 1474 0026 7047     		bx	lr
 1475              	.LVL173:
 1476              	.L49:
2429:Drivers/STM32F1xx_HAL_Driver/Src/stm32f1xx_ll_usb.c ****   }
 1477              		.loc 1 2429 5 is_stmt 1 view .LVU514
 1478              	.LBB53:
2429:Drivers/STM32F1xx_HAL_Driver/Src/stm32f1xx_ll_usb.c ****   }
 1479              		.loc 1 2429 5 view .LVU515
2429:Drivers/STM32F1xx_HAL_Driver/Src/stm32f1xx_ll_usb.c ****   }
 1480              		.loc 1 2429 5 view .LVU516
 1481 0028 0A78     		ldrb	r2, [r1]	@ zero_extendqisi2
 1482 002a 30F82230 		ldrh	r3, [r0, r2, lsl #2]
 1483 002e 9BB2     		uxth	r3, r3
 1484 0030 23F48043 		bic	r3, r3, #16384
 1485 0034 23F07003 		bic	r3, r3, #112
 1486              	.LVL174:
2429:Drivers/STM32F1xx_HAL_Driver/Src/stm32f1xx_ll_usb.c ****   }
 1487              		.loc 1 2429 5 view .LVU517
2429:Drivers/STM32F1xx_HAL_Driver/Src/stm32f1xx_ll_usb.c ****   }
 1488              		.loc 1 2429 5 discriminator 1 view .LVU518
 1489 0038 83F48053 		eor	r3, r3, #4096
 1490              	.LVL175:
2429:Drivers/STM32F1xx_HAL_Driver/Src/stm32f1xx_ll_usb.c ****   }
 1491              		.loc 1 2429 5 discriminator 3 view .LVU519
2429:Drivers/STM32F1xx_HAL_Driver/Src/stm32f1xx_ll_usb.c ****   }
 1492              		.loc 1 2429 5 discriminator 6 view .LVU520
 1493 003c 43F40043 		orr	r3, r3, #32768
 1494              	.LVL176:
2429:Drivers/STM32F1xx_HAL_Driver/Src/stm32f1xx_ll_usb.c ****   }
 1495              		.loc 1 2429 5 is_stmt 0 discriminator 6 view .LVU521
 1496 0040 43F08003 		orr	r3, r3, #128
 1497 0044 20F82230 		strh	r3, [r0, r2, lsl #2]	@ movhi
 1498 0048 ECE7     		b	.L50
 1499              	.LBE53:
 1500              		.cfi_endproc
 1501              	.LFE75:
 1503              		.section	.text.USB_EPClearStall,"ax",%progbits
 1504              		.align	1
 1505              		.global	USB_EPClearStall
 1506              		.syntax unified
 1507              		.thumb
 1508              		.thumb_func
 1510              	USB_EPClearStall:
ARM GAS  /tmp/ccZyOP9D.s 			page 75


 1511              	.LVL177:
 1512              	.LFB76:
2434:Drivers/STM32F1xx_HAL_Driver/Src/stm32f1xx_ll_usb.c **** 
2435:Drivers/STM32F1xx_HAL_Driver/Src/stm32f1xx_ll_usb.c **** /**
2436:Drivers/STM32F1xx_HAL_Driver/Src/stm32f1xx_ll_usb.c ****   * @brief  USB_EPClearStall Clear a stall condition over an EP
2437:Drivers/STM32F1xx_HAL_Driver/Src/stm32f1xx_ll_usb.c ****   * @param  USBx Selected device
2438:Drivers/STM32F1xx_HAL_Driver/Src/stm32f1xx_ll_usb.c ****   * @param  ep pointer to endpoint structure
2439:Drivers/STM32F1xx_HAL_Driver/Src/stm32f1xx_ll_usb.c ****   * @retval HAL status
2440:Drivers/STM32F1xx_HAL_Driver/Src/stm32f1xx_ll_usb.c ****   */
2441:Drivers/STM32F1xx_HAL_Driver/Src/stm32f1xx_ll_usb.c **** HAL_StatusTypeDef USB_EPClearStall(USB_TypeDef *USBx, USB_EPTypeDef *ep)
2442:Drivers/STM32F1xx_HAL_Driver/Src/stm32f1xx_ll_usb.c **** {
 1513              		.loc 1 2442 1 is_stmt 1 view -0
 1514              		.cfi_startproc
 1515              		@ args = 0, pretend = 0, frame = 0
 1516              		@ frame_needed = 0, uses_anonymous_args = 0
 1517              		@ link register save eliminated.
2443:Drivers/STM32F1xx_HAL_Driver/Src/stm32f1xx_ll_usb.c ****   if (ep->doublebuffer == 0U)
 1518              		.loc 1 2443 3 view .LVU523
 1519              		.loc 1 2443 9 is_stmt 0 view .LVU524
 1520 0000 0B7B     		ldrb	r3, [r1, #12]	@ zero_extendqisi2
 1521              		.loc 1 2443 6 view .LVU525
 1522 0002 002B     		cmp	r3, #0
 1523 0004 4BD1     		bne	.L52
2444:Drivers/STM32F1xx_HAL_Driver/Src/stm32f1xx_ll_usb.c ****   {
2445:Drivers/STM32F1xx_HAL_Driver/Src/stm32f1xx_ll_usb.c ****     if (ep->is_in != 0U)
 1524              		.loc 1 2445 5 is_stmt 1 view .LVU526
 1525              		.loc 1 2445 11 is_stmt 0 view .LVU527
 1526 0006 4B78     		ldrb	r3, [r1, #1]	@ zero_extendqisi2
 1527              		.loc 1 2445 8 view .LVU528
 1528 0008 33B3     		cbz	r3, .L53
2446:Drivers/STM32F1xx_HAL_Driver/Src/stm32f1xx_ll_usb.c ****     {
2447:Drivers/STM32F1xx_HAL_Driver/Src/stm32f1xx_ll_usb.c ****       PCD_CLEAR_TX_DTOG(USBx, ep->num);
 1529              		.loc 1 2447 7 is_stmt 1 view .LVU529
 1530              	.LBB54:
 1531              		.loc 1 2447 7 view .LVU530
 1532              		.loc 1 2447 7 view .LVU531
 1533 000a 0A78     		ldrb	r2, [r1]	@ zero_extendqisi2
 1534 000c 30F82230 		ldrh	r3, [r0, r2, lsl #2]
 1535              	.LVL178:
 1536              		.loc 1 2447 7 view .LVU532
 1537 0010 13F0400F 		tst	r3, #64
 1538 0014 0CD0     		beq	.L54
 1539              		.loc 1 2447 7 discriminator 1 view .LVU533
 1540              	.LBB55:
 1541              		.loc 1 2447 7 discriminator 1 view .LVU534
 1542              		.loc 1 2447 7 discriminator 1 view .LVU535
 1543 0016 30F82230 		ldrh	r3, [r0, r2, lsl #2]
 1544              	.LVL179:
 1545              		.loc 1 2447 7 is_stmt 0 discriminator 1 view .LVU536
 1546 001a 9BB2     		uxth	r3, r3
 1547 001c 23F4E043 		bic	r3, r3, #28672
 1548 0020 23F07003 		bic	r3, r3, #112
 1549              	.LVL180:
 1550              		.loc 1 2447 7 is_stmt 1 view .LVU537
 1551              		.loc 1 2447 7 is_stmt 0 discriminator 1 view .LVU538
 1552 0024 43F40043 		orr	r3, r3, #32768
 1553              	.LVL181:
ARM GAS  /tmp/ccZyOP9D.s 			page 76


 1554              		.loc 1 2447 7 discriminator 1 view .LVU539
 1555 0028 43F0C003 		orr	r3, r3, #192
 1556 002c 20F82230 		strh	r3, [r0, r2, lsl #2]	@ movhi
 1557              	.LVL182:
 1558              	.L54:
 1559              		.loc 1 2447 7 discriminator 1 view .LVU540
 1560              	.LBE55:
 1561              		.loc 1 2447 7 is_stmt 1 discriminator 3 view .LVU541
 1562              	.LBE54:
 1563              		.loc 1 2447 7 discriminator 3 view .LVU542
2448:Drivers/STM32F1xx_HAL_Driver/Src/stm32f1xx_ll_usb.c **** 
2449:Drivers/STM32F1xx_HAL_Driver/Src/stm32f1xx_ll_usb.c ****       if (ep->type != EP_TYPE_ISOC)
 1564              		.loc 1 2449 7 view .LVU543
 1565              		.loc 1 2449 13 is_stmt 0 view .LVU544
 1566 0030 CB78     		ldrb	r3, [r1, #3]	@ zero_extendqisi2
 1567              		.loc 1 2449 10 view .LVU545
 1568 0032 012B     		cmp	r3, #1
 1569 0034 33D0     		beq	.L52
2450:Drivers/STM32F1xx_HAL_Driver/Src/stm32f1xx_ll_usb.c ****       {
2451:Drivers/STM32F1xx_HAL_Driver/Src/stm32f1xx_ll_usb.c ****         /* Configure NAK status for the Endpoint */
2452:Drivers/STM32F1xx_HAL_Driver/Src/stm32f1xx_ll_usb.c ****         PCD_SET_EP_TX_STATUS(USBx, ep->num, USB_EP_TX_NAK);
 1570              		.loc 1 2452 9 is_stmt 1 view .LVU546
 1571              	.LBB56:
 1572              		.loc 1 2452 9 view .LVU547
 1573              		.loc 1 2452 9 view .LVU548
 1574 0036 0A78     		ldrb	r2, [r1]	@ zero_extendqisi2
 1575 0038 30F82230 		ldrh	r3, [r0, r2, lsl #2]
 1576 003c 9BB2     		uxth	r3, r3
 1577 003e 23F4E043 		bic	r3, r3, #28672
 1578 0042 23F04003 		bic	r3, r3, #64
 1579              	.LVL183:
 1580              		.loc 1 2452 9 view .LVU549
 1581              		.loc 1 2452 9 discriminator 3 view .LVU550
 1582              		.loc 1 2452 9 discriminator 4 view .LVU551
 1583 0046 83F02003 		eor	r3, r3, #32
 1584              	.LVL184:
 1585              		.loc 1 2452 9 discriminator 6 view .LVU552
 1586 004a 43F40043 		orr	r3, r3, #32768
 1587              	.LVL185:
 1588              		.loc 1 2452 9 is_stmt 0 discriminator 6 view .LVU553
 1589 004e 43F08003 		orr	r3, r3, #128
 1590 0052 20F82230 		strh	r3, [r0, r2, lsl #2]	@ movhi
 1591 0056 22E0     		b	.L52
 1592              	.LVL186:
 1593              	.L53:
 1594              		.loc 1 2452 9 discriminator 6 view .LVU554
 1595              	.LBE56:
2453:Drivers/STM32F1xx_HAL_Driver/Src/stm32f1xx_ll_usb.c ****       }
2454:Drivers/STM32F1xx_HAL_Driver/Src/stm32f1xx_ll_usb.c ****     }
2455:Drivers/STM32F1xx_HAL_Driver/Src/stm32f1xx_ll_usb.c ****     else
2456:Drivers/STM32F1xx_HAL_Driver/Src/stm32f1xx_ll_usb.c ****     {
2457:Drivers/STM32F1xx_HAL_Driver/Src/stm32f1xx_ll_usb.c ****       PCD_CLEAR_RX_DTOG(USBx, ep->num);
 1596              		.loc 1 2457 7 is_stmt 1 view .LVU555
 1597              	.LBB57:
 1598              		.loc 1 2457 7 view .LVU556
 1599              		.loc 1 2457 7 view .LVU557
 1600 0058 0A78     		ldrb	r2, [r1]	@ zero_extendqisi2
ARM GAS  /tmp/ccZyOP9D.s 			page 77


 1601 005a 30F82230 		ldrh	r3, [r0, r2, lsl #2]
 1602              	.LVL187:
 1603              		.loc 1 2457 7 view .LVU558
 1604 005e 13F4804F 		tst	r3, #16384
 1605 0062 0CD0     		beq	.L55
 1606              		.loc 1 2457 7 discriminator 1 view .LVU559
 1607              	.LBB58:
 1608              		.loc 1 2457 7 discriminator 1 view .LVU560
 1609              		.loc 1 2457 7 discriminator 1 view .LVU561
 1610 0064 30F82230 		ldrh	r3, [r0, r2, lsl #2]
 1611              	.LVL188:
 1612              		.loc 1 2457 7 is_stmt 0 discriminator 1 view .LVU562
 1613 0068 9BB2     		uxth	r3, r3
 1614 006a 23F4E043 		bic	r3, r3, #28672
 1615 006e 23F07003 		bic	r3, r3, #112
 1616              	.LVL189:
 1617              		.loc 1 2457 7 is_stmt 1 view .LVU563
 1618              		.loc 1 2457 7 is_stmt 0 discriminator 1 view .LVU564
 1619 0072 43F44043 		orr	r3, r3, #49152
 1620              	.LVL190:
 1621              		.loc 1 2457 7 discriminator 1 view .LVU565
 1622 0076 43F08003 		orr	r3, r3, #128
 1623 007a 20F82230 		strh	r3, [r0, r2, lsl #2]	@ movhi
 1624              	.LVL191:
 1625              	.L55:
 1626              		.loc 1 2457 7 discriminator 1 view .LVU566
 1627              	.LBE58:
 1628              		.loc 1 2457 7 is_stmt 1 discriminator 3 view .LVU567
 1629              	.LBE57:
 1630              		.loc 1 2457 7 discriminator 3 view .LVU568
2458:Drivers/STM32F1xx_HAL_Driver/Src/stm32f1xx_ll_usb.c **** 
2459:Drivers/STM32F1xx_HAL_Driver/Src/stm32f1xx_ll_usb.c ****       /* Configure VALID status for the Endpoint */
2460:Drivers/STM32F1xx_HAL_Driver/Src/stm32f1xx_ll_usb.c ****       PCD_SET_EP_RX_STATUS(USBx, ep->num, USB_EP_RX_VALID);
 1631              		.loc 1 2460 7 view .LVU569
 1632              	.LBB59:
 1633              		.loc 1 2460 7 view .LVU570
 1634              		.loc 1 2460 7 view .LVU571
 1635 007e 0A78     		ldrb	r2, [r1]	@ zero_extendqisi2
 1636 0080 30F82230 		ldrh	r3, [r0, r2, lsl #2]
 1637 0084 9BB2     		uxth	r3, r3
 1638 0086 23F48043 		bic	r3, r3, #16384
 1639 008a 23F07003 		bic	r3, r3, #112
 1640              	.LVL192:
 1641              		.loc 1 2460 7 view .LVU572
 1642              		.loc 1 2460 7 discriminator 1 view .LVU573
 1643              		.loc 1 2460 7 discriminator 3 view .LVU574
 1644              		.loc 1 2460 7 discriminator 4 view .LVU575
 1645 008e 83F44053 		eor	r3, r3, #12288
 1646              	.LVL193:
 1647              		.loc 1 2460 7 discriminator 6 view .LVU576
 1648 0092 43F40043 		orr	r3, r3, #32768
 1649              	.LVL194:
 1650              		.loc 1 2460 7 is_stmt 0 discriminator 6 view .LVU577
 1651 0096 43F08003 		orr	r3, r3, #128
 1652 009a 20F82230 		strh	r3, [r0, r2, lsl #2]	@ movhi
 1653              	.LVL195:
 1654              	.L52:
ARM GAS  /tmp/ccZyOP9D.s 			page 78


 1655              		.loc 1 2460 7 discriminator 6 view .LVU578
 1656              	.LBE59:
 1657              		.loc 1 2460 7 is_stmt 1 discriminator 7 view .LVU579
2461:Drivers/STM32F1xx_HAL_Driver/Src/stm32f1xx_ll_usb.c ****     }
2462:Drivers/STM32F1xx_HAL_Driver/Src/stm32f1xx_ll_usb.c ****   }
2463:Drivers/STM32F1xx_HAL_Driver/Src/stm32f1xx_ll_usb.c **** 
2464:Drivers/STM32F1xx_HAL_Driver/Src/stm32f1xx_ll_usb.c ****   return HAL_OK;
 1658              		.loc 1 2464 3 view .LVU580
2465:Drivers/STM32F1xx_HAL_Driver/Src/stm32f1xx_ll_usb.c **** }
 1659              		.loc 1 2465 1 is_stmt 0 view .LVU581
 1660 009e 0020     		movs	r0, #0
 1661              	.LVL196:
 1662              		.loc 1 2465 1 view .LVU582
 1663 00a0 7047     		bx	lr
 1664              		.cfi_endproc
 1665              	.LFE76:
 1667              		.section	.text.USB_StopDevice,"ax",%progbits
 1668              		.align	1
 1669              		.global	USB_StopDevice
 1670              		.syntax unified
 1671              		.thumb
 1672              		.thumb_func
 1674              	USB_StopDevice:
 1675              	.LVL197:
 1676              	.LFB77:
2466:Drivers/STM32F1xx_HAL_Driver/Src/stm32f1xx_ll_usb.c **** #endif
2467:Drivers/STM32F1xx_HAL_Driver/Src/stm32f1xx_ll_usb.c **** 
2468:Drivers/STM32F1xx_HAL_Driver/Src/stm32f1xx_ll_usb.c **** /**
2469:Drivers/STM32F1xx_HAL_Driver/Src/stm32f1xx_ll_usb.c ****   * @brief  USB_StopDevice Stop the usb device mode
2470:Drivers/STM32F1xx_HAL_Driver/Src/stm32f1xx_ll_usb.c ****   * @param  USBx Selected device
2471:Drivers/STM32F1xx_HAL_Driver/Src/stm32f1xx_ll_usb.c ****   * @retval HAL status
2472:Drivers/STM32F1xx_HAL_Driver/Src/stm32f1xx_ll_usb.c ****   */
2473:Drivers/STM32F1xx_HAL_Driver/Src/stm32f1xx_ll_usb.c **** HAL_StatusTypeDef USB_StopDevice(USB_TypeDef *USBx)
2474:Drivers/STM32F1xx_HAL_Driver/Src/stm32f1xx_ll_usb.c **** {
 1677              		.loc 1 2474 1 is_stmt 1 view -0
 1678              		.cfi_startproc
 1679              		@ args = 0, pretend = 0, frame = 0
 1680              		@ frame_needed = 0, uses_anonymous_args = 0
 1681              		@ link register save eliminated.
 1682              		.loc 1 2474 1 is_stmt 0 view .LVU584
 1683 0000 0346     		mov	r3, r0
2475:Drivers/STM32F1xx_HAL_Driver/Src/stm32f1xx_ll_usb.c ****   /* disable all interrupts and force USB reset */
2476:Drivers/STM32F1xx_HAL_Driver/Src/stm32f1xx_ll_usb.c ****   USBx->CNTR = (uint16_t)USB_CNTR_FRES;
 1684              		.loc 1 2476 3 is_stmt 1 view .LVU585
 1685              		.loc 1 2476 14 is_stmt 0 view .LVU586
 1686 0002 0122     		movs	r2, #1
 1687 0004 A0F84020 		strh	r2, [r0, #64]	@ movhi
2477:Drivers/STM32F1xx_HAL_Driver/Src/stm32f1xx_ll_usb.c **** 
2478:Drivers/STM32F1xx_HAL_Driver/Src/stm32f1xx_ll_usb.c ****   /* clear interrupt status register */
2479:Drivers/STM32F1xx_HAL_Driver/Src/stm32f1xx_ll_usb.c ****   USBx->ISTR = 0U;
 1688              		.loc 1 2479 3 is_stmt 1 view .LVU587
 1689              		.loc 1 2479 14 is_stmt 0 view .LVU588
 1690 0008 0020     		movs	r0, #0
 1691              	.LVL198:
 1692              		.loc 1 2479 14 view .LVU589
 1693 000a A3F84400 		strh	r0, [r3, #68]	@ movhi
2480:Drivers/STM32F1xx_HAL_Driver/Src/stm32f1xx_ll_usb.c **** 
ARM GAS  /tmp/ccZyOP9D.s 			page 79


2481:Drivers/STM32F1xx_HAL_Driver/Src/stm32f1xx_ll_usb.c ****   /* switch-off device */
2482:Drivers/STM32F1xx_HAL_Driver/Src/stm32f1xx_ll_usb.c ****   USBx->CNTR = (uint16_t)(USB_CNTR_FRES | USB_CNTR_PDWN);
 1694              		.loc 1 2482 3 is_stmt 1 view .LVU590
 1695              		.loc 1 2482 14 is_stmt 0 view .LVU591
 1696 000e 0322     		movs	r2, #3
 1697 0010 A3F84020 		strh	r2, [r3, #64]	@ movhi
2483:Drivers/STM32F1xx_HAL_Driver/Src/stm32f1xx_ll_usb.c **** 
2484:Drivers/STM32F1xx_HAL_Driver/Src/stm32f1xx_ll_usb.c ****   return HAL_OK;
 1698              		.loc 1 2484 3 is_stmt 1 view .LVU592
2485:Drivers/STM32F1xx_HAL_Driver/Src/stm32f1xx_ll_usb.c **** }
 1699              		.loc 1 2485 1 is_stmt 0 view .LVU593
 1700 0014 7047     		bx	lr
 1701              		.cfi_endproc
 1702              	.LFE77:
 1704              		.section	.text.USB_SetDevAddress,"ax",%progbits
 1705              		.align	1
 1706              		.global	USB_SetDevAddress
 1707              		.syntax unified
 1708              		.thumb
 1709              		.thumb_func
 1711              	USB_SetDevAddress:
 1712              	.LVL199:
 1713              	.LFB78:
2486:Drivers/STM32F1xx_HAL_Driver/Src/stm32f1xx_ll_usb.c **** 
2487:Drivers/STM32F1xx_HAL_Driver/Src/stm32f1xx_ll_usb.c **** /**
2488:Drivers/STM32F1xx_HAL_Driver/Src/stm32f1xx_ll_usb.c ****   * @brief  USB_SetDevAddress Stop the usb device mode
2489:Drivers/STM32F1xx_HAL_Driver/Src/stm32f1xx_ll_usb.c ****   * @param  USBx Selected device
2490:Drivers/STM32F1xx_HAL_Driver/Src/stm32f1xx_ll_usb.c ****   * @param  address new device address to be assigned
2491:Drivers/STM32F1xx_HAL_Driver/Src/stm32f1xx_ll_usb.c ****   *          This parameter can be a value from 0 to 255
2492:Drivers/STM32F1xx_HAL_Driver/Src/stm32f1xx_ll_usb.c ****   * @retval HAL status
2493:Drivers/STM32F1xx_HAL_Driver/Src/stm32f1xx_ll_usb.c ****   */
2494:Drivers/STM32F1xx_HAL_Driver/Src/stm32f1xx_ll_usb.c **** HAL_StatusTypeDef  USB_SetDevAddress(USB_TypeDef *USBx, uint8_t address)
2495:Drivers/STM32F1xx_HAL_Driver/Src/stm32f1xx_ll_usb.c **** {
 1714              		.loc 1 2495 1 is_stmt 1 view -0
 1715              		.cfi_startproc
 1716              		@ args = 0, pretend = 0, frame = 0
 1717              		@ frame_needed = 0, uses_anonymous_args = 0
 1718              		@ link register save eliminated.
2496:Drivers/STM32F1xx_HAL_Driver/Src/stm32f1xx_ll_usb.c ****   if (address == 0U)
 1719              		.loc 1 2496 3 view .LVU595
 1720              		.loc 1 2496 6 is_stmt 0 view .LVU596
 1721 0000 11B9     		cbnz	r1, .L58
2497:Drivers/STM32F1xx_HAL_Driver/Src/stm32f1xx_ll_usb.c ****   {
2498:Drivers/STM32F1xx_HAL_Driver/Src/stm32f1xx_ll_usb.c ****     /* set device address and enable function */
2499:Drivers/STM32F1xx_HAL_Driver/Src/stm32f1xx_ll_usb.c ****     USBx->DADDR = (uint16_t)USB_DADDR_EF;
 1722              		.loc 1 2499 5 is_stmt 1 view .LVU597
 1723              		.loc 1 2499 17 is_stmt 0 view .LVU598
 1724 0002 8023     		movs	r3, #128
 1725 0004 A0F84C30 		strh	r3, [r0, #76]	@ movhi
 1726              	.L58:
2500:Drivers/STM32F1xx_HAL_Driver/Src/stm32f1xx_ll_usb.c ****   }
2501:Drivers/STM32F1xx_HAL_Driver/Src/stm32f1xx_ll_usb.c **** 
2502:Drivers/STM32F1xx_HAL_Driver/Src/stm32f1xx_ll_usb.c ****   return HAL_OK;
 1727              		.loc 1 2502 3 is_stmt 1 view .LVU599
2503:Drivers/STM32F1xx_HAL_Driver/Src/stm32f1xx_ll_usb.c **** }
 1728              		.loc 1 2503 1 is_stmt 0 view .LVU600
 1729 0008 0020     		movs	r0, #0
ARM GAS  /tmp/ccZyOP9D.s 			page 80


 1730              	.LVL200:
 1731              		.loc 1 2503 1 view .LVU601
 1732 000a 7047     		bx	lr
 1733              		.cfi_endproc
 1734              	.LFE78:
 1736              		.section	.text.USB_DevConnect,"ax",%progbits
 1737              		.align	1
 1738              		.global	USB_DevConnect
 1739              		.syntax unified
 1740              		.thumb
 1741              		.thumb_func
 1743              	USB_DevConnect:
 1744              	.LVL201:
 1745              	.LFB79:
2504:Drivers/STM32F1xx_HAL_Driver/Src/stm32f1xx_ll_usb.c **** 
2505:Drivers/STM32F1xx_HAL_Driver/Src/stm32f1xx_ll_usb.c **** /**
2506:Drivers/STM32F1xx_HAL_Driver/Src/stm32f1xx_ll_usb.c ****   * @brief  USB_DevConnect Connect the USB device by enabling the pull-up/pull-down
2507:Drivers/STM32F1xx_HAL_Driver/Src/stm32f1xx_ll_usb.c ****   * @param  USBx Selected device
2508:Drivers/STM32F1xx_HAL_Driver/Src/stm32f1xx_ll_usb.c ****   * @retval HAL status
2509:Drivers/STM32F1xx_HAL_Driver/Src/stm32f1xx_ll_usb.c ****   */
2510:Drivers/STM32F1xx_HAL_Driver/Src/stm32f1xx_ll_usb.c **** HAL_StatusTypeDef  USB_DevConnect(USB_TypeDef *USBx)
2511:Drivers/STM32F1xx_HAL_Driver/Src/stm32f1xx_ll_usb.c **** {
 1746              		.loc 1 2511 1 is_stmt 1 view -0
 1747              		.cfi_startproc
 1748              		@ args = 0, pretend = 0, frame = 0
 1749              		@ frame_needed = 0, uses_anonymous_args = 0
 1750              		@ link register save eliminated.
2512:Drivers/STM32F1xx_HAL_Driver/Src/stm32f1xx_ll_usb.c ****   /* Prevent unused argument(s) compilation warning */
2513:Drivers/STM32F1xx_HAL_Driver/Src/stm32f1xx_ll_usb.c ****   UNUSED(USBx);
 1751              		.loc 1 2513 3 view .LVU603
2514:Drivers/STM32F1xx_HAL_Driver/Src/stm32f1xx_ll_usb.c **** 
2515:Drivers/STM32F1xx_HAL_Driver/Src/stm32f1xx_ll_usb.c ****   /* NOTE : - This function is not required by USB Device FS peripheral, it is used
2516:Drivers/STM32F1xx_HAL_Driver/Src/stm32f1xx_ll_usb.c ****               only by USB OTG FS peripheral.
2517:Drivers/STM32F1xx_HAL_Driver/Src/stm32f1xx_ll_usb.c ****             - This function is added to ensure compatibility across platforms.
2518:Drivers/STM32F1xx_HAL_Driver/Src/stm32f1xx_ll_usb.c ****    */
2519:Drivers/STM32F1xx_HAL_Driver/Src/stm32f1xx_ll_usb.c **** 
2520:Drivers/STM32F1xx_HAL_Driver/Src/stm32f1xx_ll_usb.c ****   return HAL_OK;
 1752              		.loc 1 2520 3 view .LVU604
2521:Drivers/STM32F1xx_HAL_Driver/Src/stm32f1xx_ll_usb.c **** }
 1753              		.loc 1 2521 1 is_stmt 0 view .LVU605
 1754 0000 0020     		movs	r0, #0
 1755              	.LVL202:
 1756              		.loc 1 2521 1 view .LVU606
 1757 0002 7047     		bx	lr
 1758              		.cfi_endproc
 1759              	.LFE79:
 1761              		.section	.text.USB_DevDisconnect,"ax",%progbits
 1762              		.align	1
 1763              		.global	USB_DevDisconnect
 1764              		.syntax unified
 1765              		.thumb
 1766              		.thumb_func
 1768              	USB_DevDisconnect:
 1769              	.LVL203:
 1770              	.LFB80:
2522:Drivers/STM32F1xx_HAL_Driver/Src/stm32f1xx_ll_usb.c **** 
2523:Drivers/STM32F1xx_HAL_Driver/Src/stm32f1xx_ll_usb.c **** /**
ARM GAS  /tmp/ccZyOP9D.s 			page 81


2524:Drivers/STM32F1xx_HAL_Driver/Src/stm32f1xx_ll_usb.c ****   * @brief  USB_DevDisconnect Disconnect the USB device by disabling the pull-up/pull-down
2525:Drivers/STM32F1xx_HAL_Driver/Src/stm32f1xx_ll_usb.c ****   * @param  USBx Selected device
2526:Drivers/STM32F1xx_HAL_Driver/Src/stm32f1xx_ll_usb.c ****   * @retval HAL status
2527:Drivers/STM32F1xx_HAL_Driver/Src/stm32f1xx_ll_usb.c ****   */
2528:Drivers/STM32F1xx_HAL_Driver/Src/stm32f1xx_ll_usb.c **** HAL_StatusTypeDef  USB_DevDisconnect(USB_TypeDef *USBx)
2529:Drivers/STM32F1xx_HAL_Driver/Src/stm32f1xx_ll_usb.c **** {
 1771              		.loc 1 2529 1 is_stmt 1 view -0
 1772              		.cfi_startproc
 1773              		@ args = 0, pretend = 0, frame = 0
 1774              		@ frame_needed = 0, uses_anonymous_args = 0
 1775              		@ link register save eliminated.
2530:Drivers/STM32F1xx_HAL_Driver/Src/stm32f1xx_ll_usb.c ****   /* Prevent unused argument(s) compilation warning */
2531:Drivers/STM32F1xx_HAL_Driver/Src/stm32f1xx_ll_usb.c ****   UNUSED(USBx);
 1776              		.loc 1 2531 3 view .LVU608
2532:Drivers/STM32F1xx_HAL_Driver/Src/stm32f1xx_ll_usb.c **** 
2533:Drivers/STM32F1xx_HAL_Driver/Src/stm32f1xx_ll_usb.c ****   /* NOTE : - This function is not required by USB Device FS peripheral, it is used
2534:Drivers/STM32F1xx_HAL_Driver/Src/stm32f1xx_ll_usb.c ****               only by USB OTG FS peripheral.
2535:Drivers/STM32F1xx_HAL_Driver/Src/stm32f1xx_ll_usb.c ****             - This function is added to ensure compatibility across platforms.
2536:Drivers/STM32F1xx_HAL_Driver/Src/stm32f1xx_ll_usb.c ****    */
2537:Drivers/STM32F1xx_HAL_Driver/Src/stm32f1xx_ll_usb.c **** 
2538:Drivers/STM32F1xx_HAL_Driver/Src/stm32f1xx_ll_usb.c ****   return HAL_OK;
 1777              		.loc 1 2538 3 view .LVU609
2539:Drivers/STM32F1xx_HAL_Driver/Src/stm32f1xx_ll_usb.c **** }
 1778              		.loc 1 2539 1 is_stmt 0 view .LVU610
 1779 0000 0020     		movs	r0, #0
 1780              	.LVL204:
 1781              		.loc 1 2539 1 view .LVU611
 1782 0002 7047     		bx	lr
 1783              		.cfi_endproc
 1784              	.LFE80:
 1786              		.section	.text.USB_ReadInterrupts,"ax",%progbits
 1787              		.align	1
 1788              		.global	USB_ReadInterrupts
 1789              		.syntax unified
 1790              		.thumb
 1791              		.thumb_func
 1793              	USB_ReadInterrupts:
 1794              	.LVL205:
 1795              	.LFB81:
2540:Drivers/STM32F1xx_HAL_Driver/Src/stm32f1xx_ll_usb.c **** 
2541:Drivers/STM32F1xx_HAL_Driver/Src/stm32f1xx_ll_usb.c **** /**
2542:Drivers/STM32F1xx_HAL_Driver/Src/stm32f1xx_ll_usb.c ****   * @brief  USB_ReadInterrupts return the global USB interrupt status
2543:Drivers/STM32F1xx_HAL_Driver/Src/stm32f1xx_ll_usb.c ****   * @param  USBx Selected device
2544:Drivers/STM32F1xx_HAL_Driver/Src/stm32f1xx_ll_usb.c ****   * @retval HAL status
2545:Drivers/STM32F1xx_HAL_Driver/Src/stm32f1xx_ll_usb.c ****   */
2546:Drivers/STM32F1xx_HAL_Driver/Src/stm32f1xx_ll_usb.c **** uint32_t  USB_ReadInterrupts(USB_TypeDef *USBx)
2547:Drivers/STM32F1xx_HAL_Driver/Src/stm32f1xx_ll_usb.c **** {
 1796              		.loc 1 2547 1 is_stmt 1 view -0
 1797              		.cfi_startproc
 1798              		@ args = 0, pretend = 0, frame = 0
 1799              		@ frame_needed = 0, uses_anonymous_args = 0
 1800              		@ link register save eliminated.
2548:Drivers/STM32F1xx_HAL_Driver/Src/stm32f1xx_ll_usb.c ****   uint32_t tmpreg;
 1801              		.loc 1 2548 3 view .LVU613
2549:Drivers/STM32F1xx_HAL_Driver/Src/stm32f1xx_ll_usb.c **** 
2550:Drivers/STM32F1xx_HAL_Driver/Src/stm32f1xx_ll_usb.c ****   tmpreg = USBx->ISTR;
 1802              		.loc 1 2550 3 view .LVU614
ARM GAS  /tmp/ccZyOP9D.s 			page 82


 1803              		.loc 1 2550 16 is_stmt 0 view .LVU615
 1804 0000 B0F84400 		ldrh	r0, [r0, #68]
 1805              	.LVL206:
2551:Drivers/STM32F1xx_HAL_Driver/Src/stm32f1xx_ll_usb.c ****   return tmpreg;
 1806              		.loc 1 2551 3 is_stmt 1 view .LVU616
2552:Drivers/STM32F1xx_HAL_Driver/Src/stm32f1xx_ll_usb.c **** }
 1807              		.loc 1 2552 1 is_stmt 0 view .LVU617
 1808 0004 80B2     		uxth	r0, r0
 1809              	.LVL207:
 1810              		.loc 1 2552 1 view .LVU618
 1811 0006 7047     		bx	lr
 1812              		.cfi_endproc
 1813              	.LFE81:
 1815              		.section	.text.USB_ReadDevAllOutEpInterrupt,"ax",%progbits
 1816              		.align	1
 1817              		.global	USB_ReadDevAllOutEpInterrupt
 1818              		.syntax unified
 1819              		.thumb
 1820              		.thumb_func
 1822              	USB_ReadDevAllOutEpInterrupt:
 1823              	.LVL208:
 1824              	.LFB82:
2553:Drivers/STM32F1xx_HAL_Driver/Src/stm32f1xx_ll_usb.c **** 
2554:Drivers/STM32F1xx_HAL_Driver/Src/stm32f1xx_ll_usb.c **** /**
2555:Drivers/STM32F1xx_HAL_Driver/Src/stm32f1xx_ll_usb.c ****   * @brief  USB_ReadDevAllOutEpInterrupt return the USB device OUT endpoints interrupt status
2556:Drivers/STM32F1xx_HAL_Driver/Src/stm32f1xx_ll_usb.c ****   * @param  USBx Selected device
2557:Drivers/STM32F1xx_HAL_Driver/Src/stm32f1xx_ll_usb.c ****   * @retval HAL status
2558:Drivers/STM32F1xx_HAL_Driver/Src/stm32f1xx_ll_usb.c ****   */
2559:Drivers/STM32F1xx_HAL_Driver/Src/stm32f1xx_ll_usb.c **** uint32_t USB_ReadDevAllOutEpInterrupt(USB_TypeDef *USBx)
2560:Drivers/STM32F1xx_HAL_Driver/Src/stm32f1xx_ll_usb.c **** {
 1825              		.loc 1 2560 1 is_stmt 1 view -0
 1826              		.cfi_startproc
 1827              		@ args = 0, pretend = 0, frame = 0
 1828              		@ frame_needed = 0, uses_anonymous_args = 0
 1829              		@ link register save eliminated.
2561:Drivers/STM32F1xx_HAL_Driver/Src/stm32f1xx_ll_usb.c ****   /* Prevent unused argument(s) compilation warning */
2562:Drivers/STM32F1xx_HAL_Driver/Src/stm32f1xx_ll_usb.c ****   UNUSED(USBx);
 1830              		.loc 1 2562 3 view .LVU620
2563:Drivers/STM32F1xx_HAL_Driver/Src/stm32f1xx_ll_usb.c ****   /* NOTE : - This function is not required by USB Device FS peripheral, it is used
2564:Drivers/STM32F1xx_HAL_Driver/Src/stm32f1xx_ll_usb.c ****               only by USB OTG FS peripheral.
2565:Drivers/STM32F1xx_HAL_Driver/Src/stm32f1xx_ll_usb.c ****             - This function is added to ensure compatibility across platforms.
2566:Drivers/STM32F1xx_HAL_Driver/Src/stm32f1xx_ll_usb.c ****    */
2567:Drivers/STM32F1xx_HAL_Driver/Src/stm32f1xx_ll_usb.c ****   return (0);
 1831              		.loc 1 2567 3 view .LVU621
2568:Drivers/STM32F1xx_HAL_Driver/Src/stm32f1xx_ll_usb.c **** }
 1832              		.loc 1 2568 1 is_stmt 0 view .LVU622
 1833 0000 0020     		movs	r0, #0
 1834              	.LVL209:
 1835              		.loc 1 2568 1 view .LVU623
 1836 0002 7047     		bx	lr
 1837              		.cfi_endproc
 1838              	.LFE82:
 1840              		.section	.text.USB_ReadDevAllInEpInterrupt,"ax",%progbits
 1841              		.align	1
 1842              		.global	USB_ReadDevAllInEpInterrupt
 1843              		.syntax unified
 1844              		.thumb
ARM GAS  /tmp/ccZyOP9D.s 			page 83


 1845              		.thumb_func
 1847              	USB_ReadDevAllInEpInterrupt:
 1848              	.LVL210:
 1849              	.LFB83:
2569:Drivers/STM32F1xx_HAL_Driver/Src/stm32f1xx_ll_usb.c **** 
2570:Drivers/STM32F1xx_HAL_Driver/Src/stm32f1xx_ll_usb.c **** /**
2571:Drivers/STM32F1xx_HAL_Driver/Src/stm32f1xx_ll_usb.c ****   * @brief  USB_ReadDevAllInEpInterrupt return the USB device IN endpoints interrupt status
2572:Drivers/STM32F1xx_HAL_Driver/Src/stm32f1xx_ll_usb.c ****   * @param  USBx Selected device
2573:Drivers/STM32F1xx_HAL_Driver/Src/stm32f1xx_ll_usb.c ****   * @retval HAL status
2574:Drivers/STM32F1xx_HAL_Driver/Src/stm32f1xx_ll_usb.c ****   */
2575:Drivers/STM32F1xx_HAL_Driver/Src/stm32f1xx_ll_usb.c **** uint32_t USB_ReadDevAllInEpInterrupt(USB_TypeDef *USBx)
2576:Drivers/STM32F1xx_HAL_Driver/Src/stm32f1xx_ll_usb.c **** {
 1850              		.loc 1 2576 1 is_stmt 1 view -0
 1851              		.cfi_startproc
 1852              		@ args = 0, pretend = 0, frame = 0
 1853              		@ frame_needed = 0, uses_anonymous_args = 0
 1854              		@ link register save eliminated.
2577:Drivers/STM32F1xx_HAL_Driver/Src/stm32f1xx_ll_usb.c ****   /* Prevent unused argument(s) compilation warning */
2578:Drivers/STM32F1xx_HAL_Driver/Src/stm32f1xx_ll_usb.c ****   UNUSED(USBx);
 1855              		.loc 1 2578 3 view .LVU625
2579:Drivers/STM32F1xx_HAL_Driver/Src/stm32f1xx_ll_usb.c ****   /* NOTE : - This function is not required by USB Device FS peripheral, it is used
2580:Drivers/STM32F1xx_HAL_Driver/Src/stm32f1xx_ll_usb.c ****               only by USB OTG FS peripheral.
2581:Drivers/STM32F1xx_HAL_Driver/Src/stm32f1xx_ll_usb.c ****             - This function is added to ensure compatibility across platforms.
2582:Drivers/STM32F1xx_HAL_Driver/Src/stm32f1xx_ll_usb.c ****    */
2583:Drivers/STM32F1xx_HAL_Driver/Src/stm32f1xx_ll_usb.c ****   return (0);
 1856              		.loc 1 2583 3 view .LVU626
2584:Drivers/STM32F1xx_HAL_Driver/Src/stm32f1xx_ll_usb.c **** }
 1857              		.loc 1 2584 1 is_stmt 0 view .LVU627
 1858 0000 0020     		movs	r0, #0
 1859              	.LVL211:
 1860              		.loc 1 2584 1 view .LVU628
 1861 0002 7047     		bx	lr
 1862              		.cfi_endproc
 1863              	.LFE83:
 1865              		.section	.text.USB_ReadDevOutEPInterrupt,"ax",%progbits
 1866              		.align	1
 1867              		.global	USB_ReadDevOutEPInterrupt
 1868              		.syntax unified
 1869              		.thumb
 1870              		.thumb_func
 1872              	USB_ReadDevOutEPInterrupt:
 1873              	.LVL212:
 1874              	.LFB84:
2585:Drivers/STM32F1xx_HAL_Driver/Src/stm32f1xx_ll_usb.c **** 
2586:Drivers/STM32F1xx_HAL_Driver/Src/stm32f1xx_ll_usb.c **** /**
2587:Drivers/STM32F1xx_HAL_Driver/Src/stm32f1xx_ll_usb.c ****   * @brief  Returns Device OUT EP Interrupt register
2588:Drivers/STM32F1xx_HAL_Driver/Src/stm32f1xx_ll_usb.c ****   * @param  USBx Selected device
2589:Drivers/STM32F1xx_HAL_Driver/Src/stm32f1xx_ll_usb.c ****   * @param  epnum endpoint number
2590:Drivers/STM32F1xx_HAL_Driver/Src/stm32f1xx_ll_usb.c ****   *          This parameter can be a value from 0 to 15
2591:Drivers/STM32F1xx_HAL_Driver/Src/stm32f1xx_ll_usb.c ****   * @retval Device OUT EP Interrupt register
2592:Drivers/STM32F1xx_HAL_Driver/Src/stm32f1xx_ll_usb.c ****   */
2593:Drivers/STM32F1xx_HAL_Driver/Src/stm32f1xx_ll_usb.c **** uint32_t USB_ReadDevOutEPInterrupt(USB_TypeDef *USBx, uint8_t epnum)
2594:Drivers/STM32F1xx_HAL_Driver/Src/stm32f1xx_ll_usb.c **** {
 1875              		.loc 1 2594 1 is_stmt 1 view -0
 1876              		.cfi_startproc
 1877              		@ args = 0, pretend = 0, frame = 0
 1878              		@ frame_needed = 0, uses_anonymous_args = 0
ARM GAS  /tmp/ccZyOP9D.s 			page 84


 1879              		@ link register save eliminated.
2595:Drivers/STM32F1xx_HAL_Driver/Src/stm32f1xx_ll_usb.c ****   /* Prevent unused argument(s) compilation warning */
2596:Drivers/STM32F1xx_HAL_Driver/Src/stm32f1xx_ll_usb.c ****   UNUSED(USBx);
 1880              		.loc 1 2596 3 view .LVU630
2597:Drivers/STM32F1xx_HAL_Driver/Src/stm32f1xx_ll_usb.c ****   UNUSED(epnum);
 1881              		.loc 1 2597 3 view .LVU631
2598:Drivers/STM32F1xx_HAL_Driver/Src/stm32f1xx_ll_usb.c ****   /* NOTE : - This function is not required by USB Device FS peripheral, it is used
2599:Drivers/STM32F1xx_HAL_Driver/Src/stm32f1xx_ll_usb.c ****               only by USB OTG FS peripheral.
2600:Drivers/STM32F1xx_HAL_Driver/Src/stm32f1xx_ll_usb.c ****             - This function is added to ensure compatibility across platforms.
2601:Drivers/STM32F1xx_HAL_Driver/Src/stm32f1xx_ll_usb.c ****    */
2602:Drivers/STM32F1xx_HAL_Driver/Src/stm32f1xx_ll_usb.c ****   return (0);
 1882              		.loc 1 2602 3 view .LVU632
2603:Drivers/STM32F1xx_HAL_Driver/Src/stm32f1xx_ll_usb.c **** }
 1883              		.loc 1 2603 1 is_stmt 0 view .LVU633
 1884 0000 0020     		movs	r0, #0
 1885              	.LVL213:
 1886              		.loc 1 2603 1 view .LVU634
 1887 0002 7047     		bx	lr
 1888              		.cfi_endproc
 1889              	.LFE84:
 1891              		.section	.text.USB_ReadDevInEPInterrupt,"ax",%progbits
 1892              		.align	1
 1893              		.global	USB_ReadDevInEPInterrupt
 1894              		.syntax unified
 1895              		.thumb
 1896              		.thumb_func
 1898              	USB_ReadDevInEPInterrupt:
 1899              	.LVL214:
 1900              	.LFB85:
2604:Drivers/STM32F1xx_HAL_Driver/Src/stm32f1xx_ll_usb.c **** 
2605:Drivers/STM32F1xx_HAL_Driver/Src/stm32f1xx_ll_usb.c **** /**
2606:Drivers/STM32F1xx_HAL_Driver/Src/stm32f1xx_ll_usb.c ****   * @brief  Returns Device IN EP Interrupt register
2607:Drivers/STM32F1xx_HAL_Driver/Src/stm32f1xx_ll_usb.c ****   * @param  USBx Selected device
2608:Drivers/STM32F1xx_HAL_Driver/Src/stm32f1xx_ll_usb.c ****   * @param  epnum endpoint number
2609:Drivers/STM32F1xx_HAL_Driver/Src/stm32f1xx_ll_usb.c ****   *          This parameter can be a value from 0 to 15
2610:Drivers/STM32F1xx_HAL_Driver/Src/stm32f1xx_ll_usb.c ****   * @retval Device IN EP Interrupt register
2611:Drivers/STM32F1xx_HAL_Driver/Src/stm32f1xx_ll_usb.c ****   */
2612:Drivers/STM32F1xx_HAL_Driver/Src/stm32f1xx_ll_usb.c **** uint32_t USB_ReadDevInEPInterrupt(USB_TypeDef *USBx, uint8_t epnum)
2613:Drivers/STM32F1xx_HAL_Driver/Src/stm32f1xx_ll_usb.c **** {
 1901              		.loc 1 2613 1 is_stmt 1 view -0
 1902              		.cfi_startproc
 1903              		@ args = 0, pretend = 0, frame = 0
 1904              		@ frame_needed = 0, uses_anonymous_args = 0
 1905              		@ link register save eliminated.
2614:Drivers/STM32F1xx_HAL_Driver/Src/stm32f1xx_ll_usb.c ****   /* Prevent unused argument(s) compilation warning */
2615:Drivers/STM32F1xx_HAL_Driver/Src/stm32f1xx_ll_usb.c ****   UNUSED(USBx);
 1906              		.loc 1 2615 3 view .LVU636
2616:Drivers/STM32F1xx_HAL_Driver/Src/stm32f1xx_ll_usb.c ****   UNUSED(epnum);
 1907              		.loc 1 2616 3 view .LVU637
2617:Drivers/STM32F1xx_HAL_Driver/Src/stm32f1xx_ll_usb.c ****   /* NOTE : - This function is not required by USB Device FS peripheral, it is used
2618:Drivers/STM32F1xx_HAL_Driver/Src/stm32f1xx_ll_usb.c ****               only by USB OTG FS peripheral.
2619:Drivers/STM32F1xx_HAL_Driver/Src/stm32f1xx_ll_usb.c ****             - This function is added to ensure compatibility across platforms.
2620:Drivers/STM32F1xx_HAL_Driver/Src/stm32f1xx_ll_usb.c ****    */
2621:Drivers/STM32F1xx_HAL_Driver/Src/stm32f1xx_ll_usb.c ****   return (0);
 1908              		.loc 1 2621 3 view .LVU638
2622:Drivers/STM32F1xx_HAL_Driver/Src/stm32f1xx_ll_usb.c **** }
 1909              		.loc 1 2622 1 is_stmt 0 view .LVU639
ARM GAS  /tmp/ccZyOP9D.s 			page 85


 1910 0000 0020     		movs	r0, #0
 1911              	.LVL215:
 1912              		.loc 1 2622 1 view .LVU640
 1913 0002 7047     		bx	lr
 1914              		.cfi_endproc
 1915              	.LFE85:
 1917              		.section	.text.USB_ClearInterrupts,"ax",%progbits
 1918              		.align	1
 1919              		.global	USB_ClearInterrupts
 1920              		.syntax unified
 1921              		.thumb
 1922              		.thumb_func
 1924              	USB_ClearInterrupts:
 1925              	.LVL216:
 1926              	.LFB86:
2623:Drivers/STM32F1xx_HAL_Driver/Src/stm32f1xx_ll_usb.c **** 
2624:Drivers/STM32F1xx_HAL_Driver/Src/stm32f1xx_ll_usb.c **** /**
2625:Drivers/STM32F1xx_HAL_Driver/Src/stm32f1xx_ll_usb.c ****   * @brief  USB_ClearInterrupts: clear a USB interrupt
2626:Drivers/STM32F1xx_HAL_Driver/Src/stm32f1xx_ll_usb.c ****   * @param  USBx Selected device
2627:Drivers/STM32F1xx_HAL_Driver/Src/stm32f1xx_ll_usb.c ****   * @param  interrupt  flag
2628:Drivers/STM32F1xx_HAL_Driver/Src/stm32f1xx_ll_usb.c ****   * @retval None
2629:Drivers/STM32F1xx_HAL_Driver/Src/stm32f1xx_ll_usb.c ****   */
2630:Drivers/STM32F1xx_HAL_Driver/Src/stm32f1xx_ll_usb.c **** void  USB_ClearInterrupts(USB_TypeDef *USBx, uint32_t interrupt)
2631:Drivers/STM32F1xx_HAL_Driver/Src/stm32f1xx_ll_usb.c **** {
 1927              		.loc 1 2631 1 is_stmt 1 view -0
 1928              		.cfi_startproc
 1929              		@ args = 0, pretend = 0, frame = 0
 1930              		@ frame_needed = 0, uses_anonymous_args = 0
 1931              		@ link register save eliminated.
2632:Drivers/STM32F1xx_HAL_Driver/Src/stm32f1xx_ll_usb.c ****   /* Prevent unused argument(s) compilation warning */
2633:Drivers/STM32F1xx_HAL_Driver/Src/stm32f1xx_ll_usb.c ****   UNUSED(USBx);
 1932              		.loc 1 2633 3 view .LVU642
2634:Drivers/STM32F1xx_HAL_Driver/Src/stm32f1xx_ll_usb.c ****   UNUSED(interrupt);
 1933              		.loc 1 2634 3 view .LVU643
2635:Drivers/STM32F1xx_HAL_Driver/Src/stm32f1xx_ll_usb.c ****   /* NOTE : - This function is not required by USB Device FS peripheral, it is used
2636:Drivers/STM32F1xx_HAL_Driver/Src/stm32f1xx_ll_usb.c ****               only by USB OTG FS peripheral.
2637:Drivers/STM32F1xx_HAL_Driver/Src/stm32f1xx_ll_usb.c ****             - This function is added to ensure compatibility across platforms.
2638:Drivers/STM32F1xx_HAL_Driver/Src/stm32f1xx_ll_usb.c ****    */
2639:Drivers/STM32F1xx_HAL_Driver/Src/stm32f1xx_ll_usb.c **** }
 1934              		.loc 1 2639 1 is_stmt 0 view .LVU644
 1935 0000 7047     		bx	lr
 1936              		.cfi_endproc
 1937              	.LFE86:
 1939              		.section	.text.USB_EP0_OutStart,"ax",%progbits
 1940              		.align	1
 1941              		.global	USB_EP0_OutStart
 1942              		.syntax unified
 1943              		.thumb
 1944              		.thumb_func
 1946              	USB_EP0_OutStart:
 1947              	.LVL217:
 1948              	.LFB87:
2640:Drivers/STM32F1xx_HAL_Driver/Src/stm32f1xx_ll_usb.c **** 
2641:Drivers/STM32F1xx_HAL_Driver/Src/stm32f1xx_ll_usb.c **** /**
2642:Drivers/STM32F1xx_HAL_Driver/Src/stm32f1xx_ll_usb.c ****   * @brief  Prepare the EP0 to start the first control setup
2643:Drivers/STM32F1xx_HAL_Driver/Src/stm32f1xx_ll_usb.c ****   * @param  USBx Selected device
2644:Drivers/STM32F1xx_HAL_Driver/Src/stm32f1xx_ll_usb.c ****   * @param  psetup pointer to setup packet
ARM GAS  /tmp/ccZyOP9D.s 			page 86


2645:Drivers/STM32F1xx_HAL_Driver/Src/stm32f1xx_ll_usb.c ****   * @retval HAL status
2646:Drivers/STM32F1xx_HAL_Driver/Src/stm32f1xx_ll_usb.c ****   */
2647:Drivers/STM32F1xx_HAL_Driver/Src/stm32f1xx_ll_usb.c **** HAL_StatusTypeDef USB_EP0_OutStart(USB_TypeDef *USBx, uint8_t *psetup)
2648:Drivers/STM32F1xx_HAL_Driver/Src/stm32f1xx_ll_usb.c **** {
 1949              		.loc 1 2648 1 is_stmt 1 view -0
 1950              		.cfi_startproc
 1951              		@ args = 0, pretend = 0, frame = 0
 1952              		@ frame_needed = 0, uses_anonymous_args = 0
 1953              		@ link register save eliminated.
2649:Drivers/STM32F1xx_HAL_Driver/Src/stm32f1xx_ll_usb.c ****   /* Prevent unused argument(s) compilation warning */
2650:Drivers/STM32F1xx_HAL_Driver/Src/stm32f1xx_ll_usb.c ****   UNUSED(USBx);
 1954              		.loc 1 2650 3 view .LVU646
2651:Drivers/STM32F1xx_HAL_Driver/Src/stm32f1xx_ll_usb.c ****   UNUSED(psetup);
 1955              		.loc 1 2651 3 view .LVU647
2652:Drivers/STM32F1xx_HAL_Driver/Src/stm32f1xx_ll_usb.c ****   /* NOTE : - This function is not required by USB Device FS peripheral, it is used
2653:Drivers/STM32F1xx_HAL_Driver/Src/stm32f1xx_ll_usb.c ****               only by USB OTG FS peripheral.
2654:Drivers/STM32F1xx_HAL_Driver/Src/stm32f1xx_ll_usb.c ****             - This function is added to ensure compatibility across platforms.
2655:Drivers/STM32F1xx_HAL_Driver/Src/stm32f1xx_ll_usb.c ****    */
2656:Drivers/STM32F1xx_HAL_Driver/Src/stm32f1xx_ll_usb.c ****   return HAL_OK;
 1956              		.loc 1 2656 3 view .LVU648
2657:Drivers/STM32F1xx_HAL_Driver/Src/stm32f1xx_ll_usb.c **** }
 1957              		.loc 1 2657 1 is_stmt 0 view .LVU649
 1958 0000 0020     		movs	r0, #0
 1959              	.LVL218:
 1960              		.loc 1 2657 1 view .LVU650
 1961 0002 7047     		bx	lr
 1962              		.cfi_endproc
 1963              	.LFE87:
 1965              		.section	.text.USB_ActivateRemoteWakeup,"ax",%progbits
 1966              		.align	1
 1967              		.global	USB_ActivateRemoteWakeup
 1968              		.syntax unified
 1969              		.thumb
 1970              		.thumb_func
 1972              	USB_ActivateRemoteWakeup:
 1973              	.LVL219:
 1974              	.LFB88:
2658:Drivers/STM32F1xx_HAL_Driver/Src/stm32f1xx_ll_usb.c **** 
2659:Drivers/STM32F1xx_HAL_Driver/Src/stm32f1xx_ll_usb.c **** /**
2660:Drivers/STM32F1xx_HAL_Driver/Src/stm32f1xx_ll_usb.c ****   * @brief  USB_ActivateRemoteWakeup : active remote wakeup signalling
2661:Drivers/STM32F1xx_HAL_Driver/Src/stm32f1xx_ll_usb.c ****   * @param  USBx Selected device
2662:Drivers/STM32F1xx_HAL_Driver/Src/stm32f1xx_ll_usb.c ****   * @retval HAL status
2663:Drivers/STM32F1xx_HAL_Driver/Src/stm32f1xx_ll_usb.c ****   */
2664:Drivers/STM32F1xx_HAL_Driver/Src/stm32f1xx_ll_usb.c **** HAL_StatusTypeDef USB_ActivateRemoteWakeup(USB_TypeDef *USBx)
2665:Drivers/STM32F1xx_HAL_Driver/Src/stm32f1xx_ll_usb.c **** {
 1975              		.loc 1 2665 1 is_stmt 1 view -0
 1976              		.cfi_startproc
 1977              		@ args = 0, pretend = 0, frame = 0
 1978              		@ frame_needed = 0, uses_anonymous_args = 0
 1979              		@ link register save eliminated.
2666:Drivers/STM32F1xx_HAL_Driver/Src/stm32f1xx_ll_usb.c ****   USBx->CNTR |= (uint16_t)USB_CNTR_RESUME;
 1980              		.loc 1 2666 3 view .LVU652
 1981              		.loc 1 2666 7 is_stmt 0 view .LVU653
 1982 0000 B0F84030 		ldrh	r3, [r0, #64]
 1983 0004 9BB2     		uxth	r3, r3
 1984              		.loc 1 2666 14 view .LVU654
 1985 0006 43F01003 		orr	r3, r3, #16
ARM GAS  /tmp/ccZyOP9D.s 			page 87


 1986 000a A0F84030 		strh	r3, [r0, #64]	@ movhi
2667:Drivers/STM32F1xx_HAL_Driver/Src/stm32f1xx_ll_usb.c **** 
2668:Drivers/STM32F1xx_HAL_Driver/Src/stm32f1xx_ll_usb.c ****   return HAL_OK;
 1987              		.loc 1 2668 3 is_stmt 1 view .LVU655
2669:Drivers/STM32F1xx_HAL_Driver/Src/stm32f1xx_ll_usb.c **** }
 1988              		.loc 1 2669 1 is_stmt 0 view .LVU656
 1989 000e 0020     		movs	r0, #0
 1990              	.LVL220:
 1991              		.loc 1 2669 1 view .LVU657
 1992 0010 7047     		bx	lr
 1993              		.cfi_endproc
 1994              	.LFE88:
 1996              		.section	.text.USB_DeActivateRemoteWakeup,"ax",%progbits
 1997              		.align	1
 1998              		.global	USB_DeActivateRemoteWakeup
 1999              		.syntax unified
 2000              		.thumb
 2001              		.thumb_func
 2003              	USB_DeActivateRemoteWakeup:
 2004              	.LVL221:
 2005              	.LFB89:
2670:Drivers/STM32F1xx_HAL_Driver/Src/stm32f1xx_ll_usb.c **** 
2671:Drivers/STM32F1xx_HAL_Driver/Src/stm32f1xx_ll_usb.c **** /**
2672:Drivers/STM32F1xx_HAL_Driver/Src/stm32f1xx_ll_usb.c ****   * @brief  USB_DeActivateRemoteWakeup de-active remote wakeup signalling
2673:Drivers/STM32F1xx_HAL_Driver/Src/stm32f1xx_ll_usb.c ****   * @param  USBx Selected device
2674:Drivers/STM32F1xx_HAL_Driver/Src/stm32f1xx_ll_usb.c ****   * @retval HAL status
2675:Drivers/STM32F1xx_HAL_Driver/Src/stm32f1xx_ll_usb.c ****   */
2676:Drivers/STM32F1xx_HAL_Driver/Src/stm32f1xx_ll_usb.c **** HAL_StatusTypeDef USB_DeActivateRemoteWakeup(USB_TypeDef *USBx)
2677:Drivers/STM32F1xx_HAL_Driver/Src/stm32f1xx_ll_usb.c **** {
 2006              		.loc 1 2677 1 is_stmt 1 view -0
 2007              		.cfi_startproc
 2008              		@ args = 0, pretend = 0, frame = 0
 2009              		@ frame_needed = 0, uses_anonymous_args = 0
 2010              		@ link register save eliminated.
2678:Drivers/STM32F1xx_HAL_Driver/Src/stm32f1xx_ll_usb.c ****   USBx->CNTR &= (uint16_t)(~USB_CNTR_RESUME);
 2011              		.loc 1 2678 3 view .LVU659
 2012              		.loc 1 2678 7 is_stmt 0 view .LVU660
 2013 0000 B0F84030 		ldrh	r3, [r0, #64]
 2014 0004 9BB2     		uxth	r3, r3
 2015              		.loc 1 2678 14 view .LVU661
 2016 0006 23F01003 		bic	r3, r3, #16
 2017 000a 9BB2     		uxth	r3, r3
 2018 000c A0F84030 		strh	r3, [r0, #64]	@ movhi
2679:Drivers/STM32F1xx_HAL_Driver/Src/stm32f1xx_ll_usb.c **** 
2680:Drivers/STM32F1xx_HAL_Driver/Src/stm32f1xx_ll_usb.c ****   return HAL_OK;
 2019              		.loc 1 2680 3 is_stmt 1 view .LVU662
2681:Drivers/STM32F1xx_HAL_Driver/Src/stm32f1xx_ll_usb.c **** }
 2020              		.loc 1 2681 1 is_stmt 0 view .LVU663
 2021 0010 0020     		movs	r0, #0
 2022              	.LVL222:
 2023              		.loc 1 2681 1 view .LVU664
 2024 0012 7047     		bx	lr
 2025              		.cfi_endproc
 2026              	.LFE89:
 2028              		.section	.text.USB_WritePMA,"ax",%progbits
 2029              		.align	1
 2030              		.global	USB_WritePMA
ARM GAS  /tmp/ccZyOP9D.s 			page 88


 2031              		.syntax unified
 2032              		.thumb
 2033              		.thumb_func
 2035              	USB_WritePMA:
 2036              	.LVL223:
 2037              	.LFB90:
2682:Drivers/STM32F1xx_HAL_Driver/Src/stm32f1xx_ll_usb.c **** 
2683:Drivers/STM32F1xx_HAL_Driver/Src/stm32f1xx_ll_usb.c **** /**
2684:Drivers/STM32F1xx_HAL_Driver/Src/stm32f1xx_ll_usb.c ****   * @brief Copy a buffer from user memory area to packet memory area (PMA)
2685:Drivers/STM32F1xx_HAL_Driver/Src/stm32f1xx_ll_usb.c ****   * @param   USBx USB peripheral instance register address.
2686:Drivers/STM32F1xx_HAL_Driver/Src/stm32f1xx_ll_usb.c ****   * @param   pbUsrBuf pointer to user memory area.
2687:Drivers/STM32F1xx_HAL_Driver/Src/stm32f1xx_ll_usb.c ****   * @param   wPMABufAddr address into PMA.
2688:Drivers/STM32F1xx_HAL_Driver/Src/stm32f1xx_ll_usb.c ****   * @param   wNBytes no. of bytes to be copied.
2689:Drivers/STM32F1xx_HAL_Driver/Src/stm32f1xx_ll_usb.c ****   * @retval None
2690:Drivers/STM32F1xx_HAL_Driver/Src/stm32f1xx_ll_usb.c ****   */
2691:Drivers/STM32F1xx_HAL_Driver/Src/stm32f1xx_ll_usb.c **** void USB_WritePMA(USB_TypeDef *USBx, uint8_t *pbUsrBuf, uint16_t wPMABufAddr, uint16_t wNBytes)
2692:Drivers/STM32F1xx_HAL_Driver/Src/stm32f1xx_ll_usb.c **** {
 2038              		.loc 1 2692 1 is_stmt 1 view -0
 2039              		.cfi_startproc
 2040              		@ args = 0, pretend = 0, frame = 0
 2041              		@ frame_needed = 0, uses_anonymous_args = 0
 2042              		@ link register save eliminated.
2693:Drivers/STM32F1xx_HAL_Driver/Src/stm32f1xx_ll_usb.c ****   uint32_t n = ((uint32_t)wNBytes + 1U) >> 1;
 2043              		.loc 1 2693 3 view .LVU666
 2044              		.loc 1 2693 35 is_stmt 0 view .LVU667
 2045 0000 0133     		adds	r3, r3, #1
 2046              	.LVL224:
 2047              		.loc 1 2693 12 view .LVU668
 2048 0002 5B08     		lsrs	r3, r3, #1
 2049              	.LVL225:
2694:Drivers/STM32F1xx_HAL_Driver/Src/stm32f1xx_ll_usb.c ****   uint32_t BaseAddr = (uint32_t)USBx;
 2050              		.loc 1 2694 3 is_stmt 1 view .LVU669
2695:Drivers/STM32F1xx_HAL_Driver/Src/stm32f1xx_ll_usb.c ****   uint32_t i, temp1, temp2;
 2051              		.loc 1 2695 3 view .LVU670
2696:Drivers/STM32F1xx_HAL_Driver/Src/stm32f1xx_ll_usb.c ****   __IO uint16_t *pdwVal;
 2052              		.loc 1 2696 3 view .LVU671
2697:Drivers/STM32F1xx_HAL_Driver/Src/stm32f1xx_ll_usb.c ****   uint8_t *pBuf = pbUsrBuf;
 2053              		.loc 1 2697 3 view .LVU672
2698:Drivers/STM32F1xx_HAL_Driver/Src/stm32f1xx_ll_usb.c **** 
2699:Drivers/STM32F1xx_HAL_Driver/Src/stm32f1xx_ll_usb.c ****   pdwVal = (__IO uint16_t *)(BaseAddr + 0x400U + ((uint32_t)wPMABufAddr * PMA_ACCESS));
 2054              		.loc 1 2699 3 view .LVU673
 2055              		.loc 1 2699 48 is_stmt 0 view .LVU674
 2056 0004 00EB4200 		add	r0, r0, r2, lsl #1
 2057              	.LVL226:
 2058              		.loc 1 2699 48 view .LVU675
 2059 0008 00F58060 		add	r0, r0, #1024
 2060              	.LVL227:
2700:Drivers/STM32F1xx_HAL_Driver/Src/stm32f1xx_ll_usb.c **** 
2701:Drivers/STM32F1xx_HAL_Driver/Src/stm32f1xx_ll_usb.c ****   for (i = n; i != 0U; i--)
 2061              		.loc 1 2701 3 is_stmt 1 view .LVU676
 2062              		.loc 1 2701 3 is_stmt 0 view .LVU677
 2063 000c 08E0     		b	.L71
 2064              	.LVL228:
 2065              	.L72:
2702:Drivers/STM32F1xx_HAL_Driver/Src/stm32f1xx_ll_usb.c ****   {
2703:Drivers/STM32F1xx_HAL_Driver/Src/stm32f1xx_ll_usb.c ****     temp1 = *pBuf;
 2066              		.loc 1 2703 5 is_stmt 1 view .LVU678
ARM GAS  /tmp/ccZyOP9D.s 			page 89


 2067              		.loc 1 2703 13 is_stmt 0 view .LVU679
 2068 000e 0A78     		ldrb	r2, [r1]	@ zero_extendqisi2
 2069              	.LVL229:
2704:Drivers/STM32F1xx_HAL_Driver/Src/stm32f1xx_ll_usb.c ****     pBuf++;
 2070              		.loc 1 2704 5 is_stmt 1 view .LVU680
2705:Drivers/STM32F1xx_HAL_Driver/Src/stm32f1xx_ll_usb.c ****     temp2 = temp1 | ((uint16_t)((uint16_t) *pBuf << 8));
 2071              		.loc 1 2705 5 view .LVU681
 2072              		.loc 1 2705 44 is_stmt 0 view .LVU682
 2073 0010 91F801C0 		ldrb	ip, [r1, #1]	@ zero_extendqisi2
 2074              	.LVL230:
2706:Drivers/STM32F1xx_HAL_Driver/Src/stm32f1xx_ll_usb.c ****     *pdwVal = (uint16_t)temp2;
 2075              		.loc 1 2706 5 is_stmt 1 view .LVU683
 2076              		.loc 1 2706 15 is_stmt 0 view .LVU684
 2077 0014 42EA0C22 		orr	r2, r2, ip, lsl #8
 2078              	.LVL231:
 2079              		.loc 1 2706 13 view .LVU685
 2080 0018 20F8042B 		strh	r2, [r0], #4	@ movhi
 2081              	.LVL232:
2707:Drivers/STM32F1xx_HAL_Driver/Src/stm32f1xx_ll_usb.c ****     pdwVal++;
 2082              		.loc 1 2707 5 is_stmt 1 view .LVU686
2708:Drivers/STM32F1xx_HAL_Driver/Src/stm32f1xx_ll_usb.c **** 
2709:Drivers/STM32F1xx_HAL_Driver/Src/stm32f1xx_ll_usb.c **** #if PMA_ACCESS > 1U
2710:Drivers/STM32F1xx_HAL_Driver/Src/stm32f1xx_ll_usb.c ****     pdwVal++;
 2083              		.loc 1 2710 5 view .LVU687
2711:Drivers/STM32F1xx_HAL_Driver/Src/stm32f1xx_ll_usb.c **** #endif
2712:Drivers/STM32F1xx_HAL_Driver/Src/stm32f1xx_ll_usb.c **** 
2713:Drivers/STM32F1xx_HAL_Driver/Src/stm32f1xx_ll_usb.c ****     pBuf++;
 2084              		.loc 1 2713 5 view .LVU688
 2085              		.loc 1 2713 9 is_stmt 0 view .LVU689
 2086 001c 0231     		adds	r1, r1, #2
 2087              	.LVL233:
2701:Drivers/STM32F1xx_HAL_Driver/Src/stm32f1xx_ll_usb.c ****   {
 2088              		.loc 1 2701 25 is_stmt 1 discriminator 3 view .LVU690
 2089 001e 013B     		subs	r3, r3, #1
 2090              	.LVL234:
 2091              	.L71:
2701:Drivers/STM32F1xx_HAL_Driver/Src/stm32f1xx_ll_usb.c ****   {
 2092              		.loc 1 2701 17 discriminator 1 view .LVU691
 2093 0020 002B     		cmp	r3, #0
 2094 0022 F4D1     		bne	.L72
2714:Drivers/STM32F1xx_HAL_Driver/Src/stm32f1xx_ll_usb.c ****   }
2715:Drivers/STM32F1xx_HAL_Driver/Src/stm32f1xx_ll_usb.c **** }
 2095              		.loc 1 2715 1 is_stmt 0 view .LVU692
 2096 0024 7047     		bx	lr
 2097              		.cfi_endproc
 2098              	.LFE90:
 2100              		.section	.text.USB_EPStartXfer,"ax",%progbits
 2101              		.align	1
 2102              		.global	USB_EPStartXfer
 2103              		.syntax unified
 2104              		.thumb
 2105              		.thumb_func
 2107              	USB_EPStartXfer:
 2108              	.LVL235:
 2109              	.LFB74:
2161:Drivers/STM32F1xx_HAL_Driver/Src/stm32f1xx_ll_usb.c ****   uint32_t len;
 2110              		.loc 1 2161 1 is_stmt 1 view -0
ARM GAS  /tmp/ccZyOP9D.s 			page 90


 2111              		.cfi_startproc
 2112              		@ args = 0, pretend = 0, frame = 0
 2113              		@ frame_needed = 0, uses_anonymous_args = 0
2161:Drivers/STM32F1xx_HAL_Driver/Src/stm32f1xx_ll_usb.c ****   uint32_t len;
 2114              		.loc 1 2161 1 is_stmt 0 view .LVU694
 2115 0000 70B5     		push	{r4, r5, r6, lr}
 2116              	.LCFI5:
 2117              		.cfi_def_cfa_offset 16
 2118              		.cfi_offset 4, -16
 2119              		.cfi_offset 5, -12
 2120              		.cfi_offset 6, -8
 2121              		.cfi_offset 14, -4
 2122 0002 0546     		mov	r5, r0
 2123 0004 0C46     		mov	r4, r1
2162:Drivers/STM32F1xx_HAL_Driver/Src/stm32f1xx_ll_usb.c ****   uint16_t pmabuffer;
 2124              		.loc 1 2162 3 is_stmt 1 view .LVU695
2163:Drivers/STM32F1xx_HAL_Driver/Src/stm32f1xx_ll_usb.c ****   uint16_t wEPVal;
 2125              		.loc 1 2163 3 view .LVU696
2164:Drivers/STM32F1xx_HAL_Driver/Src/stm32f1xx_ll_usb.c **** 
 2126              		.loc 1 2164 3 view .LVU697
2167:Drivers/STM32F1xx_HAL_Driver/Src/stm32f1xx_ll_usb.c ****   {
 2127              		.loc 1 2167 3 view .LVU698
2167:Drivers/STM32F1xx_HAL_Driver/Src/stm32f1xx_ll_usb.c ****   {
 2128              		.loc 1 2167 9 is_stmt 0 view .LVU699
 2129 0006 4B78     		ldrb	r3, [r1, #1]	@ zero_extendqisi2
2167:Drivers/STM32F1xx_HAL_Driver/Src/stm32f1xx_ll_usb.c ****   {
 2130              		.loc 1 2167 6 view .LVU700
 2131 0008 012B     		cmp	r3, #1
 2132 000a 37D0     		beq	.L173
2348:Drivers/STM32F1xx_HAL_Driver/Src/stm32f1xx_ll_usb.c ****     {
 2133              		.loc 1 2348 5 is_stmt 1 view .LVU701
2348:Drivers/STM32F1xx_HAL_Driver/Src/stm32f1xx_ll_usb.c ****     {
 2134              		.loc 1 2348 11 is_stmt 0 view .LVU702
 2135 000c 0A7B     		ldrb	r2, [r1, #12]	@ zero_extendqisi2
2348:Drivers/STM32F1xx_HAL_Driver/Src/stm32f1xx_ll_usb.c ****     {
 2136              		.loc 1 2348 8 view .LVU703
 2137 000e 002A     		cmp	r2, #0
 2138 0010 40F02683 		bne	.L137
2351:Drivers/STM32F1xx_HAL_Driver/Src/stm32f1xx_ll_usb.c ****       {
 2139              		.loc 1 2351 7 is_stmt 1 view .LVU704
2351:Drivers/STM32F1xx_HAL_Driver/Src/stm32f1xx_ll_usb.c ****       {
 2140              		.loc 1 2351 13 is_stmt 0 view .LVU705
 2141 0014 8B69     		ldr	r3, [r1, #24]
2351:Drivers/STM32F1xx_HAL_Driver/Src/stm32f1xx_ll_usb.c ****       {
 2142              		.loc 1 2351 28 view .LVU706
 2143 0016 0A69     		ldr	r2, [r1, #16]
2351:Drivers/STM32F1xx_HAL_Driver/Src/stm32f1xx_ll_usb.c ****       {
 2144              		.loc 1 2351 10 view .LVU707
 2145 0018 9342     		cmp	r3, r2
 2146 001a 40F20483 		bls	.L138
2353:Drivers/STM32F1xx_HAL_Driver/Src/stm32f1xx_ll_usb.c ****         ep->xfer_len -= len;
 2147              		.loc 1 2353 9 is_stmt 1 view .LVU708
 2148              	.LVL236:
2354:Drivers/STM32F1xx_HAL_Driver/Src/stm32f1xx_ll_usb.c ****       }
 2149              		.loc 1 2354 9 view .LVU709
2354:Drivers/STM32F1xx_HAL_Driver/Src/stm32f1xx_ll_usb.c ****       }
 2150              		.loc 1 2354 22 is_stmt 0 view .LVU710
ARM GAS  /tmp/ccZyOP9D.s 			page 91


 2151 001e 9B1A     		subs	r3, r3, r2
 2152 0020 8B61     		str	r3, [r1, #24]
 2153              	.L139:
2362:Drivers/STM32F1xx_HAL_Driver/Src/stm32f1xx_ll_usb.c ****     }
 2154              		.loc 1 2362 7 is_stmt 1 view .LVU711
 2155              	.LBB60:
2362:Drivers/STM32F1xx_HAL_Driver/Src/stm32f1xx_ll_usb.c ****     }
 2156              		.loc 1 2362 7 view .LVU712
 2157              	.LVL237:
2362:Drivers/STM32F1xx_HAL_Driver/Src/stm32f1xx_ll_usb.c ****     }
 2158              		.loc 1 2362 7 view .LVU713
2362:Drivers/STM32F1xx_HAL_Driver/Src/stm32f1xx_ll_usb.c ****     }
 2159              		.loc 1 2362 7 view .LVU714
 2160 0022 B5F85030 		ldrh	r3, [r5, #80]
 2161 0026 9BB2     		uxth	r3, r3
 2162 0028 2B44     		add	r3, r3, r5
 2163              	.LVL238:
2362:Drivers/STM32F1xx_HAL_Driver/Src/stm32f1xx_ll_usb.c ****     }
 2164              		.loc 1 2362 7 view .LVU715
 2165 002a 2178     		ldrb	r1, [r4]	@ zero_extendqisi2
 2166              	.LVL239:
2362:Drivers/STM32F1xx_HAL_Driver/Src/stm32f1xx_ll_usb.c ****     }
 2167              		.loc 1 2362 7 is_stmt 0 view .LVU716
 2168 002c 03EB0113 		add	r3, r3, r1, lsl #4
 2169              	.LVL240:
2362:Drivers/STM32F1xx_HAL_Driver/Src/stm32f1xx_ll_usb.c ****     }
 2170              		.loc 1 2362 7 is_stmt 1 view .LVU717
 2171              	.LBB61:
2362:Drivers/STM32F1xx_HAL_Driver/Src/stm32f1xx_ll_usb.c ****     }
 2172              		.loc 1 2362 7 view .LVU718
2362:Drivers/STM32F1xx_HAL_Driver/Src/stm32f1xx_ll_usb.c ****     }
 2173              		.loc 1 2362 7 view .LVU719
 2174 0030 002A     		cmp	r2, #0
 2175 0032 40F0FC82 		bne	.L140
2362:Drivers/STM32F1xx_HAL_Driver/Src/stm32f1xx_ll_usb.c ****     }
 2176              		.loc 1 2362 7 discriminator 1 view .LVU720
 2177 0036 B3F80C24 		ldrh	r2, [r3, #1036]
 2178              	.LVL241:
2362:Drivers/STM32F1xx_HAL_Driver/Src/stm32f1xx_ll_usb.c ****     }
 2179              		.loc 1 2362 7 is_stmt 0 discriminator 1 view .LVU721
 2180 003a 92B2     		uxth	r2, r2
 2181 003c 22F4F842 		bic	r2, r2, #31744
 2182 0040 92B2     		uxth	r2, r2
 2183 0042 A3F80C24 		strh	r2, [r3, #1036]	@ movhi
2362:Drivers/STM32F1xx_HAL_Driver/Src/stm32f1xx_ll_usb.c ****     }
 2184              		.loc 1 2362 7 is_stmt 1 view .LVU722
2362:Drivers/STM32F1xx_HAL_Driver/Src/stm32f1xx_ll_usb.c ****     }
 2185              		.loc 1 2362 7 is_stmt 0 discriminator 1 view .LVU723
 2186 0046 B3F80C24 		ldrh	r2, [r3, #1036]
 2187 004a 6FEA4242 		mvn	r2, r2, lsl #17
 2188 004e 6FEA5242 		mvn	r2, r2, lsr #17
 2189 0052 92B2     		uxth	r2, r2
 2190 0054 A3F80C24 		strh	r2, [r3, #1036]	@ movhi
 2191              	.LVL242:
 2192              	.L141:
2362:Drivers/STM32F1xx_HAL_Driver/Src/stm32f1xx_ll_usb.c ****     }
 2193              		.loc 1 2362 7 discriminator 1 view .LVU724
ARM GAS  /tmp/ccZyOP9D.s 			page 92


 2194              	.LBE61:
 2195              	.LBE60:
2408:Drivers/STM32F1xx_HAL_Driver/Src/stm32f1xx_ll_usb.c ****   }
 2196              		.loc 1 2408 5 is_stmt 1 view .LVU725
 2197              	.LBB63:
2408:Drivers/STM32F1xx_HAL_Driver/Src/stm32f1xx_ll_usb.c ****   }
 2198              		.loc 1 2408 5 view .LVU726
2408:Drivers/STM32F1xx_HAL_Driver/Src/stm32f1xx_ll_usb.c ****   }
 2199              		.loc 1 2408 5 view .LVU727
 2200 0058 2278     		ldrb	r2, [r4]	@ zero_extendqisi2
 2201 005a 35F82230 		ldrh	r3, [r5, r2, lsl #2]
 2202 005e 9BB2     		uxth	r3, r3
 2203 0060 23F48043 		bic	r3, r3, #16384
 2204 0064 23F07003 		bic	r3, r3, #112
 2205              	.LVL243:
2408:Drivers/STM32F1xx_HAL_Driver/Src/stm32f1xx_ll_usb.c ****   }
 2206              		.loc 1 2408 5 view .LVU728
2408:Drivers/STM32F1xx_HAL_Driver/Src/stm32f1xx_ll_usb.c ****   }
 2207              		.loc 1 2408 5 discriminator 1 view .LVU729
2408:Drivers/STM32F1xx_HAL_Driver/Src/stm32f1xx_ll_usb.c ****   }
 2208              		.loc 1 2408 5 discriminator 3 view .LVU730
2408:Drivers/STM32F1xx_HAL_Driver/Src/stm32f1xx_ll_usb.c ****   }
 2209              		.loc 1 2408 5 discriminator 4 view .LVU731
 2210 0068 83F44053 		eor	r3, r3, #12288
 2211              	.LVL244:
2408:Drivers/STM32F1xx_HAL_Driver/Src/stm32f1xx_ll_usb.c ****   }
 2212              		.loc 1 2408 5 discriminator 6 view .LVU732
 2213 006c 43F40043 		orr	r3, r3, #32768
 2214              	.LVL245:
2408:Drivers/STM32F1xx_HAL_Driver/Src/stm32f1xx_ll_usb.c ****   }
 2215              		.loc 1 2408 5 is_stmt 0 discriminator 6 view .LVU733
 2216 0070 43F08003 		orr	r3, r3, #128
 2217 0074 25F82230 		strh	r3, [r5, r2, lsl #2]	@ movhi
 2218              	.LBE63:
2411:Drivers/STM32F1xx_HAL_Driver/Src/stm32f1xx_ll_usb.c **** }
 2219              		.loc 1 2411 10 view .LVU734
 2220 0078 0020     		movs	r0, #0
 2221              	.LVL246:
 2222              	.L136:
2412:Drivers/STM32F1xx_HAL_Driver/Src/stm32f1xx_ll_usb.c **** 
 2223              		.loc 1 2412 1 view .LVU735
 2224 007a 70BD     		pop	{r4, r5, r6, pc}
 2225              	.LVL247:
 2226              	.L173:
2170:Drivers/STM32F1xx_HAL_Driver/Src/stm32f1xx_ll_usb.c ****     {
 2227              		.loc 1 2170 5 is_stmt 1 view .LVU736
2170:Drivers/STM32F1xx_HAL_Driver/Src/stm32f1xx_ll_usb.c ****     {
 2228              		.loc 1 2170 11 is_stmt 0 view .LVU737
 2229 007c 8E69     		ldr	r6, [r1, #24]
2170:Drivers/STM32F1xx_HAL_Driver/Src/stm32f1xx_ll_usb.c ****     {
 2230              		.loc 1 2170 26 view .LVU738
 2231 007e 0A69     		ldr	r2, [r1, #16]
2170:Drivers/STM32F1xx_HAL_Driver/Src/stm32f1xx_ll_usb.c ****     {
 2232              		.loc 1 2170 8 view .LVU739
 2233 0080 9642     		cmp	r6, r2
 2234 0082 00D9     		bls	.L75
2172:Drivers/STM32F1xx_HAL_Driver/Src/stm32f1xx_ll_usb.c ****     }
ARM GAS  /tmp/ccZyOP9D.s 			page 93


 2235              		.loc 1 2172 11 view .LVU740
 2236 0084 1646     		mov	r6, r2
 2237              	.L75:
 2238              	.LVL248:
2180:Drivers/STM32F1xx_HAL_Driver/Src/stm32f1xx_ll_usb.c ****     {
 2239              		.loc 1 2180 5 is_stmt 1 view .LVU741
2180:Drivers/STM32F1xx_HAL_Driver/Src/stm32f1xx_ll_usb.c ****     {
 2240              		.loc 1 2180 11 is_stmt 0 view .LVU742
 2241 0086 237B     		ldrb	r3, [r4, #12]	@ zero_extendqisi2
2180:Drivers/STM32F1xx_HAL_Driver/Src/stm32f1xx_ll_usb.c ****     {
 2242              		.loc 1 2180 8 view .LVU743
 2243 0088 002B     		cmp	r3, #0
 2244 008a 39D0     		beq	.L174
2188:Drivers/STM32F1xx_HAL_Driver/Src/stm32f1xx_ll_usb.c ****       {
 2245              		.loc 1 2188 7 is_stmt 1 view .LVU744
2188:Drivers/STM32F1xx_HAL_Driver/Src/stm32f1xx_ll_usb.c ****       {
 2246              		.loc 1 2188 13 is_stmt 0 view .LVU745
 2247 008c E378     		ldrb	r3, [r4, #3]	@ zero_extendqisi2
2188:Drivers/STM32F1xx_HAL_Driver/Src/stm32f1xx_ll_usb.c ****       {
 2248              		.loc 1 2188 10 view .LVU746
 2249 008e 022B     		cmp	r3, #2
 2250 0090 58D0     		beq	.L175
2275:Drivers/STM32F1xx_HAL_Driver/Src/stm32f1xx_ll_usb.c **** 
 2251              		.loc 1 2275 9 is_stmt 1 view .LVU747
 2252              	.LBB64:
2275:Drivers/STM32F1xx_HAL_Driver/Src/stm32f1xx_ll_usb.c **** 
 2253              		.loc 1 2275 9 view .LVU748
2275:Drivers/STM32F1xx_HAL_Driver/Src/stm32f1xx_ll_usb.c **** 
 2254              		.loc 1 2275 9 view .LVU749
 2255 0092 2278     		ldrb	r2, [r4]	@ zero_extendqisi2
 2256 0094 35F82230 		ldrh	r3, [r5, r2, lsl #2]
 2257 0098 9BB2     		uxth	r3, r3
 2258 009a 23F4E043 		bic	r3, r3, #28672
 2259 009e 23F07003 		bic	r3, r3, #112
 2260              	.LVL249:
2275:Drivers/STM32F1xx_HAL_Driver/Src/stm32f1xx_ll_usb.c **** 
 2261              		.loc 1 2275 9 view .LVU750
 2262 00a2 43F40143 		orr	r3, r3, #33024
 2263              	.LVL250:
2275:Drivers/STM32F1xx_HAL_Driver/Src/stm32f1xx_ll_usb.c **** 
 2264              		.loc 1 2275 9 is_stmt 0 view .LVU751
 2265 00a6 43F08003 		orr	r3, r3, #128
 2266 00aa 25F82230 		strh	r3, [r5, r2, lsl #2]	@ movhi
 2267              	.LBE64:
2275:Drivers/STM32F1xx_HAL_Driver/Src/stm32f1xx_ll_usb.c **** 
 2268              		.loc 1 2275 9 is_stmt 1 view .LVU752
2278:Drivers/STM32F1xx_HAL_Driver/Src/stm32f1xx_ll_usb.c **** 
 2269              		.loc 1 2278 9 view .LVU753
2278:Drivers/STM32F1xx_HAL_Driver/Src/stm32f1xx_ll_usb.c **** 
 2270              		.loc 1 2278 11 is_stmt 0 view .LVU754
 2271 00ae 236A     		ldr	r3, [r4, #32]
2278:Drivers/STM32F1xx_HAL_Driver/Src/stm32f1xx_ll_usb.c **** 
 2272              		.loc 1 2278 25 view .LVU755
 2273 00b0 9B1B     		subs	r3, r3, r6
 2274 00b2 2362     		str	r3, [r4, #32]
2281:Drivers/STM32F1xx_HAL_Driver/Src/stm32f1xx_ll_usb.c ****         {
 2275              		.loc 1 2281 9 is_stmt 1 view .LVU756
ARM GAS  /tmp/ccZyOP9D.s 			page 94


2281:Drivers/STM32F1xx_HAL_Driver/Src/stm32f1xx_ll_usb.c ****         {
 2276              		.loc 1 2281 14 is_stmt 0 view .LVU757
 2277 00b4 2378     		ldrb	r3, [r4]	@ zero_extendqisi2
 2278 00b6 35F82320 		ldrh	r2, [r5, r3, lsl #2]
2281:Drivers/STM32F1xx_HAL_Driver/Src/stm32f1xx_ll_usb.c ****         {
 2279              		.loc 1 2281 12 view .LVU758
 2280 00ba 12F0400F 		tst	r2, #64
 2281 00be 00F02682 		beq	.L109
2284:Drivers/STM32F1xx_HAL_Driver/Src/stm32f1xx_ll_usb.c ****           pmabuffer = ep->pmaaddr1;
 2282              		.loc 1 2284 11 is_stmt 1 view .LVU759
 2283              	.LBB65:
2284:Drivers/STM32F1xx_HAL_Driver/Src/stm32f1xx_ll_usb.c ****           pmabuffer = ep->pmaaddr1;
 2284              		.loc 1 2284 11 view .LVU760
 2285              	.LVL251:
2284:Drivers/STM32F1xx_HAL_Driver/Src/stm32f1xx_ll_usb.c ****           pmabuffer = ep->pmaaddr1;
 2286              		.loc 1 2284 11 view .LVU761
2284:Drivers/STM32F1xx_HAL_Driver/Src/stm32f1xx_ll_usb.c ****           pmabuffer = ep->pmaaddr1;
 2287              		.loc 1 2284 11 view .LVU762
 2288 00c2 6278     		ldrb	r2, [r4, #1]	@ zero_extendqisi2
 2289 00c4 002A     		cmp	r2, #0
 2290 00c6 40F0CA81 		bne	.L110
2284:Drivers/STM32F1xx_HAL_Driver/Src/stm32f1xx_ll_usb.c ****           pmabuffer = ep->pmaaddr1;
 2291              		.loc 1 2284 11 discriminator 1 view .LVU763
 2292              	.LBB66:
2284:Drivers/STM32F1xx_HAL_Driver/Src/stm32f1xx_ll_usb.c ****           pmabuffer = ep->pmaaddr1;
 2293              		.loc 1 2284 11 discriminator 1 view .LVU764
 2294              	.LVL252:
2284:Drivers/STM32F1xx_HAL_Driver/Src/stm32f1xx_ll_usb.c ****           pmabuffer = ep->pmaaddr1;
 2295              		.loc 1 2284 11 view .LVU765
2284:Drivers/STM32F1xx_HAL_Driver/Src/stm32f1xx_ll_usb.c ****           pmabuffer = ep->pmaaddr1;
 2296              		.loc 1 2284 11 view .LVU766
2284:Drivers/STM32F1xx_HAL_Driver/Src/stm32f1xx_ll_usb.c ****           pmabuffer = ep->pmaaddr1;
 2297              		.loc 1 2284 11 is_stmt 0 discriminator 1 view .LVU767
 2298 00ca B5F85020 		ldrh	r2, [r5, #80]
 2299 00ce 92B2     		uxth	r2, r2
 2300 00d0 2A44     		add	r2, r2, r5
 2301              	.LVL253:
2284:Drivers/STM32F1xx_HAL_Driver/Src/stm32f1xx_ll_usb.c ****           pmabuffer = ep->pmaaddr1;
 2302              		.loc 1 2284 11 is_stmt 1 view .LVU768
2284:Drivers/STM32F1xx_HAL_Driver/Src/stm32f1xx_ll_usb.c ****           pmabuffer = ep->pmaaddr1;
 2303              		.loc 1 2284 11 is_stmt 0 discriminator 1 view .LVU769
 2304 00d2 02EB0313 		add	r3, r2, r3, lsl #4
 2305              	.LVL254:
2284:Drivers/STM32F1xx_HAL_Driver/Src/stm32f1xx_ll_usb.c ****           pmabuffer = ep->pmaaddr1;
 2306              		.loc 1 2284 11 is_stmt 1 view .LVU770
 2307              	.LBB67:
2284:Drivers/STM32F1xx_HAL_Driver/Src/stm32f1xx_ll_usb.c ****           pmabuffer = ep->pmaaddr1;
 2308              		.loc 1 2284 11 view .LVU771
2284:Drivers/STM32F1xx_HAL_Driver/Src/stm32f1xx_ll_usb.c ****           pmabuffer = ep->pmaaddr1;
 2309              		.loc 1 2284 11 view .LVU772
2284:Drivers/STM32F1xx_HAL_Driver/Src/stm32f1xx_ll_usb.c ****           pmabuffer = ep->pmaaddr1;
 2310              		.loc 1 2284 11 is_stmt 0 discriminator 1 view .LVU773
 2311 00d6 002E     		cmp	r6, #0
 2312 00d8 40F0A881 		bne	.L111
2284:Drivers/STM32F1xx_HAL_Driver/Src/stm32f1xx_ll_usb.c ****           pmabuffer = ep->pmaaddr1;
 2313              		.loc 1 2284 11 is_stmt 1 discriminator 3 view .LVU774
 2314 00dc B3F80C24 		ldrh	r2, [r3, #1036]
ARM GAS  /tmp/ccZyOP9D.s 			page 95


 2315              	.LVL255:
2284:Drivers/STM32F1xx_HAL_Driver/Src/stm32f1xx_ll_usb.c ****           pmabuffer = ep->pmaaddr1;
 2316              		.loc 1 2284 11 is_stmt 0 discriminator 3 view .LVU775
 2317 00e0 92B2     		uxth	r2, r2
 2318 00e2 22F4F842 		bic	r2, r2, #31744
 2319 00e6 92B2     		uxth	r2, r2
 2320 00e8 A3F80C24 		strh	r2, [r3, #1036]	@ movhi
2284:Drivers/STM32F1xx_HAL_Driver/Src/stm32f1xx_ll_usb.c ****           pmabuffer = ep->pmaaddr1;
 2321              		.loc 1 2284 11 is_stmt 1 view .LVU776
2284:Drivers/STM32F1xx_HAL_Driver/Src/stm32f1xx_ll_usb.c ****           pmabuffer = ep->pmaaddr1;
 2322              		.loc 1 2284 11 is_stmt 0 discriminator 3 view .LVU777
 2323 00ec B3F80C24 		ldrh	r2, [r3, #1036]
 2324 00f0 6FEA4242 		mvn	r2, r2, lsl #17
 2325 00f4 6FEA5242 		mvn	r2, r2, lsr #17
 2326 00f8 92B2     		uxth	r2, r2
 2327 00fa A3F80C24 		strh	r2, [r3, #1036]	@ movhi
 2328 00fe B0E1     		b	.L112
 2329              	.LVL256:
 2330              	.L174:
2284:Drivers/STM32F1xx_HAL_Driver/Src/stm32f1xx_ll_usb.c ****           pmabuffer = ep->pmaaddr1;
 2331              		.loc 1 2284 11 discriminator 3 view .LVU778
 2332              	.LBE67:
 2333              	.LBE66:
 2334              	.LBE65:
2182:Drivers/STM32F1xx_HAL_Driver/Src/stm32f1xx_ll_usb.c ****       PCD_SET_EP_TX_CNT(USBx, ep->num, len);
 2335              		.loc 1 2182 7 is_stmt 1 view .LVU779
 2336 0100 B6B2     		uxth	r6, r6
 2337              	.LVL257:
2182:Drivers/STM32F1xx_HAL_Driver/Src/stm32f1xx_ll_usb.c ****       PCD_SET_EP_TX_CNT(USBx, ep->num, len);
 2338              		.loc 1 2182 7 is_stmt 0 view .LVU780
 2339 0102 3346     		mov	r3, r6
 2340 0104 E288     		ldrh	r2, [r4, #6]
 2341 0106 6169     		ldr	r1, [r4, #20]
 2342              	.LVL258:
2182:Drivers/STM32F1xx_HAL_Driver/Src/stm32f1xx_ll_usb.c ****       PCD_SET_EP_TX_CNT(USBx, ep->num, len);
 2343              		.loc 1 2182 7 view .LVU781
 2344 0108 2846     		mov	r0, r5
 2345              	.LVL259:
2182:Drivers/STM32F1xx_HAL_Driver/Src/stm32f1xx_ll_usb.c ****       PCD_SET_EP_TX_CNT(USBx, ep->num, len);
 2346              		.loc 1 2182 7 view .LVU782
 2347 010a FFF7FEFF 		bl	USB_WritePMA
 2348              	.LVL260:
2183:Drivers/STM32F1xx_HAL_Driver/Src/stm32f1xx_ll_usb.c ****     }
 2349              		.loc 1 2183 7 is_stmt 1 view .LVU783
 2350              	.LBB70:
2183:Drivers/STM32F1xx_HAL_Driver/Src/stm32f1xx_ll_usb.c ****     }
 2351              		.loc 1 2183 7 view .LVU784
2183:Drivers/STM32F1xx_HAL_Driver/Src/stm32f1xx_ll_usb.c ****     }
 2352              		.loc 1 2183 7 view .LVU785
2183:Drivers/STM32F1xx_HAL_Driver/Src/stm32f1xx_ll_usb.c ****     }
 2353              		.loc 1 2183 7 view .LVU786
 2354 010e B5F85030 		ldrh	r3, [r5, #80]
 2355 0112 9BB2     		uxth	r3, r3
 2356 0114 2B44     		add	r3, r3, r5
 2357              	.LVL261:
2183:Drivers/STM32F1xx_HAL_Driver/Src/stm32f1xx_ll_usb.c ****     }
 2358              		.loc 1 2183 7 view .LVU787
ARM GAS  /tmp/ccZyOP9D.s 			page 96


 2359 0116 2278     		ldrb	r2, [r4]	@ zero_extendqisi2
 2360 0118 03EB0213 		add	r3, r3, r2, lsl #4
 2361              	.LVL262:
2183:Drivers/STM32F1xx_HAL_Driver/Src/stm32f1xx_ll_usb.c ****     }
 2362              		.loc 1 2183 7 view .LVU788
 2363 011c A3F80464 		strh	r6, [r3, #1028]	@ movhi
 2364              	.LBE70:
2183:Drivers/STM32F1xx_HAL_Driver/Src/stm32f1xx_ll_usb.c ****     }
 2365              		.loc 1 2183 7 view .LVU789
 2366              	.LVL263:
 2367              	.L77:
2344:Drivers/STM32F1xx_HAL_Driver/Src/stm32f1xx_ll_usb.c ****   }
 2368              		.loc 1 2344 5 view .LVU790
 2369              	.LBB71:
2344:Drivers/STM32F1xx_HAL_Driver/Src/stm32f1xx_ll_usb.c ****   }
 2370              		.loc 1 2344 5 view .LVU791
2344:Drivers/STM32F1xx_HAL_Driver/Src/stm32f1xx_ll_usb.c ****   }
 2371              		.loc 1 2344 5 view .LVU792
 2372 0120 2278     		ldrb	r2, [r4]	@ zero_extendqisi2
 2373 0122 35F82230 		ldrh	r3, [r5, r2, lsl #2]
 2374 0126 9BB2     		uxth	r3, r3
 2375 0128 23F4E043 		bic	r3, r3, #28672
 2376 012c 23F04003 		bic	r3, r3, #64
 2377              	.LVL264:
2344:Drivers/STM32F1xx_HAL_Driver/Src/stm32f1xx_ll_usb.c ****   }
 2378              		.loc 1 2344 5 view .LVU793
2344:Drivers/STM32F1xx_HAL_Driver/Src/stm32f1xx_ll_usb.c ****   }
 2379              		.loc 1 2344 5 discriminator 1 view .LVU794
2344:Drivers/STM32F1xx_HAL_Driver/Src/stm32f1xx_ll_usb.c ****   }
 2380              		.loc 1 2344 5 discriminator 3 view .LVU795
2344:Drivers/STM32F1xx_HAL_Driver/Src/stm32f1xx_ll_usb.c ****   }
 2381              		.loc 1 2344 5 discriminator 4 view .LVU796
 2382 0130 83F03003 		eor	r3, r3, #48
 2383              	.LVL265:
2344:Drivers/STM32F1xx_HAL_Driver/Src/stm32f1xx_ll_usb.c ****   }
 2384              		.loc 1 2344 5 discriminator 6 view .LVU797
 2385 0134 43F40043 		orr	r3, r3, #32768
 2386              	.LVL266:
2344:Drivers/STM32F1xx_HAL_Driver/Src/stm32f1xx_ll_usb.c ****   }
 2387              		.loc 1 2344 5 is_stmt 0 discriminator 6 view .LVU798
 2388 0138 43F08003 		orr	r3, r3, #128
 2389 013c 25F82230 		strh	r3, [r5, r2, lsl #2]	@ movhi
 2390              	.LBE71:
2344:Drivers/STM32F1xx_HAL_Driver/Src/stm32f1xx_ll_usb.c ****   }
 2391              		.loc 1 2344 5 is_stmt 1 view .LVU799
2411:Drivers/STM32F1xx_HAL_Driver/Src/stm32f1xx_ll_usb.c **** }
 2392              		.loc 1 2411 10 is_stmt 0 view .LVU800
 2393 0140 0020     		movs	r0, #0
 2394 0142 9AE7     		b	.L136
 2395              	.LVL267:
 2396              	.L175:
2190:Drivers/STM32F1xx_HAL_Driver/Src/stm32f1xx_ll_usb.c ****         {
 2397              		.loc 1 2190 9 is_stmt 1 view .LVU801
2190:Drivers/STM32F1xx_HAL_Driver/Src/stm32f1xx_ll_usb.c ****         {
 2398              		.loc 1 2190 15 is_stmt 0 view .LVU802
 2399 0144 236A     		ldr	r3, [r4, #32]
2190:Drivers/STM32F1xx_HAL_Driver/Src/stm32f1xx_ll_usb.c ****         {
ARM GAS  /tmp/ccZyOP9D.s 			page 97


 2400              		.loc 1 2190 12 view .LVU803
 2401 0146 9A42     		cmp	r2, r3
 2402 0148 80F05281 		bcs	.L79
2193:Drivers/STM32F1xx_HAL_Driver/Src/stm32f1xx_ll_usb.c **** 
 2403              		.loc 1 2193 11 is_stmt 1 view .LVU804
 2404              	.LBB72:
2193:Drivers/STM32F1xx_HAL_Driver/Src/stm32f1xx_ll_usb.c **** 
 2405              		.loc 1 2193 11 view .LVU805
2193:Drivers/STM32F1xx_HAL_Driver/Src/stm32f1xx_ll_usb.c **** 
 2406              		.loc 1 2193 11 view .LVU806
 2407 014c 2278     		ldrb	r2, [r4]	@ zero_extendqisi2
 2408 014e 35F82230 		ldrh	r3, [r5, r2, lsl #2]
 2409 0152 9BB2     		uxth	r3, r3
 2410 0154 23F4E043 		bic	r3, r3, #28672
 2411 0158 23F07003 		bic	r3, r3, #112
 2412              	.LVL268:
2193:Drivers/STM32F1xx_HAL_Driver/Src/stm32f1xx_ll_usb.c **** 
 2413              		.loc 1 2193 11 view .LVU807
 2414 015c 43F40143 		orr	r3, r3, #33024
 2415              	.LVL269:
2193:Drivers/STM32F1xx_HAL_Driver/Src/stm32f1xx_ll_usb.c **** 
 2416              		.loc 1 2193 11 is_stmt 0 view .LVU808
 2417 0160 43F08003 		orr	r3, r3, #128
 2418 0164 25F82230 		strh	r3, [r5, r2, lsl #2]	@ movhi
 2419              	.LBE72:
2193:Drivers/STM32F1xx_HAL_Driver/Src/stm32f1xx_ll_usb.c **** 
 2420              		.loc 1 2193 11 is_stmt 1 view .LVU809
2196:Drivers/STM32F1xx_HAL_Driver/Src/stm32f1xx_ll_usb.c **** 
 2421              		.loc 1 2196 11 view .LVU810
2196:Drivers/STM32F1xx_HAL_Driver/Src/stm32f1xx_ll_usb.c **** 
 2422              		.loc 1 2196 13 is_stmt 0 view .LVU811
 2423 0168 236A     		ldr	r3, [r4, #32]
2196:Drivers/STM32F1xx_HAL_Driver/Src/stm32f1xx_ll_usb.c **** 
 2424              		.loc 1 2196 27 view .LVU812
 2425 016a 9B1B     		subs	r3, r3, r6
 2426 016c 2362     		str	r3, [r4, #32]
2199:Drivers/STM32F1xx_HAL_Driver/Src/stm32f1xx_ll_usb.c ****           {
 2427              		.loc 1 2199 11 is_stmt 1 view .LVU813
2199:Drivers/STM32F1xx_HAL_Driver/Src/stm32f1xx_ll_usb.c ****           {
 2428              		.loc 1 2199 16 is_stmt 0 view .LVU814
 2429 016e 2378     		ldrb	r3, [r4]	@ zero_extendqisi2
 2430 0170 35F82320 		ldrh	r2, [r5, r3, lsl #2]
2199:Drivers/STM32F1xx_HAL_Driver/Src/stm32f1xx_ll_usb.c ****           {
 2431              		.loc 1 2199 14 view .LVU815
 2432 0174 12F0400F 		tst	r2, #64
 2433 0178 00F09D80 		beq	.L80
2202:Drivers/STM32F1xx_HAL_Driver/Src/stm32f1xx_ll_usb.c ****             pmabuffer = ep->pmaaddr1;
 2434              		.loc 1 2202 13 is_stmt 1 view .LVU816
 2435              	.LBB73:
2202:Drivers/STM32F1xx_HAL_Driver/Src/stm32f1xx_ll_usb.c ****             pmabuffer = ep->pmaaddr1;
 2436              		.loc 1 2202 13 view .LVU817
 2437              	.LVL270:
2202:Drivers/STM32F1xx_HAL_Driver/Src/stm32f1xx_ll_usb.c ****             pmabuffer = ep->pmaaddr1;
 2438              		.loc 1 2202 13 view .LVU818
2202:Drivers/STM32F1xx_HAL_Driver/Src/stm32f1xx_ll_usb.c ****             pmabuffer = ep->pmaaddr1;
 2439              		.loc 1 2202 13 view .LVU819
 2440 017c 6278     		ldrb	r2, [r4, #1]	@ zero_extendqisi2
ARM GAS  /tmp/ccZyOP9D.s 			page 98


 2441 017e 8ABB     		cbnz	r2, .L81
2202:Drivers/STM32F1xx_HAL_Driver/Src/stm32f1xx_ll_usb.c ****             pmabuffer = ep->pmaaddr1;
 2442              		.loc 1 2202 13 discriminator 1 view .LVU820
 2443              	.LBB74:
2202:Drivers/STM32F1xx_HAL_Driver/Src/stm32f1xx_ll_usb.c ****             pmabuffer = ep->pmaaddr1;
 2444              		.loc 1 2202 13 discriminator 1 view .LVU821
 2445              	.LVL271:
2202:Drivers/STM32F1xx_HAL_Driver/Src/stm32f1xx_ll_usb.c ****             pmabuffer = ep->pmaaddr1;
 2446              		.loc 1 2202 13 view .LVU822
2202:Drivers/STM32F1xx_HAL_Driver/Src/stm32f1xx_ll_usb.c ****             pmabuffer = ep->pmaaddr1;
 2447              		.loc 1 2202 13 view .LVU823
2202:Drivers/STM32F1xx_HAL_Driver/Src/stm32f1xx_ll_usb.c ****             pmabuffer = ep->pmaaddr1;
 2448              		.loc 1 2202 13 is_stmt 0 discriminator 1 view .LVU824
 2449 0180 B5F85020 		ldrh	r2, [r5, #80]
 2450 0184 92B2     		uxth	r2, r2
 2451 0186 2A44     		add	r2, r2, r5
 2452              	.LVL272:
2202:Drivers/STM32F1xx_HAL_Driver/Src/stm32f1xx_ll_usb.c ****             pmabuffer = ep->pmaaddr1;
 2453              		.loc 1 2202 13 is_stmt 1 view .LVU825
2202:Drivers/STM32F1xx_HAL_Driver/Src/stm32f1xx_ll_usb.c ****             pmabuffer = ep->pmaaddr1;
 2454              		.loc 1 2202 13 is_stmt 0 discriminator 1 view .LVU826
 2455 0188 02EB0313 		add	r3, r2, r3, lsl #4
 2456              	.LVL273:
2202:Drivers/STM32F1xx_HAL_Driver/Src/stm32f1xx_ll_usb.c ****             pmabuffer = ep->pmaaddr1;
 2457              		.loc 1 2202 13 is_stmt 1 view .LVU827
 2458              	.LBB75:
2202:Drivers/STM32F1xx_HAL_Driver/Src/stm32f1xx_ll_usb.c ****             pmabuffer = ep->pmaaddr1;
 2459              		.loc 1 2202 13 view .LVU828
2202:Drivers/STM32F1xx_HAL_Driver/Src/stm32f1xx_ll_usb.c ****             pmabuffer = ep->pmaaddr1;
 2460              		.loc 1 2202 13 view .LVU829
2202:Drivers/STM32F1xx_HAL_Driver/Src/stm32f1xx_ll_usb.c ****             pmabuffer = ep->pmaaddr1;
 2461              		.loc 1 2202 13 is_stmt 0 discriminator 1 view .LVU830
 2462 018c 8EB9     		cbnz	r6, .L82
2202:Drivers/STM32F1xx_HAL_Driver/Src/stm32f1xx_ll_usb.c ****             pmabuffer = ep->pmaaddr1;
 2463              		.loc 1 2202 13 is_stmt 1 discriminator 3 view .LVU831
 2464 018e B3F80C24 		ldrh	r2, [r3, #1036]
 2465              	.LVL274:
2202:Drivers/STM32F1xx_HAL_Driver/Src/stm32f1xx_ll_usb.c ****             pmabuffer = ep->pmaaddr1;
 2466              		.loc 1 2202 13 is_stmt 0 discriminator 3 view .LVU832
 2467 0192 92B2     		uxth	r2, r2
 2468 0194 22F4F842 		bic	r2, r2, #31744
 2469 0198 92B2     		uxth	r2, r2
 2470 019a A3F80C24 		strh	r2, [r3, #1036]	@ movhi
2202:Drivers/STM32F1xx_HAL_Driver/Src/stm32f1xx_ll_usb.c ****             pmabuffer = ep->pmaaddr1;
 2471              		.loc 1 2202 13 is_stmt 1 view .LVU833
2202:Drivers/STM32F1xx_HAL_Driver/Src/stm32f1xx_ll_usb.c ****             pmabuffer = ep->pmaaddr1;
 2472              		.loc 1 2202 13 is_stmt 0 discriminator 3 view .LVU834
 2473 019e B3F80C24 		ldrh	r2, [r3, #1036]
 2474 01a2 6FEA4242 		mvn	r2, r2, lsl #17
 2475 01a6 6FEA5242 		mvn	r2, r2, lsr #17
 2476 01aa 92B2     		uxth	r2, r2
 2477 01ac A3F80C24 		strh	r2, [r3, #1036]	@ movhi
 2478 01b0 1AE0     		b	.L83
 2479              	.LVL275:
 2480              	.L82:
2202:Drivers/STM32F1xx_HAL_Driver/Src/stm32f1xx_ll_usb.c ****             pmabuffer = ep->pmaaddr1;
 2481              		.loc 1 2202 13 is_stmt 1 discriminator 4 view .LVU835
ARM GAS  /tmp/ccZyOP9D.s 			page 99


 2482 01b2 3E2E     		cmp	r6, #62
 2483 01b4 09D8     		bhi	.L84
2202:Drivers/STM32F1xx_HAL_Driver/Src/stm32f1xx_ll_usb.c ****             pmabuffer = ep->pmaaddr1;
 2484              		.loc 1 2202 13 discriminator 6 view .LVU836
2202:Drivers/STM32F1xx_HAL_Driver/Src/stm32f1xx_ll_usb.c ****             pmabuffer = ep->pmaaddr1;
 2485              		.loc 1 2202 13 discriminator 6 view .LVU837
 2486 01b6 7208     		lsrs	r2, r6, #1
 2487              	.LVL276:
2202:Drivers/STM32F1xx_HAL_Driver/Src/stm32f1xx_ll_usb.c ****             pmabuffer = ep->pmaaddr1;
 2488              		.loc 1 2202 13 view .LVU838
2202:Drivers/STM32F1xx_HAL_Driver/Src/stm32f1xx_ll_usb.c ****             pmabuffer = ep->pmaaddr1;
 2489              		.loc 1 2202 13 is_stmt 0 discriminator 6 view .LVU839
 2490 01b8 16F0010F 		tst	r6, #1
 2491 01bc 00D0     		beq	.L85
2202:Drivers/STM32F1xx_HAL_Driver/Src/stm32f1xx_ll_usb.c ****             pmabuffer = ep->pmaaddr1;
 2492              		.loc 1 2202 13 is_stmt 1 discriminator 8 view .LVU840
 2493 01be 0132     		adds	r2, r2, #1
 2494              	.LVL277:
 2495              	.L85:
2202:Drivers/STM32F1xx_HAL_Driver/Src/stm32f1xx_ll_usb.c ****             pmabuffer = ep->pmaaddr1;
 2496              		.loc 1 2202 13 discriminator 10 view .LVU841
 2497 01c0 9202     		lsls	r2, r2, #10
 2498              	.LVL278:
2202:Drivers/STM32F1xx_HAL_Driver/Src/stm32f1xx_ll_usb.c ****             pmabuffer = ep->pmaaddr1;
 2499              		.loc 1 2202 13 is_stmt 0 discriminator 10 view .LVU842
 2500 01c2 92B2     		uxth	r2, r2
 2501 01c4 A3F80C24 		strh	r2, [r3, #1036]	@ movhi
2202:Drivers/STM32F1xx_HAL_Driver/Src/stm32f1xx_ll_usb.c ****             pmabuffer = ep->pmaaddr1;
 2502              		.loc 1 2202 13 is_stmt 1 view .LVU843
 2503 01c8 0EE0     		b	.L83
 2504              	.LVL279:
 2505              	.L84:
2202:Drivers/STM32F1xx_HAL_Driver/Src/stm32f1xx_ll_usb.c ****             pmabuffer = ep->pmaaddr1;
 2506              		.loc 1 2202 13 discriminator 7 view .LVU844
2202:Drivers/STM32F1xx_HAL_Driver/Src/stm32f1xx_ll_usb.c ****             pmabuffer = ep->pmaaddr1;
 2507              		.loc 1 2202 13 discriminator 7 view .LVU845
 2508 01ca 7209     		lsrs	r2, r6, #5
 2509              	.LVL280:
2202:Drivers/STM32F1xx_HAL_Driver/Src/stm32f1xx_ll_usb.c ****             pmabuffer = ep->pmaaddr1;
 2510              		.loc 1 2202 13 view .LVU846
2202:Drivers/STM32F1xx_HAL_Driver/Src/stm32f1xx_ll_usb.c ****             pmabuffer = ep->pmaaddr1;
 2511              		.loc 1 2202 13 is_stmt 0 discriminator 7 view .LVU847
 2512 01cc 16F01F0F 		tst	r6, #31
 2513 01d0 00D1     		bne	.L86
2202:Drivers/STM32F1xx_HAL_Driver/Src/stm32f1xx_ll_usb.c ****             pmabuffer = ep->pmaaddr1;
 2514              		.loc 1 2202 13 is_stmt 1 discriminator 12 view .LVU848
 2515 01d2 013A     		subs	r2, r2, #1
 2516              	.LVL281:
 2517              	.L86:
2202:Drivers/STM32F1xx_HAL_Driver/Src/stm32f1xx_ll_usb.c ****             pmabuffer = ep->pmaaddr1;
 2518              		.loc 1 2202 13 discriminator 14 view .LVU849
 2519 01d4 6FEAC262 		mvn	r2, r2, lsl #27
 2520              	.LVL282:
2202:Drivers/STM32F1xx_HAL_Driver/Src/stm32f1xx_ll_usb.c ****             pmabuffer = ep->pmaaddr1;
 2521              		.loc 1 2202 13 is_stmt 0 discriminator 14 view .LVU850
 2522 01d8 6FEA5242 		mvn	r2, r2, lsr #17
 2523 01dc 92B2     		uxth	r2, r2
ARM GAS  /tmp/ccZyOP9D.s 			page 100


 2524 01de A3F80C24 		strh	r2, [r3, #1036]	@ movhi
 2525 01e2 01E0     		b	.L83
 2526              	.LVL283:
 2527              	.L81:
2202:Drivers/STM32F1xx_HAL_Driver/Src/stm32f1xx_ll_usb.c ****             pmabuffer = ep->pmaaddr1;
 2528              		.loc 1 2202 13 discriminator 14 view .LVU851
 2529              	.LBE75:
 2530              	.LBE74:
2202:Drivers/STM32F1xx_HAL_Driver/Src/stm32f1xx_ll_usb.c ****             pmabuffer = ep->pmaaddr1;
 2531              		.loc 1 2202 13 is_stmt 1 discriminator 2 view .LVU852
 2532 01e4 012A     		cmp	r2, #1
 2533 01e6 2BD0     		beq	.L176
 2534              	.LVL284:
 2535              	.L83:
2202:Drivers/STM32F1xx_HAL_Driver/Src/stm32f1xx_ll_usb.c ****             pmabuffer = ep->pmaaddr1;
 2536              		.loc 1 2202 13 is_stmt 0 discriminator 2 view .LVU853
 2537              	.LBE73:
2202:Drivers/STM32F1xx_HAL_Driver/Src/stm32f1xx_ll_usb.c ****             pmabuffer = ep->pmaaddr1;
 2538              		.loc 1 2202 13 is_stmt 1 discriminator 18 view .LVU854
2203:Drivers/STM32F1xx_HAL_Driver/Src/stm32f1xx_ll_usb.c **** 
 2539              		.loc 1 2203 13 view .LVU855
2206:Drivers/STM32F1xx_HAL_Driver/Src/stm32f1xx_ll_usb.c ****             ep->xfer_buff += len;
 2540              		.loc 1 2206 13 view .LVU856
 2541 01e8 B3B2     		uxth	r3, r6
 2542 01ea 6289     		ldrh	r2, [r4, #10]
 2543 01ec 6169     		ldr	r1, [r4, #20]
 2544              	.LVL285:
2206:Drivers/STM32F1xx_HAL_Driver/Src/stm32f1xx_ll_usb.c ****             ep->xfer_buff += len;
 2545              		.loc 1 2206 13 is_stmt 0 view .LVU857
 2546 01ee 2846     		mov	r0, r5
 2547              	.LVL286:
2206:Drivers/STM32F1xx_HAL_Driver/Src/stm32f1xx_ll_usb.c ****             ep->xfer_buff += len;
 2548              		.loc 1 2206 13 view .LVU858
 2549 01f0 FFF7FEFF 		bl	USB_WritePMA
 2550              	.LVL287:
2207:Drivers/STM32F1xx_HAL_Driver/Src/stm32f1xx_ll_usb.c **** 
 2551              		.loc 1 2207 13 is_stmt 1 view .LVU859
2207:Drivers/STM32F1xx_HAL_Driver/Src/stm32f1xx_ll_usb.c **** 
 2552              		.loc 1 2207 15 is_stmt 0 view .LVU860
 2553 01f4 6369     		ldr	r3, [r4, #20]
2207:Drivers/STM32F1xx_HAL_Driver/Src/stm32f1xx_ll_usb.c **** 
 2554              		.loc 1 2207 27 view .LVU861
 2555 01f6 3344     		add	r3, r3, r6
 2556 01f8 6361     		str	r3, [r4, #20]
2209:Drivers/STM32F1xx_HAL_Driver/Src/stm32f1xx_ll_usb.c ****             {
 2557              		.loc 1 2209 13 is_stmt 1 view .LVU862
2209:Drivers/STM32F1xx_HAL_Driver/Src/stm32f1xx_ll_usb.c ****             {
 2558              		.loc 1 2209 19 is_stmt 0 view .LVU863
 2559 01fa 236A     		ldr	r3, [r4, #32]
2209:Drivers/STM32F1xx_HAL_Driver/Src/stm32f1xx_ll_usb.c ****             {
 2560              		.loc 1 2209 37 view .LVU864
 2561 01fc 2269     		ldr	r2, [r4, #16]
2209:Drivers/STM32F1xx_HAL_Driver/Src/stm32f1xx_ll_usb.c ****             {
 2562              		.loc 1 2209 16 view .LVU865
 2563 01fe 9342     		cmp	r3, r2
 2564 0200 28D9     		bls	.L87
2211:Drivers/STM32F1xx_HAL_Driver/Src/stm32f1xx_ll_usb.c ****             }
ARM GAS  /tmp/ccZyOP9D.s 			page 101


 2565              		.loc 1 2211 15 is_stmt 1 view .LVU866
2211:Drivers/STM32F1xx_HAL_Driver/Src/stm32f1xx_ll_usb.c ****             }
 2566              		.loc 1 2211 31 is_stmt 0 view .LVU867
 2567 0202 9B1B     		subs	r3, r3, r6
 2568 0204 2362     		str	r3, [r4, #32]
 2569              	.L88:
2220:Drivers/STM32F1xx_HAL_Driver/Src/stm32f1xx_ll_usb.c ****             pmabuffer = ep->pmaaddr0;
 2570              		.loc 1 2220 13 is_stmt 1 view .LVU868
2220:Drivers/STM32F1xx_HAL_Driver/Src/stm32f1xx_ll_usb.c ****             pmabuffer = ep->pmaaddr0;
 2571              		.loc 1 2220 13 view .LVU869
 2572 0206 6378     		ldrb	r3, [r4, #1]	@ zero_extendqisi2
 2573 0208 002B     		cmp	r3, #0
 2574 020a 40D1     		bne	.L89
2220:Drivers/STM32F1xx_HAL_Driver/Src/stm32f1xx_ll_usb.c ****             pmabuffer = ep->pmaaddr0;
 2575              		.loc 1 2220 13 discriminator 1 view .LVU870
 2576              	.LBB76:
2220:Drivers/STM32F1xx_HAL_Driver/Src/stm32f1xx_ll_usb.c ****             pmabuffer = ep->pmaaddr0;
 2577              		.loc 1 2220 13 discriminator 1 view .LVU871
 2578              	.LVL288:
2220:Drivers/STM32F1xx_HAL_Driver/Src/stm32f1xx_ll_usb.c ****             pmabuffer = ep->pmaaddr0;
 2579              		.loc 1 2220 13 view .LVU872
2220:Drivers/STM32F1xx_HAL_Driver/Src/stm32f1xx_ll_usb.c ****             pmabuffer = ep->pmaaddr0;
 2580              		.loc 1 2220 13 view .LVU873
2220:Drivers/STM32F1xx_HAL_Driver/Src/stm32f1xx_ll_usb.c ****             pmabuffer = ep->pmaaddr0;
 2581              		.loc 1 2220 13 is_stmt 0 discriminator 1 view .LVU874
 2582 020c B5F85030 		ldrh	r3, [r5, #80]
 2583 0210 9BB2     		uxth	r3, r3
 2584 0212 2B44     		add	r3, r3, r5
 2585              	.LVL289:
2220:Drivers/STM32F1xx_HAL_Driver/Src/stm32f1xx_ll_usb.c ****             pmabuffer = ep->pmaaddr0;
 2586              		.loc 1 2220 13 is_stmt 1 view .LVU875
2220:Drivers/STM32F1xx_HAL_Driver/Src/stm32f1xx_ll_usb.c ****             pmabuffer = ep->pmaaddr0;
 2587              		.loc 1 2220 13 is_stmt 0 discriminator 1 view .LVU876
 2588 0214 2278     		ldrb	r2, [r4]	@ zero_extendqisi2
 2589 0216 03EB0213 		add	r3, r3, r2, lsl #4
 2590              	.LVL290:
2220:Drivers/STM32F1xx_HAL_Driver/Src/stm32f1xx_ll_usb.c ****             pmabuffer = ep->pmaaddr0;
 2591              		.loc 1 2220 13 is_stmt 1 view .LVU877
 2592              	.LBB77:
2220:Drivers/STM32F1xx_HAL_Driver/Src/stm32f1xx_ll_usb.c ****             pmabuffer = ep->pmaaddr0;
 2593              		.loc 1 2220 13 view .LVU878
2220:Drivers/STM32F1xx_HAL_Driver/Src/stm32f1xx_ll_usb.c ****             pmabuffer = ep->pmaaddr0;
 2594              		.loc 1 2220 13 view .LVU879
2220:Drivers/STM32F1xx_HAL_Driver/Src/stm32f1xx_ll_usb.c ****             pmabuffer = ep->pmaaddr0;
 2595              		.loc 1 2220 13 is_stmt 0 discriminator 1 view .LVU880
 2596 021a FEB9     		cbnz	r6, .L90
2220:Drivers/STM32F1xx_HAL_Driver/Src/stm32f1xx_ll_usb.c ****             pmabuffer = ep->pmaaddr0;
 2597              		.loc 1 2220 13 is_stmt 1 discriminator 3 view .LVU881
 2598 021c B3F80424 		ldrh	r2, [r3, #1028]
 2599 0220 92B2     		uxth	r2, r2
 2600 0222 22F4F842 		bic	r2, r2, #31744
 2601 0226 92B2     		uxth	r2, r2
 2602 0228 A3F80424 		strh	r2, [r3, #1028]	@ movhi
2220:Drivers/STM32F1xx_HAL_Driver/Src/stm32f1xx_ll_usb.c ****             pmabuffer = ep->pmaaddr0;
 2603              		.loc 1 2220 13 view .LVU882
2220:Drivers/STM32F1xx_HAL_Driver/Src/stm32f1xx_ll_usb.c ****             pmabuffer = ep->pmaaddr0;
 2604              		.loc 1 2220 13 is_stmt 0 discriminator 3 view .LVU883
ARM GAS  /tmp/ccZyOP9D.s 			page 102


 2605 022c B3F80424 		ldrh	r2, [r3, #1028]
 2606 0230 6FEA4242 		mvn	r2, r2, lsl #17
 2607 0234 6FEA5242 		mvn	r2, r2, lsr #17
 2608 0238 92B2     		uxth	r2, r2
 2609 023a A3F80424 		strh	r2, [r3, #1028]	@ movhi
 2610 023e 28E0     		b	.L91
 2611              	.LVL291:
 2612              	.L176:
2220:Drivers/STM32F1xx_HAL_Driver/Src/stm32f1xx_ll_usb.c ****             pmabuffer = ep->pmaaddr0;
 2613              		.loc 1 2220 13 discriminator 3 view .LVU884
 2614              	.LBE77:
 2615              	.LBE76:
 2616              	.LBB79:
2202:Drivers/STM32F1xx_HAL_Driver/Src/stm32f1xx_ll_usb.c ****             pmabuffer = ep->pmaaddr1;
 2617              		.loc 1 2202 13 is_stmt 1 discriminator 16 view .LVU885
 2618 0240 B5F85020 		ldrh	r2, [r5, #80]
 2619 0244 92B2     		uxth	r2, r2
 2620 0246 2A44     		add	r2, r2, r5
 2621              	.LVL292:
2202:Drivers/STM32F1xx_HAL_Driver/Src/stm32f1xx_ll_usb.c ****             pmabuffer = ep->pmaaddr1;
 2622              		.loc 1 2202 13 view .LVU886
2202:Drivers/STM32F1xx_HAL_Driver/Src/stm32f1xx_ll_usb.c ****             pmabuffer = ep->pmaaddr1;
 2623              		.loc 1 2202 13 is_stmt 0 discriminator 16 view .LVU887
 2624 0248 02EB0313 		add	r3, r2, r3, lsl #4
 2625              	.LVL293:
2202:Drivers/STM32F1xx_HAL_Driver/Src/stm32f1xx_ll_usb.c ****             pmabuffer = ep->pmaaddr1;
 2626              		.loc 1 2202 13 is_stmt 1 view .LVU888
2202:Drivers/STM32F1xx_HAL_Driver/Src/stm32f1xx_ll_usb.c ****             pmabuffer = ep->pmaaddr1;
 2627              		.loc 1 2202 13 is_stmt 0 discriminator 16 view .LVU889
 2628 024c B2B2     		uxth	r2, r6
 2629              	.LVL294:
2202:Drivers/STM32F1xx_HAL_Driver/Src/stm32f1xx_ll_usb.c ****             pmabuffer = ep->pmaaddr1;
 2630              		.loc 1 2202 13 discriminator 16 view .LVU890
 2631 024e A3F80C24 		strh	r2, [r3, #1036]	@ movhi
 2632 0252 C9E7     		b	.L83
 2633              	.LVL295:
 2634              	.L87:
2202:Drivers/STM32F1xx_HAL_Driver/Src/stm32f1xx_ll_usb.c ****             pmabuffer = ep->pmaaddr1;
 2635              		.loc 1 2202 13 discriminator 16 view .LVU891
 2636              	.LBE79:
2215:Drivers/STM32F1xx_HAL_Driver/Src/stm32f1xx_ll_usb.c ****               ep->xfer_len_db = 0U;
 2637              		.loc 1 2215 15 is_stmt 1 view .LVU892
2216:Drivers/STM32F1xx_HAL_Driver/Src/stm32f1xx_ll_usb.c ****             }
 2638              		.loc 1 2216 15 view .LVU893
2216:Drivers/STM32F1xx_HAL_Driver/Src/stm32f1xx_ll_usb.c ****             }
 2639              		.loc 1 2216 31 is_stmt 0 view .LVU894
 2640 0254 0022     		movs	r2, #0
 2641 0256 2262     		str	r2, [r4, #32]
2215:Drivers/STM32F1xx_HAL_Driver/Src/stm32f1xx_ll_usb.c ****               ep->xfer_len_db = 0U;
 2642              		.loc 1 2215 19 view .LVU895
 2643 0258 1E46     		mov	r6, r3
 2644 025a D4E7     		b	.L88
 2645              	.LVL296:
 2646              	.L90:
 2647              	.LBB80:
 2648              	.LBB78:
2220:Drivers/STM32F1xx_HAL_Driver/Src/stm32f1xx_ll_usb.c ****             pmabuffer = ep->pmaaddr0;
ARM GAS  /tmp/ccZyOP9D.s 			page 103


 2649              		.loc 1 2220 13 is_stmt 1 discriminator 4 view .LVU896
 2650 025c 3E2E     		cmp	r6, #62
 2651 025e 09D8     		bhi	.L92
2220:Drivers/STM32F1xx_HAL_Driver/Src/stm32f1xx_ll_usb.c ****             pmabuffer = ep->pmaaddr0;
 2652              		.loc 1 2220 13 discriminator 6 view .LVU897
2220:Drivers/STM32F1xx_HAL_Driver/Src/stm32f1xx_ll_usb.c ****             pmabuffer = ep->pmaaddr0;
 2653              		.loc 1 2220 13 discriminator 6 view .LVU898
 2654 0260 7208     		lsrs	r2, r6, #1
 2655              	.LVL297:
2220:Drivers/STM32F1xx_HAL_Driver/Src/stm32f1xx_ll_usb.c ****             pmabuffer = ep->pmaaddr0;
 2656              		.loc 1 2220 13 view .LVU899
2220:Drivers/STM32F1xx_HAL_Driver/Src/stm32f1xx_ll_usb.c ****             pmabuffer = ep->pmaaddr0;
 2657              		.loc 1 2220 13 is_stmt 0 discriminator 6 view .LVU900
 2658 0262 16F0010F 		tst	r6, #1
 2659 0266 00D0     		beq	.L93
2220:Drivers/STM32F1xx_HAL_Driver/Src/stm32f1xx_ll_usb.c ****             pmabuffer = ep->pmaaddr0;
 2660              		.loc 1 2220 13 is_stmt 1 discriminator 8 view .LVU901
 2661 0268 0132     		adds	r2, r2, #1
 2662              	.LVL298:
 2663              	.L93:
2220:Drivers/STM32F1xx_HAL_Driver/Src/stm32f1xx_ll_usb.c ****             pmabuffer = ep->pmaaddr0;
 2664              		.loc 1 2220 13 discriminator 10 view .LVU902
 2665 026a 9202     		lsls	r2, r2, #10
 2666              	.LVL299:
2220:Drivers/STM32F1xx_HAL_Driver/Src/stm32f1xx_ll_usb.c ****             pmabuffer = ep->pmaaddr0;
 2667              		.loc 1 2220 13 is_stmt 0 discriminator 10 view .LVU903
 2668 026c 92B2     		uxth	r2, r2
 2669 026e A3F80424 		strh	r2, [r3, #1028]	@ movhi
2220:Drivers/STM32F1xx_HAL_Driver/Src/stm32f1xx_ll_usb.c ****             pmabuffer = ep->pmaaddr0;
 2670              		.loc 1 2220 13 is_stmt 1 view .LVU904
 2671 0272 0EE0     		b	.L91
 2672              	.LVL300:
 2673              	.L92:
2220:Drivers/STM32F1xx_HAL_Driver/Src/stm32f1xx_ll_usb.c ****             pmabuffer = ep->pmaaddr0;
 2674              		.loc 1 2220 13 discriminator 7 view .LVU905
2220:Drivers/STM32F1xx_HAL_Driver/Src/stm32f1xx_ll_usb.c ****             pmabuffer = ep->pmaaddr0;
 2675              		.loc 1 2220 13 discriminator 7 view .LVU906
 2676 0274 7209     		lsrs	r2, r6, #5
 2677              	.LVL301:
2220:Drivers/STM32F1xx_HAL_Driver/Src/stm32f1xx_ll_usb.c ****             pmabuffer = ep->pmaaddr0;
 2678              		.loc 1 2220 13 view .LVU907
2220:Drivers/STM32F1xx_HAL_Driver/Src/stm32f1xx_ll_usb.c ****             pmabuffer = ep->pmaaddr0;
 2679              		.loc 1 2220 13 is_stmt 0 discriminator 7 view .LVU908
 2680 0276 16F01F0F 		tst	r6, #31
 2681 027a 00D1     		bne	.L94
2220:Drivers/STM32F1xx_HAL_Driver/Src/stm32f1xx_ll_usb.c ****             pmabuffer = ep->pmaaddr0;
 2682              		.loc 1 2220 13 is_stmt 1 discriminator 12 view .LVU909
 2683 027c 013A     		subs	r2, r2, #1
 2684              	.LVL302:
 2685              	.L94:
2220:Drivers/STM32F1xx_HAL_Driver/Src/stm32f1xx_ll_usb.c ****             pmabuffer = ep->pmaaddr0;
 2686              		.loc 1 2220 13 discriminator 14 view .LVU910
 2687 027e 6FEAC262 		mvn	r2, r2, lsl #27
 2688              	.LVL303:
2220:Drivers/STM32F1xx_HAL_Driver/Src/stm32f1xx_ll_usb.c ****             pmabuffer = ep->pmaaddr0;
 2689              		.loc 1 2220 13 is_stmt 0 discriminator 14 view .LVU911
 2690 0282 6FEA5242 		mvn	r2, r2, lsr #17
ARM GAS  /tmp/ccZyOP9D.s 			page 104


 2691 0286 92B2     		uxth	r2, r2
 2692 0288 A3F80424 		strh	r2, [r3, #1028]	@ movhi
 2693 028c 01E0     		b	.L91
 2694              	.LVL304:
 2695              	.L89:
2220:Drivers/STM32F1xx_HAL_Driver/Src/stm32f1xx_ll_usb.c ****             pmabuffer = ep->pmaaddr0;
 2696              		.loc 1 2220 13 discriminator 14 view .LVU912
 2697              	.LBE78:
 2698              	.LBE80:
2220:Drivers/STM32F1xx_HAL_Driver/Src/stm32f1xx_ll_usb.c ****             pmabuffer = ep->pmaaddr0;
 2699              		.loc 1 2220 13 is_stmt 1 discriminator 2 view .LVU913
 2700 028e 012B     		cmp	r3, #1
 2701 0290 06D0     		beq	.L177
 2702              	.L91:
2220:Drivers/STM32F1xx_HAL_Driver/Src/stm32f1xx_ll_usb.c ****             pmabuffer = ep->pmaaddr0;
 2703              		.loc 1 2220 13 discriminator 18 view .LVU914
2220:Drivers/STM32F1xx_HAL_Driver/Src/stm32f1xx_ll_usb.c ****             pmabuffer = ep->pmaaddr0;
 2704              		.loc 1 2220 13 discriminator 18 view .LVU915
2221:Drivers/STM32F1xx_HAL_Driver/Src/stm32f1xx_ll_usb.c **** 
 2705              		.loc 1 2221 13 view .LVU916
 2706              	.LVL305:
2224:Drivers/STM32F1xx_HAL_Driver/Src/stm32f1xx_ll_usb.c ****           }
 2707              		.loc 1 2224 13 view .LVU917
 2708 0292 B3B2     		uxth	r3, r6
 2709 0294 2289     		ldrh	r2, [r4, #8]
 2710 0296 6169     		ldr	r1, [r4, #20]
 2711 0298 2846     		mov	r0, r5
 2712 029a FFF7FEFF 		bl	USB_WritePMA
 2713              	.LVL306:
2224:Drivers/STM32F1xx_HAL_Driver/Src/stm32f1xx_ll_usb.c ****           }
 2714              		.loc 1 2224 13 is_stmt 0 view .LVU918
 2715 029e 3FE7     		b	.L77
 2716              	.L177:
2220:Drivers/STM32F1xx_HAL_Driver/Src/stm32f1xx_ll_usb.c ****             pmabuffer = ep->pmaaddr0;
 2717              		.loc 1 2220 13 is_stmt 1 discriminator 16 view .LVU919
 2718              	.LBB81:
2220:Drivers/STM32F1xx_HAL_Driver/Src/stm32f1xx_ll_usb.c ****             pmabuffer = ep->pmaaddr0;
 2719              		.loc 1 2220 13 discriminator 16 view .LVU920
 2720              	.LVL307:
2220:Drivers/STM32F1xx_HAL_Driver/Src/stm32f1xx_ll_usb.c ****             pmabuffer = ep->pmaaddr0;
 2721              		.loc 1 2220 13 view .LVU921
2220:Drivers/STM32F1xx_HAL_Driver/Src/stm32f1xx_ll_usb.c ****             pmabuffer = ep->pmaaddr0;
 2722              		.loc 1 2220 13 view .LVU922
2220:Drivers/STM32F1xx_HAL_Driver/Src/stm32f1xx_ll_usb.c ****             pmabuffer = ep->pmaaddr0;
 2723              		.loc 1 2220 13 is_stmt 0 discriminator 16 view .LVU923
 2724 02a0 B5F85030 		ldrh	r3, [r5, #80]
 2725 02a4 9BB2     		uxth	r3, r3
 2726 02a6 2B44     		add	r3, r3, r5
 2727              	.LVL308:
2220:Drivers/STM32F1xx_HAL_Driver/Src/stm32f1xx_ll_usb.c ****             pmabuffer = ep->pmaaddr0;
 2728              		.loc 1 2220 13 is_stmt 1 view .LVU924
2220:Drivers/STM32F1xx_HAL_Driver/Src/stm32f1xx_ll_usb.c ****             pmabuffer = ep->pmaaddr0;
 2729              		.loc 1 2220 13 is_stmt 0 discriminator 16 view .LVU925
 2730 02a8 2278     		ldrb	r2, [r4]	@ zero_extendqisi2
 2731 02aa 03EB0213 		add	r3, r3, r2, lsl #4
 2732              	.LVL309:
2220:Drivers/STM32F1xx_HAL_Driver/Src/stm32f1xx_ll_usb.c ****             pmabuffer = ep->pmaaddr0;
ARM GAS  /tmp/ccZyOP9D.s 			page 105


 2733              		.loc 1 2220 13 is_stmt 1 view .LVU926
2220:Drivers/STM32F1xx_HAL_Driver/Src/stm32f1xx_ll_usb.c ****             pmabuffer = ep->pmaaddr0;
 2734              		.loc 1 2220 13 is_stmt 0 discriminator 16 view .LVU927
 2735 02ae B2B2     		uxth	r2, r6
 2736 02b0 A3F80424 		strh	r2, [r3, #1028]	@ movhi
 2737 02b4 EDE7     		b	.L91
 2738              	.LVL310:
 2739              	.L80:
2220:Drivers/STM32F1xx_HAL_Driver/Src/stm32f1xx_ll_usb.c ****             pmabuffer = ep->pmaaddr0;
 2740              		.loc 1 2220 13 discriminator 16 view .LVU928
 2741              	.LBE81:
2229:Drivers/STM32F1xx_HAL_Driver/Src/stm32f1xx_ll_usb.c ****             pmabuffer = ep->pmaaddr0;
 2742              		.loc 1 2229 13 is_stmt 1 view .LVU929
2229:Drivers/STM32F1xx_HAL_Driver/Src/stm32f1xx_ll_usb.c ****             pmabuffer = ep->pmaaddr0;
 2743              		.loc 1 2229 13 view .LVU930
 2744 02b6 6278     		ldrb	r2, [r4, #1]	@ zero_extendqisi2
 2745 02b8 8ABB     		cbnz	r2, .L95
2229:Drivers/STM32F1xx_HAL_Driver/Src/stm32f1xx_ll_usb.c ****             pmabuffer = ep->pmaaddr0;
 2746              		.loc 1 2229 13 discriminator 1 view .LVU931
 2747              	.LBB82:
2229:Drivers/STM32F1xx_HAL_Driver/Src/stm32f1xx_ll_usb.c ****             pmabuffer = ep->pmaaddr0;
 2748              		.loc 1 2229 13 discriminator 1 view .LVU932
 2749              	.LVL311:
2229:Drivers/STM32F1xx_HAL_Driver/Src/stm32f1xx_ll_usb.c ****             pmabuffer = ep->pmaaddr0;
 2750              		.loc 1 2229 13 view .LVU933
2229:Drivers/STM32F1xx_HAL_Driver/Src/stm32f1xx_ll_usb.c ****             pmabuffer = ep->pmaaddr0;
 2751              		.loc 1 2229 13 view .LVU934
2229:Drivers/STM32F1xx_HAL_Driver/Src/stm32f1xx_ll_usb.c ****             pmabuffer = ep->pmaaddr0;
 2752              		.loc 1 2229 13 is_stmt 0 discriminator 1 view .LVU935
 2753 02ba B5F85020 		ldrh	r2, [r5, #80]
 2754 02be 92B2     		uxth	r2, r2
 2755 02c0 2A44     		add	r2, r2, r5
 2756              	.LVL312:
2229:Drivers/STM32F1xx_HAL_Driver/Src/stm32f1xx_ll_usb.c ****             pmabuffer = ep->pmaaddr0;
 2757              		.loc 1 2229 13 is_stmt 1 view .LVU936
2229:Drivers/STM32F1xx_HAL_Driver/Src/stm32f1xx_ll_usb.c ****             pmabuffer = ep->pmaaddr0;
 2758              		.loc 1 2229 13 is_stmt 0 discriminator 1 view .LVU937
 2759 02c2 02EB0313 		add	r3, r2, r3, lsl #4
 2760              	.LVL313:
2229:Drivers/STM32F1xx_HAL_Driver/Src/stm32f1xx_ll_usb.c ****             pmabuffer = ep->pmaaddr0;
 2761              		.loc 1 2229 13 is_stmt 1 view .LVU938
 2762              	.LBB83:
2229:Drivers/STM32F1xx_HAL_Driver/Src/stm32f1xx_ll_usb.c ****             pmabuffer = ep->pmaaddr0;
 2763              		.loc 1 2229 13 view .LVU939
2229:Drivers/STM32F1xx_HAL_Driver/Src/stm32f1xx_ll_usb.c ****             pmabuffer = ep->pmaaddr0;
 2764              		.loc 1 2229 13 view .LVU940
2229:Drivers/STM32F1xx_HAL_Driver/Src/stm32f1xx_ll_usb.c ****             pmabuffer = ep->pmaaddr0;
 2765              		.loc 1 2229 13 is_stmt 0 discriminator 1 view .LVU941
 2766 02c6 8EB9     		cbnz	r6, .L96
2229:Drivers/STM32F1xx_HAL_Driver/Src/stm32f1xx_ll_usb.c ****             pmabuffer = ep->pmaaddr0;
 2767              		.loc 1 2229 13 is_stmt 1 discriminator 3 view .LVU942
 2768 02c8 B3F80424 		ldrh	r2, [r3, #1028]
 2769              	.LVL314:
2229:Drivers/STM32F1xx_HAL_Driver/Src/stm32f1xx_ll_usb.c ****             pmabuffer = ep->pmaaddr0;
 2770              		.loc 1 2229 13 is_stmt 0 discriminator 3 view .LVU943
 2771 02cc 92B2     		uxth	r2, r2
 2772 02ce 22F4F842 		bic	r2, r2, #31744
ARM GAS  /tmp/ccZyOP9D.s 			page 106


 2773 02d2 92B2     		uxth	r2, r2
 2774 02d4 A3F80424 		strh	r2, [r3, #1028]	@ movhi
2229:Drivers/STM32F1xx_HAL_Driver/Src/stm32f1xx_ll_usb.c ****             pmabuffer = ep->pmaaddr0;
 2775              		.loc 1 2229 13 is_stmt 1 view .LVU944
2229:Drivers/STM32F1xx_HAL_Driver/Src/stm32f1xx_ll_usb.c ****             pmabuffer = ep->pmaaddr0;
 2776              		.loc 1 2229 13 is_stmt 0 discriminator 3 view .LVU945
 2777 02d8 B3F80424 		ldrh	r2, [r3, #1028]
 2778 02dc 6FEA4242 		mvn	r2, r2, lsl #17
 2779 02e0 6FEA5242 		mvn	r2, r2, lsr #17
 2780 02e4 92B2     		uxth	r2, r2
 2781 02e6 A3F80424 		strh	r2, [r3, #1028]	@ movhi
 2782 02ea 1AE0     		b	.L97
 2783              	.LVL315:
 2784              	.L96:
2229:Drivers/STM32F1xx_HAL_Driver/Src/stm32f1xx_ll_usb.c ****             pmabuffer = ep->pmaaddr0;
 2785              		.loc 1 2229 13 is_stmt 1 discriminator 4 view .LVU946
 2786 02ec 3E2E     		cmp	r6, #62
 2787 02ee 09D8     		bhi	.L98
2229:Drivers/STM32F1xx_HAL_Driver/Src/stm32f1xx_ll_usb.c ****             pmabuffer = ep->pmaaddr0;
 2788              		.loc 1 2229 13 discriminator 6 view .LVU947
2229:Drivers/STM32F1xx_HAL_Driver/Src/stm32f1xx_ll_usb.c ****             pmabuffer = ep->pmaaddr0;
 2789              		.loc 1 2229 13 discriminator 6 view .LVU948
 2790 02f0 7208     		lsrs	r2, r6, #1
 2791              	.LVL316:
2229:Drivers/STM32F1xx_HAL_Driver/Src/stm32f1xx_ll_usb.c ****             pmabuffer = ep->pmaaddr0;
 2792              		.loc 1 2229 13 view .LVU949
2229:Drivers/STM32F1xx_HAL_Driver/Src/stm32f1xx_ll_usb.c ****             pmabuffer = ep->pmaaddr0;
 2793              		.loc 1 2229 13 is_stmt 0 discriminator 6 view .LVU950
 2794 02f2 16F0010F 		tst	r6, #1
 2795 02f6 00D0     		beq	.L99
2229:Drivers/STM32F1xx_HAL_Driver/Src/stm32f1xx_ll_usb.c ****             pmabuffer = ep->pmaaddr0;
 2796              		.loc 1 2229 13 is_stmt 1 discriminator 8 view .LVU951
 2797 02f8 0132     		adds	r2, r2, #1
 2798              	.LVL317:
 2799              	.L99:
2229:Drivers/STM32F1xx_HAL_Driver/Src/stm32f1xx_ll_usb.c ****             pmabuffer = ep->pmaaddr0;
 2800              		.loc 1 2229 13 discriminator 10 view .LVU952
 2801 02fa 9202     		lsls	r2, r2, #10
 2802              	.LVL318:
2229:Drivers/STM32F1xx_HAL_Driver/Src/stm32f1xx_ll_usb.c ****             pmabuffer = ep->pmaaddr0;
 2803              		.loc 1 2229 13 is_stmt 0 discriminator 10 view .LVU953
 2804 02fc 92B2     		uxth	r2, r2
 2805 02fe A3F80424 		strh	r2, [r3, #1028]	@ movhi
2229:Drivers/STM32F1xx_HAL_Driver/Src/stm32f1xx_ll_usb.c ****             pmabuffer = ep->pmaaddr0;
 2806              		.loc 1 2229 13 is_stmt 1 view .LVU954
 2807 0302 0EE0     		b	.L97
 2808              	.LVL319:
 2809              	.L98:
2229:Drivers/STM32F1xx_HAL_Driver/Src/stm32f1xx_ll_usb.c ****             pmabuffer = ep->pmaaddr0;
 2810              		.loc 1 2229 13 discriminator 7 view .LVU955
2229:Drivers/STM32F1xx_HAL_Driver/Src/stm32f1xx_ll_usb.c ****             pmabuffer = ep->pmaaddr0;
 2811              		.loc 1 2229 13 discriminator 7 view .LVU956
 2812 0304 7209     		lsrs	r2, r6, #5
 2813              	.LVL320:
2229:Drivers/STM32F1xx_HAL_Driver/Src/stm32f1xx_ll_usb.c ****             pmabuffer = ep->pmaaddr0;
 2814              		.loc 1 2229 13 view .LVU957
2229:Drivers/STM32F1xx_HAL_Driver/Src/stm32f1xx_ll_usb.c ****             pmabuffer = ep->pmaaddr0;
ARM GAS  /tmp/ccZyOP9D.s 			page 107


 2815              		.loc 1 2229 13 is_stmt 0 discriminator 7 view .LVU958
 2816 0306 16F01F0F 		tst	r6, #31
 2817 030a 00D1     		bne	.L100
2229:Drivers/STM32F1xx_HAL_Driver/Src/stm32f1xx_ll_usb.c ****             pmabuffer = ep->pmaaddr0;
 2818              		.loc 1 2229 13 is_stmt 1 discriminator 12 view .LVU959
 2819 030c 013A     		subs	r2, r2, #1
 2820              	.LVL321:
 2821              	.L100:
2229:Drivers/STM32F1xx_HAL_Driver/Src/stm32f1xx_ll_usb.c ****             pmabuffer = ep->pmaaddr0;
 2822              		.loc 1 2229 13 discriminator 14 view .LVU960
 2823 030e 6FEAC262 		mvn	r2, r2, lsl #27
 2824              	.LVL322:
2229:Drivers/STM32F1xx_HAL_Driver/Src/stm32f1xx_ll_usb.c ****             pmabuffer = ep->pmaaddr0;
 2825              		.loc 1 2229 13 is_stmt 0 discriminator 14 view .LVU961
 2826 0312 6FEA5242 		mvn	r2, r2, lsr #17
 2827 0316 92B2     		uxth	r2, r2
 2828 0318 A3F80424 		strh	r2, [r3, #1028]	@ movhi
 2829 031c 01E0     		b	.L97
 2830              	.LVL323:
 2831              	.L95:
2229:Drivers/STM32F1xx_HAL_Driver/Src/stm32f1xx_ll_usb.c ****             pmabuffer = ep->pmaaddr0;
 2832              		.loc 1 2229 13 discriminator 14 view .LVU962
 2833              	.LBE83:
 2834              	.LBE82:
2229:Drivers/STM32F1xx_HAL_Driver/Src/stm32f1xx_ll_usb.c ****             pmabuffer = ep->pmaaddr0;
 2835              		.loc 1 2229 13 is_stmt 1 discriminator 2 view .LVU963
 2836 031e 012A     		cmp	r2, #1
 2837 0320 2BD0     		beq	.L178
 2838              	.L97:
2229:Drivers/STM32F1xx_HAL_Driver/Src/stm32f1xx_ll_usb.c ****             pmabuffer = ep->pmaaddr0;
 2839              		.loc 1 2229 13 discriminator 18 view .LVU964
2229:Drivers/STM32F1xx_HAL_Driver/Src/stm32f1xx_ll_usb.c ****             pmabuffer = ep->pmaaddr0;
 2840              		.loc 1 2229 13 discriminator 18 view .LVU965
2230:Drivers/STM32F1xx_HAL_Driver/Src/stm32f1xx_ll_usb.c **** 
 2841              		.loc 1 2230 13 view .LVU966
 2842              	.LVL324:
2233:Drivers/STM32F1xx_HAL_Driver/Src/stm32f1xx_ll_usb.c ****             ep->xfer_buff += len;
 2843              		.loc 1 2233 13 view .LVU967
 2844 0322 B3B2     		uxth	r3, r6
 2845 0324 2289     		ldrh	r2, [r4, #8]
 2846 0326 6169     		ldr	r1, [r4, #20]
 2847              	.LVL325:
2233:Drivers/STM32F1xx_HAL_Driver/Src/stm32f1xx_ll_usb.c ****             ep->xfer_buff += len;
 2848              		.loc 1 2233 13 is_stmt 0 view .LVU968
 2849 0328 2846     		mov	r0, r5
 2850              	.LVL326:
2233:Drivers/STM32F1xx_HAL_Driver/Src/stm32f1xx_ll_usb.c ****             ep->xfer_buff += len;
 2851              		.loc 1 2233 13 view .LVU969
 2852 032a FFF7FEFF 		bl	USB_WritePMA
 2853              	.LVL327:
2234:Drivers/STM32F1xx_HAL_Driver/Src/stm32f1xx_ll_usb.c **** 
 2854              		.loc 1 2234 13 is_stmt 1 view .LVU970
2234:Drivers/STM32F1xx_HAL_Driver/Src/stm32f1xx_ll_usb.c **** 
 2855              		.loc 1 2234 15 is_stmt 0 view .LVU971
 2856 032e 6369     		ldr	r3, [r4, #20]
2234:Drivers/STM32F1xx_HAL_Driver/Src/stm32f1xx_ll_usb.c **** 
 2857              		.loc 1 2234 27 view .LVU972
ARM GAS  /tmp/ccZyOP9D.s 			page 108


 2858 0330 3344     		add	r3, r3, r6
 2859 0332 6361     		str	r3, [r4, #20]
2236:Drivers/STM32F1xx_HAL_Driver/Src/stm32f1xx_ll_usb.c ****             {
 2860              		.loc 1 2236 13 is_stmt 1 view .LVU973
2236:Drivers/STM32F1xx_HAL_Driver/Src/stm32f1xx_ll_usb.c ****             {
 2861              		.loc 1 2236 19 is_stmt 0 view .LVU974
 2862 0334 236A     		ldr	r3, [r4, #32]
2236:Drivers/STM32F1xx_HAL_Driver/Src/stm32f1xx_ll_usb.c ****             {
 2863              		.loc 1 2236 37 view .LVU975
 2864 0336 2269     		ldr	r2, [r4, #16]
2236:Drivers/STM32F1xx_HAL_Driver/Src/stm32f1xx_ll_usb.c ****             {
 2865              		.loc 1 2236 16 view .LVU976
 2866 0338 9342     		cmp	r3, r2
 2867 033a 28D9     		bls	.L101
2238:Drivers/STM32F1xx_HAL_Driver/Src/stm32f1xx_ll_usb.c ****             }
 2868              		.loc 1 2238 15 is_stmt 1 view .LVU977
2238:Drivers/STM32F1xx_HAL_Driver/Src/stm32f1xx_ll_usb.c ****             }
 2869              		.loc 1 2238 31 is_stmt 0 view .LVU978
 2870 033c 9B1B     		subs	r3, r3, r6
 2871 033e 2362     		str	r3, [r4, #32]
 2872              	.L102:
2247:Drivers/STM32F1xx_HAL_Driver/Src/stm32f1xx_ll_usb.c ****             pmabuffer = ep->pmaaddr1;
 2873              		.loc 1 2247 13 is_stmt 1 view .LVU979
 2874              	.LBB84:
2247:Drivers/STM32F1xx_HAL_Driver/Src/stm32f1xx_ll_usb.c ****             pmabuffer = ep->pmaaddr1;
 2875              		.loc 1 2247 13 view .LVU980
 2876              	.LVL328:
2247:Drivers/STM32F1xx_HAL_Driver/Src/stm32f1xx_ll_usb.c ****             pmabuffer = ep->pmaaddr1;
 2877              		.loc 1 2247 13 view .LVU981
2247:Drivers/STM32F1xx_HAL_Driver/Src/stm32f1xx_ll_usb.c ****             pmabuffer = ep->pmaaddr1;
 2878              		.loc 1 2247 13 view .LVU982
 2879 0340 6378     		ldrb	r3, [r4, #1]	@ zero_extendqisi2
 2880 0342 002B     		cmp	r3, #0
 2881 0344 40D1     		bne	.L103
2247:Drivers/STM32F1xx_HAL_Driver/Src/stm32f1xx_ll_usb.c ****             pmabuffer = ep->pmaaddr1;
 2882              		.loc 1 2247 13 discriminator 1 view .LVU983
 2883              	.LBB85:
2247:Drivers/STM32F1xx_HAL_Driver/Src/stm32f1xx_ll_usb.c ****             pmabuffer = ep->pmaaddr1;
 2884              		.loc 1 2247 13 discriminator 1 view .LVU984
 2885              	.LVL329:
2247:Drivers/STM32F1xx_HAL_Driver/Src/stm32f1xx_ll_usb.c ****             pmabuffer = ep->pmaaddr1;
 2886              		.loc 1 2247 13 view .LVU985
2247:Drivers/STM32F1xx_HAL_Driver/Src/stm32f1xx_ll_usb.c ****             pmabuffer = ep->pmaaddr1;
 2887              		.loc 1 2247 13 view .LVU986
2247:Drivers/STM32F1xx_HAL_Driver/Src/stm32f1xx_ll_usb.c ****             pmabuffer = ep->pmaaddr1;
 2888              		.loc 1 2247 13 is_stmt 0 discriminator 1 view .LVU987
 2889 0346 B5F85030 		ldrh	r3, [r5, #80]
 2890 034a 9BB2     		uxth	r3, r3
 2891 034c 2B44     		add	r3, r3, r5
 2892              	.LVL330:
2247:Drivers/STM32F1xx_HAL_Driver/Src/stm32f1xx_ll_usb.c ****             pmabuffer = ep->pmaaddr1;
 2893              		.loc 1 2247 13 is_stmt 1 view .LVU988
2247:Drivers/STM32F1xx_HAL_Driver/Src/stm32f1xx_ll_usb.c ****             pmabuffer = ep->pmaaddr1;
 2894              		.loc 1 2247 13 is_stmt 0 discriminator 1 view .LVU989
 2895 034e 2278     		ldrb	r2, [r4]	@ zero_extendqisi2
 2896 0350 03EB0213 		add	r3, r3, r2, lsl #4
 2897              	.LVL331:
ARM GAS  /tmp/ccZyOP9D.s 			page 109


2247:Drivers/STM32F1xx_HAL_Driver/Src/stm32f1xx_ll_usb.c ****             pmabuffer = ep->pmaaddr1;
 2898              		.loc 1 2247 13 is_stmt 1 view .LVU990
 2899              	.LBB86:
2247:Drivers/STM32F1xx_HAL_Driver/Src/stm32f1xx_ll_usb.c ****             pmabuffer = ep->pmaaddr1;
 2900              		.loc 1 2247 13 view .LVU991
2247:Drivers/STM32F1xx_HAL_Driver/Src/stm32f1xx_ll_usb.c ****             pmabuffer = ep->pmaaddr1;
 2901              		.loc 1 2247 13 view .LVU992
2247:Drivers/STM32F1xx_HAL_Driver/Src/stm32f1xx_ll_usb.c ****             pmabuffer = ep->pmaaddr1;
 2902              		.loc 1 2247 13 is_stmt 0 discriminator 1 view .LVU993
 2903 0354 FEB9     		cbnz	r6, .L104
2247:Drivers/STM32F1xx_HAL_Driver/Src/stm32f1xx_ll_usb.c ****             pmabuffer = ep->pmaaddr1;
 2904              		.loc 1 2247 13 is_stmt 1 discriminator 3 view .LVU994
 2905 0356 B3F80C24 		ldrh	r2, [r3, #1036]
 2906 035a 92B2     		uxth	r2, r2
 2907 035c 22F4F842 		bic	r2, r2, #31744
 2908 0360 92B2     		uxth	r2, r2
 2909 0362 A3F80C24 		strh	r2, [r3, #1036]	@ movhi
2247:Drivers/STM32F1xx_HAL_Driver/Src/stm32f1xx_ll_usb.c ****             pmabuffer = ep->pmaaddr1;
 2910              		.loc 1 2247 13 view .LVU995
2247:Drivers/STM32F1xx_HAL_Driver/Src/stm32f1xx_ll_usb.c ****             pmabuffer = ep->pmaaddr1;
 2911              		.loc 1 2247 13 is_stmt 0 discriminator 3 view .LVU996
 2912 0366 B3F80C24 		ldrh	r2, [r3, #1036]
 2913 036a 6FEA4242 		mvn	r2, r2, lsl #17
 2914 036e 6FEA5242 		mvn	r2, r2, lsr #17
 2915 0372 92B2     		uxth	r2, r2
 2916 0374 A3F80C24 		strh	r2, [r3, #1036]	@ movhi
 2917 0378 28E0     		b	.L105
 2918              	.LVL332:
 2919              	.L178:
2247:Drivers/STM32F1xx_HAL_Driver/Src/stm32f1xx_ll_usb.c ****             pmabuffer = ep->pmaaddr1;
 2920              		.loc 1 2247 13 discriminator 3 view .LVU997
 2921              	.LBE86:
 2922              	.LBE85:
 2923              	.LBE84:
2229:Drivers/STM32F1xx_HAL_Driver/Src/stm32f1xx_ll_usb.c ****             pmabuffer = ep->pmaaddr0;
 2924              		.loc 1 2229 13 is_stmt 1 discriminator 16 view .LVU998
 2925              	.LBB89:
2229:Drivers/STM32F1xx_HAL_Driver/Src/stm32f1xx_ll_usb.c ****             pmabuffer = ep->pmaaddr0;
 2926              		.loc 1 2229 13 discriminator 16 view .LVU999
2229:Drivers/STM32F1xx_HAL_Driver/Src/stm32f1xx_ll_usb.c ****             pmabuffer = ep->pmaaddr0;
 2927              		.loc 1 2229 13 view .LVU1000
2229:Drivers/STM32F1xx_HAL_Driver/Src/stm32f1xx_ll_usb.c ****             pmabuffer = ep->pmaaddr0;
 2928              		.loc 1 2229 13 view .LVU1001
2229:Drivers/STM32F1xx_HAL_Driver/Src/stm32f1xx_ll_usb.c ****             pmabuffer = ep->pmaaddr0;
 2929              		.loc 1 2229 13 is_stmt 0 discriminator 16 view .LVU1002
 2930 037a B5F85020 		ldrh	r2, [r5, #80]
 2931 037e 92B2     		uxth	r2, r2
 2932 0380 2A44     		add	r2, r2, r5
 2933              	.LVL333:
2229:Drivers/STM32F1xx_HAL_Driver/Src/stm32f1xx_ll_usb.c ****             pmabuffer = ep->pmaaddr0;
 2934              		.loc 1 2229 13 is_stmt 1 view .LVU1003
2229:Drivers/STM32F1xx_HAL_Driver/Src/stm32f1xx_ll_usb.c ****             pmabuffer = ep->pmaaddr0;
 2935              		.loc 1 2229 13 is_stmt 0 discriminator 16 view .LVU1004
 2936 0382 02EB0313 		add	r3, r2, r3, lsl #4
 2937              	.LVL334:
2229:Drivers/STM32F1xx_HAL_Driver/Src/stm32f1xx_ll_usb.c ****             pmabuffer = ep->pmaaddr0;
 2938              		.loc 1 2229 13 is_stmt 1 view .LVU1005
ARM GAS  /tmp/ccZyOP9D.s 			page 110


2229:Drivers/STM32F1xx_HAL_Driver/Src/stm32f1xx_ll_usb.c ****             pmabuffer = ep->pmaaddr0;
 2939              		.loc 1 2229 13 is_stmt 0 discriminator 16 view .LVU1006
 2940 0386 B2B2     		uxth	r2, r6
 2941              	.LVL335:
2229:Drivers/STM32F1xx_HAL_Driver/Src/stm32f1xx_ll_usb.c ****             pmabuffer = ep->pmaaddr0;
 2942              		.loc 1 2229 13 discriminator 16 view .LVU1007
 2943 0388 A3F80424 		strh	r2, [r3, #1028]	@ movhi
 2944 038c C9E7     		b	.L97
 2945              	.LVL336:
 2946              	.L101:
2229:Drivers/STM32F1xx_HAL_Driver/Src/stm32f1xx_ll_usb.c ****             pmabuffer = ep->pmaaddr0;
 2947              		.loc 1 2229 13 discriminator 16 view .LVU1008
 2948              	.LBE89:
2242:Drivers/STM32F1xx_HAL_Driver/Src/stm32f1xx_ll_usb.c ****               ep->xfer_len_db = 0U;
 2949              		.loc 1 2242 15 is_stmt 1 view .LVU1009
2243:Drivers/STM32F1xx_HAL_Driver/Src/stm32f1xx_ll_usb.c ****             }
 2950              		.loc 1 2243 15 view .LVU1010
2243:Drivers/STM32F1xx_HAL_Driver/Src/stm32f1xx_ll_usb.c ****             }
 2951              		.loc 1 2243 31 is_stmt 0 view .LVU1011
 2952 038e 0022     		movs	r2, #0
 2953 0390 2262     		str	r2, [r4, #32]
2242:Drivers/STM32F1xx_HAL_Driver/Src/stm32f1xx_ll_usb.c ****               ep->xfer_len_db = 0U;
 2954              		.loc 1 2242 19 view .LVU1012
 2955 0392 1E46     		mov	r6, r3
 2956 0394 D4E7     		b	.L102
 2957              	.LVL337:
 2958              	.L104:
 2959              	.LBB90:
 2960              	.LBB88:
 2961              	.LBB87:
2247:Drivers/STM32F1xx_HAL_Driver/Src/stm32f1xx_ll_usb.c ****             pmabuffer = ep->pmaaddr1;
 2962              		.loc 1 2247 13 is_stmt 1 discriminator 4 view .LVU1013
 2963 0396 3E2E     		cmp	r6, #62
 2964 0398 09D8     		bhi	.L106
2247:Drivers/STM32F1xx_HAL_Driver/Src/stm32f1xx_ll_usb.c ****             pmabuffer = ep->pmaaddr1;
 2965              		.loc 1 2247 13 discriminator 6 view .LVU1014
2247:Drivers/STM32F1xx_HAL_Driver/Src/stm32f1xx_ll_usb.c ****             pmabuffer = ep->pmaaddr1;
 2966              		.loc 1 2247 13 discriminator 6 view .LVU1015
 2967 039a 7208     		lsrs	r2, r6, #1
 2968              	.LVL338:
2247:Drivers/STM32F1xx_HAL_Driver/Src/stm32f1xx_ll_usb.c ****             pmabuffer = ep->pmaaddr1;
 2969              		.loc 1 2247 13 view .LVU1016
2247:Drivers/STM32F1xx_HAL_Driver/Src/stm32f1xx_ll_usb.c ****             pmabuffer = ep->pmaaddr1;
 2970              		.loc 1 2247 13 is_stmt 0 discriminator 6 view .LVU1017
 2971 039c 16F0010F 		tst	r6, #1
 2972 03a0 00D0     		beq	.L107
2247:Drivers/STM32F1xx_HAL_Driver/Src/stm32f1xx_ll_usb.c ****             pmabuffer = ep->pmaaddr1;
 2973              		.loc 1 2247 13 is_stmt 1 discriminator 8 view .LVU1018
 2974 03a2 0132     		adds	r2, r2, #1
 2975              	.LVL339:
 2976              	.L107:
2247:Drivers/STM32F1xx_HAL_Driver/Src/stm32f1xx_ll_usb.c ****             pmabuffer = ep->pmaaddr1;
 2977              		.loc 1 2247 13 discriminator 10 view .LVU1019
 2978 03a4 9202     		lsls	r2, r2, #10
 2979              	.LVL340:
2247:Drivers/STM32F1xx_HAL_Driver/Src/stm32f1xx_ll_usb.c ****             pmabuffer = ep->pmaaddr1;
 2980              		.loc 1 2247 13 is_stmt 0 discriminator 10 view .LVU1020
ARM GAS  /tmp/ccZyOP9D.s 			page 111


 2981 03a6 92B2     		uxth	r2, r2
 2982 03a8 A3F80C24 		strh	r2, [r3, #1036]	@ movhi
2247:Drivers/STM32F1xx_HAL_Driver/Src/stm32f1xx_ll_usb.c ****             pmabuffer = ep->pmaaddr1;
 2983              		.loc 1 2247 13 is_stmt 1 view .LVU1021
 2984 03ac 0EE0     		b	.L105
 2985              	.LVL341:
 2986              	.L106:
2247:Drivers/STM32F1xx_HAL_Driver/Src/stm32f1xx_ll_usb.c ****             pmabuffer = ep->pmaaddr1;
 2987              		.loc 1 2247 13 discriminator 7 view .LVU1022
2247:Drivers/STM32F1xx_HAL_Driver/Src/stm32f1xx_ll_usb.c ****             pmabuffer = ep->pmaaddr1;
 2988              		.loc 1 2247 13 discriminator 7 view .LVU1023
 2989 03ae 7209     		lsrs	r2, r6, #5
 2990              	.LVL342:
2247:Drivers/STM32F1xx_HAL_Driver/Src/stm32f1xx_ll_usb.c ****             pmabuffer = ep->pmaaddr1;
 2991              		.loc 1 2247 13 view .LVU1024
2247:Drivers/STM32F1xx_HAL_Driver/Src/stm32f1xx_ll_usb.c ****             pmabuffer = ep->pmaaddr1;
 2992              		.loc 1 2247 13 is_stmt 0 discriminator 7 view .LVU1025
 2993 03b0 16F01F0F 		tst	r6, #31
 2994 03b4 00D1     		bne	.L108
2247:Drivers/STM32F1xx_HAL_Driver/Src/stm32f1xx_ll_usb.c ****             pmabuffer = ep->pmaaddr1;
 2995              		.loc 1 2247 13 is_stmt 1 discriminator 12 view .LVU1026
 2996 03b6 013A     		subs	r2, r2, #1
 2997              	.LVL343:
 2998              	.L108:
2247:Drivers/STM32F1xx_HAL_Driver/Src/stm32f1xx_ll_usb.c ****             pmabuffer = ep->pmaaddr1;
 2999              		.loc 1 2247 13 discriminator 14 view .LVU1027
 3000 03b8 6FEAC262 		mvn	r2, r2, lsl #27
 3001              	.LVL344:
2247:Drivers/STM32F1xx_HAL_Driver/Src/stm32f1xx_ll_usb.c ****             pmabuffer = ep->pmaaddr1;
 3002              		.loc 1 2247 13 is_stmt 0 discriminator 14 view .LVU1028
 3003 03bc 6FEA5242 		mvn	r2, r2, lsr #17
 3004 03c0 92B2     		uxth	r2, r2
 3005 03c2 A3F80C24 		strh	r2, [r3, #1036]	@ movhi
 3006 03c6 01E0     		b	.L105
 3007              	.LVL345:
 3008              	.L103:
2247:Drivers/STM32F1xx_HAL_Driver/Src/stm32f1xx_ll_usb.c ****             pmabuffer = ep->pmaaddr1;
 3009              		.loc 1 2247 13 discriminator 14 view .LVU1029
 3010              	.LBE87:
 3011              	.LBE88:
2247:Drivers/STM32F1xx_HAL_Driver/Src/stm32f1xx_ll_usb.c ****             pmabuffer = ep->pmaaddr1;
 3012              		.loc 1 2247 13 is_stmt 1 discriminator 2 view .LVU1030
 3013 03c8 012B     		cmp	r3, #1
 3014 03ca 06D0     		beq	.L179
 3015              	.LVL346:
 3016              	.L105:
2247:Drivers/STM32F1xx_HAL_Driver/Src/stm32f1xx_ll_usb.c ****             pmabuffer = ep->pmaaddr1;
 3017              		.loc 1 2247 13 is_stmt 0 discriminator 2 view .LVU1031
 3018              	.LBE90:
2247:Drivers/STM32F1xx_HAL_Driver/Src/stm32f1xx_ll_usb.c ****             pmabuffer = ep->pmaaddr1;
 3019              		.loc 1 2247 13 is_stmt 1 discriminator 18 view .LVU1032
2248:Drivers/STM32F1xx_HAL_Driver/Src/stm32f1xx_ll_usb.c **** 
 3020              		.loc 1 2248 13 view .LVU1033
2251:Drivers/STM32F1xx_HAL_Driver/Src/stm32f1xx_ll_usb.c ****           }
 3021              		.loc 1 2251 13 view .LVU1034
 3022 03cc B3B2     		uxth	r3, r6
 3023 03ce 6289     		ldrh	r2, [r4, #10]
ARM GAS  /tmp/ccZyOP9D.s 			page 112


 3024 03d0 6169     		ldr	r1, [r4, #20]
 3025 03d2 2846     		mov	r0, r5
 3026 03d4 FFF7FEFF 		bl	USB_WritePMA
 3027              	.LVL347:
2251:Drivers/STM32F1xx_HAL_Driver/Src/stm32f1xx_ll_usb.c ****           }
 3028              		.loc 1 2251 13 is_stmt 0 view .LVU1035
 3029 03d8 A2E6     		b	.L77
 3030              	.LVL348:
 3031              	.L179:
 3032              	.LBB91:
2247:Drivers/STM32F1xx_HAL_Driver/Src/stm32f1xx_ll_usb.c ****             pmabuffer = ep->pmaaddr1;
 3033              		.loc 1 2247 13 is_stmt 1 discriminator 16 view .LVU1036
 3034 03da B5F85030 		ldrh	r3, [r5, #80]
 3035 03de 9BB2     		uxth	r3, r3
 3036 03e0 2B44     		add	r3, r3, r5
 3037              	.LVL349:
2247:Drivers/STM32F1xx_HAL_Driver/Src/stm32f1xx_ll_usb.c ****             pmabuffer = ep->pmaaddr1;
 3038              		.loc 1 2247 13 view .LVU1037
2247:Drivers/STM32F1xx_HAL_Driver/Src/stm32f1xx_ll_usb.c ****             pmabuffer = ep->pmaaddr1;
 3039              		.loc 1 2247 13 is_stmt 0 discriminator 16 view .LVU1038
 3040 03e2 2278     		ldrb	r2, [r4]	@ zero_extendqisi2
 3041 03e4 03EB0213 		add	r3, r3, r2, lsl #4
 3042              	.LVL350:
2247:Drivers/STM32F1xx_HAL_Driver/Src/stm32f1xx_ll_usb.c ****             pmabuffer = ep->pmaaddr1;
 3043              		.loc 1 2247 13 is_stmt 1 view .LVU1039
2247:Drivers/STM32F1xx_HAL_Driver/Src/stm32f1xx_ll_usb.c ****             pmabuffer = ep->pmaaddr1;
 3044              		.loc 1 2247 13 is_stmt 0 discriminator 16 view .LVU1040
 3045 03e8 B2B2     		uxth	r2, r6
 3046 03ea A3F80C24 		strh	r2, [r3, #1036]	@ movhi
 3047 03ee EDE7     		b	.L105
 3048              	.LVL351:
 3049              	.L79:
2247:Drivers/STM32F1xx_HAL_Driver/Src/stm32f1xx_ll_usb.c ****             pmabuffer = ep->pmaaddr1;
 3050              		.loc 1 2247 13 discriminator 16 view .LVU1041
 3051              	.LBE91:
2257:Drivers/STM32F1xx_HAL_Driver/Src/stm32f1xx_ll_usb.c **** 
 3052              		.loc 1 2257 11 is_stmt 1 view .LVU1042
2260:Drivers/STM32F1xx_HAL_Driver/Src/stm32f1xx_ll_usb.c **** 
 3053              		.loc 1 2260 11 view .LVU1043
 3054              	.LBB92:
2260:Drivers/STM32F1xx_HAL_Driver/Src/stm32f1xx_ll_usb.c **** 
 3055              		.loc 1 2260 11 view .LVU1044
2260:Drivers/STM32F1xx_HAL_Driver/Src/stm32f1xx_ll_usb.c **** 
 3056              		.loc 1 2260 11 view .LVU1045
 3057 03f0 2178     		ldrb	r1, [r4]	@ zero_extendqisi2
 3058              	.LVL352:
2260:Drivers/STM32F1xx_HAL_Driver/Src/stm32f1xx_ll_usb.c **** 
 3059              		.loc 1 2260 11 is_stmt 0 view .LVU1046
 3060 03f2 35F82120 		ldrh	r2, [r5, r1, lsl #2]
 3061 03f6 92B2     		uxth	r2, r2
 3062 03f8 22F4E242 		bic	r2, r2, #28928
 3063 03fc 22F07002 		bic	r2, r2, #112
 3064              	.LVL353:
2260:Drivers/STM32F1xx_HAL_Driver/Src/stm32f1xx_ll_usb.c **** 
 3065              		.loc 1 2260 11 is_stmt 1 view .LVU1047
 3066 0400 42F40042 		orr	r2, r2, #32768
 3067              	.LVL354:
ARM GAS  /tmp/ccZyOP9D.s 			page 113


2260:Drivers/STM32F1xx_HAL_Driver/Src/stm32f1xx_ll_usb.c **** 
 3068              		.loc 1 2260 11 is_stmt 0 view .LVU1048
 3069 0404 42F08002 		orr	r2, r2, #128
 3070 0408 25F82120 		strh	r2, [r5, r1, lsl #2]	@ movhi
 3071              	.LBE92:
2260:Drivers/STM32F1xx_HAL_Driver/Src/stm32f1xx_ll_usb.c **** 
 3072              		.loc 1 2260 11 is_stmt 1 view .LVU1049
2263:Drivers/STM32F1xx_HAL_Driver/Src/stm32f1xx_ll_usb.c ****           pmabuffer = ep->pmaaddr0;
 3073              		.loc 1 2263 11 view .LVU1050
 3074              	.LBB93:
2263:Drivers/STM32F1xx_HAL_Driver/Src/stm32f1xx_ll_usb.c ****           pmabuffer = ep->pmaaddr0;
 3075              		.loc 1 2263 11 view .LVU1051
 3076              	.LVL355:
2263:Drivers/STM32F1xx_HAL_Driver/Src/stm32f1xx_ll_usb.c ****           pmabuffer = ep->pmaaddr0;
 3077              		.loc 1 2263 11 view .LVU1052
2263:Drivers/STM32F1xx_HAL_Driver/Src/stm32f1xx_ll_usb.c ****           pmabuffer = ep->pmaaddr0;
 3078              		.loc 1 2263 11 view .LVU1053
 3079 040c B5F85020 		ldrh	r2, [r5, #80]
 3080 0410 92B2     		uxth	r2, r2
 3081 0412 2A44     		add	r2, r2, r5
 3082              	.LVL356:
2263:Drivers/STM32F1xx_HAL_Driver/Src/stm32f1xx_ll_usb.c ****           pmabuffer = ep->pmaaddr0;
 3083              		.loc 1 2263 11 view .LVU1054
 3084 0414 2178     		ldrb	r1, [r4]	@ zero_extendqisi2
 3085 0416 02EB0112 		add	r2, r2, r1, lsl #4
 3086              	.LVL357:
2263:Drivers/STM32F1xx_HAL_Driver/Src/stm32f1xx_ll_usb.c ****           pmabuffer = ep->pmaaddr0;
 3087              		.loc 1 2263 11 view .LVU1055
 3088 041a 9BB2     		uxth	r3, r3
 3089              	.LVL358:
2263:Drivers/STM32F1xx_HAL_Driver/Src/stm32f1xx_ll_usb.c ****           pmabuffer = ep->pmaaddr0;
 3090              		.loc 1 2263 11 is_stmt 0 view .LVU1056
 3091 041c A2F80434 		strh	r3, [r2, #1028]	@ movhi
 3092              	.LBE93:
2263:Drivers/STM32F1xx_HAL_Driver/Src/stm32f1xx_ll_usb.c ****           pmabuffer = ep->pmaaddr0;
 3093              		.loc 1 2263 11 is_stmt 1 view .LVU1057
2264:Drivers/STM32F1xx_HAL_Driver/Src/stm32f1xx_ll_usb.c **** 
 3094              		.loc 1 2264 11 view .LVU1058
 3095              	.LVL359:
2267:Drivers/STM32F1xx_HAL_Driver/Src/stm32f1xx_ll_usb.c ****         }
 3096              		.loc 1 2267 11 view .LVU1059
 3097 0420 2289     		ldrh	r2, [r4, #8]
 3098              	.LVL360:
2267:Drivers/STM32F1xx_HAL_Driver/Src/stm32f1xx_ll_usb.c ****         }
 3099              		.loc 1 2267 11 is_stmt 0 view .LVU1060
 3100 0422 6169     		ldr	r1, [r4, #20]
2267:Drivers/STM32F1xx_HAL_Driver/Src/stm32f1xx_ll_usb.c ****         }
 3101              		.loc 1 2267 11 view .LVU1061
 3102 0424 2846     		mov	r0, r5
 3103              	.LVL361:
2267:Drivers/STM32F1xx_HAL_Driver/Src/stm32f1xx_ll_usb.c ****         }
 3104              		.loc 1 2267 11 view .LVU1062
 3105 0426 FFF7FEFF 		bl	USB_WritePMA
 3106              	.LVL362:
2267:Drivers/STM32F1xx_HAL_Driver/Src/stm32f1xx_ll_usb.c ****         }
 3107              		.loc 1 2267 11 view .LVU1063
 3108 042a 79E6     		b	.L77
ARM GAS  /tmp/ccZyOP9D.s 			page 114


 3109              	.LVL363:
 3110              	.L111:
 3111              	.LBB94:
 3112              	.LBB69:
 3113              	.LBB68:
2284:Drivers/STM32F1xx_HAL_Driver/Src/stm32f1xx_ll_usb.c ****           pmabuffer = ep->pmaaddr1;
 3114              		.loc 1 2284 11 is_stmt 1 discriminator 4 view .LVU1064
 3115 042c 3E2E     		cmp	r6, #62
 3116 042e 09D8     		bhi	.L113
2284:Drivers/STM32F1xx_HAL_Driver/Src/stm32f1xx_ll_usb.c ****           pmabuffer = ep->pmaaddr1;
 3117              		.loc 1 2284 11 discriminator 6 view .LVU1065
2284:Drivers/STM32F1xx_HAL_Driver/Src/stm32f1xx_ll_usb.c ****           pmabuffer = ep->pmaaddr1;
 3118              		.loc 1 2284 11 discriminator 6 view .LVU1066
 3119 0430 7208     		lsrs	r2, r6, #1
 3120              	.LVL364:
2284:Drivers/STM32F1xx_HAL_Driver/Src/stm32f1xx_ll_usb.c ****           pmabuffer = ep->pmaaddr1;
 3121              		.loc 1 2284 11 view .LVU1067
2284:Drivers/STM32F1xx_HAL_Driver/Src/stm32f1xx_ll_usb.c ****           pmabuffer = ep->pmaaddr1;
 3122              		.loc 1 2284 11 is_stmt 0 discriminator 6 view .LVU1068
 3123 0432 16F0010F 		tst	r6, #1
 3124 0436 00D0     		beq	.L114
2284:Drivers/STM32F1xx_HAL_Driver/Src/stm32f1xx_ll_usb.c ****           pmabuffer = ep->pmaaddr1;
 3125              		.loc 1 2284 11 is_stmt 1 discriminator 8 view .LVU1069
 3126 0438 0132     		adds	r2, r2, #1
 3127              	.LVL365:
 3128              	.L114:
2284:Drivers/STM32F1xx_HAL_Driver/Src/stm32f1xx_ll_usb.c ****           pmabuffer = ep->pmaaddr1;
 3129              		.loc 1 2284 11 discriminator 10 view .LVU1070
 3130 043a 9202     		lsls	r2, r2, #10
 3131              	.LVL366:
2284:Drivers/STM32F1xx_HAL_Driver/Src/stm32f1xx_ll_usb.c ****           pmabuffer = ep->pmaaddr1;
 3132              		.loc 1 2284 11 is_stmt 0 discriminator 10 view .LVU1071
 3133 043c 92B2     		uxth	r2, r2
 3134 043e A3F80C24 		strh	r2, [r3, #1036]	@ movhi
2284:Drivers/STM32F1xx_HAL_Driver/Src/stm32f1xx_ll_usb.c ****           pmabuffer = ep->pmaaddr1;
 3135              		.loc 1 2284 11 is_stmt 1 view .LVU1072
 3136 0442 0EE0     		b	.L112
 3137              	.LVL367:
 3138              	.L113:
2284:Drivers/STM32F1xx_HAL_Driver/Src/stm32f1xx_ll_usb.c ****           pmabuffer = ep->pmaaddr1;
 3139              		.loc 1 2284 11 discriminator 7 view .LVU1073
2284:Drivers/STM32F1xx_HAL_Driver/Src/stm32f1xx_ll_usb.c ****           pmabuffer = ep->pmaaddr1;
 3140              		.loc 1 2284 11 discriminator 7 view .LVU1074
 3141 0444 7209     		lsrs	r2, r6, #5
 3142              	.LVL368:
2284:Drivers/STM32F1xx_HAL_Driver/Src/stm32f1xx_ll_usb.c ****           pmabuffer = ep->pmaaddr1;
 3143              		.loc 1 2284 11 view .LVU1075
2284:Drivers/STM32F1xx_HAL_Driver/Src/stm32f1xx_ll_usb.c ****           pmabuffer = ep->pmaaddr1;
 3144              		.loc 1 2284 11 is_stmt 0 discriminator 7 view .LVU1076
 3145 0446 16F01F0F 		tst	r6, #31
 3146 044a 00D1     		bne	.L115
2284:Drivers/STM32F1xx_HAL_Driver/Src/stm32f1xx_ll_usb.c ****           pmabuffer = ep->pmaaddr1;
 3147              		.loc 1 2284 11 is_stmt 1 discriminator 12 view .LVU1077
 3148 044c 013A     		subs	r2, r2, #1
 3149              	.LVL369:
 3150              	.L115:
2284:Drivers/STM32F1xx_HAL_Driver/Src/stm32f1xx_ll_usb.c ****           pmabuffer = ep->pmaaddr1;
ARM GAS  /tmp/ccZyOP9D.s 			page 115


 3151              		.loc 1 2284 11 discriminator 14 view .LVU1078
 3152 044e 6FEAC262 		mvn	r2, r2, lsl #27
 3153              	.LVL370:
2284:Drivers/STM32F1xx_HAL_Driver/Src/stm32f1xx_ll_usb.c ****           pmabuffer = ep->pmaaddr1;
 3154              		.loc 1 2284 11 is_stmt 0 discriminator 14 view .LVU1079
 3155 0452 6FEA5242 		mvn	r2, r2, lsr #17
 3156 0456 92B2     		uxth	r2, r2
 3157 0458 A3F80C24 		strh	r2, [r3, #1036]	@ movhi
 3158 045c 01E0     		b	.L112
 3159              	.LVL371:
 3160              	.L110:
2284:Drivers/STM32F1xx_HAL_Driver/Src/stm32f1xx_ll_usb.c ****           pmabuffer = ep->pmaaddr1;
 3161              		.loc 1 2284 11 discriminator 14 view .LVU1080
 3162              	.LBE68:
 3163              	.LBE69:
2284:Drivers/STM32F1xx_HAL_Driver/Src/stm32f1xx_ll_usb.c ****           pmabuffer = ep->pmaaddr1;
 3164              		.loc 1 2284 11 is_stmt 1 discriminator 2 view .LVU1081
 3165 045e 012A     		cmp	r2, #1
 3166 0460 26D0     		beq	.L180
 3167              	.LVL372:
 3168              	.L112:
2284:Drivers/STM32F1xx_HAL_Driver/Src/stm32f1xx_ll_usb.c ****           pmabuffer = ep->pmaaddr1;
 3169              		.loc 1 2284 11 is_stmt 0 discriminator 2 view .LVU1082
 3170              	.LBE94:
2284:Drivers/STM32F1xx_HAL_Driver/Src/stm32f1xx_ll_usb.c ****           pmabuffer = ep->pmaaddr1;
 3171              		.loc 1 2284 11 is_stmt 1 discriminator 18 view .LVU1083
2285:Drivers/STM32F1xx_HAL_Driver/Src/stm32f1xx_ll_usb.c **** 
 3172              		.loc 1 2285 11 view .LVU1084
2288:Drivers/STM32F1xx_HAL_Driver/Src/stm32f1xx_ll_usb.c ****           ep->xfer_buff += len;
 3173              		.loc 1 2288 11 view .LVU1085
 3174 0462 B3B2     		uxth	r3, r6
 3175 0464 6289     		ldrh	r2, [r4, #10]
 3176 0466 6169     		ldr	r1, [r4, #20]
 3177              	.LVL373:
2288:Drivers/STM32F1xx_HAL_Driver/Src/stm32f1xx_ll_usb.c ****           ep->xfer_buff += len;
 3178              		.loc 1 2288 11 is_stmt 0 view .LVU1086
 3179 0468 2846     		mov	r0, r5
 3180              	.LVL374:
2288:Drivers/STM32F1xx_HAL_Driver/Src/stm32f1xx_ll_usb.c ****           ep->xfer_buff += len;
 3181              		.loc 1 2288 11 view .LVU1087
 3182 046a FFF7FEFF 		bl	USB_WritePMA
 3183              	.LVL375:
2289:Drivers/STM32F1xx_HAL_Driver/Src/stm32f1xx_ll_usb.c **** 
 3184              		.loc 1 2289 11 is_stmt 1 view .LVU1088
2289:Drivers/STM32F1xx_HAL_Driver/Src/stm32f1xx_ll_usb.c **** 
 3185              		.loc 1 2289 13 is_stmt 0 view .LVU1089
 3186 046e 6369     		ldr	r3, [r4, #20]
2289:Drivers/STM32F1xx_HAL_Driver/Src/stm32f1xx_ll_usb.c **** 
 3187              		.loc 1 2289 25 view .LVU1090
 3188 0470 3344     		add	r3, r3, r6
 3189 0472 6361     		str	r3, [r4, #20]
2291:Drivers/STM32F1xx_HAL_Driver/Src/stm32f1xx_ll_usb.c ****           {
 3190              		.loc 1 2291 11 is_stmt 1 view .LVU1091
2291:Drivers/STM32F1xx_HAL_Driver/Src/stm32f1xx_ll_usb.c ****           {
 3191              		.loc 1 2291 17 is_stmt 0 view .LVU1092
 3192 0474 236A     		ldr	r3, [r4, #32]
2291:Drivers/STM32F1xx_HAL_Driver/Src/stm32f1xx_ll_usb.c ****           {
ARM GAS  /tmp/ccZyOP9D.s 			page 116


 3193              		.loc 1 2291 35 view .LVU1093
 3194 0476 2269     		ldr	r2, [r4, #16]
2291:Drivers/STM32F1xx_HAL_Driver/Src/stm32f1xx_ll_usb.c ****           {
 3195              		.loc 1 2291 14 view .LVU1094
 3196 0478 9342     		cmp	r3, r2
 3197 047a 23D9     		bls	.L116
2293:Drivers/STM32F1xx_HAL_Driver/Src/stm32f1xx_ll_usb.c ****           }
 3198              		.loc 1 2293 13 is_stmt 1 view .LVU1095
2293:Drivers/STM32F1xx_HAL_Driver/Src/stm32f1xx_ll_usb.c ****           }
 3199              		.loc 1 2293 29 is_stmt 0 view .LVU1096
 3200 047c 9B1B     		subs	r3, r3, r6
 3201 047e 2362     		str	r3, [r4, #32]
 3202              	.L117:
2301:Drivers/STM32F1xx_HAL_Driver/Src/stm32f1xx_ll_usb.c ****           {
 3203              		.loc 1 2301 11 is_stmt 1 view .LVU1097
2301:Drivers/STM32F1xx_HAL_Driver/Src/stm32f1xx_ll_usb.c ****           {
 3204              		.loc 1 2301 14 is_stmt 0 view .LVU1098
 3205 0480 002E     		cmp	r6, #0
 3206 0482 3FF44DAE 		beq	.L77
2304:Drivers/STM32F1xx_HAL_Driver/Src/stm32f1xx_ll_usb.c ****             pmabuffer = ep->pmaaddr0;
 3207              		.loc 1 2304 13 is_stmt 1 view .LVU1099
2304:Drivers/STM32F1xx_HAL_Driver/Src/stm32f1xx_ll_usb.c ****             pmabuffer = ep->pmaaddr0;
 3208              		.loc 1 2304 13 view .LVU1100
 3209 0486 6378     		ldrb	r3, [r4, #1]	@ zero_extendqisi2
 3210 0488 6BBB     		cbnz	r3, .L118
2304:Drivers/STM32F1xx_HAL_Driver/Src/stm32f1xx_ll_usb.c ****             pmabuffer = ep->pmaaddr0;
 3211              		.loc 1 2304 13 discriminator 1 view .LVU1101
 3212              	.LBB95:
2304:Drivers/STM32F1xx_HAL_Driver/Src/stm32f1xx_ll_usb.c ****             pmabuffer = ep->pmaaddr0;
 3213              		.loc 1 2304 13 discriminator 1 view .LVU1102
 3214              	.LVL376:
2304:Drivers/STM32F1xx_HAL_Driver/Src/stm32f1xx_ll_usb.c ****             pmabuffer = ep->pmaaddr0;
 3215              		.loc 1 2304 13 view .LVU1103
2304:Drivers/STM32F1xx_HAL_Driver/Src/stm32f1xx_ll_usb.c ****             pmabuffer = ep->pmaaddr0;
 3216              		.loc 1 2304 13 view .LVU1104
2304:Drivers/STM32F1xx_HAL_Driver/Src/stm32f1xx_ll_usb.c ****             pmabuffer = ep->pmaaddr0;
 3217              		.loc 1 2304 13 is_stmt 0 discriminator 1 view .LVU1105
 3218 048a B5F85030 		ldrh	r3, [r5, #80]
 3219 048e 9BB2     		uxth	r3, r3
 3220 0490 2B44     		add	r3, r3, r5
 3221              	.LVL377:
2304:Drivers/STM32F1xx_HAL_Driver/Src/stm32f1xx_ll_usb.c ****             pmabuffer = ep->pmaaddr0;
 3222              		.loc 1 2304 13 is_stmt 1 view .LVU1106
2304:Drivers/STM32F1xx_HAL_Driver/Src/stm32f1xx_ll_usb.c ****             pmabuffer = ep->pmaaddr0;
 3223              		.loc 1 2304 13 is_stmt 0 discriminator 1 view .LVU1107
 3224 0492 2278     		ldrb	r2, [r4]	@ zero_extendqisi2
 3225 0494 03EB0213 		add	r3, r3, r2, lsl #4
 3226              	.LVL378:
2304:Drivers/STM32F1xx_HAL_Driver/Src/stm32f1xx_ll_usb.c ****             pmabuffer = ep->pmaaddr0;
 3227              		.loc 1 2304 13 is_stmt 1 view .LVU1108
 3228              	.LBB96:
2304:Drivers/STM32F1xx_HAL_Driver/Src/stm32f1xx_ll_usb.c ****             pmabuffer = ep->pmaaddr0;
 3229              		.loc 1 2304 13 view .LVU1109
2304:Drivers/STM32F1xx_HAL_Driver/Src/stm32f1xx_ll_usb.c ****             pmabuffer = ep->pmaaddr0;
 3230              		.loc 1 2304 13 view .LVU1110
2304:Drivers/STM32F1xx_HAL_Driver/Src/stm32f1xx_ll_usb.c ****             pmabuffer = ep->pmaaddr0;
 3231              		.loc 1 2304 13 discriminator 4 view .LVU1111
ARM GAS  /tmp/ccZyOP9D.s 			page 117


 3232 0498 3E2E     		cmp	r6, #62
 3233 049a 17D8     		bhi	.L119
2304:Drivers/STM32F1xx_HAL_Driver/Src/stm32f1xx_ll_usb.c ****             pmabuffer = ep->pmaaddr0;
 3234              		.loc 1 2304 13 discriminator 6 view .LVU1112
2304:Drivers/STM32F1xx_HAL_Driver/Src/stm32f1xx_ll_usb.c ****             pmabuffer = ep->pmaaddr0;
 3235              		.loc 1 2304 13 discriminator 6 view .LVU1113
 3236 049c 7208     		lsrs	r2, r6, #1
 3237              	.LVL379:
2304:Drivers/STM32F1xx_HAL_Driver/Src/stm32f1xx_ll_usb.c ****             pmabuffer = ep->pmaaddr0;
 3238              		.loc 1 2304 13 view .LVU1114
2304:Drivers/STM32F1xx_HAL_Driver/Src/stm32f1xx_ll_usb.c ****             pmabuffer = ep->pmaaddr0;
 3239              		.loc 1 2304 13 is_stmt 0 discriminator 6 view .LVU1115
 3240 049e 16F0010F 		tst	r6, #1
 3241 04a2 00D0     		beq	.L120
2304:Drivers/STM32F1xx_HAL_Driver/Src/stm32f1xx_ll_usb.c ****             pmabuffer = ep->pmaaddr0;
 3242              		.loc 1 2304 13 is_stmt 1 discriminator 8 view .LVU1116
 3243 04a4 0132     		adds	r2, r2, #1
 3244              	.LVL380:
 3245              	.L120:
2304:Drivers/STM32F1xx_HAL_Driver/Src/stm32f1xx_ll_usb.c ****             pmabuffer = ep->pmaaddr0;
 3246              		.loc 1 2304 13 discriminator 10 view .LVU1117
 3247 04a6 9202     		lsls	r2, r2, #10
 3248              	.LVL381:
2304:Drivers/STM32F1xx_HAL_Driver/Src/stm32f1xx_ll_usb.c ****             pmabuffer = ep->pmaaddr0;
 3249              		.loc 1 2304 13 is_stmt 0 discriminator 10 view .LVU1118
 3250 04a8 92B2     		uxth	r2, r2
 3251 04aa A3F80424 		strh	r2, [r3, #1028]	@ movhi
2304:Drivers/STM32F1xx_HAL_Driver/Src/stm32f1xx_ll_usb.c ****             pmabuffer = ep->pmaaddr0;
 3252              		.loc 1 2304 13 is_stmt 1 view .LVU1119
 3253 04ae 1CE0     		b	.L121
 3254              	.LVL382:
 3255              	.L180:
2304:Drivers/STM32F1xx_HAL_Driver/Src/stm32f1xx_ll_usb.c ****             pmabuffer = ep->pmaaddr0;
 3256              		.loc 1 2304 13 is_stmt 0 view .LVU1120
 3257              	.LBE96:
 3258              	.LBE95:
 3259              	.LBB98:
2284:Drivers/STM32F1xx_HAL_Driver/Src/stm32f1xx_ll_usb.c ****           pmabuffer = ep->pmaaddr1;
 3260              		.loc 1 2284 11 is_stmt 1 discriminator 16 view .LVU1121
 3261 04b0 B5F85020 		ldrh	r2, [r5, #80]
 3262 04b4 92B2     		uxth	r2, r2
 3263 04b6 2A44     		add	r2, r2, r5
 3264              	.LVL383:
2284:Drivers/STM32F1xx_HAL_Driver/Src/stm32f1xx_ll_usb.c ****           pmabuffer = ep->pmaaddr1;
 3265              		.loc 1 2284 11 view .LVU1122
2284:Drivers/STM32F1xx_HAL_Driver/Src/stm32f1xx_ll_usb.c ****           pmabuffer = ep->pmaaddr1;
 3266              		.loc 1 2284 11 is_stmt 0 discriminator 16 view .LVU1123
 3267 04b8 02EB0313 		add	r3, r2, r3, lsl #4
 3268              	.LVL384:
2284:Drivers/STM32F1xx_HAL_Driver/Src/stm32f1xx_ll_usb.c ****           pmabuffer = ep->pmaaddr1;
 3269              		.loc 1 2284 11 is_stmt 1 view .LVU1124
2284:Drivers/STM32F1xx_HAL_Driver/Src/stm32f1xx_ll_usb.c ****           pmabuffer = ep->pmaaddr1;
 3270              		.loc 1 2284 11 is_stmt 0 discriminator 16 view .LVU1125
 3271 04bc B2B2     		uxth	r2, r6
 3272              	.LVL385:
2284:Drivers/STM32F1xx_HAL_Driver/Src/stm32f1xx_ll_usb.c ****           pmabuffer = ep->pmaaddr1;
 3273              		.loc 1 2284 11 discriminator 16 view .LVU1126
ARM GAS  /tmp/ccZyOP9D.s 			page 118


 3274 04be A3F80C24 		strh	r2, [r3, #1036]	@ movhi
 3275 04c2 CEE7     		b	.L112
 3276              	.LVL386:
 3277              	.L116:
2284:Drivers/STM32F1xx_HAL_Driver/Src/stm32f1xx_ll_usb.c ****           pmabuffer = ep->pmaaddr1;
 3278              		.loc 1 2284 11 discriminator 16 view .LVU1127
 3279              	.LBE98:
2297:Drivers/STM32F1xx_HAL_Driver/Src/stm32f1xx_ll_usb.c ****             ep->xfer_len_db = 0U;
 3280              		.loc 1 2297 13 is_stmt 1 view .LVU1128
2298:Drivers/STM32F1xx_HAL_Driver/Src/stm32f1xx_ll_usb.c ****           }
 3281              		.loc 1 2298 13 view .LVU1129
2298:Drivers/STM32F1xx_HAL_Driver/Src/stm32f1xx_ll_usb.c ****           }
 3282              		.loc 1 2298 29 is_stmt 0 view .LVU1130
 3283 04c4 0022     		movs	r2, #0
 3284 04c6 2262     		str	r2, [r4, #32]
2297:Drivers/STM32F1xx_HAL_Driver/Src/stm32f1xx_ll_usb.c ****             ep->xfer_len_db = 0U;
 3285              		.loc 1 2297 17 view .LVU1131
 3286 04c8 1E46     		mov	r6, r3
 3287 04ca D9E7     		b	.L117
 3288              	.LVL387:
 3289              	.L119:
 3290              	.LBB99:
 3291              	.LBB97:
2304:Drivers/STM32F1xx_HAL_Driver/Src/stm32f1xx_ll_usb.c ****             pmabuffer = ep->pmaaddr0;
 3292              		.loc 1 2304 13 is_stmt 1 discriminator 7 view .LVU1132
2304:Drivers/STM32F1xx_HAL_Driver/Src/stm32f1xx_ll_usb.c ****             pmabuffer = ep->pmaaddr0;
 3293              		.loc 1 2304 13 discriminator 7 view .LVU1133
 3294 04cc 7209     		lsrs	r2, r6, #5
 3295              	.LVL388:
2304:Drivers/STM32F1xx_HAL_Driver/Src/stm32f1xx_ll_usb.c ****             pmabuffer = ep->pmaaddr0;
 3296              		.loc 1 2304 13 view .LVU1134
2304:Drivers/STM32F1xx_HAL_Driver/Src/stm32f1xx_ll_usb.c ****             pmabuffer = ep->pmaaddr0;
 3297              		.loc 1 2304 13 is_stmt 0 discriminator 7 view .LVU1135
 3298 04ce 16F01F0F 		tst	r6, #31
 3299 04d2 00D1     		bne	.L122
2304:Drivers/STM32F1xx_HAL_Driver/Src/stm32f1xx_ll_usb.c ****             pmabuffer = ep->pmaaddr0;
 3300              		.loc 1 2304 13 is_stmt 1 discriminator 12 view .LVU1136
 3301 04d4 013A     		subs	r2, r2, #1
 3302              	.LVL389:
 3303              	.L122:
2304:Drivers/STM32F1xx_HAL_Driver/Src/stm32f1xx_ll_usb.c ****             pmabuffer = ep->pmaaddr0;
 3304              		.loc 1 2304 13 discriminator 14 view .LVU1137
 3305 04d6 6FEAC262 		mvn	r2, r2, lsl #27
 3306              	.LVL390:
2304:Drivers/STM32F1xx_HAL_Driver/Src/stm32f1xx_ll_usb.c ****             pmabuffer = ep->pmaaddr0;
 3307              		.loc 1 2304 13 is_stmt 0 discriminator 14 view .LVU1138
 3308 04da 6FEA5242 		mvn	r2, r2, lsr #17
 3309 04de 92B2     		uxth	r2, r2
 3310 04e0 A3F80424 		strh	r2, [r3, #1028]	@ movhi
 3311 04e4 01E0     		b	.L121
 3312              	.LVL391:
 3313              	.L118:
2304:Drivers/STM32F1xx_HAL_Driver/Src/stm32f1xx_ll_usb.c ****             pmabuffer = ep->pmaaddr0;
 3314              		.loc 1 2304 13 discriminator 14 view .LVU1139
 3315              	.LBE97:
 3316              	.LBE99:
2304:Drivers/STM32F1xx_HAL_Driver/Src/stm32f1xx_ll_usb.c ****             pmabuffer = ep->pmaaddr0;
ARM GAS  /tmp/ccZyOP9D.s 			page 119


 3317              		.loc 1 2304 13 is_stmt 1 discriminator 2 view .LVU1140
 3318 04e6 012B     		cmp	r3, #1
 3319 04e8 06D0     		beq	.L181
 3320              	.L121:
2304:Drivers/STM32F1xx_HAL_Driver/Src/stm32f1xx_ll_usb.c ****             pmabuffer = ep->pmaaddr0;
 3321              		.loc 1 2304 13 discriminator 18 view .LVU1141
2304:Drivers/STM32F1xx_HAL_Driver/Src/stm32f1xx_ll_usb.c ****             pmabuffer = ep->pmaaddr0;
 3322              		.loc 1 2304 13 discriminator 18 view .LVU1142
2305:Drivers/STM32F1xx_HAL_Driver/Src/stm32f1xx_ll_usb.c **** 
 3323              		.loc 1 2305 13 view .LVU1143
 3324              	.LVL392:
2308:Drivers/STM32F1xx_HAL_Driver/Src/stm32f1xx_ll_usb.c ****           }
 3325              		.loc 1 2308 13 view .LVU1144
 3326 04ea B3B2     		uxth	r3, r6
 3327 04ec 2289     		ldrh	r2, [r4, #8]
 3328 04ee 6169     		ldr	r1, [r4, #20]
 3329 04f0 2846     		mov	r0, r5
 3330 04f2 FFF7FEFF 		bl	USB_WritePMA
 3331              	.LVL393:
2308:Drivers/STM32F1xx_HAL_Driver/Src/stm32f1xx_ll_usb.c ****           }
 3332              		.loc 1 2308 13 is_stmt 0 view .LVU1145
 3333 04f6 13E6     		b	.L77
 3334              	.L181:
2304:Drivers/STM32F1xx_HAL_Driver/Src/stm32f1xx_ll_usb.c ****             pmabuffer = ep->pmaaddr0;
 3335              		.loc 1 2304 13 is_stmt 1 discriminator 16 view .LVU1146
 3336              	.LBB100:
2304:Drivers/STM32F1xx_HAL_Driver/Src/stm32f1xx_ll_usb.c ****             pmabuffer = ep->pmaaddr0;
 3337              		.loc 1 2304 13 discriminator 16 view .LVU1147
 3338              	.LVL394:
2304:Drivers/STM32F1xx_HAL_Driver/Src/stm32f1xx_ll_usb.c ****             pmabuffer = ep->pmaaddr0;
 3339              		.loc 1 2304 13 view .LVU1148
2304:Drivers/STM32F1xx_HAL_Driver/Src/stm32f1xx_ll_usb.c ****             pmabuffer = ep->pmaaddr0;
 3340              		.loc 1 2304 13 view .LVU1149
2304:Drivers/STM32F1xx_HAL_Driver/Src/stm32f1xx_ll_usb.c ****             pmabuffer = ep->pmaaddr0;
 3341              		.loc 1 2304 13 is_stmt 0 discriminator 16 view .LVU1150
 3342 04f8 B5F85030 		ldrh	r3, [r5, #80]
 3343 04fc 9BB2     		uxth	r3, r3
 3344 04fe 2B44     		add	r3, r3, r5
 3345              	.LVL395:
2304:Drivers/STM32F1xx_HAL_Driver/Src/stm32f1xx_ll_usb.c ****             pmabuffer = ep->pmaaddr0;
 3346              		.loc 1 2304 13 is_stmt 1 view .LVU1151
2304:Drivers/STM32F1xx_HAL_Driver/Src/stm32f1xx_ll_usb.c ****             pmabuffer = ep->pmaaddr0;
 3347              		.loc 1 2304 13 is_stmt 0 discriminator 16 view .LVU1152
 3348 0500 2278     		ldrb	r2, [r4]	@ zero_extendqisi2
 3349 0502 03EB0213 		add	r3, r3, r2, lsl #4
 3350              	.LVL396:
2304:Drivers/STM32F1xx_HAL_Driver/Src/stm32f1xx_ll_usb.c ****             pmabuffer = ep->pmaaddr0;
 3351              		.loc 1 2304 13 is_stmt 1 view .LVU1153
2304:Drivers/STM32F1xx_HAL_Driver/Src/stm32f1xx_ll_usb.c ****             pmabuffer = ep->pmaaddr0;
 3352              		.loc 1 2304 13 is_stmt 0 discriminator 16 view .LVU1154
 3353 0506 B2B2     		uxth	r2, r6
 3354 0508 A3F80424 		strh	r2, [r3, #1028]	@ movhi
 3355 050c EDE7     		b	.L121
 3356              	.LVL397:
 3357              	.L109:
2304:Drivers/STM32F1xx_HAL_Driver/Src/stm32f1xx_ll_usb.c ****             pmabuffer = ep->pmaaddr0;
 3358              		.loc 1 2304 13 discriminator 16 view .LVU1155
ARM GAS  /tmp/ccZyOP9D.s 			page 120


 3359              	.LBE100:
2314:Drivers/STM32F1xx_HAL_Driver/Src/stm32f1xx_ll_usb.c ****           pmabuffer = ep->pmaaddr0;
 3360              		.loc 1 2314 11 is_stmt 1 view .LVU1156
2314:Drivers/STM32F1xx_HAL_Driver/Src/stm32f1xx_ll_usb.c ****           pmabuffer = ep->pmaaddr0;
 3361              		.loc 1 2314 11 view .LVU1157
 3362 050e 6278     		ldrb	r2, [r4, #1]	@ zero_extendqisi2
 3363 0510 8ABB     		cbnz	r2, .L123
2314:Drivers/STM32F1xx_HAL_Driver/Src/stm32f1xx_ll_usb.c ****           pmabuffer = ep->pmaaddr0;
 3364              		.loc 1 2314 11 discriminator 1 view .LVU1158
 3365              	.LBB101:
2314:Drivers/STM32F1xx_HAL_Driver/Src/stm32f1xx_ll_usb.c ****           pmabuffer = ep->pmaaddr0;
 3366              		.loc 1 2314 11 discriminator 1 view .LVU1159
 3367              	.LVL398:
2314:Drivers/STM32F1xx_HAL_Driver/Src/stm32f1xx_ll_usb.c ****           pmabuffer = ep->pmaaddr0;
 3368              		.loc 1 2314 11 view .LVU1160
2314:Drivers/STM32F1xx_HAL_Driver/Src/stm32f1xx_ll_usb.c ****           pmabuffer = ep->pmaaddr0;
 3369              		.loc 1 2314 11 view .LVU1161
2314:Drivers/STM32F1xx_HAL_Driver/Src/stm32f1xx_ll_usb.c ****           pmabuffer = ep->pmaaddr0;
 3370              		.loc 1 2314 11 is_stmt 0 discriminator 1 view .LVU1162
 3371 0512 B5F85020 		ldrh	r2, [r5, #80]
 3372 0516 92B2     		uxth	r2, r2
 3373 0518 2A44     		add	r2, r2, r5
 3374              	.LVL399:
2314:Drivers/STM32F1xx_HAL_Driver/Src/stm32f1xx_ll_usb.c ****           pmabuffer = ep->pmaaddr0;
 3375              		.loc 1 2314 11 is_stmt 1 view .LVU1163
2314:Drivers/STM32F1xx_HAL_Driver/Src/stm32f1xx_ll_usb.c ****           pmabuffer = ep->pmaaddr0;
 3376              		.loc 1 2314 11 is_stmt 0 discriminator 1 view .LVU1164
 3377 051a 02EB0313 		add	r3, r2, r3, lsl #4
 3378              	.LVL400:
2314:Drivers/STM32F1xx_HAL_Driver/Src/stm32f1xx_ll_usb.c ****           pmabuffer = ep->pmaaddr0;
 3379              		.loc 1 2314 11 is_stmt 1 view .LVU1165
 3380              	.LBB102:
2314:Drivers/STM32F1xx_HAL_Driver/Src/stm32f1xx_ll_usb.c ****           pmabuffer = ep->pmaaddr0;
 3381              		.loc 1 2314 11 view .LVU1166
2314:Drivers/STM32F1xx_HAL_Driver/Src/stm32f1xx_ll_usb.c ****           pmabuffer = ep->pmaaddr0;
 3382              		.loc 1 2314 11 view .LVU1167
2314:Drivers/STM32F1xx_HAL_Driver/Src/stm32f1xx_ll_usb.c ****           pmabuffer = ep->pmaaddr0;
 3383              		.loc 1 2314 11 is_stmt 0 discriminator 1 view .LVU1168
 3384 051e 8EB9     		cbnz	r6, .L124
2314:Drivers/STM32F1xx_HAL_Driver/Src/stm32f1xx_ll_usb.c ****           pmabuffer = ep->pmaaddr0;
 3385              		.loc 1 2314 11 is_stmt 1 discriminator 3 view .LVU1169
 3386 0520 B3F80424 		ldrh	r2, [r3, #1028]
 3387              	.LVL401:
2314:Drivers/STM32F1xx_HAL_Driver/Src/stm32f1xx_ll_usb.c ****           pmabuffer = ep->pmaaddr0;
 3388              		.loc 1 2314 11 is_stmt 0 discriminator 3 view .LVU1170
 3389 0524 92B2     		uxth	r2, r2
 3390 0526 22F4F842 		bic	r2, r2, #31744
 3391 052a 92B2     		uxth	r2, r2
 3392 052c A3F80424 		strh	r2, [r3, #1028]	@ movhi
2314:Drivers/STM32F1xx_HAL_Driver/Src/stm32f1xx_ll_usb.c ****           pmabuffer = ep->pmaaddr0;
 3393              		.loc 1 2314 11 is_stmt 1 view .LVU1171
2314:Drivers/STM32F1xx_HAL_Driver/Src/stm32f1xx_ll_usb.c ****           pmabuffer = ep->pmaaddr0;
 3394              		.loc 1 2314 11 is_stmt 0 discriminator 3 view .LVU1172
 3395 0530 B3F80424 		ldrh	r2, [r3, #1028]
 3396 0534 6FEA4242 		mvn	r2, r2, lsl #17
 3397 0538 6FEA5242 		mvn	r2, r2, lsr #17
 3398 053c 92B2     		uxth	r2, r2
ARM GAS  /tmp/ccZyOP9D.s 			page 121


 3399 053e A3F80424 		strh	r2, [r3, #1028]	@ movhi
 3400 0542 1AE0     		b	.L125
 3401              	.LVL402:
 3402              	.L124:
2314:Drivers/STM32F1xx_HAL_Driver/Src/stm32f1xx_ll_usb.c ****           pmabuffer = ep->pmaaddr0;
 3403              		.loc 1 2314 11 is_stmt 1 discriminator 4 view .LVU1173
 3404 0544 3E2E     		cmp	r6, #62
 3405 0546 09D8     		bhi	.L126
2314:Drivers/STM32F1xx_HAL_Driver/Src/stm32f1xx_ll_usb.c ****           pmabuffer = ep->pmaaddr0;
 3406              		.loc 1 2314 11 discriminator 6 view .LVU1174
2314:Drivers/STM32F1xx_HAL_Driver/Src/stm32f1xx_ll_usb.c ****           pmabuffer = ep->pmaaddr0;
 3407              		.loc 1 2314 11 discriminator 6 view .LVU1175
 3408 0548 7208     		lsrs	r2, r6, #1
 3409              	.LVL403:
2314:Drivers/STM32F1xx_HAL_Driver/Src/stm32f1xx_ll_usb.c ****           pmabuffer = ep->pmaaddr0;
 3410              		.loc 1 2314 11 view .LVU1176
2314:Drivers/STM32F1xx_HAL_Driver/Src/stm32f1xx_ll_usb.c ****           pmabuffer = ep->pmaaddr0;
 3411              		.loc 1 2314 11 is_stmt 0 discriminator 6 view .LVU1177
 3412 054a 16F0010F 		tst	r6, #1
 3413 054e 00D0     		beq	.L127
2314:Drivers/STM32F1xx_HAL_Driver/Src/stm32f1xx_ll_usb.c ****           pmabuffer = ep->pmaaddr0;
 3414              		.loc 1 2314 11 is_stmt 1 discriminator 8 view .LVU1178
 3415 0550 0132     		adds	r2, r2, #1
 3416              	.LVL404:
 3417              	.L127:
2314:Drivers/STM32F1xx_HAL_Driver/Src/stm32f1xx_ll_usb.c ****           pmabuffer = ep->pmaaddr0;
 3418              		.loc 1 2314 11 discriminator 10 view .LVU1179
 3419 0552 9202     		lsls	r2, r2, #10
 3420              	.LVL405:
2314:Drivers/STM32F1xx_HAL_Driver/Src/stm32f1xx_ll_usb.c ****           pmabuffer = ep->pmaaddr0;
 3421              		.loc 1 2314 11 is_stmt 0 discriminator 10 view .LVU1180
 3422 0554 92B2     		uxth	r2, r2
 3423 0556 A3F80424 		strh	r2, [r3, #1028]	@ movhi
2314:Drivers/STM32F1xx_HAL_Driver/Src/stm32f1xx_ll_usb.c ****           pmabuffer = ep->pmaaddr0;
 3424              		.loc 1 2314 11 is_stmt 1 view .LVU1181
 3425 055a 0EE0     		b	.L125
 3426              	.LVL406:
 3427              	.L126:
2314:Drivers/STM32F1xx_HAL_Driver/Src/stm32f1xx_ll_usb.c ****           pmabuffer = ep->pmaaddr0;
 3428              		.loc 1 2314 11 discriminator 7 view .LVU1182
2314:Drivers/STM32F1xx_HAL_Driver/Src/stm32f1xx_ll_usb.c ****           pmabuffer = ep->pmaaddr0;
 3429              		.loc 1 2314 11 discriminator 7 view .LVU1183
 3430 055c 7209     		lsrs	r2, r6, #5
 3431              	.LVL407:
2314:Drivers/STM32F1xx_HAL_Driver/Src/stm32f1xx_ll_usb.c ****           pmabuffer = ep->pmaaddr0;
 3432              		.loc 1 2314 11 view .LVU1184
2314:Drivers/STM32F1xx_HAL_Driver/Src/stm32f1xx_ll_usb.c ****           pmabuffer = ep->pmaaddr0;
 3433              		.loc 1 2314 11 is_stmt 0 discriminator 7 view .LVU1185
 3434 055e 16F01F0F 		tst	r6, #31
 3435 0562 00D1     		bne	.L128
2314:Drivers/STM32F1xx_HAL_Driver/Src/stm32f1xx_ll_usb.c ****           pmabuffer = ep->pmaaddr0;
 3436              		.loc 1 2314 11 is_stmt 1 discriminator 12 view .LVU1186
 3437 0564 013A     		subs	r2, r2, #1
 3438              	.LVL408:
 3439              	.L128:
2314:Drivers/STM32F1xx_HAL_Driver/Src/stm32f1xx_ll_usb.c ****           pmabuffer = ep->pmaaddr0;
 3440              		.loc 1 2314 11 discriminator 14 view .LVU1187
ARM GAS  /tmp/ccZyOP9D.s 			page 122


 3441 0566 6FEAC262 		mvn	r2, r2, lsl #27
 3442              	.LVL409:
2314:Drivers/STM32F1xx_HAL_Driver/Src/stm32f1xx_ll_usb.c ****           pmabuffer = ep->pmaaddr0;
 3443              		.loc 1 2314 11 is_stmt 0 discriminator 14 view .LVU1188
 3444 056a 6FEA5242 		mvn	r2, r2, lsr #17
 3445 056e 92B2     		uxth	r2, r2
 3446 0570 A3F80424 		strh	r2, [r3, #1028]	@ movhi
 3447 0574 01E0     		b	.L125
 3448              	.LVL410:
 3449              	.L123:
2314:Drivers/STM32F1xx_HAL_Driver/Src/stm32f1xx_ll_usb.c ****           pmabuffer = ep->pmaaddr0;
 3450              		.loc 1 2314 11 discriminator 14 view .LVU1189
 3451              	.LBE102:
 3452              	.LBE101:
2314:Drivers/STM32F1xx_HAL_Driver/Src/stm32f1xx_ll_usb.c ****           pmabuffer = ep->pmaaddr0;
 3453              		.loc 1 2314 11 is_stmt 1 discriminator 2 view .LVU1190
 3454 0576 012A     		cmp	r2, #1
 3455 0578 26D0     		beq	.L182
 3456              	.L125:
2314:Drivers/STM32F1xx_HAL_Driver/Src/stm32f1xx_ll_usb.c ****           pmabuffer = ep->pmaaddr0;
 3457              		.loc 1 2314 11 discriminator 18 view .LVU1191
2314:Drivers/STM32F1xx_HAL_Driver/Src/stm32f1xx_ll_usb.c ****           pmabuffer = ep->pmaaddr0;
 3458              		.loc 1 2314 11 discriminator 18 view .LVU1192
2315:Drivers/STM32F1xx_HAL_Driver/Src/stm32f1xx_ll_usb.c **** 
 3459              		.loc 1 2315 11 view .LVU1193
 3460              	.LVL411:
2318:Drivers/STM32F1xx_HAL_Driver/Src/stm32f1xx_ll_usb.c ****           ep->xfer_buff += len;
 3461              		.loc 1 2318 11 view .LVU1194
 3462 057a B3B2     		uxth	r3, r6
 3463 057c 2289     		ldrh	r2, [r4, #8]
 3464 057e 6169     		ldr	r1, [r4, #20]
 3465              	.LVL412:
2318:Drivers/STM32F1xx_HAL_Driver/Src/stm32f1xx_ll_usb.c ****           ep->xfer_buff += len;
 3466              		.loc 1 2318 11 is_stmt 0 view .LVU1195
 3467 0580 2846     		mov	r0, r5
 3468              	.LVL413:
2318:Drivers/STM32F1xx_HAL_Driver/Src/stm32f1xx_ll_usb.c ****           ep->xfer_buff += len;
 3469              		.loc 1 2318 11 view .LVU1196
 3470 0582 FFF7FEFF 		bl	USB_WritePMA
 3471              	.LVL414:
2319:Drivers/STM32F1xx_HAL_Driver/Src/stm32f1xx_ll_usb.c **** 
 3472              		.loc 1 2319 11 is_stmt 1 view .LVU1197
2319:Drivers/STM32F1xx_HAL_Driver/Src/stm32f1xx_ll_usb.c **** 
 3473              		.loc 1 2319 13 is_stmt 0 view .LVU1198
 3474 0586 6369     		ldr	r3, [r4, #20]
2319:Drivers/STM32F1xx_HAL_Driver/Src/stm32f1xx_ll_usb.c **** 
 3475              		.loc 1 2319 25 view .LVU1199
 3476 0588 3344     		add	r3, r3, r6
 3477 058a 6361     		str	r3, [r4, #20]
2321:Drivers/STM32F1xx_HAL_Driver/Src/stm32f1xx_ll_usb.c ****           {
 3478              		.loc 1 2321 11 is_stmt 1 view .LVU1200
2321:Drivers/STM32F1xx_HAL_Driver/Src/stm32f1xx_ll_usb.c ****           {
 3479              		.loc 1 2321 17 is_stmt 0 view .LVU1201
 3480 058c 236A     		ldr	r3, [r4, #32]
2321:Drivers/STM32F1xx_HAL_Driver/Src/stm32f1xx_ll_usb.c ****           {
 3481              		.loc 1 2321 35 view .LVU1202
 3482 058e 2269     		ldr	r2, [r4, #16]
ARM GAS  /tmp/ccZyOP9D.s 			page 123


2321:Drivers/STM32F1xx_HAL_Driver/Src/stm32f1xx_ll_usb.c ****           {
 3483              		.loc 1 2321 14 view .LVU1203
 3484 0590 9342     		cmp	r3, r2
 3485 0592 23D9     		bls	.L129
2323:Drivers/STM32F1xx_HAL_Driver/Src/stm32f1xx_ll_usb.c ****           }
 3486              		.loc 1 2323 13 is_stmt 1 view .LVU1204
2323:Drivers/STM32F1xx_HAL_Driver/Src/stm32f1xx_ll_usb.c ****           }
 3487              		.loc 1 2323 29 is_stmt 0 view .LVU1205
 3488 0594 9B1B     		subs	r3, r3, r6
 3489 0596 2362     		str	r3, [r4, #32]
 3490              	.L130:
2331:Drivers/STM32F1xx_HAL_Driver/Src/stm32f1xx_ll_usb.c ****           {
 3491              		.loc 1 2331 11 is_stmt 1 view .LVU1206
2331:Drivers/STM32F1xx_HAL_Driver/Src/stm32f1xx_ll_usb.c ****           {
 3492              		.loc 1 2331 14 is_stmt 0 view .LVU1207
 3493 0598 002E     		cmp	r6, #0
 3494 059a 3FF4C1AD 		beq	.L77
2334:Drivers/STM32F1xx_HAL_Driver/Src/stm32f1xx_ll_usb.c ****             pmabuffer = ep->pmaaddr1;
 3495              		.loc 1 2334 13 is_stmt 1 view .LVU1208
 3496              	.LBB103:
2334:Drivers/STM32F1xx_HAL_Driver/Src/stm32f1xx_ll_usb.c ****             pmabuffer = ep->pmaaddr1;
 3497              		.loc 1 2334 13 view .LVU1209
 3498              	.LVL415:
2334:Drivers/STM32F1xx_HAL_Driver/Src/stm32f1xx_ll_usb.c ****             pmabuffer = ep->pmaaddr1;
 3499              		.loc 1 2334 13 view .LVU1210
2334:Drivers/STM32F1xx_HAL_Driver/Src/stm32f1xx_ll_usb.c ****             pmabuffer = ep->pmaaddr1;
 3500              		.loc 1 2334 13 view .LVU1211
 3501 059e 6378     		ldrb	r3, [r4, #1]	@ zero_extendqisi2
 3502 05a0 6BBB     		cbnz	r3, .L131
2334:Drivers/STM32F1xx_HAL_Driver/Src/stm32f1xx_ll_usb.c ****             pmabuffer = ep->pmaaddr1;
 3503              		.loc 1 2334 13 discriminator 1 view .LVU1212
 3504              	.LBB104:
2334:Drivers/STM32F1xx_HAL_Driver/Src/stm32f1xx_ll_usb.c ****             pmabuffer = ep->pmaaddr1;
 3505              		.loc 1 2334 13 discriminator 1 view .LVU1213
 3506              	.LVL416:
2334:Drivers/STM32F1xx_HAL_Driver/Src/stm32f1xx_ll_usb.c ****             pmabuffer = ep->pmaaddr1;
 3507              		.loc 1 2334 13 view .LVU1214
2334:Drivers/STM32F1xx_HAL_Driver/Src/stm32f1xx_ll_usb.c ****             pmabuffer = ep->pmaaddr1;
 3508              		.loc 1 2334 13 view .LVU1215
2334:Drivers/STM32F1xx_HAL_Driver/Src/stm32f1xx_ll_usb.c ****             pmabuffer = ep->pmaaddr1;
 3509              		.loc 1 2334 13 is_stmt 0 discriminator 1 view .LVU1216
 3510 05a2 B5F85030 		ldrh	r3, [r5, #80]
 3511 05a6 9BB2     		uxth	r3, r3
 3512 05a8 2B44     		add	r3, r3, r5
 3513              	.LVL417:
2334:Drivers/STM32F1xx_HAL_Driver/Src/stm32f1xx_ll_usb.c ****             pmabuffer = ep->pmaaddr1;
 3514              		.loc 1 2334 13 is_stmt 1 view .LVU1217
2334:Drivers/STM32F1xx_HAL_Driver/Src/stm32f1xx_ll_usb.c ****             pmabuffer = ep->pmaaddr1;
 3515              		.loc 1 2334 13 is_stmt 0 discriminator 1 view .LVU1218
 3516 05aa 2278     		ldrb	r2, [r4]	@ zero_extendqisi2
 3517 05ac 03EB0213 		add	r3, r3, r2, lsl #4
 3518              	.LVL418:
2334:Drivers/STM32F1xx_HAL_Driver/Src/stm32f1xx_ll_usb.c ****             pmabuffer = ep->pmaaddr1;
 3519              		.loc 1 2334 13 is_stmt 1 view .LVU1219
 3520              	.LBB105:
2334:Drivers/STM32F1xx_HAL_Driver/Src/stm32f1xx_ll_usb.c ****             pmabuffer = ep->pmaaddr1;
 3521              		.loc 1 2334 13 view .LVU1220
ARM GAS  /tmp/ccZyOP9D.s 			page 124


2334:Drivers/STM32F1xx_HAL_Driver/Src/stm32f1xx_ll_usb.c ****             pmabuffer = ep->pmaaddr1;
 3522              		.loc 1 2334 13 view .LVU1221
2334:Drivers/STM32F1xx_HAL_Driver/Src/stm32f1xx_ll_usb.c ****             pmabuffer = ep->pmaaddr1;
 3523              		.loc 1 2334 13 discriminator 4 view .LVU1222
 3524 05b0 3E2E     		cmp	r6, #62
 3525 05b2 17D8     		bhi	.L132
2334:Drivers/STM32F1xx_HAL_Driver/Src/stm32f1xx_ll_usb.c ****             pmabuffer = ep->pmaaddr1;
 3526              		.loc 1 2334 13 discriminator 6 view .LVU1223
2334:Drivers/STM32F1xx_HAL_Driver/Src/stm32f1xx_ll_usb.c ****             pmabuffer = ep->pmaaddr1;
 3527              		.loc 1 2334 13 discriminator 6 view .LVU1224
 3528 05b4 7208     		lsrs	r2, r6, #1
 3529              	.LVL419:
2334:Drivers/STM32F1xx_HAL_Driver/Src/stm32f1xx_ll_usb.c ****             pmabuffer = ep->pmaaddr1;
 3530              		.loc 1 2334 13 view .LVU1225
2334:Drivers/STM32F1xx_HAL_Driver/Src/stm32f1xx_ll_usb.c ****             pmabuffer = ep->pmaaddr1;
 3531              		.loc 1 2334 13 is_stmt 0 discriminator 6 view .LVU1226
 3532 05b6 16F0010F 		tst	r6, #1
 3533 05ba 00D0     		beq	.L133
2334:Drivers/STM32F1xx_HAL_Driver/Src/stm32f1xx_ll_usb.c ****             pmabuffer = ep->pmaaddr1;
 3534              		.loc 1 2334 13 is_stmt 1 discriminator 8 view .LVU1227
 3535 05bc 0132     		adds	r2, r2, #1
 3536              	.LVL420:
 3537              	.L133:
2334:Drivers/STM32F1xx_HAL_Driver/Src/stm32f1xx_ll_usb.c ****             pmabuffer = ep->pmaaddr1;
 3538              		.loc 1 2334 13 discriminator 10 view .LVU1228
 3539 05be 9202     		lsls	r2, r2, #10
 3540              	.LVL421:
2334:Drivers/STM32F1xx_HAL_Driver/Src/stm32f1xx_ll_usb.c ****             pmabuffer = ep->pmaaddr1;
 3541              		.loc 1 2334 13 is_stmt 0 discriminator 10 view .LVU1229
 3542 05c0 92B2     		uxth	r2, r2
 3543 05c2 A3F80C24 		strh	r2, [r3, #1036]	@ movhi
2334:Drivers/STM32F1xx_HAL_Driver/Src/stm32f1xx_ll_usb.c ****             pmabuffer = ep->pmaaddr1;
 3544              		.loc 1 2334 13 is_stmt 1 view .LVU1230
 3545 05c6 1CE0     		b	.L134
 3546              	.LVL422:
 3547              	.L182:
2334:Drivers/STM32F1xx_HAL_Driver/Src/stm32f1xx_ll_usb.c ****             pmabuffer = ep->pmaaddr1;
 3548              		.loc 1 2334 13 is_stmt 0 view .LVU1231
 3549              	.LBE105:
 3550              	.LBE104:
 3551              	.LBE103:
2314:Drivers/STM32F1xx_HAL_Driver/Src/stm32f1xx_ll_usb.c ****           pmabuffer = ep->pmaaddr0;
 3552              		.loc 1 2314 11 is_stmt 1 discriminator 16 view .LVU1232
 3553              	.LBB108:
2314:Drivers/STM32F1xx_HAL_Driver/Src/stm32f1xx_ll_usb.c ****           pmabuffer = ep->pmaaddr0;
 3554              		.loc 1 2314 11 discriminator 16 view .LVU1233
2314:Drivers/STM32F1xx_HAL_Driver/Src/stm32f1xx_ll_usb.c ****           pmabuffer = ep->pmaaddr0;
 3555              		.loc 1 2314 11 view .LVU1234
2314:Drivers/STM32F1xx_HAL_Driver/Src/stm32f1xx_ll_usb.c ****           pmabuffer = ep->pmaaddr0;
 3556              		.loc 1 2314 11 view .LVU1235
2314:Drivers/STM32F1xx_HAL_Driver/Src/stm32f1xx_ll_usb.c ****           pmabuffer = ep->pmaaddr0;
 3557              		.loc 1 2314 11 is_stmt 0 discriminator 16 view .LVU1236
 3558 05c8 B5F85020 		ldrh	r2, [r5, #80]
 3559 05cc 92B2     		uxth	r2, r2
 3560 05ce 2A44     		add	r2, r2, r5
 3561              	.LVL423:
2314:Drivers/STM32F1xx_HAL_Driver/Src/stm32f1xx_ll_usb.c ****           pmabuffer = ep->pmaaddr0;
ARM GAS  /tmp/ccZyOP9D.s 			page 125


 3562              		.loc 1 2314 11 is_stmt 1 view .LVU1237
2314:Drivers/STM32F1xx_HAL_Driver/Src/stm32f1xx_ll_usb.c ****           pmabuffer = ep->pmaaddr0;
 3563              		.loc 1 2314 11 is_stmt 0 discriminator 16 view .LVU1238
 3564 05d0 02EB0313 		add	r3, r2, r3, lsl #4
 3565              	.LVL424:
2314:Drivers/STM32F1xx_HAL_Driver/Src/stm32f1xx_ll_usb.c ****           pmabuffer = ep->pmaaddr0;
 3566              		.loc 1 2314 11 is_stmt 1 view .LVU1239
2314:Drivers/STM32F1xx_HAL_Driver/Src/stm32f1xx_ll_usb.c ****           pmabuffer = ep->pmaaddr0;
 3567              		.loc 1 2314 11 is_stmt 0 discriminator 16 view .LVU1240
 3568 05d4 B2B2     		uxth	r2, r6
 3569              	.LVL425:
2314:Drivers/STM32F1xx_HAL_Driver/Src/stm32f1xx_ll_usb.c ****           pmabuffer = ep->pmaaddr0;
 3570              		.loc 1 2314 11 discriminator 16 view .LVU1241
 3571 05d6 A3F80424 		strh	r2, [r3, #1028]	@ movhi
 3572 05da CEE7     		b	.L125
 3573              	.LVL426:
 3574              	.L129:
2314:Drivers/STM32F1xx_HAL_Driver/Src/stm32f1xx_ll_usb.c ****           pmabuffer = ep->pmaaddr0;
 3575              		.loc 1 2314 11 discriminator 16 view .LVU1242
 3576              	.LBE108:
2327:Drivers/STM32F1xx_HAL_Driver/Src/stm32f1xx_ll_usb.c ****             ep->xfer_len_db = 0U;
 3577              		.loc 1 2327 13 is_stmt 1 view .LVU1243
2328:Drivers/STM32F1xx_HAL_Driver/Src/stm32f1xx_ll_usb.c ****           }
 3578              		.loc 1 2328 13 view .LVU1244
2328:Drivers/STM32F1xx_HAL_Driver/Src/stm32f1xx_ll_usb.c ****           }
 3579              		.loc 1 2328 29 is_stmt 0 view .LVU1245
 3580 05dc 0022     		movs	r2, #0
 3581 05de 2262     		str	r2, [r4, #32]
2327:Drivers/STM32F1xx_HAL_Driver/Src/stm32f1xx_ll_usb.c ****             ep->xfer_len_db = 0U;
 3582              		.loc 1 2327 17 view .LVU1246
 3583 05e0 1E46     		mov	r6, r3
 3584 05e2 D9E7     		b	.L130
 3585              	.LVL427:
 3586              	.L132:
 3587              	.LBB109:
 3588              	.LBB107:
 3589              	.LBB106:
2334:Drivers/STM32F1xx_HAL_Driver/Src/stm32f1xx_ll_usb.c ****             pmabuffer = ep->pmaaddr1;
 3590              		.loc 1 2334 13 is_stmt 1 discriminator 7 view .LVU1247
2334:Drivers/STM32F1xx_HAL_Driver/Src/stm32f1xx_ll_usb.c ****             pmabuffer = ep->pmaaddr1;
 3591              		.loc 1 2334 13 discriminator 7 view .LVU1248
 3592 05e4 7209     		lsrs	r2, r6, #5
 3593              	.LVL428:
2334:Drivers/STM32F1xx_HAL_Driver/Src/stm32f1xx_ll_usb.c ****             pmabuffer = ep->pmaaddr1;
 3594              		.loc 1 2334 13 view .LVU1249
2334:Drivers/STM32F1xx_HAL_Driver/Src/stm32f1xx_ll_usb.c ****             pmabuffer = ep->pmaaddr1;
 3595              		.loc 1 2334 13 is_stmt 0 discriminator 7 view .LVU1250
 3596 05e6 16F01F0F 		tst	r6, #31
 3597 05ea 00D1     		bne	.L135
2334:Drivers/STM32F1xx_HAL_Driver/Src/stm32f1xx_ll_usb.c ****             pmabuffer = ep->pmaaddr1;
 3598              		.loc 1 2334 13 is_stmt 1 discriminator 12 view .LVU1251
 3599 05ec 013A     		subs	r2, r2, #1
 3600              	.LVL429:
 3601              	.L135:
2334:Drivers/STM32F1xx_HAL_Driver/Src/stm32f1xx_ll_usb.c ****             pmabuffer = ep->pmaaddr1;
 3602              		.loc 1 2334 13 discriminator 14 view .LVU1252
 3603 05ee 6FEAC262 		mvn	r2, r2, lsl #27
ARM GAS  /tmp/ccZyOP9D.s 			page 126


 3604              	.LVL430:
2334:Drivers/STM32F1xx_HAL_Driver/Src/stm32f1xx_ll_usb.c ****             pmabuffer = ep->pmaaddr1;
 3605              		.loc 1 2334 13 is_stmt 0 discriminator 14 view .LVU1253
 3606 05f2 6FEA5242 		mvn	r2, r2, lsr #17
 3607 05f6 92B2     		uxth	r2, r2
 3608 05f8 A3F80C24 		strh	r2, [r3, #1036]	@ movhi
 3609 05fc 01E0     		b	.L134
 3610              	.LVL431:
 3611              	.L131:
2334:Drivers/STM32F1xx_HAL_Driver/Src/stm32f1xx_ll_usb.c ****             pmabuffer = ep->pmaaddr1;
 3612              		.loc 1 2334 13 discriminator 14 view .LVU1254
 3613              	.LBE106:
 3614              	.LBE107:
2334:Drivers/STM32F1xx_HAL_Driver/Src/stm32f1xx_ll_usb.c ****             pmabuffer = ep->pmaaddr1;
 3615              		.loc 1 2334 13 is_stmt 1 discriminator 2 view .LVU1255
 3616 05fe 012B     		cmp	r3, #1
 3617 0600 06D0     		beq	.L183
 3618              	.LVL432:
 3619              	.L134:
2334:Drivers/STM32F1xx_HAL_Driver/Src/stm32f1xx_ll_usb.c ****             pmabuffer = ep->pmaaddr1;
 3620              		.loc 1 2334 13 is_stmt 0 discriminator 2 view .LVU1256
 3621              	.LBE109:
2334:Drivers/STM32F1xx_HAL_Driver/Src/stm32f1xx_ll_usb.c ****             pmabuffer = ep->pmaaddr1;
 3622              		.loc 1 2334 13 is_stmt 1 discriminator 18 view .LVU1257
2335:Drivers/STM32F1xx_HAL_Driver/Src/stm32f1xx_ll_usb.c **** 
 3623              		.loc 1 2335 13 view .LVU1258
2338:Drivers/STM32F1xx_HAL_Driver/Src/stm32f1xx_ll_usb.c ****           }
 3624              		.loc 1 2338 13 view .LVU1259
 3625 0602 B3B2     		uxth	r3, r6
 3626 0604 6289     		ldrh	r2, [r4, #10]
 3627 0606 6169     		ldr	r1, [r4, #20]
 3628 0608 2846     		mov	r0, r5
 3629 060a FFF7FEFF 		bl	USB_WritePMA
 3630              	.LVL433:
2338:Drivers/STM32F1xx_HAL_Driver/Src/stm32f1xx_ll_usb.c ****           }
 3631              		.loc 1 2338 13 is_stmt 0 view .LVU1260
 3632 060e 87E5     		b	.L77
 3633              	.LVL434:
 3634              	.L183:
 3635              	.LBB110:
2334:Drivers/STM32F1xx_HAL_Driver/Src/stm32f1xx_ll_usb.c ****             pmabuffer = ep->pmaaddr1;
 3636              		.loc 1 2334 13 is_stmt 1 discriminator 16 view .LVU1261
 3637 0610 B5F85030 		ldrh	r3, [r5, #80]
 3638 0614 9BB2     		uxth	r3, r3
 3639 0616 2B44     		add	r3, r3, r5
 3640              	.LVL435:
2334:Drivers/STM32F1xx_HAL_Driver/Src/stm32f1xx_ll_usb.c ****             pmabuffer = ep->pmaaddr1;
 3641              		.loc 1 2334 13 view .LVU1262
2334:Drivers/STM32F1xx_HAL_Driver/Src/stm32f1xx_ll_usb.c ****             pmabuffer = ep->pmaaddr1;
 3642              		.loc 1 2334 13 is_stmt 0 discriminator 16 view .LVU1263
 3643 0618 2278     		ldrb	r2, [r4]	@ zero_extendqisi2
 3644 061a 03EB0213 		add	r3, r3, r2, lsl #4
 3645              	.LVL436:
2334:Drivers/STM32F1xx_HAL_Driver/Src/stm32f1xx_ll_usb.c ****             pmabuffer = ep->pmaaddr1;
 3646              		.loc 1 2334 13 is_stmt 1 view .LVU1264
2334:Drivers/STM32F1xx_HAL_Driver/Src/stm32f1xx_ll_usb.c ****             pmabuffer = ep->pmaaddr1;
 3647              		.loc 1 2334 13 is_stmt 0 discriminator 16 view .LVU1265
ARM GAS  /tmp/ccZyOP9D.s 			page 127


 3648 061e B2B2     		uxth	r2, r6
 3649 0620 A3F80C24 		strh	r2, [r3, #1036]	@ movhi
 3650 0624 EDE7     		b	.L134
 3651              	.LVL437:
 3652              	.L138:
2334:Drivers/STM32F1xx_HAL_Driver/Src/stm32f1xx_ll_usb.c ****             pmabuffer = ep->pmaaddr1;
 3653              		.loc 1 2334 13 discriminator 16 view .LVU1266
 3654              	.LBE110:
2358:Drivers/STM32F1xx_HAL_Driver/Src/stm32f1xx_ll_usb.c ****         ep->xfer_len = 0U;
 3655              		.loc 1 2358 9 is_stmt 1 view .LVU1267
2359:Drivers/STM32F1xx_HAL_Driver/Src/stm32f1xx_ll_usb.c ****       }
 3656              		.loc 1 2359 9 view .LVU1268
2359:Drivers/STM32F1xx_HAL_Driver/Src/stm32f1xx_ll_usb.c ****       }
 3657              		.loc 1 2359 22 is_stmt 0 view .LVU1269
 3658 0626 0022     		movs	r2, #0
 3659 0628 8A61     		str	r2, [r1, #24]
2358:Drivers/STM32F1xx_HAL_Driver/Src/stm32f1xx_ll_usb.c ****         ep->xfer_len = 0U;
 3660              		.loc 1 2358 13 view .LVU1270
 3661 062a 1A46     		mov	r2, r3
 3662 062c F9E4     		b	.L139
 3663              	.LVL438:
 3664              	.L140:
 3665              	.LBB111:
 3666              	.LBB62:
2362:Drivers/STM32F1xx_HAL_Driver/Src/stm32f1xx_ll_usb.c ****     }
 3667              		.loc 1 2362 7 is_stmt 1 discriminator 2 view .LVU1271
 3668 062e 3E2A     		cmp	r2, #62
 3669 0630 09D8     		bhi	.L142
2362:Drivers/STM32F1xx_HAL_Driver/Src/stm32f1xx_ll_usb.c ****     }
 3670              		.loc 1 2362 7 discriminator 4 view .LVU1272
2362:Drivers/STM32F1xx_HAL_Driver/Src/stm32f1xx_ll_usb.c ****     }
 3671              		.loc 1 2362 7 discriminator 4 view .LVU1273
 3672 0632 5108     		lsrs	r1, r2, #1
 3673              	.LVL439:
2362:Drivers/STM32F1xx_HAL_Driver/Src/stm32f1xx_ll_usb.c ****     }
 3674              		.loc 1 2362 7 view .LVU1274
2362:Drivers/STM32F1xx_HAL_Driver/Src/stm32f1xx_ll_usb.c ****     }
 3675              		.loc 1 2362 7 is_stmt 0 discriminator 4 view .LVU1275
 3676 0634 12F0010F 		tst	r2, #1
 3677 0638 00D0     		beq	.L143
2362:Drivers/STM32F1xx_HAL_Driver/Src/stm32f1xx_ll_usb.c ****     }
 3678              		.loc 1 2362 7 is_stmt 1 discriminator 6 view .LVU1276
 3679 063a 0131     		adds	r1, r1, #1
 3680              	.LVL440:
 3681              	.L143:
2362:Drivers/STM32F1xx_HAL_Driver/Src/stm32f1xx_ll_usb.c ****     }
 3682              		.loc 1 2362 7 discriminator 8 view .LVU1277
 3683 063c 8902     		lsls	r1, r1, #10
 3684              	.LVL441:
2362:Drivers/STM32F1xx_HAL_Driver/Src/stm32f1xx_ll_usb.c ****     }
 3685              		.loc 1 2362 7 is_stmt 0 discriminator 8 view .LVU1278
 3686 063e 89B2     		uxth	r1, r1
 3687 0640 A3F80C14 		strh	r1, [r3, #1036]	@ movhi
2362:Drivers/STM32F1xx_HAL_Driver/Src/stm32f1xx_ll_usb.c ****     }
 3688              		.loc 1 2362 7 is_stmt 1 view .LVU1279
 3689 0644 08E5     		b	.L141
 3690              	.LVL442:
ARM GAS  /tmp/ccZyOP9D.s 			page 128


 3691              	.L142:
2362:Drivers/STM32F1xx_HAL_Driver/Src/stm32f1xx_ll_usb.c ****     }
 3692              		.loc 1 2362 7 discriminator 5 view .LVU1280
2362:Drivers/STM32F1xx_HAL_Driver/Src/stm32f1xx_ll_usb.c ****     }
 3693              		.loc 1 2362 7 discriminator 5 view .LVU1281
 3694 0646 5109     		lsrs	r1, r2, #5
 3695              	.LVL443:
2362:Drivers/STM32F1xx_HAL_Driver/Src/stm32f1xx_ll_usb.c ****     }
 3696              		.loc 1 2362 7 view .LVU1282
2362:Drivers/STM32F1xx_HAL_Driver/Src/stm32f1xx_ll_usb.c ****     }
 3697              		.loc 1 2362 7 is_stmt 0 discriminator 5 view .LVU1283
 3698 0648 12F01F0F 		tst	r2, #31
 3699 064c 00D1     		bne	.L144
2362:Drivers/STM32F1xx_HAL_Driver/Src/stm32f1xx_ll_usb.c ****     }
 3700              		.loc 1 2362 7 is_stmt 1 discriminator 10 view .LVU1284
 3701 064e 0139     		subs	r1, r1, #1
 3702              	.LVL444:
 3703              	.L144:
2362:Drivers/STM32F1xx_HAL_Driver/Src/stm32f1xx_ll_usb.c ****     }
 3704              		.loc 1 2362 7 discriminator 12 view .LVU1285
 3705 0650 6FEAC161 		mvn	r1, r1, lsl #27
 3706              	.LVL445:
2362:Drivers/STM32F1xx_HAL_Driver/Src/stm32f1xx_ll_usb.c ****     }
 3707              		.loc 1 2362 7 is_stmt 0 discriminator 12 view .LVU1286
 3708 0654 6FEA5141 		mvn	r1, r1, lsr #17
 3709 0658 89B2     		uxth	r1, r1
 3710 065a A3F80C14 		strh	r1, [r3, #1036]	@ movhi
 3711 065e FBE4     		b	.L141
 3712              	.LVL446:
 3713              	.L137:
2362:Drivers/STM32F1xx_HAL_Driver/Src/stm32f1xx_ll_usb.c ****     }
 3714              		.loc 1 2362 7 discriminator 12 view .LVU1287
 3715              	.LBE62:
 3716              	.LBE111:
2368:Drivers/STM32F1xx_HAL_Driver/Src/stm32f1xx_ll_usb.c ****       {
 3717              		.loc 1 2368 7 is_stmt 1 view .LVU1288
2368:Drivers/STM32F1xx_HAL_Driver/Src/stm32f1xx_ll_usb.c ****       {
 3718              		.loc 1 2368 13 is_stmt 0 view .LVU1289
 3719 0660 CA78     		ldrb	r2, [r1, #3]	@ zero_extendqisi2
2368:Drivers/STM32F1xx_HAL_Driver/Src/stm32f1xx_ll_usb.c ****       {
 3720              		.loc 1 2368 10 view .LVU1290
 3721 0662 022A     		cmp	r2, #2
 3722 0664 45D0     		beq	.L184
2387:Drivers/STM32F1xx_HAL_Driver/Src/stm32f1xx_ll_usb.c ****       {
 3723              		.loc 1 2387 12 is_stmt 1 view .LVU1291
2387:Drivers/STM32F1xx_HAL_Driver/Src/stm32f1xx_ll_usb.c ****       {
 3724              		.loc 1 2387 15 is_stmt 0 view .LVU1292
 3725 0666 012A     		cmp	r2, #1
 3726 0668 40F02481 		bne	.L171
2390:Drivers/STM32F1xx_HAL_Driver/Src/stm32f1xx_ll_usb.c ****         {
 3727              		.loc 1 2390 9 is_stmt 1 view .LVU1293
2390:Drivers/STM32F1xx_HAL_Driver/Src/stm32f1xx_ll_usb.c ****         {
 3728              		.loc 1 2390 15 is_stmt 0 view .LVU1294
 3729 066c 8969     		ldr	r1, [r1, #24]
 3730              	.LVL447:
2390:Drivers/STM32F1xx_HAL_Driver/Src/stm32f1xx_ll_usb.c ****         {
 3731              		.loc 1 2390 30 view .LVU1295
ARM GAS  /tmp/ccZyOP9D.s 			page 129


 3732 066e 2269     		ldr	r2, [r4, #16]
2390:Drivers/STM32F1xx_HAL_Driver/Src/stm32f1xx_ll_usb.c ****         {
 3733              		.loc 1 2390 12 view .LVU1296
 3734 0670 9142     		cmp	r1, r2
 3735 0672 40F2D880 		bls	.L159
2392:Drivers/STM32F1xx_HAL_Driver/Src/stm32f1xx_ll_usb.c ****           ep->xfer_len -= len;
 3736              		.loc 1 2392 11 is_stmt 1 view .LVU1297
 3737              	.LVL448:
2393:Drivers/STM32F1xx_HAL_Driver/Src/stm32f1xx_ll_usb.c ****         }
 3738              		.loc 1 2393 11 view .LVU1298
2393:Drivers/STM32F1xx_HAL_Driver/Src/stm32f1xx_ll_usb.c ****         }
 3739              		.loc 1 2393 24 is_stmt 0 view .LVU1299
 3740 0676 891A     		subs	r1, r1, r2
 3741 0678 A161     		str	r1, [r4, #24]
 3742              	.L160:
2400:Drivers/STM32F1xx_HAL_Driver/Src/stm32f1xx_ll_usb.c ****       }
 3743              		.loc 1 2400 9 is_stmt 1 view .LVU1300
2400:Drivers/STM32F1xx_HAL_Driver/Src/stm32f1xx_ll_usb.c ****       }
 3744              		.loc 1 2400 9 view .LVU1301
2400:Drivers/STM32F1xx_HAL_Driver/Src/stm32f1xx_ll_usb.c ****       }
 3745              		.loc 1 2400 9 view .LVU1302
 3746 067a D3B9     		cbnz	r3, .L161
2400:Drivers/STM32F1xx_HAL_Driver/Src/stm32f1xx_ll_usb.c ****       }
 3747              		.loc 1 2400 9 discriminator 1 view .LVU1303
 3748              	.LBB112:
2400:Drivers/STM32F1xx_HAL_Driver/Src/stm32f1xx_ll_usb.c ****       }
 3749              		.loc 1 2400 9 discriminator 1 view .LVU1304
 3750              	.LVL449:
2400:Drivers/STM32F1xx_HAL_Driver/Src/stm32f1xx_ll_usb.c ****       }
 3751              		.loc 1 2400 9 view .LVU1305
2400:Drivers/STM32F1xx_HAL_Driver/Src/stm32f1xx_ll_usb.c ****       }
 3752              		.loc 1 2400 9 view .LVU1306
2400:Drivers/STM32F1xx_HAL_Driver/Src/stm32f1xx_ll_usb.c ****       }
 3753              		.loc 1 2400 9 is_stmt 0 discriminator 1 view .LVU1307
 3754 067c B5F85030 		ldrh	r3, [r5, #80]
 3755 0680 9BB2     		uxth	r3, r3
 3756 0682 2B44     		add	r3, r3, r5
 3757              	.LVL450:
2400:Drivers/STM32F1xx_HAL_Driver/Src/stm32f1xx_ll_usb.c ****       }
 3758              		.loc 1 2400 9 is_stmt 1 view .LVU1308
2400:Drivers/STM32F1xx_HAL_Driver/Src/stm32f1xx_ll_usb.c ****       }
 3759              		.loc 1 2400 9 is_stmt 0 discriminator 1 view .LVU1309
 3760 0684 2178     		ldrb	r1, [r4]	@ zero_extendqisi2
 3761 0686 03EB0113 		add	r3, r3, r1, lsl #4
 3762              	.LVL451:
2400:Drivers/STM32F1xx_HAL_Driver/Src/stm32f1xx_ll_usb.c ****       }
 3763              		.loc 1 2400 9 is_stmt 1 view .LVU1310
 3764              	.LBB113:
2400:Drivers/STM32F1xx_HAL_Driver/Src/stm32f1xx_ll_usb.c ****       }
 3765              		.loc 1 2400 9 view .LVU1311
2400:Drivers/STM32F1xx_HAL_Driver/Src/stm32f1xx_ll_usb.c ****       }
 3766              		.loc 1 2400 9 view .LVU1312
2400:Drivers/STM32F1xx_HAL_Driver/Src/stm32f1xx_ll_usb.c ****       }
 3767              		.loc 1 2400 9 is_stmt 0 discriminator 1 view .LVU1313
 3768 068a 002A     		cmp	r2, #0
 3769 068c 40F0CF80 		bne	.L162
2400:Drivers/STM32F1xx_HAL_Driver/Src/stm32f1xx_ll_usb.c ****       }
ARM GAS  /tmp/ccZyOP9D.s 			page 130


 3770              		.loc 1 2400 9 is_stmt 1 discriminator 3 view .LVU1314
 3771 0690 B3F80414 		ldrh	r1, [r3, #1028]
 3772 0694 89B2     		uxth	r1, r1
 3773 0696 21F4F841 		bic	r1, r1, #31744
 3774 069a 89B2     		uxth	r1, r1
 3775 069c A3F80414 		strh	r1, [r3, #1028]	@ movhi
2400:Drivers/STM32F1xx_HAL_Driver/Src/stm32f1xx_ll_usb.c ****       }
 3776              		.loc 1 2400 9 view .LVU1315
2400:Drivers/STM32F1xx_HAL_Driver/Src/stm32f1xx_ll_usb.c ****       }
 3777              		.loc 1 2400 9 is_stmt 0 discriminator 3 view .LVU1316
 3778 06a0 B3F80414 		ldrh	r1, [r3, #1028]
 3779 06a4 6FEA4141 		mvn	r1, r1, lsl #17
 3780 06a8 6FEA5141 		mvn	r1, r1, lsr #17
 3781 06ac 89B2     		uxth	r1, r1
 3782 06ae A3F80414 		strh	r1, [r3, #1028]	@ movhi
 3783              	.LVL452:
 3784              	.L161:
2400:Drivers/STM32F1xx_HAL_Driver/Src/stm32f1xx_ll_usb.c ****       }
 3785              		.loc 1 2400 9 discriminator 3 view .LVU1317
 3786              	.LBE113:
 3787              	.LBE112:
2400:Drivers/STM32F1xx_HAL_Driver/Src/stm32f1xx_ll_usb.c ****       }
 3788              		.loc 1 2400 9 is_stmt 1 discriminator 18 view .LVU1318
2400:Drivers/STM32F1xx_HAL_Driver/Src/stm32f1xx_ll_usb.c ****       }
 3789              		.loc 1 2400 9 discriminator 18 view .LVU1319
2400:Drivers/STM32F1xx_HAL_Driver/Src/stm32f1xx_ll_usb.c ****       }
 3790              		.loc 1 2400 9 discriminator 18 view .LVU1320
 3791              	.LBB115:
2400:Drivers/STM32F1xx_HAL_Driver/Src/stm32f1xx_ll_usb.c ****       }
 3792              		.loc 1 2400 9 discriminator 18 view .LVU1321
2400:Drivers/STM32F1xx_HAL_Driver/Src/stm32f1xx_ll_usb.c ****       }
 3793              		.loc 1 2400 9 view .LVU1322
2400:Drivers/STM32F1xx_HAL_Driver/Src/stm32f1xx_ll_usb.c ****       }
 3794              		.loc 1 2400 9 view .LVU1323
2400:Drivers/STM32F1xx_HAL_Driver/Src/stm32f1xx_ll_usb.c ****       }
 3795              		.loc 1 2400 9 is_stmt 0 discriminator 18 view .LVU1324
 3796 06b2 6378     		ldrb	r3, [r4, #1]	@ zero_extendqisi2
 3797 06b4 002B     		cmp	r3, #0
 3798 06b6 40F0EE80 		bne	.L166
2400:Drivers/STM32F1xx_HAL_Driver/Src/stm32f1xx_ll_usb.c ****       }
 3799              		.loc 1 2400 9 is_stmt 1 discriminator 19 view .LVU1325
 3800              	.LBB116:
2400:Drivers/STM32F1xx_HAL_Driver/Src/stm32f1xx_ll_usb.c ****       }
 3801              		.loc 1 2400 9 discriminator 19 view .LVU1326
 3802              	.LVL453:
2400:Drivers/STM32F1xx_HAL_Driver/Src/stm32f1xx_ll_usb.c ****       }
 3803              		.loc 1 2400 9 view .LVU1327
2400:Drivers/STM32F1xx_HAL_Driver/Src/stm32f1xx_ll_usb.c ****       }
 3804              		.loc 1 2400 9 view .LVU1328
2400:Drivers/STM32F1xx_HAL_Driver/Src/stm32f1xx_ll_usb.c ****       }
 3805              		.loc 1 2400 9 is_stmt 0 discriminator 19 view .LVU1329
 3806 06ba B5F85030 		ldrh	r3, [r5, #80]
 3807 06be 9BB2     		uxth	r3, r3
 3808 06c0 2B44     		add	r3, r3, r5
 3809              	.LVL454:
2400:Drivers/STM32F1xx_HAL_Driver/Src/stm32f1xx_ll_usb.c ****       }
 3810              		.loc 1 2400 9 is_stmt 1 view .LVU1330
ARM GAS  /tmp/ccZyOP9D.s 			page 131


2400:Drivers/STM32F1xx_HAL_Driver/Src/stm32f1xx_ll_usb.c ****       }
 3811              		.loc 1 2400 9 is_stmt 0 discriminator 19 view .LVU1331
 3812 06c2 2178     		ldrb	r1, [r4]	@ zero_extendqisi2
 3813 06c4 03EB0113 		add	r3, r3, r1, lsl #4
 3814              	.LVL455:
2400:Drivers/STM32F1xx_HAL_Driver/Src/stm32f1xx_ll_usb.c ****       }
 3815              		.loc 1 2400 9 is_stmt 1 view .LVU1332
 3816              	.LBB117:
2400:Drivers/STM32F1xx_HAL_Driver/Src/stm32f1xx_ll_usb.c ****       }
 3817              		.loc 1 2400 9 view .LVU1333
2400:Drivers/STM32F1xx_HAL_Driver/Src/stm32f1xx_ll_usb.c ****       }
 3818              		.loc 1 2400 9 view .LVU1334
2400:Drivers/STM32F1xx_HAL_Driver/Src/stm32f1xx_ll_usb.c ****       }
 3819              		.loc 1 2400 9 is_stmt 0 discriminator 19 view .LVU1335
 3820 06c8 002A     		cmp	r2, #0
 3821 06ca 40F0C980 		bne	.L167
2400:Drivers/STM32F1xx_HAL_Driver/Src/stm32f1xx_ll_usb.c ****       }
 3822              		.loc 1 2400 9 is_stmt 1 discriminator 21 view .LVU1336
 3823 06ce B3F80C24 		ldrh	r2, [r3, #1036]
 3824              	.LVL456:
2400:Drivers/STM32F1xx_HAL_Driver/Src/stm32f1xx_ll_usb.c ****       }
 3825              		.loc 1 2400 9 is_stmt 0 discriminator 21 view .LVU1337
 3826 06d2 92B2     		uxth	r2, r2
 3827 06d4 22F4F842 		bic	r2, r2, #31744
 3828 06d8 92B2     		uxth	r2, r2
 3829 06da A3F80C24 		strh	r2, [r3, #1036]	@ movhi
2400:Drivers/STM32F1xx_HAL_Driver/Src/stm32f1xx_ll_usb.c ****       }
 3830              		.loc 1 2400 9 is_stmt 1 view .LVU1338
2400:Drivers/STM32F1xx_HAL_Driver/Src/stm32f1xx_ll_usb.c ****       }
 3831              		.loc 1 2400 9 is_stmt 0 discriminator 21 view .LVU1339
 3832 06de B3F80C24 		ldrh	r2, [r3, #1036]
 3833 06e2 6FEA4242 		mvn	r2, r2, lsl #17
 3834 06e6 6FEA5242 		mvn	r2, r2, lsr #17
 3835 06ea 92B2     		uxth	r2, r2
 3836 06ec A3F80C24 		strh	r2, [r3, #1036]	@ movhi
 3837 06f0 B2E4     		b	.L141
 3838              	.LVL457:
 3839              	.L184:
2400:Drivers/STM32F1xx_HAL_Driver/Src/stm32f1xx_ll_usb.c ****       }
 3840              		.loc 1 2400 9 discriminator 21 view .LVU1340
 3841              	.LBE117:
 3842              	.LBE116:
 3843              	.LBE115:
2370:Drivers/STM32F1xx_HAL_Driver/Src/stm32f1xx_ll_usb.c **** 
 3844              		.loc 1 2370 9 is_stmt 1 view .LVU1341
2370:Drivers/STM32F1xx_HAL_Driver/Src/stm32f1xx_ll_usb.c **** 
 3845              		.loc 1 2370 9 view .LVU1342
2370:Drivers/STM32F1xx_HAL_Driver/Src/stm32f1xx_ll_usb.c **** 
 3846              		.loc 1 2370 9 view .LVU1343
 3847 06f2 CBB9     		cbnz	r3, .L146
2370:Drivers/STM32F1xx_HAL_Driver/Src/stm32f1xx_ll_usb.c **** 
 3848              		.loc 1 2370 9 discriminator 1 view .LVU1344
 3849              	.LBB120:
2370:Drivers/STM32F1xx_HAL_Driver/Src/stm32f1xx_ll_usb.c **** 
 3850              		.loc 1 2370 9 discriminator 1 view .LVU1345
 3851              	.LVL458:
2370:Drivers/STM32F1xx_HAL_Driver/Src/stm32f1xx_ll_usb.c **** 
ARM GAS  /tmp/ccZyOP9D.s 			page 132


 3852              		.loc 1 2370 9 view .LVU1346
2370:Drivers/STM32F1xx_HAL_Driver/Src/stm32f1xx_ll_usb.c **** 
 3853              		.loc 1 2370 9 view .LVU1347
2370:Drivers/STM32F1xx_HAL_Driver/Src/stm32f1xx_ll_usb.c **** 
 3854              		.loc 1 2370 9 is_stmt 0 discriminator 1 view .LVU1348
 3855 06f4 B0F85030 		ldrh	r3, [r0, #80]
 3856 06f8 9BB2     		uxth	r3, r3
 3857 06fa 0344     		add	r3, r3, r0
 3858              	.LVL459:
2370:Drivers/STM32F1xx_HAL_Driver/Src/stm32f1xx_ll_usb.c **** 
 3859              		.loc 1 2370 9 is_stmt 1 view .LVU1349
2370:Drivers/STM32F1xx_HAL_Driver/Src/stm32f1xx_ll_usb.c **** 
 3860              		.loc 1 2370 9 is_stmt 0 discriminator 1 view .LVU1350
 3861 06fc 0A78     		ldrb	r2, [r1]	@ zero_extendqisi2
 3862 06fe 03EB0213 		add	r3, r3, r2, lsl #4
 3863              	.LVL460:
2370:Drivers/STM32F1xx_HAL_Driver/Src/stm32f1xx_ll_usb.c **** 
 3864              		.loc 1 2370 9 is_stmt 1 view .LVU1351
 3865              	.LBB121:
2370:Drivers/STM32F1xx_HAL_Driver/Src/stm32f1xx_ll_usb.c **** 
 3866              		.loc 1 2370 9 view .LVU1352
2370:Drivers/STM32F1xx_HAL_Driver/Src/stm32f1xx_ll_usb.c **** 
 3867              		.loc 1 2370 9 view .LVU1353
2370:Drivers/STM32F1xx_HAL_Driver/Src/stm32f1xx_ll_usb.c **** 
 3868              		.loc 1 2370 9 is_stmt 0 discriminator 1 view .LVU1354
 3869 0702 0A69     		ldr	r2, [r1, #16]
 3870 0704 72BB     		cbnz	r2, .L147
2370:Drivers/STM32F1xx_HAL_Driver/Src/stm32f1xx_ll_usb.c **** 
 3871              		.loc 1 2370 9 is_stmt 1 discriminator 3 view .LVU1355
 3872 0706 B3F80424 		ldrh	r2, [r3, #1028]
 3873 070a 92B2     		uxth	r2, r2
 3874 070c 22F4F842 		bic	r2, r2, #31744
 3875 0710 92B2     		uxth	r2, r2
 3876 0712 A3F80424 		strh	r2, [r3, #1028]	@ movhi
2370:Drivers/STM32F1xx_HAL_Driver/Src/stm32f1xx_ll_usb.c **** 
 3877              		.loc 1 2370 9 view .LVU1356
2370:Drivers/STM32F1xx_HAL_Driver/Src/stm32f1xx_ll_usb.c **** 
 3878              		.loc 1 2370 9 is_stmt 0 discriminator 3 view .LVU1357
 3879 0716 B3F80424 		ldrh	r2, [r3, #1028]
 3880 071a 6FEA4242 		mvn	r2, r2, lsl #17
 3881 071e 6FEA5242 		mvn	r2, r2, lsr #17
 3882 0722 92B2     		uxth	r2, r2
 3883 0724 A3F80424 		strh	r2, [r3, #1028]	@ movhi
 3884              	.LVL461:
 3885              	.L146:
2370:Drivers/STM32F1xx_HAL_Driver/Src/stm32f1xx_ll_usb.c **** 
 3886              		.loc 1 2370 9 discriminator 3 view .LVU1358
 3887              	.LBE121:
 3888              	.LBE120:
2370:Drivers/STM32F1xx_HAL_Driver/Src/stm32f1xx_ll_usb.c **** 
 3889              		.loc 1 2370 9 is_stmt 1 discriminator 18 view .LVU1359
2370:Drivers/STM32F1xx_HAL_Driver/Src/stm32f1xx_ll_usb.c **** 
 3890              		.loc 1 2370 9 discriminator 18 view .LVU1360
2370:Drivers/STM32F1xx_HAL_Driver/Src/stm32f1xx_ll_usb.c **** 
 3891              		.loc 1 2370 9 discriminator 18 view .LVU1361
 3892              	.LBB123:
2370:Drivers/STM32F1xx_HAL_Driver/Src/stm32f1xx_ll_usb.c **** 
ARM GAS  /tmp/ccZyOP9D.s 			page 133


 3893              		.loc 1 2370 9 discriminator 18 view .LVU1362
2370:Drivers/STM32F1xx_HAL_Driver/Src/stm32f1xx_ll_usb.c **** 
 3894              		.loc 1 2370 9 view .LVU1363
2370:Drivers/STM32F1xx_HAL_Driver/Src/stm32f1xx_ll_usb.c **** 
 3895              		.loc 1 2370 9 view .LVU1364
2370:Drivers/STM32F1xx_HAL_Driver/Src/stm32f1xx_ll_usb.c **** 
 3896              		.loc 1 2370 9 is_stmt 0 discriminator 18 view .LVU1365
 3897 0728 6378     		ldrb	r3, [r4, #1]	@ zero_extendqisi2
 3898 072a 002B     		cmp	r3, #0
 3899 072c 4CD1     		bne	.L151
2370:Drivers/STM32F1xx_HAL_Driver/Src/stm32f1xx_ll_usb.c **** 
 3900              		.loc 1 2370 9 is_stmt 1 discriminator 19 view .LVU1366
 3901              	.LBB124:
2370:Drivers/STM32F1xx_HAL_Driver/Src/stm32f1xx_ll_usb.c **** 
 3902              		.loc 1 2370 9 discriminator 19 view .LVU1367
 3903              	.LVL462:
2370:Drivers/STM32F1xx_HAL_Driver/Src/stm32f1xx_ll_usb.c **** 
 3904              		.loc 1 2370 9 view .LVU1368
2370:Drivers/STM32F1xx_HAL_Driver/Src/stm32f1xx_ll_usb.c **** 
 3905              		.loc 1 2370 9 view .LVU1369
2370:Drivers/STM32F1xx_HAL_Driver/Src/stm32f1xx_ll_usb.c **** 
 3906              		.loc 1 2370 9 is_stmt 0 discriminator 19 view .LVU1370
 3907 072e B5F85030 		ldrh	r3, [r5, #80]
 3908 0732 9BB2     		uxth	r3, r3
 3909 0734 2B44     		add	r3, r3, r5
 3910              	.LVL463:
2370:Drivers/STM32F1xx_HAL_Driver/Src/stm32f1xx_ll_usb.c **** 
 3911              		.loc 1 2370 9 is_stmt 1 view .LVU1371
2370:Drivers/STM32F1xx_HAL_Driver/Src/stm32f1xx_ll_usb.c **** 
 3912              		.loc 1 2370 9 is_stmt 0 discriminator 19 view .LVU1372
 3913 0736 2278     		ldrb	r2, [r4]	@ zero_extendqisi2
 3914 0738 03EB0213 		add	r3, r3, r2, lsl #4
 3915              	.LVL464:
2370:Drivers/STM32F1xx_HAL_Driver/Src/stm32f1xx_ll_usb.c **** 
 3916              		.loc 1 2370 9 is_stmt 1 view .LVU1373
 3917              	.LBB125:
2370:Drivers/STM32F1xx_HAL_Driver/Src/stm32f1xx_ll_usb.c **** 
 3918              		.loc 1 2370 9 view .LVU1374
2370:Drivers/STM32F1xx_HAL_Driver/Src/stm32f1xx_ll_usb.c **** 
 3919              		.loc 1 2370 9 view .LVU1375
2370:Drivers/STM32F1xx_HAL_Driver/Src/stm32f1xx_ll_usb.c **** 
 3920              		.loc 1 2370 9 is_stmt 0 discriminator 19 view .LVU1376
 3921 073c 2269     		ldr	r2, [r4, #16]
 3922 073e 52BB     		cbnz	r2, .L152
2370:Drivers/STM32F1xx_HAL_Driver/Src/stm32f1xx_ll_usb.c **** 
 3923              		.loc 1 2370 9 is_stmt 1 discriminator 21 view .LVU1377
 3924 0740 B3F80C24 		ldrh	r2, [r3, #1036]
 3925 0744 92B2     		uxth	r2, r2
 3926 0746 22F4F842 		bic	r2, r2, #31744
 3927 074a 92B2     		uxth	r2, r2
 3928 074c A3F80C24 		strh	r2, [r3, #1036]	@ movhi
2370:Drivers/STM32F1xx_HAL_Driver/Src/stm32f1xx_ll_usb.c **** 
 3929              		.loc 1 2370 9 view .LVU1378
2370:Drivers/STM32F1xx_HAL_Driver/Src/stm32f1xx_ll_usb.c **** 
 3930              		.loc 1 2370 9 is_stmt 0 discriminator 21 view .LVU1379
 3931 0750 B3F80C24 		ldrh	r2, [r3, #1036]
 3932 0754 6FEA4242 		mvn	r2, r2, lsl #17
ARM GAS  /tmp/ccZyOP9D.s 			page 134


 3933 0758 6FEA5242 		mvn	r2, r2, lsr #17
 3934 075c 92B2     		uxth	r2, r2
 3935 075e A3F80C24 		strh	r2, [r3, #1036]	@ movhi
 3936 0762 33E0     		b	.L153
 3937              	.LVL465:
 3938              	.L147:
2370:Drivers/STM32F1xx_HAL_Driver/Src/stm32f1xx_ll_usb.c **** 
 3939              		.loc 1 2370 9 discriminator 21 view .LVU1380
 3940              	.LBE125:
 3941              	.LBE124:
 3942              	.LBE123:
 3943              	.LBB128:
 3944              	.LBB122:
2370:Drivers/STM32F1xx_HAL_Driver/Src/stm32f1xx_ll_usb.c **** 
 3945              		.loc 1 2370 9 is_stmt 1 discriminator 4 view .LVU1381
 3946 0764 3E2A     		cmp	r2, #62
 3947 0766 09D8     		bhi	.L148
2370:Drivers/STM32F1xx_HAL_Driver/Src/stm32f1xx_ll_usb.c **** 
 3948              		.loc 1 2370 9 discriminator 6 view .LVU1382
2370:Drivers/STM32F1xx_HAL_Driver/Src/stm32f1xx_ll_usb.c **** 
 3949              		.loc 1 2370 9 discriminator 6 view .LVU1383
 3950 0768 5108     		lsrs	r1, r2, #1
 3951              	.LVL466:
2370:Drivers/STM32F1xx_HAL_Driver/Src/stm32f1xx_ll_usb.c **** 
 3952              		.loc 1 2370 9 view .LVU1384
2370:Drivers/STM32F1xx_HAL_Driver/Src/stm32f1xx_ll_usb.c **** 
 3953              		.loc 1 2370 9 is_stmt 0 discriminator 6 view .LVU1385
 3954 076a 12F0010F 		tst	r2, #1
 3955 076e 00D0     		beq	.L149
2370:Drivers/STM32F1xx_HAL_Driver/Src/stm32f1xx_ll_usb.c **** 
 3956              		.loc 1 2370 9 is_stmt 1 discriminator 8 view .LVU1386
 3957 0770 0131     		adds	r1, r1, #1
 3958              	.LVL467:
 3959              	.L149:
2370:Drivers/STM32F1xx_HAL_Driver/Src/stm32f1xx_ll_usb.c **** 
 3960              		.loc 1 2370 9 discriminator 10 view .LVU1387
 3961 0772 8A02     		lsls	r2, r1, #10
 3962 0774 92B2     		uxth	r2, r2
 3963 0776 A3F80424 		strh	r2, [r3, #1028]	@ movhi
2370:Drivers/STM32F1xx_HAL_Driver/Src/stm32f1xx_ll_usb.c **** 
 3964              		.loc 1 2370 9 view .LVU1388
 3965 077a D5E7     		b	.L146
 3966              	.LVL468:
 3967              	.L148:
2370:Drivers/STM32F1xx_HAL_Driver/Src/stm32f1xx_ll_usb.c **** 
 3968              		.loc 1 2370 9 discriminator 7 view .LVU1389
2370:Drivers/STM32F1xx_HAL_Driver/Src/stm32f1xx_ll_usb.c **** 
 3969              		.loc 1 2370 9 discriminator 7 view .LVU1390
 3970 077c 5109     		lsrs	r1, r2, #5
 3971              	.LVL469:
2370:Drivers/STM32F1xx_HAL_Driver/Src/stm32f1xx_ll_usb.c **** 
 3972              		.loc 1 2370 9 view .LVU1391
2370:Drivers/STM32F1xx_HAL_Driver/Src/stm32f1xx_ll_usb.c **** 
 3973              		.loc 1 2370 9 is_stmt 0 discriminator 7 view .LVU1392
 3974 077e 12F01F0F 		tst	r2, #31
 3975 0782 00D1     		bne	.L150
2370:Drivers/STM32F1xx_HAL_Driver/Src/stm32f1xx_ll_usb.c **** 
ARM GAS  /tmp/ccZyOP9D.s 			page 135


 3976              		.loc 1 2370 9 is_stmt 1 discriminator 12 view .LVU1393
 3977 0784 0139     		subs	r1, r1, #1
 3978              	.LVL470:
 3979              	.L150:
2370:Drivers/STM32F1xx_HAL_Driver/Src/stm32f1xx_ll_usb.c **** 
 3980              		.loc 1 2370 9 discriminator 14 view .LVU1394
 3981 0786 6FEAC162 		mvn	r2, r1, lsl #27
 3982 078a 6FEA5242 		mvn	r2, r2, lsr #17
 3983 078e 92B2     		uxth	r2, r2
 3984 0790 A3F80424 		strh	r2, [r3, #1028]	@ movhi
 3985 0794 C8E7     		b	.L146
 3986              	.LVL471:
 3987              	.L152:
2370:Drivers/STM32F1xx_HAL_Driver/Src/stm32f1xx_ll_usb.c **** 
 3988              		.loc 1 2370 9 is_stmt 0 discriminator 14 view .LVU1395
 3989              	.LBE122:
 3990              	.LBE128:
 3991              	.LBB129:
 3992              	.LBB127:
 3993              	.LBB126:
2370:Drivers/STM32F1xx_HAL_Driver/Src/stm32f1xx_ll_usb.c **** 
 3994              		.loc 1 2370 9 is_stmt 1 discriminator 22 view .LVU1396
 3995 0796 3E2A     		cmp	r2, #62
 3996 0798 09D8     		bhi	.L154
2370:Drivers/STM32F1xx_HAL_Driver/Src/stm32f1xx_ll_usb.c **** 
 3997              		.loc 1 2370 9 discriminator 24 view .LVU1397
2370:Drivers/STM32F1xx_HAL_Driver/Src/stm32f1xx_ll_usb.c **** 
 3998              		.loc 1 2370 9 discriminator 24 view .LVU1398
 3999 079a 5108     		lsrs	r1, r2, #1
 4000              	.LVL472:
2370:Drivers/STM32F1xx_HAL_Driver/Src/stm32f1xx_ll_usb.c **** 
 4001              		.loc 1 2370 9 view .LVU1399
2370:Drivers/STM32F1xx_HAL_Driver/Src/stm32f1xx_ll_usb.c **** 
 4002              		.loc 1 2370 9 is_stmt 0 discriminator 24 view .LVU1400
 4003 079c 12F0010F 		tst	r2, #1
 4004 07a0 00D0     		beq	.L155
2370:Drivers/STM32F1xx_HAL_Driver/Src/stm32f1xx_ll_usb.c **** 
 4005              		.loc 1 2370 9 is_stmt 1 discriminator 26 view .LVU1401
 4006 07a2 0131     		adds	r1, r1, #1
 4007              	.LVL473:
 4008              	.L155:
2370:Drivers/STM32F1xx_HAL_Driver/Src/stm32f1xx_ll_usb.c **** 
 4009              		.loc 1 2370 9 discriminator 28 view .LVU1402
 4010 07a4 8A02     		lsls	r2, r1, #10
 4011 07a6 92B2     		uxth	r2, r2
 4012 07a8 A3F80C24 		strh	r2, [r3, #1036]	@ movhi
2370:Drivers/STM32F1xx_HAL_Driver/Src/stm32f1xx_ll_usb.c **** 
 4013              		.loc 1 2370 9 view .LVU1403
 4014 07ac 0EE0     		b	.L153
 4015              	.LVL474:
 4016              	.L154:
2370:Drivers/STM32F1xx_HAL_Driver/Src/stm32f1xx_ll_usb.c **** 
 4017              		.loc 1 2370 9 discriminator 25 view .LVU1404
2370:Drivers/STM32F1xx_HAL_Driver/Src/stm32f1xx_ll_usb.c **** 
 4018              		.loc 1 2370 9 discriminator 25 view .LVU1405
 4019 07ae 5109     		lsrs	r1, r2, #5
 4020              	.LVL475:
ARM GAS  /tmp/ccZyOP9D.s 			page 136


2370:Drivers/STM32F1xx_HAL_Driver/Src/stm32f1xx_ll_usb.c **** 
 4021              		.loc 1 2370 9 view .LVU1406
2370:Drivers/STM32F1xx_HAL_Driver/Src/stm32f1xx_ll_usb.c **** 
 4022              		.loc 1 2370 9 is_stmt 0 discriminator 25 view .LVU1407
 4023 07b0 12F01F0F 		tst	r2, #31
 4024 07b4 00D1     		bne	.L156
2370:Drivers/STM32F1xx_HAL_Driver/Src/stm32f1xx_ll_usb.c **** 
 4025              		.loc 1 2370 9 is_stmt 1 discriminator 30 view .LVU1408
 4026 07b6 0139     		subs	r1, r1, #1
 4027              	.LVL476:
 4028              	.L156:
2370:Drivers/STM32F1xx_HAL_Driver/Src/stm32f1xx_ll_usb.c **** 
 4029              		.loc 1 2370 9 discriminator 32 view .LVU1409
 4030 07b8 6FEAC162 		mvn	r2, r1, lsl #27
 4031 07bc 6FEA5242 		mvn	r2, r2, lsr #17
 4032 07c0 92B2     		uxth	r2, r2
 4033 07c2 A3F80C24 		strh	r2, [r3, #1036]	@ movhi
 4034 07c6 01E0     		b	.L153
 4035              	.LVL477:
 4036              	.L151:
2370:Drivers/STM32F1xx_HAL_Driver/Src/stm32f1xx_ll_usb.c **** 
 4037              		.loc 1 2370 9 is_stmt 0 discriminator 32 view .LVU1410
 4038              	.LBE126:
 4039              	.LBE127:
2370:Drivers/STM32F1xx_HAL_Driver/Src/stm32f1xx_ll_usb.c **** 
 4040              		.loc 1 2370 9 is_stmt 1 discriminator 20 view .LVU1411
 4041 07c8 012B     		cmp	r3, #1
 4042 07ca 1CD0     		beq	.L185
 4043              	.LVL478:
 4044              	.L153:
2370:Drivers/STM32F1xx_HAL_Driver/Src/stm32f1xx_ll_usb.c **** 
 4045              		.loc 1 2370 9 is_stmt 0 discriminator 20 view .LVU1412
 4046              	.LBE129:
2370:Drivers/STM32F1xx_HAL_Driver/Src/stm32f1xx_ll_usb.c **** 
 4047              		.loc 1 2370 9 is_stmt 1 discriminator 36 view .LVU1413
2370:Drivers/STM32F1xx_HAL_Driver/Src/stm32f1xx_ll_usb.c **** 
 4048              		.loc 1 2370 9 discriminator 36 view .LVU1414
2373:Drivers/STM32F1xx_HAL_Driver/Src/stm32f1xx_ll_usb.c ****         {
 4049              		.loc 1 2373 9 view .LVU1415
2373:Drivers/STM32F1xx_HAL_Driver/Src/stm32f1xx_ll_usb.c ****         {
 4050              		.loc 1 2373 15 is_stmt 0 view .LVU1416
 4051 07cc E369     		ldr	r3, [r4, #28]
2373:Drivers/STM32F1xx_HAL_Driver/Src/stm32f1xx_ll_usb.c ****         {
 4052              		.loc 1 2373 12 view .LVU1417
 4053 07ce 002B     		cmp	r3, #0
 4054 07d0 3FF442AC 		beq	.L141
2376:Drivers/STM32F1xx_HAL_Driver/Src/stm32f1xx_ll_usb.c **** 
 4055              		.loc 1 2376 11 is_stmt 1 view .LVU1418
2376:Drivers/STM32F1xx_HAL_Driver/Src/stm32f1xx_ll_usb.c **** 
 4056              		.loc 1 2376 20 is_stmt 0 view .LVU1419
 4057 07d4 2278     		ldrb	r2, [r4]	@ zero_extendqisi2
2376:Drivers/STM32F1xx_HAL_Driver/Src/stm32f1xx_ll_usb.c **** 
 4058              		.loc 1 2376 18 view .LVU1420
 4059 07d6 35F82230 		ldrh	r3, [r5, r2, lsl #2]
 4060 07da 99B2     		uxth	r1, r3
 4061              	.LVL479:
2379:Drivers/STM32F1xx_HAL_Driver/Src/stm32f1xx_ll_usb.c ****               (((wEPVal & USB_EP_DTOG_RX) == 0U) && ((wEPVal & USB_EP_DTOG_TX) == 0U)))
ARM GAS  /tmp/ccZyOP9D.s 			page 137


 4062              		.loc 1 2379 11 is_stmt 1 view .LVU1421
2379:Drivers/STM32F1xx_HAL_Driver/Src/stm32f1xx_ll_usb.c ****               (((wEPVal & USB_EP_DTOG_RX) == 0U) && ((wEPVal & USB_EP_DTOG_TX) == 0U)))
 4063              		.loc 1 2379 14 is_stmt 0 view .LVU1422
 4064 07dc 13F4804F 		tst	r3, #16384
 4065 07e0 1CD0     		beq	.L157
2379:Drivers/STM32F1xx_HAL_Driver/Src/stm32f1xx_ll_usb.c ****               (((wEPVal & USB_EP_DTOG_RX) == 0U) && ((wEPVal & USB_EP_DTOG_TX) == 0U)))
 4066              		.loc 1 2379 50 discriminator 1 view .LVU1423
 4067 07e2 11F0400F 		tst	r1, #64
 4068 07e6 3FF437AC 		beq	.L141
 4069              	.L158:
2382:Drivers/STM32F1xx_HAL_Driver/Src/stm32f1xx_ll_usb.c ****           }
 4070              		.loc 1 2382 13 is_stmt 1 view .LVU1424
2382:Drivers/STM32F1xx_HAL_Driver/Src/stm32f1xx_ll_usb.c ****           }
 4071              		.loc 1 2382 13 view .LVU1425
2382:Drivers/STM32F1xx_HAL_Driver/Src/stm32f1xx_ll_usb.c ****           }
 4072              		.loc 1 2382 13 discriminator 1 view .LVU1426
 4073              	.LBB130:
2382:Drivers/STM32F1xx_HAL_Driver/Src/stm32f1xx_ll_usb.c ****           }
 4074              		.loc 1 2382 13 discriminator 1 view .LVU1427
2382:Drivers/STM32F1xx_HAL_Driver/Src/stm32f1xx_ll_usb.c ****           }
 4075              		.loc 1 2382 13 discriminator 1 view .LVU1428
 4076 07ea 35F82230 		ldrh	r3, [r5, r2, lsl #2]
 4077 07ee 9BB2     		uxth	r3, r3
 4078 07f0 23F4E043 		bic	r3, r3, #28672
 4079 07f4 23F07003 		bic	r3, r3, #112
 4080              	.LVL480:
2382:Drivers/STM32F1xx_HAL_Driver/Src/stm32f1xx_ll_usb.c ****           }
 4081              		.loc 1 2382 13 view .LVU1429
2382:Drivers/STM32F1xx_HAL_Driver/Src/stm32f1xx_ll_usb.c ****           }
 4082              		.loc 1 2382 13 is_stmt 0 discriminator 1 view .LVU1430
 4083 07f8 43F40043 		orr	r3, r3, #32768
 4084              	.LVL481:
2382:Drivers/STM32F1xx_HAL_Driver/Src/stm32f1xx_ll_usb.c ****           }
 4085              		.loc 1 2382 13 discriminator 1 view .LVU1431
 4086 07fc 43F0C003 		orr	r3, r3, #192
 4087 0800 25F82230 		strh	r3, [r5, r2, lsl #2]	@ movhi
 4088              	.LBE130:
2382:Drivers/STM32F1xx_HAL_Driver/Src/stm32f1xx_ll_usb.c ****           }
 4089              		.loc 1 2382 13 is_stmt 1 view .LVU1432
 4090 0804 28E4     		b	.L141
 4091              	.LVL482:
 4092              	.L185:
 4093              	.LBB131:
2370:Drivers/STM32F1xx_HAL_Driver/Src/stm32f1xx_ll_usb.c **** 
 4094              		.loc 1 2370 9 discriminator 34 view .LVU1433
 4095 0806 B5F85030 		ldrh	r3, [r5, #80]
 4096 080a 9BB2     		uxth	r3, r3
 4097 080c 2B44     		add	r3, r3, r5
 4098              	.LVL483:
2370:Drivers/STM32F1xx_HAL_Driver/Src/stm32f1xx_ll_usb.c **** 
 4099              		.loc 1 2370 9 view .LVU1434
2370:Drivers/STM32F1xx_HAL_Driver/Src/stm32f1xx_ll_usb.c **** 
 4100              		.loc 1 2370 9 is_stmt 0 discriminator 34 view .LVU1435
 4101 080e 2278     		ldrb	r2, [r4]	@ zero_extendqisi2
 4102 0810 03EB0213 		add	r3, r3, r2, lsl #4
 4103              	.LVL484:
2370:Drivers/STM32F1xx_HAL_Driver/Src/stm32f1xx_ll_usb.c **** 
ARM GAS  /tmp/ccZyOP9D.s 			page 138


 4104              		.loc 1 2370 9 is_stmt 1 view .LVU1436
2370:Drivers/STM32F1xx_HAL_Driver/Src/stm32f1xx_ll_usb.c **** 
 4105              		.loc 1 2370 9 is_stmt 0 discriminator 34 view .LVU1437
 4106 0814 228A     		ldrh	r2, [r4, #16]
 4107 0816 A3F80C24 		strh	r2, [r3, #1036]	@ movhi
 4108 081a D7E7     		b	.L153
 4109              	.LVL485:
 4110              	.L157:
2370:Drivers/STM32F1xx_HAL_Driver/Src/stm32f1xx_ll_usb.c **** 
 4111              		.loc 1 2370 9 discriminator 34 view .LVU1438
 4112              	.LBE131:
2380:Drivers/STM32F1xx_HAL_Driver/Src/stm32f1xx_ll_usb.c ****           {
 4113              		.loc 1 2380 50 view .LVU1439
 4114 081c 11F0400F 		tst	r1, #64
 4115 0820 7FF41AAC 		bne	.L141
 4116 0824 E1E7     		b	.L158
 4117              	.LVL486:
 4118              	.L159:
2397:Drivers/STM32F1xx_HAL_Driver/Src/stm32f1xx_ll_usb.c ****           ep->xfer_len = 0U;
 4119              		.loc 1 2397 11 is_stmt 1 view .LVU1440
2398:Drivers/STM32F1xx_HAL_Driver/Src/stm32f1xx_ll_usb.c ****         }
 4120              		.loc 1 2398 11 view .LVU1441
2398:Drivers/STM32F1xx_HAL_Driver/Src/stm32f1xx_ll_usb.c ****         }
 4121              		.loc 1 2398 24 is_stmt 0 view .LVU1442
 4122 0826 0022     		movs	r2, #0
 4123 0828 A261     		str	r2, [r4, #24]
2397:Drivers/STM32F1xx_HAL_Driver/Src/stm32f1xx_ll_usb.c ****           ep->xfer_len = 0U;
 4124              		.loc 1 2397 15 view .LVU1443
 4125 082a 0A46     		mov	r2, r1
 4126 082c 25E7     		b	.L160
 4127              	.LVL487:
 4128              	.L162:
 4129              	.LBB132:
 4130              	.LBB114:
2400:Drivers/STM32F1xx_HAL_Driver/Src/stm32f1xx_ll_usb.c ****       }
 4131              		.loc 1 2400 9 is_stmt 1 discriminator 4 view .LVU1444
 4132 082e 3E2A     		cmp	r2, #62
 4133 0830 09D8     		bhi	.L163
2400:Drivers/STM32F1xx_HAL_Driver/Src/stm32f1xx_ll_usb.c ****       }
 4134              		.loc 1 2400 9 discriminator 6 view .LVU1445
2400:Drivers/STM32F1xx_HAL_Driver/Src/stm32f1xx_ll_usb.c ****       }
 4135              		.loc 1 2400 9 discriminator 6 view .LVU1446
 4136 0832 5108     		lsrs	r1, r2, #1
 4137              	.LVL488:
2400:Drivers/STM32F1xx_HAL_Driver/Src/stm32f1xx_ll_usb.c ****       }
 4138              		.loc 1 2400 9 view .LVU1447
2400:Drivers/STM32F1xx_HAL_Driver/Src/stm32f1xx_ll_usb.c ****       }
 4139              		.loc 1 2400 9 is_stmt 0 discriminator 6 view .LVU1448
 4140 0834 12F0010F 		tst	r2, #1
 4141 0838 00D0     		beq	.L164
2400:Drivers/STM32F1xx_HAL_Driver/Src/stm32f1xx_ll_usb.c ****       }
 4142              		.loc 1 2400 9 is_stmt 1 discriminator 8 view .LVU1449
 4143 083a 0131     		adds	r1, r1, #1
 4144              	.LVL489:
 4145              	.L164:
2400:Drivers/STM32F1xx_HAL_Driver/Src/stm32f1xx_ll_usb.c ****       }
 4146              		.loc 1 2400 9 discriminator 10 view .LVU1450
ARM GAS  /tmp/ccZyOP9D.s 			page 139


 4147 083c 8902     		lsls	r1, r1, #10
 4148              	.LVL490:
2400:Drivers/STM32F1xx_HAL_Driver/Src/stm32f1xx_ll_usb.c ****       }
 4149              		.loc 1 2400 9 is_stmt 0 discriminator 10 view .LVU1451
 4150 083e 89B2     		uxth	r1, r1
 4151 0840 A3F80414 		strh	r1, [r3, #1028]	@ movhi
2400:Drivers/STM32F1xx_HAL_Driver/Src/stm32f1xx_ll_usb.c ****       }
 4152              		.loc 1 2400 9 is_stmt 1 view .LVU1452
 4153 0844 35E7     		b	.L161
 4154              	.LVL491:
 4155              	.L163:
2400:Drivers/STM32F1xx_HAL_Driver/Src/stm32f1xx_ll_usb.c ****       }
 4156              		.loc 1 2400 9 discriminator 7 view .LVU1453
2400:Drivers/STM32F1xx_HAL_Driver/Src/stm32f1xx_ll_usb.c ****       }
 4157              		.loc 1 2400 9 discriminator 7 view .LVU1454
 4158 0846 5109     		lsrs	r1, r2, #5
 4159              	.LVL492:
2400:Drivers/STM32F1xx_HAL_Driver/Src/stm32f1xx_ll_usb.c ****       }
 4160              		.loc 1 2400 9 view .LVU1455
2400:Drivers/STM32F1xx_HAL_Driver/Src/stm32f1xx_ll_usb.c ****       }
 4161              		.loc 1 2400 9 is_stmt 0 discriminator 7 view .LVU1456
 4162 0848 12F01F0F 		tst	r2, #31
 4163 084c 00D1     		bne	.L165
2400:Drivers/STM32F1xx_HAL_Driver/Src/stm32f1xx_ll_usb.c ****       }
 4164              		.loc 1 2400 9 is_stmt 1 discriminator 12 view .LVU1457
 4165 084e 0139     		subs	r1, r1, #1
 4166              	.LVL493:
 4167              	.L165:
2400:Drivers/STM32F1xx_HAL_Driver/Src/stm32f1xx_ll_usb.c ****       }
 4168              		.loc 1 2400 9 discriminator 14 view .LVU1458
 4169 0850 6FEAC161 		mvn	r1, r1, lsl #27
 4170              	.LVL494:
2400:Drivers/STM32F1xx_HAL_Driver/Src/stm32f1xx_ll_usb.c ****       }
 4171              		.loc 1 2400 9 is_stmt 0 discriminator 14 view .LVU1459
 4172 0854 6FEA5141 		mvn	r1, r1, lsr #17
 4173 0858 89B2     		uxth	r1, r1
 4174 085a A3F80414 		strh	r1, [r3, #1028]	@ movhi
 4175 085e 28E7     		b	.L161
 4176              	.LVL495:
 4177              	.L167:
2400:Drivers/STM32F1xx_HAL_Driver/Src/stm32f1xx_ll_usb.c ****       }
 4178              		.loc 1 2400 9 discriminator 14 view .LVU1460
 4179              	.LBE114:
 4180              	.LBE132:
 4181              	.LBB133:
 4182              	.LBB119:
 4183              	.LBB118:
2400:Drivers/STM32F1xx_HAL_Driver/Src/stm32f1xx_ll_usb.c ****       }
 4184              		.loc 1 2400 9 is_stmt 1 discriminator 22 view .LVU1461
 4185 0860 3E2A     		cmp	r2, #62
 4186 0862 0AD8     		bhi	.L168
2400:Drivers/STM32F1xx_HAL_Driver/Src/stm32f1xx_ll_usb.c ****       }
 4187              		.loc 1 2400 9 discriminator 24 view .LVU1462
2400:Drivers/STM32F1xx_HAL_Driver/Src/stm32f1xx_ll_usb.c ****       }
 4188              		.loc 1 2400 9 discriminator 24 view .LVU1463
 4189 0864 5108     		lsrs	r1, r2, #1
 4190              	.LVL496:
ARM GAS  /tmp/ccZyOP9D.s 			page 140


2400:Drivers/STM32F1xx_HAL_Driver/Src/stm32f1xx_ll_usb.c ****       }
 4191              		.loc 1 2400 9 view .LVU1464
2400:Drivers/STM32F1xx_HAL_Driver/Src/stm32f1xx_ll_usb.c ****       }
 4192              		.loc 1 2400 9 is_stmt 0 discriminator 24 view .LVU1465
 4193 0866 12F0010F 		tst	r2, #1
 4194 086a 00D0     		beq	.L169
2400:Drivers/STM32F1xx_HAL_Driver/Src/stm32f1xx_ll_usb.c ****       }
 4195              		.loc 1 2400 9 is_stmt 1 discriminator 26 view .LVU1466
 4196 086c 0131     		adds	r1, r1, #1
 4197              	.LVL497:
 4198              	.L169:
2400:Drivers/STM32F1xx_HAL_Driver/Src/stm32f1xx_ll_usb.c ****       }
 4199              		.loc 1 2400 9 discriminator 28 view .LVU1467
 4200 086e 8A02     		lsls	r2, r1, #10
 4201              	.LVL498:
2400:Drivers/STM32F1xx_HAL_Driver/Src/stm32f1xx_ll_usb.c ****       }
 4202              		.loc 1 2400 9 is_stmt 0 discriminator 28 view .LVU1468
 4203 0870 92B2     		uxth	r2, r2
 4204 0872 A3F80C24 		strh	r2, [r3, #1036]	@ movhi
2400:Drivers/STM32F1xx_HAL_Driver/Src/stm32f1xx_ll_usb.c ****       }
 4205              		.loc 1 2400 9 is_stmt 1 view .LVU1469
 4206 0876 FFF7EFBB 		b	.L141
 4207              	.LVL499:
 4208              	.L168:
2400:Drivers/STM32F1xx_HAL_Driver/Src/stm32f1xx_ll_usb.c ****       }
 4209              		.loc 1 2400 9 discriminator 25 view .LVU1470
2400:Drivers/STM32F1xx_HAL_Driver/Src/stm32f1xx_ll_usb.c ****       }
 4210              		.loc 1 2400 9 discriminator 25 view .LVU1471
 4211 087a 5109     		lsrs	r1, r2, #5
 4212              	.LVL500:
2400:Drivers/STM32F1xx_HAL_Driver/Src/stm32f1xx_ll_usb.c ****       }
 4213              		.loc 1 2400 9 view .LVU1472
2400:Drivers/STM32F1xx_HAL_Driver/Src/stm32f1xx_ll_usb.c ****       }
 4214              		.loc 1 2400 9 is_stmt 0 discriminator 25 view .LVU1473
 4215 087c 12F01F0F 		tst	r2, #31
 4216 0880 00D1     		bne	.L170
2400:Drivers/STM32F1xx_HAL_Driver/Src/stm32f1xx_ll_usb.c ****       }
 4217              		.loc 1 2400 9 is_stmt 1 discriminator 30 view .LVU1474
 4218 0882 0139     		subs	r1, r1, #1
 4219              	.LVL501:
 4220              	.L170:
2400:Drivers/STM32F1xx_HAL_Driver/Src/stm32f1xx_ll_usb.c ****       }
 4221              		.loc 1 2400 9 discriminator 32 view .LVU1475
 4222 0884 6FEAC162 		mvn	r2, r1, lsl #27
 4223              	.LVL502:
2400:Drivers/STM32F1xx_HAL_Driver/Src/stm32f1xx_ll_usb.c ****       }
 4224              		.loc 1 2400 9 is_stmt 0 discriminator 32 view .LVU1476
 4225 0888 6FEA5242 		mvn	r2, r2, lsr #17
 4226 088c 92B2     		uxth	r2, r2
 4227 088e A3F80C24 		strh	r2, [r3, #1036]	@ movhi
 4228 0892 FFF7E1BB 		b	.L141
 4229              	.LVL503:
 4230              	.L166:
2400:Drivers/STM32F1xx_HAL_Driver/Src/stm32f1xx_ll_usb.c ****       }
 4231              		.loc 1 2400 9 discriminator 32 view .LVU1477
 4232              	.LBE118:
 4233              	.LBE119:
ARM GAS  /tmp/ccZyOP9D.s 			page 141


2400:Drivers/STM32F1xx_HAL_Driver/Src/stm32f1xx_ll_usb.c ****       }
 4234              		.loc 1 2400 9 is_stmt 1 discriminator 20 view .LVU1478
 4235 0896 012B     		cmp	r3, #1
 4236 0898 7FF4DEAB 		bne	.L141
2400:Drivers/STM32F1xx_HAL_Driver/Src/stm32f1xx_ll_usb.c ****       }
 4237              		.loc 1 2400 9 discriminator 34 view .LVU1479
 4238 089c B5F85030 		ldrh	r3, [r5, #80]
 4239 08a0 9BB2     		uxth	r3, r3
 4240 08a2 2B44     		add	r3, r3, r5
 4241              	.LVL504:
2400:Drivers/STM32F1xx_HAL_Driver/Src/stm32f1xx_ll_usb.c ****       }
 4242              		.loc 1 2400 9 view .LVU1480
2400:Drivers/STM32F1xx_HAL_Driver/Src/stm32f1xx_ll_usb.c ****       }
 4243              		.loc 1 2400 9 is_stmt 0 discriminator 34 view .LVU1481
 4244 08a4 2178     		ldrb	r1, [r4]	@ zero_extendqisi2
 4245 08a6 03EB0113 		add	r3, r3, r1, lsl #4
 4246              	.LVL505:
2400:Drivers/STM32F1xx_HAL_Driver/Src/stm32f1xx_ll_usb.c ****       }
 4247              		.loc 1 2400 9 is_stmt 1 view .LVU1482
2400:Drivers/STM32F1xx_HAL_Driver/Src/stm32f1xx_ll_usb.c ****       }
 4248              		.loc 1 2400 9 is_stmt 0 discriminator 34 view .LVU1483
 4249 08aa 92B2     		uxth	r2, r2
 4250              	.LVL506:
2400:Drivers/STM32F1xx_HAL_Driver/Src/stm32f1xx_ll_usb.c ****       }
 4251              		.loc 1 2400 9 discriminator 34 view .LVU1484
 4252 08ac A3F80C24 		strh	r2, [r3, #1036]	@ movhi
 4253 08b0 FFF7D2BB 		b	.L141
 4254              	.LVL507:
 4255              	.L171:
2400:Drivers/STM32F1xx_HAL_Driver/Src/stm32f1xx_ll_usb.c ****       }
 4256              		.loc 1 2400 9 discriminator 34 view .LVU1485
 4257              	.LBE133:
2404:Drivers/STM32F1xx_HAL_Driver/Src/stm32f1xx_ll_usb.c ****       }
 4258              		.loc 1 2404 16 view .LVU1486
 4259 08b4 0120     		movs	r0, #1
 4260              	.LVL508:
2404:Drivers/STM32F1xx_HAL_Driver/Src/stm32f1xx_ll_usb.c ****       }
 4261              		.loc 1 2404 16 view .LVU1487
 4262 08b6 FFF7E0BB 		b	.L136
 4263              		.cfi_endproc
 4264              	.LFE74:
 4266              		.section	.text.USB_ReadPMA,"ax",%progbits
 4267              		.align	1
 4268              		.global	USB_ReadPMA
 4269              		.syntax unified
 4270              		.thumb
 4271              		.thumb_func
 4273              	USB_ReadPMA:
 4274              	.LVL509:
 4275              	.LFB91:
2716:Drivers/STM32F1xx_HAL_Driver/Src/stm32f1xx_ll_usb.c **** 
2717:Drivers/STM32F1xx_HAL_Driver/Src/stm32f1xx_ll_usb.c **** /**
2718:Drivers/STM32F1xx_HAL_Driver/Src/stm32f1xx_ll_usb.c ****   * @brief Copy data from packet memory area (PMA) to user memory buffer
2719:Drivers/STM32F1xx_HAL_Driver/Src/stm32f1xx_ll_usb.c ****   * @param   USBx USB peripheral instance register address.
2720:Drivers/STM32F1xx_HAL_Driver/Src/stm32f1xx_ll_usb.c ****   * @param   pbUsrBuf pointer to user memory area.
2721:Drivers/STM32F1xx_HAL_Driver/Src/stm32f1xx_ll_usb.c ****   * @param   wPMABufAddr address into PMA.
2722:Drivers/STM32F1xx_HAL_Driver/Src/stm32f1xx_ll_usb.c ****   * @param   wNBytes no. of bytes to be copied.
ARM GAS  /tmp/ccZyOP9D.s 			page 142


2723:Drivers/STM32F1xx_HAL_Driver/Src/stm32f1xx_ll_usb.c ****   * @retval None
2724:Drivers/STM32F1xx_HAL_Driver/Src/stm32f1xx_ll_usb.c ****   */
2725:Drivers/STM32F1xx_HAL_Driver/Src/stm32f1xx_ll_usb.c **** void USB_ReadPMA(USB_TypeDef *USBx, uint8_t *pbUsrBuf, uint16_t wPMABufAddr, uint16_t wNBytes)
2726:Drivers/STM32F1xx_HAL_Driver/Src/stm32f1xx_ll_usb.c **** {
 4276              		.loc 1 2726 1 is_stmt 1 view -0
 4277              		.cfi_startproc
 4278              		@ args = 0, pretend = 0, frame = 0
 4279              		@ frame_needed = 0, uses_anonymous_args = 0
 4280              		@ link register save eliminated.
 4281              		.loc 1 2726 1 is_stmt 0 view .LVU1489
 4282 0000 10B4     		push	{r4}
 4283              	.LCFI6:
 4284              		.cfi_def_cfa_offset 4
 4285              		.cfi_offset 4, -4
2727:Drivers/STM32F1xx_HAL_Driver/Src/stm32f1xx_ll_usb.c ****   uint32_t n = (uint32_t)wNBytes >> 1;
 4286              		.loc 1 2727 3 is_stmt 1 view .LVU1490
 4287              		.loc 1 2727 34 is_stmt 0 view .LVU1491
 4288 0002 5C08     		lsrs	r4, r3, #1
 4289              	.LVL510:
2728:Drivers/STM32F1xx_HAL_Driver/Src/stm32f1xx_ll_usb.c ****   uint32_t BaseAddr = (uint32_t)USBx;
 4290              		.loc 1 2728 3 is_stmt 1 view .LVU1492
2729:Drivers/STM32F1xx_HAL_Driver/Src/stm32f1xx_ll_usb.c ****   uint32_t i, temp;
 4291              		.loc 1 2729 3 view .LVU1493
2730:Drivers/STM32F1xx_HAL_Driver/Src/stm32f1xx_ll_usb.c ****   __IO uint16_t *pdwVal;
 4292              		.loc 1 2730 3 view .LVU1494
2731:Drivers/STM32F1xx_HAL_Driver/Src/stm32f1xx_ll_usb.c ****   uint8_t *pBuf = pbUsrBuf;
 4293              		.loc 1 2731 3 view .LVU1495
2732:Drivers/STM32F1xx_HAL_Driver/Src/stm32f1xx_ll_usb.c **** 
2733:Drivers/STM32F1xx_HAL_Driver/Src/stm32f1xx_ll_usb.c ****   pdwVal = (__IO uint16_t *)(BaseAddr + 0x400U + ((uint32_t)wPMABufAddr * PMA_ACCESS));
 4294              		.loc 1 2733 3 view .LVU1496
 4295              		.loc 1 2733 48 is_stmt 0 view .LVU1497
 4296 0004 00EB4200 		add	r0, r0, r2, lsl #1
 4297              	.LVL511:
 4298              		.loc 1 2733 48 view .LVU1498
 4299 0008 00F58060 		add	r0, r0, #1024
 4300              	.LVL512:
2734:Drivers/STM32F1xx_HAL_Driver/Src/stm32f1xx_ll_usb.c **** 
2735:Drivers/STM32F1xx_HAL_Driver/Src/stm32f1xx_ll_usb.c ****   for (i = n; i != 0U; i--)
 4301              		.loc 1 2735 3 is_stmt 1 view .LVU1499
 4302              		.loc 1 2735 3 is_stmt 0 view .LVU1500
 4303 000c 07E0     		b	.L187
 4304              	.LVL513:
 4305              	.L188:
2736:Drivers/STM32F1xx_HAL_Driver/Src/stm32f1xx_ll_usb.c ****   {
2737:Drivers/STM32F1xx_HAL_Driver/Src/stm32f1xx_ll_usb.c ****     temp = *(__IO uint16_t *)pdwVal;
 4306              		.loc 1 2737 5 is_stmt 1 view .LVU1501
 4307              		.loc 1 2737 12 is_stmt 0 view .LVU1502
 4308 000e 30F8042B 		ldrh	r2, [r0], #4
 4309              	.LVL514:
2738:Drivers/STM32F1xx_HAL_Driver/Src/stm32f1xx_ll_usb.c ****     pdwVal++;
 4310              		.loc 1 2738 5 is_stmt 1 view .LVU1503
2739:Drivers/STM32F1xx_HAL_Driver/Src/stm32f1xx_ll_usb.c ****     *pBuf = (uint8_t)((temp >> 0) & 0xFFU);
 4311              		.loc 1 2739 5 view .LVU1504
 4312              		.loc 1 2739 11 is_stmt 0 view .LVU1505
 4313 0012 0A70     		strb	r2, [r1]
2740:Drivers/STM32F1xx_HAL_Driver/Src/stm32f1xx_ll_usb.c ****     pBuf++;
 4314              		.loc 1 2740 5 is_stmt 1 view .LVU1506
ARM GAS  /tmp/ccZyOP9D.s 			page 143


 4315              	.LVL515:
2741:Drivers/STM32F1xx_HAL_Driver/Src/stm32f1xx_ll_usb.c ****     *pBuf = (uint8_t)((temp >> 8) & 0xFFU);
 4316              		.loc 1 2741 5 view .LVU1507
 4317              		.loc 1 2741 13 is_stmt 0 view .LVU1508
 4318 0014 C2F30722 		ubfx	r2, r2, #8, #8
 4319              	.LVL516:
 4320              		.loc 1 2741 11 view .LVU1509
 4321 0018 4A70     		strb	r2, [r1, #1]
2742:Drivers/STM32F1xx_HAL_Driver/Src/stm32f1xx_ll_usb.c ****     pBuf++;
 4322              		.loc 1 2742 5 is_stmt 1 view .LVU1510
 4323              		.loc 1 2742 9 is_stmt 0 view .LVU1511
 4324 001a 0231     		adds	r1, r1, #2
 4325              	.LVL517:
2743:Drivers/STM32F1xx_HAL_Driver/Src/stm32f1xx_ll_usb.c **** 
2744:Drivers/STM32F1xx_HAL_Driver/Src/stm32f1xx_ll_usb.c **** #if PMA_ACCESS > 1U
2745:Drivers/STM32F1xx_HAL_Driver/Src/stm32f1xx_ll_usb.c ****     pdwVal++;
 4326              		.loc 1 2745 5 is_stmt 1 view .LVU1512
2735:Drivers/STM32F1xx_HAL_Driver/Src/stm32f1xx_ll_usb.c ****   {
 4327              		.loc 1 2735 25 discriminator 3 view .LVU1513
 4328 001c 013C     		subs	r4, r4, #1
 4329              	.LVL518:
 4330              	.L187:
2735:Drivers/STM32F1xx_HAL_Driver/Src/stm32f1xx_ll_usb.c ****   {
 4331              		.loc 1 2735 17 discriminator 1 view .LVU1514
 4332 001e 002C     		cmp	r4, #0
 4333 0020 F5D1     		bne	.L188
2746:Drivers/STM32F1xx_HAL_Driver/Src/stm32f1xx_ll_usb.c **** #endif
2747:Drivers/STM32F1xx_HAL_Driver/Src/stm32f1xx_ll_usb.c ****   }
2748:Drivers/STM32F1xx_HAL_Driver/Src/stm32f1xx_ll_usb.c **** 
2749:Drivers/STM32F1xx_HAL_Driver/Src/stm32f1xx_ll_usb.c ****   if ((wNBytes % 2U) != 0U)
 4334              		.loc 1 2749 3 view .LVU1515
 4335              		.loc 1 2749 6 is_stmt 0 view .LVU1516
 4336 0022 13F0010F 		tst	r3, #1
 4337 0026 01D0     		beq	.L186
2750:Drivers/STM32F1xx_HAL_Driver/Src/stm32f1xx_ll_usb.c ****   {
2751:Drivers/STM32F1xx_HAL_Driver/Src/stm32f1xx_ll_usb.c ****     temp = *pdwVal;
 4338              		.loc 1 2751 5 is_stmt 1 view .LVU1517
 4339              		.loc 1 2751 12 is_stmt 0 view .LVU1518
 4340 0028 0388     		ldrh	r3, [r0]
 4341              	.LVL519:
2752:Drivers/STM32F1xx_HAL_Driver/Src/stm32f1xx_ll_usb.c ****     *pBuf = (uint8_t)((temp >> 0) & 0xFFU);
 4342              		.loc 1 2752 5 is_stmt 1 view .LVU1519
 4343              		.loc 1 2752 11 is_stmt 0 view .LVU1520
 4344 002a 0B70     		strb	r3, [r1]
 4345              	.LVL520:
 4346              	.L186:
2753:Drivers/STM32F1xx_HAL_Driver/Src/stm32f1xx_ll_usb.c ****   }
2754:Drivers/STM32F1xx_HAL_Driver/Src/stm32f1xx_ll_usb.c **** }
 4347              		.loc 1 2754 1 view .LVU1521
 4348 002c 10BC     		pop	{r4}
 4349              	.LCFI7:
 4350              		.cfi_restore 4
 4351              		.cfi_def_cfa_offset 0
 4352              	.LVL521:
 4353              		.loc 1 2754 1 view .LVU1522
 4354 002e 7047     		bx	lr
 4355              		.cfi_endproc
ARM GAS  /tmp/ccZyOP9D.s 			page 144


 4356              	.LFE91:
 4358              		.text
 4359              	.Letext0:
 4360              		.file 2 "/usr/lib/gcc/arm-none-eabi/14.2.1/include/stdint.h"
 4361              		.file 3 "Drivers/CMSIS/Device/ST/STM32F1xx/Include/stm32f103xb.h"
 4362              		.file 4 "Drivers/STM32F1xx_HAL_Driver/Inc/stm32f1xx_hal_def.h"
 4363              		.file 5 "Drivers/STM32F1xx_HAL_Driver/Inc/stm32f1xx_ll_usb.h"
ARM GAS  /tmp/ccZyOP9D.s 			page 145


DEFINED SYMBOLS
                            *ABS*:00000000 stm32f1xx_ll_usb.c
     /tmp/ccZyOP9D.s:19     .text.USB_CoreInit:00000000 $t
     /tmp/ccZyOP9D.s:25     .text.USB_CoreInit:00000000 USB_CoreInit
     /tmp/ccZyOP9D.s:54     .text.USB_EnableGlobalInt:00000000 $t
     /tmp/ccZyOP9D.s:60     .text.USB_EnableGlobalInt:00000000 USB_EnableGlobalInt
     /tmp/ccZyOP9D.s:90     .text.USB_DisableGlobalInt:00000000 $t
     /tmp/ccZyOP9D.s:96     .text.USB_DisableGlobalInt:00000000 USB_DisableGlobalInt
     /tmp/ccZyOP9D.s:124    .text.USB_SetCurrentMode:00000000 $t
     /tmp/ccZyOP9D.s:130    .text.USB_SetCurrentMode:00000000 USB_SetCurrentMode
     /tmp/ccZyOP9D.s:150    .text.USB_DevInit:00000000 $t
     /tmp/ccZyOP9D.s:156    .text.USB_DevInit:00000000 USB_DevInit
     /tmp/ccZyOP9D.s:198    .text.USB_FlushTxFifo:00000000 $t
     /tmp/ccZyOP9D.s:204    .text.USB_FlushTxFifo:00000000 USB_FlushTxFifo
     /tmp/ccZyOP9D.s:224    .text.USB_FlushRxFifo:00000000 $t
     /tmp/ccZyOP9D.s:230    .text.USB_FlushRxFifo:00000000 USB_FlushRxFifo
     /tmp/ccZyOP9D.s:249    .text.USB_ActivateEndpoint:00000000 $t
     /tmp/ccZyOP9D.s:255    .text.USB_ActivateEndpoint:00000000 USB_ActivateEndpoint
     /tmp/ccZyOP9D.s:291    .text.USB_ActivateEndpoint:00000022 $d
     /tmp/ccZyOP9D.s:295    .text.USB_ActivateEndpoint:00000026 $t
     /tmp/ccZyOP9D.s:1008   .text.USB_DeactivateEndpoint:00000000 $t
     /tmp/ccZyOP9D.s:1014   .text.USB_DeactivateEndpoint:00000000 USB_DeactivateEndpoint
     /tmp/ccZyOP9D.s:1424   .text.USB_EPSetStall:00000000 $t
     /tmp/ccZyOP9D.s:1430   .text.USB_EPSetStall:00000000 USB_EPSetStall
     /tmp/ccZyOP9D.s:1504   .text.USB_EPClearStall:00000000 $t
     /tmp/ccZyOP9D.s:1510   .text.USB_EPClearStall:00000000 USB_EPClearStall
     /tmp/ccZyOP9D.s:1668   .text.USB_StopDevice:00000000 $t
     /tmp/ccZyOP9D.s:1674   .text.USB_StopDevice:00000000 USB_StopDevice
     /tmp/ccZyOP9D.s:1705   .text.USB_SetDevAddress:00000000 $t
     /tmp/ccZyOP9D.s:1711   .text.USB_SetDevAddress:00000000 USB_SetDevAddress
     /tmp/ccZyOP9D.s:1737   .text.USB_DevConnect:00000000 $t
     /tmp/ccZyOP9D.s:1743   .text.USB_DevConnect:00000000 USB_DevConnect
     /tmp/ccZyOP9D.s:1762   .text.USB_DevDisconnect:00000000 $t
     /tmp/ccZyOP9D.s:1768   .text.USB_DevDisconnect:00000000 USB_DevDisconnect
     /tmp/ccZyOP9D.s:1787   .text.USB_ReadInterrupts:00000000 $t
     /tmp/ccZyOP9D.s:1793   .text.USB_ReadInterrupts:00000000 USB_ReadInterrupts
     /tmp/ccZyOP9D.s:1816   .text.USB_ReadDevAllOutEpInterrupt:00000000 $t
     /tmp/ccZyOP9D.s:1822   .text.USB_ReadDevAllOutEpInterrupt:00000000 USB_ReadDevAllOutEpInterrupt
     /tmp/ccZyOP9D.s:1841   .text.USB_ReadDevAllInEpInterrupt:00000000 $t
     /tmp/ccZyOP9D.s:1847   .text.USB_ReadDevAllInEpInterrupt:00000000 USB_ReadDevAllInEpInterrupt
     /tmp/ccZyOP9D.s:1866   .text.USB_ReadDevOutEPInterrupt:00000000 $t
     /tmp/ccZyOP9D.s:1872   .text.USB_ReadDevOutEPInterrupt:00000000 USB_ReadDevOutEPInterrupt
     /tmp/ccZyOP9D.s:1892   .text.USB_ReadDevInEPInterrupt:00000000 $t
     /tmp/ccZyOP9D.s:1898   .text.USB_ReadDevInEPInterrupt:00000000 USB_ReadDevInEPInterrupt
     /tmp/ccZyOP9D.s:1918   .text.USB_ClearInterrupts:00000000 $t
     /tmp/ccZyOP9D.s:1924   .text.USB_ClearInterrupts:00000000 USB_ClearInterrupts
     /tmp/ccZyOP9D.s:1940   .text.USB_EP0_OutStart:00000000 $t
     /tmp/ccZyOP9D.s:1946   .text.USB_EP0_OutStart:00000000 USB_EP0_OutStart
     /tmp/ccZyOP9D.s:1966   .text.USB_ActivateRemoteWakeup:00000000 $t
     /tmp/ccZyOP9D.s:1972   .text.USB_ActivateRemoteWakeup:00000000 USB_ActivateRemoteWakeup
     /tmp/ccZyOP9D.s:1997   .text.USB_DeActivateRemoteWakeup:00000000 $t
     /tmp/ccZyOP9D.s:2003   .text.USB_DeActivateRemoteWakeup:00000000 USB_DeActivateRemoteWakeup
     /tmp/ccZyOP9D.s:2029   .text.USB_WritePMA:00000000 $t
     /tmp/ccZyOP9D.s:2035   .text.USB_WritePMA:00000000 USB_WritePMA
     /tmp/ccZyOP9D.s:2101   .text.USB_EPStartXfer:00000000 $t
     /tmp/ccZyOP9D.s:2107   .text.USB_EPStartXfer:00000000 USB_EPStartXfer
     /tmp/ccZyOP9D.s:4267   .text.USB_ReadPMA:00000000 $t
ARM GAS  /tmp/ccZyOP9D.s 			page 146


     /tmp/ccZyOP9D.s:4273   .text.USB_ReadPMA:00000000 USB_ReadPMA

NO UNDEFINED SYMBOLS
