ARM GAS  /tmp/ccNSEcI1.s 			page 1


   1              		.cpu cortex-m3
   2              		.arch armv7-m
   3              		.fpu softvfp
   4              		.eabi_attribute 20, 1
   5              		.eabi_attribute 21, 1
   6              		.eabi_attribute 23, 3
   7              		.eabi_attribute 24, 1
   8              		.eabi_attribute 25, 1
   9              		.eabi_attribute 26, 1
  10              		.eabi_attribute 30, 1
  11              		.eabi_attribute 34, 1
  12              		.eabi_attribute 18, 4
  13              		.file	"stm32f1xx_hal_rcc.c"
  14              		.text
  15              	.Ltext0:
  16              		.cfi_sections	.debug_frame
  17              		.file 1 "Drivers/STM32F1xx_HAL_Driver/Src/stm32f1xx_hal_rcc.c"
  18              		.section	.text.RCC_Delay,"ax",%progbits
  19              		.align	1
  20              		.syntax unified
  21              		.thumb
  22              		.thumb_func
  24              	RCC_Delay:
  25              	.LVL0:
  26              	.LFB78:
   1:Drivers/STM32F1xx_HAL_Driver/Src/stm32f1xx_hal_rcc.c **** /**
   2:Drivers/STM32F1xx_HAL_Driver/Src/stm32f1xx_hal_rcc.c ****   ******************************************************************************
   3:Drivers/STM32F1xx_HAL_Driver/Src/stm32f1xx_hal_rcc.c ****   * @file    stm32f1xx_hal_rcc.c
   4:Drivers/STM32F1xx_HAL_Driver/Src/stm32f1xx_hal_rcc.c ****   * @author  MCD Application Team
   5:Drivers/STM32F1xx_HAL_Driver/Src/stm32f1xx_hal_rcc.c ****   * @brief   RCC HAL module driver.
   6:Drivers/STM32F1xx_HAL_Driver/Src/stm32f1xx_hal_rcc.c ****   *          This file provides firmware functions to manage the following
   7:Drivers/STM32F1xx_HAL_Driver/Src/stm32f1xx_hal_rcc.c ****   *          functionalities of the Reset and Clock Control (RCC) peripheral:
   8:Drivers/STM32F1xx_HAL_Driver/Src/stm32f1xx_hal_rcc.c ****   *           + Initialization and de-initialization functions
   9:Drivers/STM32F1xx_HAL_Driver/Src/stm32f1xx_hal_rcc.c ****   *           + Peripheral Control functions
  10:Drivers/STM32F1xx_HAL_Driver/Src/stm32f1xx_hal_rcc.c ****   *
  11:Drivers/STM32F1xx_HAL_Driver/Src/stm32f1xx_hal_rcc.c ****   @verbatim
  12:Drivers/STM32F1xx_HAL_Driver/Src/stm32f1xx_hal_rcc.c ****   ==============================================================================
  13:Drivers/STM32F1xx_HAL_Driver/Src/stm32f1xx_hal_rcc.c ****                       ##### RCC specific features #####
  14:Drivers/STM32F1xx_HAL_Driver/Src/stm32f1xx_hal_rcc.c ****   ==============================================================================
  15:Drivers/STM32F1xx_HAL_Driver/Src/stm32f1xx_hal_rcc.c ****     [..]
  16:Drivers/STM32F1xx_HAL_Driver/Src/stm32f1xx_hal_rcc.c ****       After reset the device is running from Internal High Speed oscillator
  17:Drivers/STM32F1xx_HAL_Driver/Src/stm32f1xx_hal_rcc.c ****       (HSI 8MHz) with Flash 0 wait state, Flash prefetch buffer is enabled,
  18:Drivers/STM32F1xx_HAL_Driver/Src/stm32f1xx_hal_rcc.c ****       and all peripherals are off except internal SRAM, Flash and JTAG.
  19:Drivers/STM32F1xx_HAL_Driver/Src/stm32f1xx_hal_rcc.c ****       (+) There is no prescaler on High speed (AHB) and Low speed (APB) buses;
  20:Drivers/STM32F1xx_HAL_Driver/Src/stm32f1xx_hal_rcc.c ****           all peripherals mapped on these buses are running at HSI speed.
  21:Drivers/STM32F1xx_HAL_Driver/Src/stm32f1xx_hal_rcc.c ****       (+) The clock for all peripherals is switched off, except the SRAM and FLASH.
  22:Drivers/STM32F1xx_HAL_Driver/Src/stm32f1xx_hal_rcc.c ****       (+) All GPIOs are in input floating state, except the JTAG pins which
  23:Drivers/STM32F1xx_HAL_Driver/Src/stm32f1xx_hal_rcc.c ****           are assigned to be used for debug purpose.
  24:Drivers/STM32F1xx_HAL_Driver/Src/stm32f1xx_hal_rcc.c ****     [..] Once the device started from reset, the user application has to:
  25:Drivers/STM32F1xx_HAL_Driver/Src/stm32f1xx_hal_rcc.c ****       (+) Configure the clock source to be used to drive the System clock
  26:Drivers/STM32F1xx_HAL_Driver/Src/stm32f1xx_hal_rcc.c ****           (if the application needs higher frequency/performance)
  27:Drivers/STM32F1xx_HAL_Driver/Src/stm32f1xx_hal_rcc.c ****       (+) Configure the System clock frequency and Flash settings
  28:Drivers/STM32F1xx_HAL_Driver/Src/stm32f1xx_hal_rcc.c ****       (+) Configure the AHB and APB buses prescalers
  29:Drivers/STM32F1xx_HAL_Driver/Src/stm32f1xx_hal_rcc.c ****       (+) Enable the clock for the peripheral(s) to be used
  30:Drivers/STM32F1xx_HAL_Driver/Src/stm32f1xx_hal_rcc.c ****       (+) Configure the clock source(s) for peripherals whose clocks are not
  31:Drivers/STM32F1xx_HAL_Driver/Src/stm32f1xx_hal_rcc.c ****           derived from the System clock (I2S, RTC, ADC, USB OTG FS)
  32:Drivers/STM32F1xx_HAL_Driver/Src/stm32f1xx_hal_rcc.c **** 
ARM GAS  /tmp/ccNSEcI1.s 			page 2


  33:Drivers/STM32F1xx_HAL_Driver/Src/stm32f1xx_hal_rcc.c ****                       ##### RCC Limitations #####
  34:Drivers/STM32F1xx_HAL_Driver/Src/stm32f1xx_hal_rcc.c ****   ==============================================================================
  35:Drivers/STM32F1xx_HAL_Driver/Src/stm32f1xx_hal_rcc.c ****     [..]
  36:Drivers/STM32F1xx_HAL_Driver/Src/stm32f1xx_hal_rcc.c ****       A delay between an RCC peripheral clock enable and the effective peripheral
  37:Drivers/STM32F1xx_HAL_Driver/Src/stm32f1xx_hal_rcc.c ****       enabling should be taken into account in order to manage the peripheral read/write
  38:Drivers/STM32F1xx_HAL_Driver/Src/stm32f1xx_hal_rcc.c ****       from/to registers.
  39:Drivers/STM32F1xx_HAL_Driver/Src/stm32f1xx_hal_rcc.c ****       (+) This delay depends on the peripheral mapping.
  40:Drivers/STM32F1xx_HAL_Driver/Src/stm32f1xx_hal_rcc.c ****         (++) AHB & APB peripherals, 1 dummy read is necessary
  41:Drivers/STM32F1xx_HAL_Driver/Src/stm32f1xx_hal_rcc.c **** 
  42:Drivers/STM32F1xx_HAL_Driver/Src/stm32f1xx_hal_rcc.c ****     [..]
  43:Drivers/STM32F1xx_HAL_Driver/Src/stm32f1xx_hal_rcc.c ****       Workarounds:
  44:Drivers/STM32F1xx_HAL_Driver/Src/stm32f1xx_hal_rcc.c ****       (#) For AHB & APB peripherals, a dummy read to the peripheral register has been
  45:Drivers/STM32F1xx_HAL_Driver/Src/stm32f1xx_hal_rcc.c ****           inserted in each __HAL_RCC_PPP_CLK_ENABLE() macro.
  46:Drivers/STM32F1xx_HAL_Driver/Src/stm32f1xx_hal_rcc.c **** 
  47:Drivers/STM32F1xx_HAL_Driver/Src/stm32f1xx_hal_rcc.c ****   @endverbatim
  48:Drivers/STM32F1xx_HAL_Driver/Src/stm32f1xx_hal_rcc.c ****   ******************************************************************************
  49:Drivers/STM32F1xx_HAL_Driver/Src/stm32f1xx_hal_rcc.c ****   * @attention
  50:Drivers/STM32F1xx_HAL_Driver/Src/stm32f1xx_hal_rcc.c ****   *
  51:Drivers/STM32F1xx_HAL_Driver/Src/stm32f1xx_hal_rcc.c ****   * <h2><center>&copy; Copyright (c) 2016 STMicroelectronics.
  52:Drivers/STM32F1xx_HAL_Driver/Src/stm32f1xx_hal_rcc.c ****   * All rights reserved.</center></h2>
  53:Drivers/STM32F1xx_HAL_Driver/Src/stm32f1xx_hal_rcc.c ****   *
  54:Drivers/STM32F1xx_HAL_Driver/Src/stm32f1xx_hal_rcc.c ****   * This software component is licensed by ST under BSD 3-Clause license,
  55:Drivers/STM32F1xx_HAL_Driver/Src/stm32f1xx_hal_rcc.c ****   * the "License"; You may not use this file except in compliance with the
  56:Drivers/STM32F1xx_HAL_Driver/Src/stm32f1xx_hal_rcc.c ****   * License. You may obtain a copy of the License at:
  57:Drivers/STM32F1xx_HAL_Driver/Src/stm32f1xx_hal_rcc.c ****   *                        opensource.org/licenses/BSD-3-Clause
  58:Drivers/STM32F1xx_HAL_Driver/Src/stm32f1xx_hal_rcc.c ****   *
  59:Drivers/STM32F1xx_HAL_Driver/Src/stm32f1xx_hal_rcc.c ****   ******************************************************************************
  60:Drivers/STM32F1xx_HAL_Driver/Src/stm32f1xx_hal_rcc.c ****   */
  61:Drivers/STM32F1xx_HAL_Driver/Src/stm32f1xx_hal_rcc.c **** 
  62:Drivers/STM32F1xx_HAL_Driver/Src/stm32f1xx_hal_rcc.c **** /* Includes ------------------------------------------------------------------*/
  63:Drivers/STM32F1xx_HAL_Driver/Src/stm32f1xx_hal_rcc.c **** #include "stm32f1xx_hal.h"
  64:Drivers/STM32F1xx_HAL_Driver/Src/stm32f1xx_hal_rcc.c **** 
  65:Drivers/STM32F1xx_HAL_Driver/Src/stm32f1xx_hal_rcc.c **** /** @addtogroup STM32F1xx_HAL_Driver
  66:Drivers/STM32F1xx_HAL_Driver/Src/stm32f1xx_hal_rcc.c ****   * @{
  67:Drivers/STM32F1xx_HAL_Driver/Src/stm32f1xx_hal_rcc.c ****   */
  68:Drivers/STM32F1xx_HAL_Driver/Src/stm32f1xx_hal_rcc.c **** 
  69:Drivers/STM32F1xx_HAL_Driver/Src/stm32f1xx_hal_rcc.c **** /** @defgroup RCC RCC
  70:Drivers/STM32F1xx_HAL_Driver/Src/stm32f1xx_hal_rcc.c **** * @brief RCC HAL module driver
  71:Drivers/STM32F1xx_HAL_Driver/Src/stm32f1xx_hal_rcc.c ****   * @{
  72:Drivers/STM32F1xx_HAL_Driver/Src/stm32f1xx_hal_rcc.c ****   */
  73:Drivers/STM32F1xx_HAL_Driver/Src/stm32f1xx_hal_rcc.c **** 
  74:Drivers/STM32F1xx_HAL_Driver/Src/stm32f1xx_hal_rcc.c **** #ifdef HAL_RCC_MODULE_ENABLED
  75:Drivers/STM32F1xx_HAL_Driver/Src/stm32f1xx_hal_rcc.c **** 
  76:Drivers/STM32F1xx_HAL_Driver/Src/stm32f1xx_hal_rcc.c **** /* Private typedef -----------------------------------------------------------*/
  77:Drivers/STM32F1xx_HAL_Driver/Src/stm32f1xx_hal_rcc.c **** /* Private define ------------------------------------------------------------*/
  78:Drivers/STM32F1xx_HAL_Driver/Src/stm32f1xx_hal_rcc.c **** /** @defgroup RCC_Private_Constants RCC Private Constants
  79:Drivers/STM32F1xx_HAL_Driver/Src/stm32f1xx_hal_rcc.c ****  * @{
  80:Drivers/STM32F1xx_HAL_Driver/Src/stm32f1xx_hal_rcc.c ****  */
  81:Drivers/STM32F1xx_HAL_Driver/Src/stm32f1xx_hal_rcc.c **** /**
  82:Drivers/STM32F1xx_HAL_Driver/Src/stm32f1xx_hal_rcc.c ****   * @}
  83:Drivers/STM32F1xx_HAL_Driver/Src/stm32f1xx_hal_rcc.c ****   */
  84:Drivers/STM32F1xx_HAL_Driver/Src/stm32f1xx_hal_rcc.c **** /* Private macro -------------------------------------------------------------*/
  85:Drivers/STM32F1xx_HAL_Driver/Src/stm32f1xx_hal_rcc.c **** /** @defgroup RCC_Private_Macros RCC Private Macros
  86:Drivers/STM32F1xx_HAL_Driver/Src/stm32f1xx_hal_rcc.c ****   * @{
  87:Drivers/STM32F1xx_HAL_Driver/Src/stm32f1xx_hal_rcc.c ****   */
  88:Drivers/STM32F1xx_HAL_Driver/Src/stm32f1xx_hal_rcc.c **** 
  89:Drivers/STM32F1xx_HAL_Driver/Src/stm32f1xx_hal_rcc.c **** #define MCO1_CLK_ENABLE()     __HAL_RCC_GPIOA_CLK_ENABLE()
ARM GAS  /tmp/ccNSEcI1.s 			page 3


  90:Drivers/STM32F1xx_HAL_Driver/Src/stm32f1xx_hal_rcc.c **** #define MCO1_GPIO_PORT        GPIOA
  91:Drivers/STM32F1xx_HAL_Driver/Src/stm32f1xx_hal_rcc.c **** #define MCO1_PIN              GPIO_PIN_8
  92:Drivers/STM32F1xx_HAL_Driver/Src/stm32f1xx_hal_rcc.c **** 
  93:Drivers/STM32F1xx_HAL_Driver/Src/stm32f1xx_hal_rcc.c **** /**
  94:Drivers/STM32F1xx_HAL_Driver/Src/stm32f1xx_hal_rcc.c ****   * @}
  95:Drivers/STM32F1xx_HAL_Driver/Src/stm32f1xx_hal_rcc.c ****   */
  96:Drivers/STM32F1xx_HAL_Driver/Src/stm32f1xx_hal_rcc.c **** 
  97:Drivers/STM32F1xx_HAL_Driver/Src/stm32f1xx_hal_rcc.c **** /* Private variables ---------------------------------------------------------*/
  98:Drivers/STM32F1xx_HAL_Driver/Src/stm32f1xx_hal_rcc.c **** /** @defgroup RCC_Private_Variables RCC Private Variables
  99:Drivers/STM32F1xx_HAL_Driver/Src/stm32f1xx_hal_rcc.c ****   * @{
 100:Drivers/STM32F1xx_HAL_Driver/Src/stm32f1xx_hal_rcc.c ****   */
 101:Drivers/STM32F1xx_HAL_Driver/Src/stm32f1xx_hal_rcc.c **** /**
 102:Drivers/STM32F1xx_HAL_Driver/Src/stm32f1xx_hal_rcc.c ****   * @}
 103:Drivers/STM32F1xx_HAL_Driver/Src/stm32f1xx_hal_rcc.c ****   */
 104:Drivers/STM32F1xx_HAL_Driver/Src/stm32f1xx_hal_rcc.c **** 
 105:Drivers/STM32F1xx_HAL_Driver/Src/stm32f1xx_hal_rcc.c **** /* Private function prototypes -----------------------------------------------*/
 106:Drivers/STM32F1xx_HAL_Driver/Src/stm32f1xx_hal_rcc.c **** static void RCC_Delay(uint32_t mdelay);
 107:Drivers/STM32F1xx_HAL_Driver/Src/stm32f1xx_hal_rcc.c **** 
 108:Drivers/STM32F1xx_HAL_Driver/Src/stm32f1xx_hal_rcc.c **** /* Exported functions --------------------------------------------------------*/
 109:Drivers/STM32F1xx_HAL_Driver/Src/stm32f1xx_hal_rcc.c **** 
 110:Drivers/STM32F1xx_HAL_Driver/Src/stm32f1xx_hal_rcc.c **** /** @defgroup RCC_Exported_Functions RCC Exported Functions
 111:Drivers/STM32F1xx_HAL_Driver/Src/stm32f1xx_hal_rcc.c ****   * @{
 112:Drivers/STM32F1xx_HAL_Driver/Src/stm32f1xx_hal_rcc.c ****   */
 113:Drivers/STM32F1xx_HAL_Driver/Src/stm32f1xx_hal_rcc.c **** 
 114:Drivers/STM32F1xx_HAL_Driver/Src/stm32f1xx_hal_rcc.c **** /** @defgroup RCC_Exported_Functions_Group1 Initialization and de-initialization functions
 115:Drivers/STM32F1xx_HAL_Driver/Src/stm32f1xx_hal_rcc.c ****   *  @brief    Initialization and Configuration functions
 116:Drivers/STM32F1xx_HAL_Driver/Src/stm32f1xx_hal_rcc.c ****   *
 117:Drivers/STM32F1xx_HAL_Driver/Src/stm32f1xx_hal_rcc.c ****   @verbatim
 118:Drivers/STM32F1xx_HAL_Driver/Src/stm32f1xx_hal_rcc.c ****   ===============================================================================
 119:Drivers/STM32F1xx_HAL_Driver/Src/stm32f1xx_hal_rcc.c ****            ##### Initialization and de-initialization functions #####
 120:Drivers/STM32F1xx_HAL_Driver/Src/stm32f1xx_hal_rcc.c ****   ===============================================================================
 121:Drivers/STM32F1xx_HAL_Driver/Src/stm32f1xx_hal_rcc.c ****     [..]
 122:Drivers/STM32F1xx_HAL_Driver/Src/stm32f1xx_hal_rcc.c ****       This section provides functions allowing to configure the internal/external oscillators
 123:Drivers/STM32F1xx_HAL_Driver/Src/stm32f1xx_hal_rcc.c ****       (HSE, HSI, LSE, LSI, PLL, CSS and MCO) and the System buses clocks (SYSCLK, AHB, APB1
 124:Drivers/STM32F1xx_HAL_Driver/Src/stm32f1xx_hal_rcc.c ****       and APB2).
 125:Drivers/STM32F1xx_HAL_Driver/Src/stm32f1xx_hal_rcc.c **** 
 126:Drivers/STM32F1xx_HAL_Driver/Src/stm32f1xx_hal_rcc.c ****     [..] Internal/external clock and PLL configuration
 127:Drivers/STM32F1xx_HAL_Driver/Src/stm32f1xx_hal_rcc.c ****       (#) HSI (high-speed internal), 8 MHz factory-trimmed RC used directly or through
 128:Drivers/STM32F1xx_HAL_Driver/Src/stm32f1xx_hal_rcc.c ****           the PLL as System clock source.
 129:Drivers/STM32F1xx_HAL_Driver/Src/stm32f1xx_hal_rcc.c ****       (#) LSI (low-speed internal), ~40 KHz low consumption RC used as IWDG and/or RTC
 130:Drivers/STM32F1xx_HAL_Driver/Src/stm32f1xx_hal_rcc.c ****           clock source.
 131:Drivers/STM32F1xx_HAL_Driver/Src/stm32f1xx_hal_rcc.c **** 
 132:Drivers/STM32F1xx_HAL_Driver/Src/stm32f1xx_hal_rcc.c ****       (#) HSE (high-speed external), 4 to 24 MHz (STM32F100xx) or 4 to 16 MHz (STM32F101x/STM32F102
 133:Drivers/STM32F1xx_HAL_Driver/Src/stm32f1xx_hal_rcc.c ****           through the PLL as System clock source. Can be used also as RTC clock source.
 134:Drivers/STM32F1xx_HAL_Driver/Src/stm32f1xx_hal_rcc.c **** 
 135:Drivers/STM32F1xx_HAL_Driver/Src/stm32f1xx_hal_rcc.c ****       (#) LSE (low-speed external), 32 KHz oscillator used as RTC clock source.
 136:Drivers/STM32F1xx_HAL_Driver/Src/stm32f1xx_hal_rcc.c **** 
 137:Drivers/STM32F1xx_HAL_Driver/Src/stm32f1xx_hal_rcc.c ****       (#) PLL (clocked by HSI or HSE), featuring different output clocks:
 138:Drivers/STM32F1xx_HAL_Driver/Src/stm32f1xx_hal_rcc.c ****         (++) The first output is used to generate the high speed system clock (up to 72 MHz for STM
 139:Drivers/STM32F1xx_HAL_Driver/Src/stm32f1xx_hal_rcc.c ****         (++) The second output is used to generate the clock for the USB OTG FS (48 MHz)
 140:Drivers/STM32F1xx_HAL_Driver/Src/stm32f1xx_hal_rcc.c **** 
 141:Drivers/STM32F1xx_HAL_Driver/Src/stm32f1xx_hal_rcc.c ****       (#) CSS (Clock security system), once enable using the macro __HAL_RCC_CSS_ENABLE()
 142:Drivers/STM32F1xx_HAL_Driver/Src/stm32f1xx_hal_rcc.c ****           and if a HSE clock failure occurs(HSE used directly or through PLL as System
 143:Drivers/STM32F1xx_HAL_Driver/Src/stm32f1xx_hal_rcc.c ****           clock source), the System clocks automatically switched to HSI and an interrupt
 144:Drivers/STM32F1xx_HAL_Driver/Src/stm32f1xx_hal_rcc.c ****           is generated if enabled. The interrupt is linked to the Cortex-M3 NMI
 145:Drivers/STM32F1xx_HAL_Driver/Src/stm32f1xx_hal_rcc.c ****           (Non-Maskable Interrupt) exception vector.
 146:Drivers/STM32F1xx_HAL_Driver/Src/stm32f1xx_hal_rcc.c **** 
ARM GAS  /tmp/ccNSEcI1.s 			page 4


 147:Drivers/STM32F1xx_HAL_Driver/Src/stm32f1xx_hal_rcc.c ****       (#) MCO1 (microcontroller clock output), used to output SYSCLK, HSI,
 148:Drivers/STM32F1xx_HAL_Driver/Src/stm32f1xx_hal_rcc.c ****           HSE or PLL clock (divided by 2) on PA8 pin + PLL2CLK, PLL3CLK/2, PLL3CLK and XTI for STM3
 149:Drivers/STM32F1xx_HAL_Driver/Src/stm32f1xx_hal_rcc.c **** 
 150:Drivers/STM32F1xx_HAL_Driver/Src/stm32f1xx_hal_rcc.c ****     [..] System, AHB and APB buses clocks configuration
 151:Drivers/STM32F1xx_HAL_Driver/Src/stm32f1xx_hal_rcc.c ****       (#) Several clock sources can be used to drive the System clock (SYSCLK): HSI,
 152:Drivers/STM32F1xx_HAL_Driver/Src/stm32f1xx_hal_rcc.c ****           HSE and PLL.
 153:Drivers/STM32F1xx_HAL_Driver/Src/stm32f1xx_hal_rcc.c ****           The AHB clock (HCLK) is derived from System clock through configurable
 154:Drivers/STM32F1xx_HAL_Driver/Src/stm32f1xx_hal_rcc.c ****           prescaler and used to clock the CPU, memory and peripherals mapped
 155:Drivers/STM32F1xx_HAL_Driver/Src/stm32f1xx_hal_rcc.c ****           on AHB bus (DMA, GPIO...). APB1 (PCLK1) and APB2 (PCLK2) clocks are derived
 156:Drivers/STM32F1xx_HAL_Driver/Src/stm32f1xx_hal_rcc.c ****           from AHB clock through configurable prescalers and used to clock
 157:Drivers/STM32F1xx_HAL_Driver/Src/stm32f1xx_hal_rcc.c ****           the peripherals mapped on these buses. You can use
 158:Drivers/STM32F1xx_HAL_Driver/Src/stm32f1xx_hal_rcc.c ****           "@ref HAL_RCC_GetSysClockFreq()" function to retrieve the frequencies of these clocks.
 159:Drivers/STM32F1xx_HAL_Driver/Src/stm32f1xx_hal_rcc.c **** 
 160:Drivers/STM32F1xx_HAL_Driver/Src/stm32f1xx_hal_rcc.c ****       -@- All the peripheral clocks are derived from the System clock (SYSCLK) except:
 161:Drivers/STM32F1xx_HAL_Driver/Src/stm32f1xx_hal_rcc.c ****           (+@) RTC: RTC clock can be derived either from the LSI, LSE or HSE clock
 162:Drivers/STM32F1xx_HAL_Driver/Src/stm32f1xx_hal_rcc.c ****               divided by 128.
 163:Drivers/STM32F1xx_HAL_Driver/Src/stm32f1xx_hal_rcc.c ****           (+@) USB OTG FS and RTC: USB OTG FS require a frequency equal to 48 MHz
 164:Drivers/STM32F1xx_HAL_Driver/Src/stm32f1xx_hal_rcc.c ****               to work correctly. This clock is derived of the main PLL through PLL Multiplier.
 165:Drivers/STM32F1xx_HAL_Driver/Src/stm32f1xx_hal_rcc.c ****           (+@) I2S interface on STM32F105x/STM32F107x can be derived from PLL3CLK
 166:Drivers/STM32F1xx_HAL_Driver/Src/stm32f1xx_hal_rcc.c ****           (+@) IWDG clock which is always the LSI clock.
 167:Drivers/STM32F1xx_HAL_Driver/Src/stm32f1xx_hal_rcc.c **** 
 168:Drivers/STM32F1xx_HAL_Driver/Src/stm32f1xx_hal_rcc.c ****       (#) For STM32F10xxx, the maximum frequency of the SYSCLK and HCLK/PCLK2 is 72 MHz, PCLK1 36 M
 169:Drivers/STM32F1xx_HAL_Driver/Src/stm32f1xx_hal_rcc.c ****           For STM32F100xx, the maximum frequency of the SYSCLK and HCLK/PCLK1/PCLK2 is 24 MHz.
 170:Drivers/STM32F1xx_HAL_Driver/Src/stm32f1xx_hal_rcc.c ****           Depending on the SYSCLK frequency, the flash latency should be adapted accordingly.
 171:Drivers/STM32F1xx_HAL_Driver/Src/stm32f1xx_hal_rcc.c ****   @endverbatim
 172:Drivers/STM32F1xx_HAL_Driver/Src/stm32f1xx_hal_rcc.c ****   * @{
 173:Drivers/STM32F1xx_HAL_Driver/Src/stm32f1xx_hal_rcc.c ****   */
 174:Drivers/STM32F1xx_HAL_Driver/Src/stm32f1xx_hal_rcc.c **** 
 175:Drivers/STM32F1xx_HAL_Driver/Src/stm32f1xx_hal_rcc.c **** /*
 176:Drivers/STM32F1xx_HAL_Driver/Src/stm32f1xx_hal_rcc.c ****   Additional consideration on the SYSCLK based on Latency settings:
 177:Drivers/STM32F1xx_HAL_Driver/Src/stm32f1xx_hal_rcc.c ****         +-----------------------------------------------+
 178:Drivers/STM32F1xx_HAL_Driver/Src/stm32f1xx_hal_rcc.c ****         | Latency       | SYSCLK clock frequency (MHz)  |
 179:Drivers/STM32F1xx_HAL_Driver/Src/stm32f1xx_hal_rcc.c ****         |---------------|-------------------------------|
 180:Drivers/STM32F1xx_HAL_Driver/Src/stm32f1xx_hal_rcc.c ****         |0WS(1CPU cycle)|       0 < SYSCLK <= 24        |
 181:Drivers/STM32F1xx_HAL_Driver/Src/stm32f1xx_hal_rcc.c ****         |---------------|-------------------------------|
 182:Drivers/STM32F1xx_HAL_Driver/Src/stm32f1xx_hal_rcc.c ****         |1WS(2CPU cycle)|      24 < SYSCLK <= 48        |
 183:Drivers/STM32F1xx_HAL_Driver/Src/stm32f1xx_hal_rcc.c ****         |---------------|-------------------------------|
 184:Drivers/STM32F1xx_HAL_Driver/Src/stm32f1xx_hal_rcc.c ****         |2WS(3CPU cycle)|      48 < SYSCLK <= 72        |
 185:Drivers/STM32F1xx_HAL_Driver/Src/stm32f1xx_hal_rcc.c ****         +-----------------------------------------------+
 186:Drivers/STM32F1xx_HAL_Driver/Src/stm32f1xx_hal_rcc.c ****   */
 187:Drivers/STM32F1xx_HAL_Driver/Src/stm32f1xx_hal_rcc.c **** 
 188:Drivers/STM32F1xx_HAL_Driver/Src/stm32f1xx_hal_rcc.c **** /**
 189:Drivers/STM32F1xx_HAL_Driver/Src/stm32f1xx_hal_rcc.c ****   * @brief  Resets the RCC clock configuration to the default reset state.
 190:Drivers/STM32F1xx_HAL_Driver/Src/stm32f1xx_hal_rcc.c ****   * @note   The default reset state of the clock configuration is given below:
 191:Drivers/STM32F1xx_HAL_Driver/Src/stm32f1xx_hal_rcc.c ****   *            - HSI ON and used as system clock source
 192:Drivers/STM32F1xx_HAL_Driver/Src/stm32f1xx_hal_rcc.c ****   *            - HSE, PLL, PLL2 and PLL3 are OFF
 193:Drivers/STM32F1xx_HAL_Driver/Src/stm32f1xx_hal_rcc.c ****   *            - AHB, APB1 and APB2 prescaler set to 1.
 194:Drivers/STM32F1xx_HAL_Driver/Src/stm32f1xx_hal_rcc.c ****   *            - CSS and MCO1 OFF
 195:Drivers/STM32F1xx_HAL_Driver/Src/stm32f1xx_hal_rcc.c ****   *            - All interrupts disabled
 196:Drivers/STM32F1xx_HAL_Driver/Src/stm32f1xx_hal_rcc.c ****   *            - All flags are cleared
 197:Drivers/STM32F1xx_HAL_Driver/Src/stm32f1xx_hal_rcc.c ****   * @note   This function does not modify the configuration of the
 198:Drivers/STM32F1xx_HAL_Driver/Src/stm32f1xx_hal_rcc.c ****   *            - Peripheral clocks
 199:Drivers/STM32F1xx_HAL_Driver/Src/stm32f1xx_hal_rcc.c ****   *            - LSI, LSE and RTC clocks
 200:Drivers/STM32F1xx_HAL_Driver/Src/stm32f1xx_hal_rcc.c ****   * @retval HAL_StatusTypeDef
 201:Drivers/STM32F1xx_HAL_Driver/Src/stm32f1xx_hal_rcc.c ****   */
 202:Drivers/STM32F1xx_HAL_Driver/Src/stm32f1xx_hal_rcc.c **** HAL_StatusTypeDef HAL_RCC_DeInit(void)
 203:Drivers/STM32F1xx_HAL_Driver/Src/stm32f1xx_hal_rcc.c **** {
ARM GAS  /tmp/ccNSEcI1.s 			page 5


 204:Drivers/STM32F1xx_HAL_Driver/Src/stm32f1xx_hal_rcc.c ****   uint32_t tickstart;
 205:Drivers/STM32F1xx_HAL_Driver/Src/stm32f1xx_hal_rcc.c **** 
 206:Drivers/STM32F1xx_HAL_Driver/Src/stm32f1xx_hal_rcc.c ****   /* Get Start Tick */
 207:Drivers/STM32F1xx_HAL_Driver/Src/stm32f1xx_hal_rcc.c ****   tickstart = HAL_GetTick();
 208:Drivers/STM32F1xx_HAL_Driver/Src/stm32f1xx_hal_rcc.c **** 
 209:Drivers/STM32F1xx_HAL_Driver/Src/stm32f1xx_hal_rcc.c ****   /* Set HSION bit */
 210:Drivers/STM32F1xx_HAL_Driver/Src/stm32f1xx_hal_rcc.c ****   SET_BIT(RCC->CR, RCC_CR_HSION);
 211:Drivers/STM32F1xx_HAL_Driver/Src/stm32f1xx_hal_rcc.c **** 
 212:Drivers/STM32F1xx_HAL_Driver/Src/stm32f1xx_hal_rcc.c ****   /* Wait till HSI is ready */
 213:Drivers/STM32F1xx_HAL_Driver/Src/stm32f1xx_hal_rcc.c ****   while (READ_BIT(RCC->CR, RCC_CR_HSIRDY) == RESET)
 214:Drivers/STM32F1xx_HAL_Driver/Src/stm32f1xx_hal_rcc.c ****   {
 215:Drivers/STM32F1xx_HAL_Driver/Src/stm32f1xx_hal_rcc.c ****     if ((HAL_GetTick() - tickstart) > HSI_TIMEOUT_VALUE)
 216:Drivers/STM32F1xx_HAL_Driver/Src/stm32f1xx_hal_rcc.c ****     {
 217:Drivers/STM32F1xx_HAL_Driver/Src/stm32f1xx_hal_rcc.c ****       return HAL_TIMEOUT;
 218:Drivers/STM32F1xx_HAL_Driver/Src/stm32f1xx_hal_rcc.c ****     }
 219:Drivers/STM32F1xx_HAL_Driver/Src/stm32f1xx_hal_rcc.c ****   }
 220:Drivers/STM32F1xx_HAL_Driver/Src/stm32f1xx_hal_rcc.c **** 
 221:Drivers/STM32F1xx_HAL_Driver/Src/stm32f1xx_hal_rcc.c ****   /* Set HSITRIM bits to the reset value */
 222:Drivers/STM32F1xx_HAL_Driver/Src/stm32f1xx_hal_rcc.c ****   MODIFY_REG(RCC->CR, RCC_CR_HSITRIM, (0x10U << RCC_CR_HSITRIM_Pos));
 223:Drivers/STM32F1xx_HAL_Driver/Src/stm32f1xx_hal_rcc.c **** 
 224:Drivers/STM32F1xx_HAL_Driver/Src/stm32f1xx_hal_rcc.c ****   /* Get Start Tick */
 225:Drivers/STM32F1xx_HAL_Driver/Src/stm32f1xx_hal_rcc.c ****   tickstart = HAL_GetTick();
 226:Drivers/STM32F1xx_HAL_Driver/Src/stm32f1xx_hal_rcc.c **** 
 227:Drivers/STM32F1xx_HAL_Driver/Src/stm32f1xx_hal_rcc.c ****   /* Reset CFGR register */
 228:Drivers/STM32F1xx_HAL_Driver/Src/stm32f1xx_hal_rcc.c ****   CLEAR_REG(RCC->CFGR);
 229:Drivers/STM32F1xx_HAL_Driver/Src/stm32f1xx_hal_rcc.c **** 
 230:Drivers/STM32F1xx_HAL_Driver/Src/stm32f1xx_hal_rcc.c ****   /* Wait till clock switch is ready */
 231:Drivers/STM32F1xx_HAL_Driver/Src/stm32f1xx_hal_rcc.c ****   while (READ_BIT(RCC->CFGR, RCC_CFGR_SWS) != RESET)
 232:Drivers/STM32F1xx_HAL_Driver/Src/stm32f1xx_hal_rcc.c ****   {
 233:Drivers/STM32F1xx_HAL_Driver/Src/stm32f1xx_hal_rcc.c ****     if ((HAL_GetTick() - tickstart) > CLOCKSWITCH_TIMEOUT_VALUE)
 234:Drivers/STM32F1xx_HAL_Driver/Src/stm32f1xx_hal_rcc.c ****     {
 235:Drivers/STM32F1xx_HAL_Driver/Src/stm32f1xx_hal_rcc.c ****       return HAL_TIMEOUT;
 236:Drivers/STM32F1xx_HAL_Driver/Src/stm32f1xx_hal_rcc.c ****     }
 237:Drivers/STM32F1xx_HAL_Driver/Src/stm32f1xx_hal_rcc.c ****   }
 238:Drivers/STM32F1xx_HAL_Driver/Src/stm32f1xx_hal_rcc.c **** 
 239:Drivers/STM32F1xx_HAL_Driver/Src/stm32f1xx_hal_rcc.c ****   /* Update the SystemCoreClock global variable */
 240:Drivers/STM32F1xx_HAL_Driver/Src/stm32f1xx_hal_rcc.c ****   SystemCoreClock = HSI_VALUE;
 241:Drivers/STM32F1xx_HAL_Driver/Src/stm32f1xx_hal_rcc.c **** 
 242:Drivers/STM32F1xx_HAL_Driver/Src/stm32f1xx_hal_rcc.c ****   /* Adapt Systick interrupt period */
 243:Drivers/STM32F1xx_HAL_Driver/Src/stm32f1xx_hal_rcc.c ****   if (HAL_InitTick(uwTickPrio) != HAL_OK)
 244:Drivers/STM32F1xx_HAL_Driver/Src/stm32f1xx_hal_rcc.c ****   {
 245:Drivers/STM32F1xx_HAL_Driver/Src/stm32f1xx_hal_rcc.c ****     return HAL_ERROR;
 246:Drivers/STM32F1xx_HAL_Driver/Src/stm32f1xx_hal_rcc.c ****   }
 247:Drivers/STM32F1xx_HAL_Driver/Src/stm32f1xx_hal_rcc.c **** 
 248:Drivers/STM32F1xx_HAL_Driver/Src/stm32f1xx_hal_rcc.c ****   /* Get Start Tick */
 249:Drivers/STM32F1xx_HAL_Driver/Src/stm32f1xx_hal_rcc.c ****   tickstart = HAL_GetTick();
 250:Drivers/STM32F1xx_HAL_Driver/Src/stm32f1xx_hal_rcc.c **** 
 251:Drivers/STM32F1xx_HAL_Driver/Src/stm32f1xx_hal_rcc.c ****   /* Second step is to clear PLLON bit */
 252:Drivers/STM32F1xx_HAL_Driver/Src/stm32f1xx_hal_rcc.c ****   CLEAR_BIT(RCC->CR, RCC_CR_PLLON);
 253:Drivers/STM32F1xx_HAL_Driver/Src/stm32f1xx_hal_rcc.c **** 
 254:Drivers/STM32F1xx_HAL_Driver/Src/stm32f1xx_hal_rcc.c ****   /* Wait till PLL is disabled */
 255:Drivers/STM32F1xx_HAL_Driver/Src/stm32f1xx_hal_rcc.c ****   while (READ_BIT(RCC->CR, RCC_CR_PLLRDY) != RESET)
 256:Drivers/STM32F1xx_HAL_Driver/Src/stm32f1xx_hal_rcc.c ****   {
 257:Drivers/STM32F1xx_HAL_Driver/Src/stm32f1xx_hal_rcc.c ****     if ((HAL_GetTick() - tickstart) > PLL_TIMEOUT_VALUE)
 258:Drivers/STM32F1xx_HAL_Driver/Src/stm32f1xx_hal_rcc.c ****     {
 259:Drivers/STM32F1xx_HAL_Driver/Src/stm32f1xx_hal_rcc.c ****       return HAL_TIMEOUT;
 260:Drivers/STM32F1xx_HAL_Driver/Src/stm32f1xx_hal_rcc.c ****     }
ARM GAS  /tmp/ccNSEcI1.s 			page 6


 261:Drivers/STM32F1xx_HAL_Driver/Src/stm32f1xx_hal_rcc.c ****   }
 262:Drivers/STM32F1xx_HAL_Driver/Src/stm32f1xx_hal_rcc.c **** 
 263:Drivers/STM32F1xx_HAL_Driver/Src/stm32f1xx_hal_rcc.c ****   /* Ensure to reset PLLSRC and PLLMUL bits */
 264:Drivers/STM32F1xx_HAL_Driver/Src/stm32f1xx_hal_rcc.c ****   CLEAR_REG(RCC->CFGR);
 265:Drivers/STM32F1xx_HAL_Driver/Src/stm32f1xx_hal_rcc.c **** 
 266:Drivers/STM32F1xx_HAL_Driver/Src/stm32f1xx_hal_rcc.c ****   /* Get Start Tick */
 267:Drivers/STM32F1xx_HAL_Driver/Src/stm32f1xx_hal_rcc.c ****   tickstart = HAL_GetTick();
 268:Drivers/STM32F1xx_HAL_Driver/Src/stm32f1xx_hal_rcc.c **** 
 269:Drivers/STM32F1xx_HAL_Driver/Src/stm32f1xx_hal_rcc.c ****   /* Reset HSEON & CSSON bits */
 270:Drivers/STM32F1xx_HAL_Driver/Src/stm32f1xx_hal_rcc.c ****   CLEAR_BIT(RCC->CR, RCC_CR_HSEON | RCC_CR_CSSON);
 271:Drivers/STM32F1xx_HAL_Driver/Src/stm32f1xx_hal_rcc.c **** 
 272:Drivers/STM32F1xx_HAL_Driver/Src/stm32f1xx_hal_rcc.c ****   /* Wait till HSE is disabled */
 273:Drivers/STM32F1xx_HAL_Driver/Src/stm32f1xx_hal_rcc.c ****   while (READ_BIT(RCC->CR, RCC_CR_HSERDY) != RESET)
 274:Drivers/STM32F1xx_HAL_Driver/Src/stm32f1xx_hal_rcc.c ****   {
 275:Drivers/STM32F1xx_HAL_Driver/Src/stm32f1xx_hal_rcc.c ****     if ((HAL_GetTick() - tickstart) > HSE_TIMEOUT_VALUE)
 276:Drivers/STM32F1xx_HAL_Driver/Src/stm32f1xx_hal_rcc.c ****     {
 277:Drivers/STM32F1xx_HAL_Driver/Src/stm32f1xx_hal_rcc.c ****       return HAL_TIMEOUT;
 278:Drivers/STM32F1xx_HAL_Driver/Src/stm32f1xx_hal_rcc.c ****     }
 279:Drivers/STM32F1xx_HAL_Driver/Src/stm32f1xx_hal_rcc.c ****   }
 280:Drivers/STM32F1xx_HAL_Driver/Src/stm32f1xx_hal_rcc.c **** 
 281:Drivers/STM32F1xx_HAL_Driver/Src/stm32f1xx_hal_rcc.c ****   /* Reset HSEBYP bit */
 282:Drivers/STM32F1xx_HAL_Driver/Src/stm32f1xx_hal_rcc.c ****   CLEAR_BIT(RCC->CR, RCC_CR_HSEBYP);
 283:Drivers/STM32F1xx_HAL_Driver/Src/stm32f1xx_hal_rcc.c **** 
 284:Drivers/STM32F1xx_HAL_Driver/Src/stm32f1xx_hal_rcc.c **** #if defined(RCC_PLL2_SUPPORT)
 285:Drivers/STM32F1xx_HAL_Driver/Src/stm32f1xx_hal_rcc.c ****   /* Get Start Tick */
 286:Drivers/STM32F1xx_HAL_Driver/Src/stm32f1xx_hal_rcc.c ****   tickstart = HAL_GetTick();
 287:Drivers/STM32F1xx_HAL_Driver/Src/stm32f1xx_hal_rcc.c **** 
 288:Drivers/STM32F1xx_HAL_Driver/Src/stm32f1xx_hal_rcc.c ****   /* Clear PLL2ON bit */
 289:Drivers/STM32F1xx_HAL_Driver/Src/stm32f1xx_hal_rcc.c ****   CLEAR_BIT(RCC->CR, RCC_CR_PLL2ON);
 290:Drivers/STM32F1xx_HAL_Driver/Src/stm32f1xx_hal_rcc.c **** 
 291:Drivers/STM32F1xx_HAL_Driver/Src/stm32f1xx_hal_rcc.c ****   /* Wait till PLL2 is disabled */
 292:Drivers/STM32F1xx_HAL_Driver/Src/stm32f1xx_hal_rcc.c ****   while (READ_BIT(RCC->CR, RCC_CR_PLL2RDY) != RESET)
 293:Drivers/STM32F1xx_HAL_Driver/Src/stm32f1xx_hal_rcc.c ****   {
 294:Drivers/STM32F1xx_HAL_Driver/Src/stm32f1xx_hal_rcc.c ****     if ((HAL_GetTick() - tickstart) > PLL2_TIMEOUT_VALUE)
 295:Drivers/STM32F1xx_HAL_Driver/Src/stm32f1xx_hal_rcc.c ****     {
 296:Drivers/STM32F1xx_HAL_Driver/Src/stm32f1xx_hal_rcc.c ****       return HAL_TIMEOUT;
 297:Drivers/STM32F1xx_HAL_Driver/Src/stm32f1xx_hal_rcc.c ****     }
 298:Drivers/STM32F1xx_HAL_Driver/Src/stm32f1xx_hal_rcc.c ****   }
 299:Drivers/STM32F1xx_HAL_Driver/Src/stm32f1xx_hal_rcc.c **** #endif /* RCC_PLL2_SUPPORT */
 300:Drivers/STM32F1xx_HAL_Driver/Src/stm32f1xx_hal_rcc.c **** 
 301:Drivers/STM32F1xx_HAL_Driver/Src/stm32f1xx_hal_rcc.c **** #if defined(RCC_PLLI2S_SUPPORT)
 302:Drivers/STM32F1xx_HAL_Driver/Src/stm32f1xx_hal_rcc.c ****   /* Get Start Tick */
 303:Drivers/STM32F1xx_HAL_Driver/Src/stm32f1xx_hal_rcc.c ****   tickstart = HAL_GetTick();
 304:Drivers/STM32F1xx_HAL_Driver/Src/stm32f1xx_hal_rcc.c **** 
 305:Drivers/STM32F1xx_HAL_Driver/Src/stm32f1xx_hal_rcc.c ****   /* Clear PLL3ON bit */
 306:Drivers/STM32F1xx_HAL_Driver/Src/stm32f1xx_hal_rcc.c ****   CLEAR_BIT(RCC->CR, RCC_CR_PLL3ON);
 307:Drivers/STM32F1xx_HAL_Driver/Src/stm32f1xx_hal_rcc.c **** 
 308:Drivers/STM32F1xx_HAL_Driver/Src/stm32f1xx_hal_rcc.c ****   /* Wait till PLL3 is disabled */
 309:Drivers/STM32F1xx_HAL_Driver/Src/stm32f1xx_hal_rcc.c ****   while (READ_BIT(RCC->CR, RCC_CR_PLL3RDY) != RESET)
 310:Drivers/STM32F1xx_HAL_Driver/Src/stm32f1xx_hal_rcc.c ****   {
 311:Drivers/STM32F1xx_HAL_Driver/Src/stm32f1xx_hal_rcc.c ****     if ((HAL_GetTick() - tickstart) > PLLI2S_TIMEOUT_VALUE)
 312:Drivers/STM32F1xx_HAL_Driver/Src/stm32f1xx_hal_rcc.c ****     {
 313:Drivers/STM32F1xx_HAL_Driver/Src/stm32f1xx_hal_rcc.c ****       return HAL_TIMEOUT;
 314:Drivers/STM32F1xx_HAL_Driver/Src/stm32f1xx_hal_rcc.c ****     }
 315:Drivers/STM32F1xx_HAL_Driver/Src/stm32f1xx_hal_rcc.c ****   }
 316:Drivers/STM32F1xx_HAL_Driver/Src/stm32f1xx_hal_rcc.c **** #endif /* RCC_PLLI2S_SUPPORT */
 317:Drivers/STM32F1xx_HAL_Driver/Src/stm32f1xx_hal_rcc.c **** 
ARM GAS  /tmp/ccNSEcI1.s 			page 7


 318:Drivers/STM32F1xx_HAL_Driver/Src/stm32f1xx_hal_rcc.c **** #if defined(RCC_CFGR2_PREDIV1)
 319:Drivers/STM32F1xx_HAL_Driver/Src/stm32f1xx_hal_rcc.c ****   /* Reset CFGR2 register */
 320:Drivers/STM32F1xx_HAL_Driver/Src/stm32f1xx_hal_rcc.c ****   CLEAR_REG(RCC->CFGR2);
 321:Drivers/STM32F1xx_HAL_Driver/Src/stm32f1xx_hal_rcc.c **** #endif /* RCC_CFGR2_PREDIV1 */
 322:Drivers/STM32F1xx_HAL_Driver/Src/stm32f1xx_hal_rcc.c **** 
 323:Drivers/STM32F1xx_HAL_Driver/Src/stm32f1xx_hal_rcc.c ****   /* Reset all CSR flags */
 324:Drivers/STM32F1xx_HAL_Driver/Src/stm32f1xx_hal_rcc.c ****   SET_BIT(RCC->CSR, RCC_CSR_RMVF);
 325:Drivers/STM32F1xx_HAL_Driver/Src/stm32f1xx_hal_rcc.c **** 
 326:Drivers/STM32F1xx_HAL_Driver/Src/stm32f1xx_hal_rcc.c ****   /* Disable all interrupts */
 327:Drivers/STM32F1xx_HAL_Driver/Src/stm32f1xx_hal_rcc.c ****   CLEAR_REG(RCC->CIR);
 328:Drivers/STM32F1xx_HAL_Driver/Src/stm32f1xx_hal_rcc.c **** 
 329:Drivers/STM32F1xx_HAL_Driver/Src/stm32f1xx_hal_rcc.c ****   return HAL_OK;
 330:Drivers/STM32F1xx_HAL_Driver/Src/stm32f1xx_hal_rcc.c **** }
 331:Drivers/STM32F1xx_HAL_Driver/Src/stm32f1xx_hal_rcc.c **** 
 332:Drivers/STM32F1xx_HAL_Driver/Src/stm32f1xx_hal_rcc.c **** /**
 333:Drivers/STM32F1xx_HAL_Driver/Src/stm32f1xx_hal_rcc.c ****   * @brief  Initializes the RCC Oscillators according to the specified parameters in the
 334:Drivers/STM32F1xx_HAL_Driver/Src/stm32f1xx_hal_rcc.c ****   *         RCC_OscInitTypeDef.
 335:Drivers/STM32F1xx_HAL_Driver/Src/stm32f1xx_hal_rcc.c ****   * @param  RCC_OscInitStruct pointer to an RCC_OscInitTypeDef structure that
 336:Drivers/STM32F1xx_HAL_Driver/Src/stm32f1xx_hal_rcc.c ****   *         contains the configuration information for the RCC Oscillators.
 337:Drivers/STM32F1xx_HAL_Driver/Src/stm32f1xx_hal_rcc.c ****   * @note   The PLL is not disabled when used as system clock.
 338:Drivers/STM32F1xx_HAL_Driver/Src/stm32f1xx_hal_rcc.c ****   * @note   The PLL is not disabled when USB OTG FS clock is enabled (specific to devices with USB 
 339:Drivers/STM32F1xx_HAL_Driver/Src/stm32f1xx_hal_rcc.c ****   * @note   Transitions LSE Bypass to LSE On and LSE On to LSE Bypass are not
 340:Drivers/STM32F1xx_HAL_Driver/Src/stm32f1xx_hal_rcc.c ****   *         supported by this macro. User should request a transition to LSE Off
 341:Drivers/STM32F1xx_HAL_Driver/Src/stm32f1xx_hal_rcc.c ****   *         first and then LSE On or LSE Bypass.
 342:Drivers/STM32F1xx_HAL_Driver/Src/stm32f1xx_hal_rcc.c ****   * @note   Transition HSE Bypass to HSE On and HSE On to HSE Bypass are not
 343:Drivers/STM32F1xx_HAL_Driver/Src/stm32f1xx_hal_rcc.c ****   *         supported by this macro. User should request a transition to HSE Off
 344:Drivers/STM32F1xx_HAL_Driver/Src/stm32f1xx_hal_rcc.c ****   *         first and then HSE On or HSE Bypass.
 345:Drivers/STM32F1xx_HAL_Driver/Src/stm32f1xx_hal_rcc.c ****   * @retval HAL status
 346:Drivers/STM32F1xx_HAL_Driver/Src/stm32f1xx_hal_rcc.c ****   */
 347:Drivers/STM32F1xx_HAL_Driver/Src/stm32f1xx_hal_rcc.c **** HAL_StatusTypeDef HAL_RCC_OscConfig(RCC_OscInitTypeDef  *RCC_OscInitStruct)
 348:Drivers/STM32F1xx_HAL_Driver/Src/stm32f1xx_hal_rcc.c **** {
 349:Drivers/STM32F1xx_HAL_Driver/Src/stm32f1xx_hal_rcc.c ****   uint32_t tickstart;
 350:Drivers/STM32F1xx_HAL_Driver/Src/stm32f1xx_hal_rcc.c ****   uint32_t pll_config;
 351:Drivers/STM32F1xx_HAL_Driver/Src/stm32f1xx_hal_rcc.c **** 
 352:Drivers/STM32F1xx_HAL_Driver/Src/stm32f1xx_hal_rcc.c ****   /* Check Null pointer */
 353:Drivers/STM32F1xx_HAL_Driver/Src/stm32f1xx_hal_rcc.c ****   if (RCC_OscInitStruct == NULL)
 354:Drivers/STM32F1xx_HAL_Driver/Src/stm32f1xx_hal_rcc.c ****   {
 355:Drivers/STM32F1xx_HAL_Driver/Src/stm32f1xx_hal_rcc.c ****     return HAL_ERROR;
 356:Drivers/STM32F1xx_HAL_Driver/Src/stm32f1xx_hal_rcc.c ****   }
 357:Drivers/STM32F1xx_HAL_Driver/Src/stm32f1xx_hal_rcc.c **** 
 358:Drivers/STM32F1xx_HAL_Driver/Src/stm32f1xx_hal_rcc.c ****   /* Check the parameters */
 359:Drivers/STM32F1xx_HAL_Driver/Src/stm32f1xx_hal_rcc.c ****   assert_param(IS_RCC_OSCILLATORTYPE(RCC_OscInitStruct->OscillatorType));
 360:Drivers/STM32F1xx_HAL_Driver/Src/stm32f1xx_hal_rcc.c **** 
 361:Drivers/STM32F1xx_HAL_Driver/Src/stm32f1xx_hal_rcc.c ****   /*------------------------------- HSE Configuration ------------------------*/
 362:Drivers/STM32F1xx_HAL_Driver/Src/stm32f1xx_hal_rcc.c ****   if (((RCC_OscInitStruct->OscillatorType) & RCC_OSCILLATORTYPE_HSE) == RCC_OSCILLATORTYPE_HSE)
 363:Drivers/STM32F1xx_HAL_Driver/Src/stm32f1xx_hal_rcc.c ****   {
 364:Drivers/STM32F1xx_HAL_Driver/Src/stm32f1xx_hal_rcc.c ****     /* Check the parameters */
 365:Drivers/STM32F1xx_HAL_Driver/Src/stm32f1xx_hal_rcc.c ****     assert_param(IS_RCC_HSE(RCC_OscInitStruct->HSEState));
 366:Drivers/STM32F1xx_HAL_Driver/Src/stm32f1xx_hal_rcc.c **** 
 367:Drivers/STM32F1xx_HAL_Driver/Src/stm32f1xx_hal_rcc.c ****     /* When the HSE is used as system clock or clock source for PLL in these cases it is not allowe
 368:Drivers/STM32F1xx_HAL_Driver/Src/stm32f1xx_hal_rcc.c ****     if ((__HAL_RCC_GET_SYSCLK_SOURCE() == RCC_SYSCLKSOURCE_STATUS_HSE)
 369:Drivers/STM32F1xx_HAL_Driver/Src/stm32f1xx_hal_rcc.c ****         || ((__HAL_RCC_GET_SYSCLK_SOURCE() == RCC_SYSCLKSOURCE_STATUS_PLLCLK) && (__HAL_RCC_GET_PLL
 370:Drivers/STM32F1xx_HAL_Driver/Src/stm32f1xx_hal_rcc.c ****     {
 371:Drivers/STM32F1xx_HAL_Driver/Src/stm32f1xx_hal_rcc.c ****       if ((__HAL_RCC_GET_FLAG(RCC_FLAG_HSERDY) != RESET) && (RCC_OscInitStruct->HSEState == RCC_HSE
 372:Drivers/STM32F1xx_HAL_Driver/Src/stm32f1xx_hal_rcc.c ****       {
 373:Drivers/STM32F1xx_HAL_Driver/Src/stm32f1xx_hal_rcc.c ****         return HAL_ERROR;
 374:Drivers/STM32F1xx_HAL_Driver/Src/stm32f1xx_hal_rcc.c ****       }
ARM GAS  /tmp/ccNSEcI1.s 			page 8


 375:Drivers/STM32F1xx_HAL_Driver/Src/stm32f1xx_hal_rcc.c ****     }
 376:Drivers/STM32F1xx_HAL_Driver/Src/stm32f1xx_hal_rcc.c ****     else
 377:Drivers/STM32F1xx_HAL_Driver/Src/stm32f1xx_hal_rcc.c ****     {
 378:Drivers/STM32F1xx_HAL_Driver/Src/stm32f1xx_hal_rcc.c ****       /* Set the new HSE configuration ---------------------------------------*/
 379:Drivers/STM32F1xx_HAL_Driver/Src/stm32f1xx_hal_rcc.c ****       __HAL_RCC_HSE_CONFIG(RCC_OscInitStruct->HSEState);
 380:Drivers/STM32F1xx_HAL_Driver/Src/stm32f1xx_hal_rcc.c **** 
 381:Drivers/STM32F1xx_HAL_Driver/Src/stm32f1xx_hal_rcc.c **** 
 382:Drivers/STM32F1xx_HAL_Driver/Src/stm32f1xx_hal_rcc.c ****       /* Check the HSE State */
 383:Drivers/STM32F1xx_HAL_Driver/Src/stm32f1xx_hal_rcc.c ****       if (RCC_OscInitStruct->HSEState != RCC_HSE_OFF)
 384:Drivers/STM32F1xx_HAL_Driver/Src/stm32f1xx_hal_rcc.c ****       {
 385:Drivers/STM32F1xx_HAL_Driver/Src/stm32f1xx_hal_rcc.c ****         /* Get Start Tick */
 386:Drivers/STM32F1xx_HAL_Driver/Src/stm32f1xx_hal_rcc.c ****         tickstart = HAL_GetTick();
 387:Drivers/STM32F1xx_HAL_Driver/Src/stm32f1xx_hal_rcc.c **** 
 388:Drivers/STM32F1xx_HAL_Driver/Src/stm32f1xx_hal_rcc.c ****         /* Wait till HSE is ready */
 389:Drivers/STM32F1xx_HAL_Driver/Src/stm32f1xx_hal_rcc.c ****         while (__HAL_RCC_GET_FLAG(RCC_FLAG_HSERDY) == RESET)
 390:Drivers/STM32F1xx_HAL_Driver/Src/stm32f1xx_hal_rcc.c ****         {
 391:Drivers/STM32F1xx_HAL_Driver/Src/stm32f1xx_hal_rcc.c ****           if ((HAL_GetTick() - tickstart) > HSE_TIMEOUT_VALUE)
 392:Drivers/STM32F1xx_HAL_Driver/Src/stm32f1xx_hal_rcc.c ****           {
 393:Drivers/STM32F1xx_HAL_Driver/Src/stm32f1xx_hal_rcc.c ****             return HAL_TIMEOUT;
 394:Drivers/STM32F1xx_HAL_Driver/Src/stm32f1xx_hal_rcc.c ****           }
 395:Drivers/STM32F1xx_HAL_Driver/Src/stm32f1xx_hal_rcc.c ****         }
 396:Drivers/STM32F1xx_HAL_Driver/Src/stm32f1xx_hal_rcc.c ****       }
 397:Drivers/STM32F1xx_HAL_Driver/Src/stm32f1xx_hal_rcc.c ****       else
 398:Drivers/STM32F1xx_HAL_Driver/Src/stm32f1xx_hal_rcc.c ****       {
 399:Drivers/STM32F1xx_HAL_Driver/Src/stm32f1xx_hal_rcc.c ****         /* Get Start Tick */
 400:Drivers/STM32F1xx_HAL_Driver/Src/stm32f1xx_hal_rcc.c ****         tickstart = HAL_GetTick();
 401:Drivers/STM32F1xx_HAL_Driver/Src/stm32f1xx_hal_rcc.c **** 
 402:Drivers/STM32F1xx_HAL_Driver/Src/stm32f1xx_hal_rcc.c ****         /* Wait till HSE is disabled */
 403:Drivers/STM32F1xx_HAL_Driver/Src/stm32f1xx_hal_rcc.c ****         while (__HAL_RCC_GET_FLAG(RCC_FLAG_HSERDY) != RESET)
 404:Drivers/STM32F1xx_HAL_Driver/Src/stm32f1xx_hal_rcc.c ****         {
 405:Drivers/STM32F1xx_HAL_Driver/Src/stm32f1xx_hal_rcc.c ****           if ((HAL_GetTick() - tickstart) > HSE_TIMEOUT_VALUE)
 406:Drivers/STM32F1xx_HAL_Driver/Src/stm32f1xx_hal_rcc.c ****           {
 407:Drivers/STM32F1xx_HAL_Driver/Src/stm32f1xx_hal_rcc.c ****             return HAL_TIMEOUT;
 408:Drivers/STM32F1xx_HAL_Driver/Src/stm32f1xx_hal_rcc.c ****           }
 409:Drivers/STM32F1xx_HAL_Driver/Src/stm32f1xx_hal_rcc.c ****         }
 410:Drivers/STM32F1xx_HAL_Driver/Src/stm32f1xx_hal_rcc.c ****       }
 411:Drivers/STM32F1xx_HAL_Driver/Src/stm32f1xx_hal_rcc.c ****     }
 412:Drivers/STM32F1xx_HAL_Driver/Src/stm32f1xx_hal_rcc.c ****   }
 413:Drivers/STM32F1xx_HAL_Driver/Src/stm32f1xx_hal_rcc.c ****   /*----------------------------- HSI Configuration --------------------------*/
 414:Drivers/STM32F1xx_HAL_Driver/Src/stm32f1xx_hal_rcc.c ****   if (((RCC_OscInitStruct->OscillatorType) & RCC_OSCILLATORTYPE_HSI) == RCC_OSCILLATORTYPE_HSI)
 415:Drivers/STM32F1xx_HAL_Driver/Src/stm32f1xx_hal_rcc.c ****   {
 416:Drivers/STM32F1xx_HAL_Driver/Src/stm32f1xx_hal_rcc.c ****     /* Check the parameters */
 417:Drivers/STM32F1xx_HAL_Driver/Src/stm32f1xx_hal_rcc.c ****     assert_param(IS_RCC_HSI(RCC_OscInitStruct->HSIState));
 418:Drivers/STM32F1xx_HAL_Driver/Src/stm32f1xx_hal_rcc.c ****     assert_param(IS_RCC_CALIBRATION_VALUE(RCC_OscInitStruct->HSICalibrationValue));
 419:Drivers/STM32F1xx_HAL_Driver/Src/stm32f1xx_hal_rcc.c **** 
 420:Drivers/STM32F1xx_HAL_Driver/Src/stm32f1xx_hal_rcc.c ****     /* Check if HSI is used as system clock or as PLL source when PLL is selected as system clock *
 421:Drivers/STM32F1xx_HAL_Driver/Src/stm32f1xx_hal_rcc.c ****     if ((__HAL_RCC_GET_SYSCLK_SOURCE() == RCC_SYSCLKSOURCE_STATUS_HSI)
 422:Drivers/STM32F1xx_HAL_Driver/Src/stm32f1xx_hal_rcc.c ****         || ((__HAL_RCC_GET_SYSCLK_SOURCE() == RCC_SYSCLKSOURCE_STATUS_PLLCLK) && (__HAL_RCC_GET_PLL
 423:Drivers/STM32F1xx_HAL_Driver/Src/stm32f1xx_hal_rcc.c ****     {
 424:Drivers/STM32F1xx_HAL_Driver/Src/stm32f1xx_hal_rcc.c ****       /* When HSI is used as system clock it will not disabled */
 425:Drivers/STM32F1xx_HAL_Driver/Src/stm32f1xx_hal_rcc.c ****       if ((__HAL_RCC_GET_FLAG(RCC_FLAG_HSIRDY) != RESET) && (RCC_OscInitStruct->HSIState != RCC_HSI
 426:Drivers/STM32F1xx_HAL_Driver/Src/stm32f1xx_hal_rcc.c ****       {
 427:Drivers/STM32F1xx_HAL_Driver/Src/stm32f1xx_hal_rcc.c ****         return HAL_ERROR;
 428:Drivers/STM32F1xx_HAL_Driver/Src/stm32f1xx_hal_rcc.c ****       }
 429:Drivers/STM32F1xx_HAL_Driver/Src/stm32f1xx_hal_rcc.c ****       /* Otherwise, just the calibration is allowed */
 430:Drivers/STM32F1xx_HAL_Driver/Src/stm32f1xx_hal_rcc.c ****       else
 431:Drivers/STM32F1xx_HAL_Driver/Src/stm32f1xx_hal_rcc.c ****       {
ARM GAS  /tmp/ccNSEcI1.s 			page 9


 432:Drivers/STM32F1xx_HAL_Driver/Src/stm32f1xx_hal_rcc.c ****         /* Adjusts the Internal High Speed oscillator (HSI) calibration value.*/
 433:Drivers/STM32F1xx_HAL_Driver/Src/stm32f1xx_hal_rcc.c ****         __HAL_RCC_HSI_CALIBRATIONVALUE_ADJUST(RCC_OscInitStruct->HSICalibrationValue);
 434:Drivers/STM32F1xx_HAL_Driver/Src/stm32f1xx_hal_rcc.c ****       }
 435:Drivers/STM32F1xx_HAL_Driver/Src/stm32f1xx_hal_rcc.c ****     }
 436:Drivers/STM32F1xx_HAL_Driver/Src/stm32f1xx_hal_rcc.c ****     else
 437:Drivers/STM32F1xx_HAL_Driver/Src/stm32f1xx_hal_rcc.c ****     {
 438:Drivers/STM32F1xx_HAL_Driver/Src/stm32f1xx_hal_rcc.c ****       /* Check the HSI State */
 439:Drivers/STM32F1xx_HAL_Driver/Src/stm32f1xx_hal_rcc.c ****       if (RCC_OscInitStruct->HSIState != RCC_HSI_OFF)
 440:Drivers/STM32F1xx_HAL_Driver/Src/stm32f1xx_hal_rcc.c ****       {
 441:Drivers/STM32F1xx_HAL_Driver/Src/stm32f1xx_hal_rcc.c ****         /* Enable the Internal High Speed oscillator (HSI). */
 442:Drivers/STM32F1xx_HAL_Driver/Src/stm32f1xx_hal_rcc.c ****         __HAL_RCC_HSI_ENABLE();
 443:Drivers/STM32F1xx_HAL_Driver/Src/stm32f1xx_hal_rcc.c **** 
 444:Drivers/STM32F1xx_HAL_Driver/Src/stm32f1xx_hal_rcc.c ****         /* Get Start Tick */
 445:Drivers/STM32F1xx_HAL_Driver/Src/stm32f1xx_hal_rcc.c ****         tickstart = HAL_GetTick();
 446:Drivers/STM32F1xx_HAL_Driver/Src/stm32f1xx_hal_rcc.c **** 
 447:Drivers/STM32F1xx_HAL_Driver/Src/stm32f1xx_hal_rcc.c ****         /* Wait till HSI is ready */
 448:Drivers/STM32F1xx_HAL_Driver/Src/stm32f1xx_hal_rcc.c ****         while (__HAL_RCC_GET_FLAG(RCC_FLAG_HSIRDY) == RESET)
 449:Drivers/STM32F1xx_HAL_Driver/Src/stm32f1xx_hal_rcc.c ****         {
 450:Drivers/STM32F1xx_HAL_Driver/Src/stm32f1xx_hal_rcc.c ****           if ((HAL_GetTick() - tickstart) > HSI_TIMEOUT_VALUE)
 451:Drivers/STM32F1xx_HAL_Driver/Src/stm32f1xx_hal_rcc.c ****           {
 452:Drivers/STM32F1xx_HAL_Driver/Src/stm32f1xx_hal_rcc.c ****             return HAL_TIMEOUT;
 453:Drivers/STM32F1xx_HAL_Driver/Src/stm32f1xx_hal_rcc.c ****           }
 454:Drivers/STM32F1xx_HAL_Driver/Src/stm32f1xx_hal_rcc.c ****         }
 455:Drivers/STM32F1xx_HAL_Driver/Src/stm32f1xx_hal_rcc.c **** 
 456:Drivers/STM32F1xx_HAL_Driver/Src/stm32f1xx_hal_rcc.c ****         /* Adjusts the Internal High Speed oscillator (HSI) calibration value.*/
 457:Drivers/STM32F1xx_HAL_Driver/Src/stm32f1xx_hal_rcc.c ****         __HAL_RCC_HSI_CALIBRATIONVALUE_ADJUST(RCC_OscInitStruct->HSICalibrationValue);
 458:Drivers/STM32F1xx_HAL_Driver/Src/stm32f1xx_hal_rcc.c ****       }
 459:Drivers/STM32F1xx_HAL_Driver/Src/stm32f1xx_hal_rcc.c ****       else
 460:Drivers/STM32F1xx_HAL_Driver/Src/stm32f1xx_hal_rcc.c ****       {
 461:Drivers/STM32F1xx_HAL_Driver/Src/stm32f1xx_hal_rcc.c ****         /* Disable the Internal High Speed oscillator (HSI). */
 462:Drivers/STM32F1xx_HAL_Driver/Src/stm32f1xx_hal_rcc.c ****         __HAL_RCC_HSI_DISABLE();
 463:Drivers/STM32F1xx_HAL_Driver/Src/stm32f1xx_hal_rcc.c **** 
 464:Drivers/STM32F1xx_HAL_Driver/Src/stm32f1xx_hal_rcc.c ****         /* Get Start Tick */
 465:Drivers/STM32F1xx_HAL_Driver/Src/stm32f1xx_hal_rcc.c ****         tickstart = HAL_GetTick();
 466:Drivers/STM32F1xx_HAL_Driver/Src/stm32f1xx_hal_rcc.c **** 
 467:Drivers/STM32F1xx_HAL_Driver/Src/stm32f1xx_hal_rcc.c ****         /* Wait till HSI is disabled */
 468:Drivers/STM32F1xx_HAL_Driver/Src/stm32f1xx_hal_rcc.c ****         while (__HAL_RCC_GET_FLAG(RCC_FLAG_HSIRDY) != RESET)
 469:Drivers/STM32F1xx_HAL_Driver/Src/stm32f1xx_hal_rcc.c ****         {
 470:Drivers/STM32F1xx_HAL_Driver/Src/stm32f1xx_hal_rcc.c ****           if ((HAL_GetTick() - tickstart) > HSI_TIMEOUT_VALUE)
 471:Drivers/STM32F1xx_HAL_Driver/Src/stm32f1xx_hal_rcc.c ****           {
 472:Drivers/STM32F1xx_HAL_Driver/Src/stm32f1xx_hal_rcc.c ****             return HAL_TIMEOUT;
 473:Drivers/STM32F1xx_HAL_Driver/Src/stm32f1xx_hal_rcc.c ****           }
 474:Drivers/STM32F1xx_HAL_Driver/Src/stm32f1xx_hal_rcc.c ****         }
 475:Drivers/STM32F1xx_HAL_Driver/Src/stm32f1xx_hal_rcc.c ****       }
 476:Drivers/STM32F1xx_HAL_Driver/Src/stm32f1xx_hal_rcc.c ****     }
 477:Drivers/STM32F1xx_HAL_Driver/Src/stm32f1xx_hal_rcc.c ****   }
 478:Drivers/STM32F1xx_HAL_Driver/Src/stm32f1xx_hal_rcc.c ****   /*------------------------------ LSI Configuration -------------------------*/
 479:Drivers/STM32F1xx_HAL_Driver/Src/stm32f1xx_hal_rcc.c ****   if (((RCC_OscInitStruct->OscillatorType) & RCC_OSCILLATORTYPE_LSI) == RCC_OSCILLATORTYPE_LSI)
 480:Drivers/STM32F1xx_HAL_Driver/Src/stm32f1xx_hal_rcc.c ****   {
 481:Drivers/STM32F1xx_HAL_Driver/Src/stm32f1xx_hal_rcc.c ****     /* Check the parameters */
 482:Drivers/STM32F1xx_HAL_Driver/Src/stm32f1xx_hal_rcc.c ****     assert_param(IS_RCC_LSI(RCC_OscInitStruct->LSIState));
 483:Drivers/STM32F1xx_HAL_Driver/Src/stm32f1xx_hal_rcc.c **** 
 484:Drivers/STM32F1xx_HAL_Driver/Src/stm32f1xx_hal_rcc.c ****     /* Check the LSI State */
 485:Drivers/STM32F1xx_HAL_Driver/Src/stm32f1xx_hal_rcc.c ****     if (RCC_OscInitStruct->LSIState != RCC_LSI_OFF)
 486:Drivers/STM32F1xx_HAL_Driver/Src/stm32f1xx_hal_rcc.c ****     {
 487:Drivers/STM32F1xx_HAL_Driver/Src/stm32f1xx_hal_rcc.c ****       /* Enable the Internal Low Speed oscillator (LSI). */
 488:Drivers/STM32F1xx_HAL_Driver/Src/stm32f1xx_hal_rcc.c ****       __HAL_RCC_LSI_ENABLE();
ARM GAS  /tmp/ccNSEcI1.s 			page 10


 489:Drivers/STM32F1xx_HAL_Driver/Src/stm32f1xx_hal_rcc.c **** 
 490:Drivers/STM32F1xx_HAL_Driver/Src/stm32f1xx_hal_rcc.c ****       /* Get Start Tick */
 491:Drivers/STM32F1xx_HAL_Driver/Src/stm32f1xx_hal_rcc.c ****       tickstart = HAL_GetTick();
 492:Drivers/STM32F1xx_HAL_Driver/Src/stm32f1xx_hal_rcc.c **** 
 493:Drivers/STM32F1xx_HAL_Driver/Src/stm32f1xx_hal_rcc.c ****       /* Wait till LSI is ready */
 494:Drivers/STM32F1xx_HAL_Driver/Src/stm32f1xx_hal_rcc.c ****       while (__HAL_RCC_GET_FLAG(RCC_FLAG_LSIRDY) == RESET)
 495:Drivers/STM32F1xx_HAL_Driver/Src/stm32f1xx_hal_rcc.c ****       {
 496:Drivers/STM32F1xx_HAL_Driver/Src/stm32f1xx_hal_rcc.c ****         if ((HAL_GetTick() - tickstart) > LSI_TIMEOUT_VALUE)
 497:Drivers/STM32F1xx_HAL_Driver/Src/stm32f1xx_hal_rcc.c ****         {
 498:Drivers/STM32F1xx_HAL_Driver/Src/stm32f1xx_hal_rcc.c ****           return HAL_TIMEOUT;
 499:Drivers/STM32F1xx_HAL_Driver/Src/stm32f1xx_hal_rcc.c ****         }
 500:Drivers/STM32F1xx_HAL_Driver/Src/stm32f1xx_hal_rcc.c ****       }
 501:Drivers/STM32F1xx_HAL_Driver/Src/stm32f1xx_hal_rcc.c ****       /*  To have a fully stabilized clock in the specified range, a software delay of 1ms
 502:Drivers/STM32F1xx_HAL_Driver/Src/stm32f1xx_hal_rcc.c ****           should be added.*/
 503:Drivers/STM32F1xx_HAL_Driver/Src/stm32f1xx_hal_rcc.c ****       RCC_Delay(1);
 504:Drivers/STM32F1xx_HAL_Driver/Src/stm32f1xx_hal_rcc.c ****     }
 505:Drivers/STM32F1xx_HAL_Driver/Src/stm32f1xx_hal_rcc.c ****     else
 506:Drivers/STM32F1xx_HAL_Driver/Src/stm32f1xx_hal_rcc.c ****     {
 507:Drivers/STM32F1xx_HAL_Driver/Src/stm32f1xx_hal_rcc.c ****       /* Disable the Internal Low Speed oscillator (LSI). */
 508:Drivers/STM32F1xx_HAL_Driver/Src/stm32f1xx_hal_rcc.c ****       __HAL_RCC_LSI_DISABLE();
 509:Drivers/STM32F1xx_HAL_Driver/Src/stm32f1xx_hal_rcc.c **** 
 510:Drivers/STM32F1xx_HAL_Driver/Src/stm32f1xx_hal_rcc.c ****       /* Get Start Tick */
 511:Drivers/STM32F1xx_HAL_Driver/Src/stm32f1xx_hal_rcc.c ****       tickstart = HAL_GetTick();
 512:Drivers/STM32F1xx_HAL_Driver/Src/stm32f1xx_hal_rcc.c **** 
 513:Drivers/STM32F1xx_HAL_Driver/Src/stm32f1xx_hal_rcc.c ****       /* Wait till LSI is disabled */
 514:Drivers/STM32F1xx_HAL_Driver/Src/stm32f1xx_hal_rcc.c ****       while (__HAL_RCC_GET_FLAG(RCC_FLAG_LSIRDY) != RESET)
 515:Drivers/STM32F1xx_HAL_Driver/Src/stm32f1xx_hal_rcc.c ****       {
 516:Drivers/STM32F1xx_HAL_Driver/Src/stm32f1xx_hal_rcc.c ****         if ((HAL_GetTick() - tickstart) > LSI_TIMEOUT_VALUE)
 517:Drivers/STM32F1xx_HAL_Driver/Src/stm32f1xx_hal_rcc.c ****         {
 518:Drivers/STM32F1xx_HAL_Driver/Src/stm32f1xx_hal_rcc.c ****           return HAL_TIMEOUT;
 519:Drivers/STM32F1xx_HAL_Driver/Src/stm32f1xx_hal_rcc.c ****         }
 520:Drivers/STM32F1xx_HAL_Driver/Src/stm32f1xx_hal_rcc.c ****       }
 521:Drivers/STM32F1xx_HAL_Driver/Src/stm32f1xx_hal_rcc.c ****     }
 522:Drivers/STM32F1xx_HAL_Driver/Src/stm32f1xx_hal_rcc.c ****   }
 523:Drivers/STM32F1xx_HAL_Driver/Src/stm32f1xx_hal_rcc.c ****   /*------------------------------ LSE Configuration -------------------------*/
 524:Drivers/STM32F1xx_HAL_Driver/Src/stm32f1xx_hal_rcc.c ****   if (((RCC_OscInitStruct->OscillatorType) & RCC_OSCILLATORTYPE_LSE) == RCC_OSCILLATORTYPE_LSE)
 525:Drivers/STM32F1xx_HAL_Driver/Src/stm32f1xx_hal_rcc.c ****   {
 526:Drivers/STM32F1xx_HAL_Driver/Src/stm32f1xx_hal_rcc.c ****     FlagStatus       pwrclkchanged = RESET;
 527:Drivers/STM32F1xx_HAL_Driver/Src/stm32f1xx_hal_rcc.c **** 
 528:Drivers/STM32F1xx_HAL_Driver/Src/stm32f1xx_hal_rcc.c ****     /* Check the parameters */
 529:Drivers/STM32F1xx_HAL_Driver/Src/stm32f1xx_hal_rcc.c ****     assert_param(IS_RCC_LSE(RCC_OscInitStruct->LSEState));
 530:Drivers/STM32F1xx_HAL_Driver/Src/stm32f1xx_hal_rcc.c **** 
 531:Drivers/STM32F1xx_HAL_Driver/Src/stm32f1xx_hal_rcc.c ****     /* Update LSE configuration in Backup Domain control register    */
 532:Drivers/STM32F1xx_HAL_Driver/Src/stm32f1xx_hal_rcc.c ****     /* Requires to enable write access to Backup Domain of necessary */
 533:Drivers/STM32F1xx_HAL_Driver/Src/stm32f1xx_hal_rcc.c ****     if (__HAL_RCC_PWR_IS_CLK_DISABLED())
 534:Drivers/STM32F1xx_HAL_Driver/Src/stm32f1xx_hal_rcc.c ****     {
 535:Drivers/STM32F1xx_HAL_Driver/Src/stm32f1xx_hal_rcc.c ****       __HAL_RCC_PWR_CLK_ENABLE();
 536:Drivers/STM32F1xx_HAL_Driver/Src/stm32f1xx_hal_rcc.c ****       pwrclkchanged = SET;
 537:Drivers/STM32F1xx_HAL_Driver/Src/stm32f1xx_hal_rcc.c ****     }
 538:Drivers/STM32F1xx_HAL_Driver/Src/stm32f1xx_hal_rcc.c **** 
 539:Drivers/STM32F1xx_HAL_Driver/Src/stm32f1xx_hal_rcc.c ****     if (HAL_IS_BIT_CLR(PWR->CR, PWR_CR_DBP))
 540:Drivers/STM32F1xx_HAL_Driver/Src/stm32f1xx_hal_rcc.c ****     {
 541:Drivers/STM32F1xx_HAL_Driver/Src/stm32f1xx_hal_rcc.c ****       /* Enable write access to Backup domain */
 542:Drivers/STM32F1xx_HAL_Driver/Src/stm32f1xx_hal_rcc.c ****       SET_BIT(PWR->CR, PWR_CR_DBP);
 543:Drivers/STM32F1xx_HAL_Driver/Src/stm32f1xx_hal_rcc.c **** 
 544:Drivers/STM32F1xx_HAL_Driver/Src/stm32f1xx_hal_rcc.c ****       /* Wait for Backup domain Write protection disable */
 545:Drivers/STM32F1xx_HAL_Driver/Src/stm32f1xx_hal_rcc.c ****       tickstart = HAL_GetTick();
ARM GAS  /tmp/ccNSEcI1.s 			page 11


 546:Drivers/STM32F1xx_HAL_Driver/Src/stm32f1xx_hal_rcc.c **** 
 547:Drivers/STM32F1xx_HAL_Driver/Src/stm32f1xx_hal_rcc.c ****       while (HAL_IS_BIT_CLR(PWR->CR, PWR_CR_DBP))
 548:Drivers/STM32F1xx_HAL_Driver/Src/stm32f1xx_hal_rcc.c ****       {
 549:Drivers/STM32F1xx_HAL_Driver/Src/stm32f1xx_hal_rcc.c ****         if ((HAL_GetTick() - tickstart) > RCC_DBP_TIMEOUT_VALUE)
 550:Drivers/STM32F1xx_HAL_Driver/Src/stm32f1xx_hal_rcc.c ****         {
 551:Drivers/STM32F1xx_HAL_Driver/Src/stm32f1xx_hal_rcc.c ****           return HAL_TIMEOUT;
 552:Drivers/STM32F1xx_HAL_Driver/Src/stm32f1xx_hal_rcc.c ****         }
 553:Drivers/STM32F1xx_HAL_Driver/Src/stm32f1xx_hal_rcc.c ****       }
 554:Drivers/STM32F1xx_HAL_Driver/Src/stm32f1xx_hal_rcc.c ****     }
 555:Drivers/STM32F1xx_HAL_Driver/Src/stm32f1xx_hal_rcc.c **** 
 556:Drivers/STM32F1xx_HAL_Driver/Src/stm32f1xx_hal_rcc.c ****     /* Set the new LSE configuration -----------------------------------------*/
 557:Drivers/STM32F1xx_HAL_Driver/Src/stm32f1xx_hal_rcc.c ****     __HAL_RCC_LSE_CONFIG(RCC_OscInitStruct->LSEState);
 558:Drivers/STM32F1xx_HAL_Driver/Src/stm32f1xx_hal_rcc.c ****     /* Check the LSE State */
 559:Drivers/STM32F1xx_HAL_Driver/Src/stm32f1xx_hal_rcc.c ****     if (RCC_OscInitStruct->LSEState != RCC_LSE_OFF)
 560:Drivers/STM32F1xx_HAL_Driver/Src/stm32f1xx_hal_rcc.c ****     {
 561:Drivers/STM32F1xx_HAL_Driver/Src/stm32f1xx_hal_rcc.c ****       /* Get Start Tick */
 562:Drivers/STM32F1xx_HAL_Driver/Src/stm32f1xx_hal_rcc.c ****       tickstart = HAL_GetTick();
 563:Drivers/STM32F1xx_HAL_Driver/Src/stm32f1xx_hal_rcc.c **** 
 564:Drivers/STM32F1xx_HAL_Driver/Src/stm32f1xx_hal_rcc.c ****       /* Wait till LSE is ready */
 565:Drivers/STM32F1xx_HAL_Driver/Src/stm32f1xx_hal_rcc.c ****       while (__HAL_RCC_GET_FLAG(RCC_FLAG_LSERDY) == RESET)
 566:Drivers/STM32F1xx_HAL_Driver/Src/stm32f1xx_hal_rcc.c ****       {
 567:Drivers/STM32F1xx_HAL_Driver/Src/stm32f1xx_hal_rcc.c ****         if ((HAL_GetTick() - tickstart) > RCC_LSE_TIMEOUT_VALUE)
 568:Drivers/STM32F1xx_HAL_Driver/Src/stm32f1xx_hal_rcc.c ****         {
 569:Drivers/STM32F1xx_HAL_Driver/Src/stm32f1xx_hal_rcc.c ****           return HAL_TIMEOUT;
 570:Drivers/STM32F1xx_HAL_Driver/Src/stm32f1xx_hal_rcc.c ****         }
 571:Drivers/STM32F1xx_HAL_Driver/Src/stm32f1xx_hal_rcc.c ****       }
 572:Drivers/STM32F1xx_HAL_Driver/Src/stm32f1xx_hal_rcc.c ****     }
 573:Drivers/STM32F1xx_HAL_Driver/Src/stm32f1xx_hal_rcc.c ****     else
 574:Drivers/STM32F1xx_HAL_Driver/Src/stm32f1xx_hal_rcc.c ****     {
 575:Drivers/STM32F1xx_HAL_Driver/Src/stm32f1xx_hal_rcc.c ****       /* Get Start Tick */
 576:Drivers/STM32F1xx_HAL_Driver/Src/stm32f1xx_hal_rcc.c ****       tickstart = HAL_GetTick();
 577:Drivers/STM32F1xx_HAL_Driver/Src/stm32f1xx_hal_rcc.c **** 
 578:Drivers/STM32F1xx_HAL_Driver/Src/stm32f1xx_hal_rcc.c ****       /* Wait till LSE is disabled */
 579:Drivers/STM32F1xx_HAL_Driver/Src/stm32f1xx_hal_rcc.c ****       while (__HAL_RCC_GET_FLAG(RCC_FLAG_LSERDY) != RESET)
 580:Drivers/STM32F1xx_HAL_Driver/Src/stm32f1xx_hal_rcc.c ****       {
 581:Drivers/STM32F1xx_HAL_Driver/Src/stm32f1xx_hal_rcc.c ****         if ((HAL_GetTick() - tickstart) > RCC_LSE_TIMEOUT_VALUE)
 582:Drivers/STM32F1xx_HAL_Driver/Src/stm32f1xx_hal_rcc.c ****         {
 583:Drivers/STM32F1xx_HAL_Driver/Src/stm32f1xx_hal_rcc.c ****           return HAL_TIMEOUT;
 584:Drivers/STM32F1xx_HAL_Driver/Src/stm32f1xx_hal_rcc.c ****         }
 585:Drivers/STM32F1xx_HAL_Driver/Src/stm32f1xx_hal_rcc.c ****       }
 586:Drivers/STM32F1xx_HAL_Driver/Src/stm32f1xx_hal_rcc.c ****     }
 587:Drivers/STM32F1xx_HAL_Driver/Src/stm32f1xx_hal_rcc.c **** 
 588:Drivers/STM32F1xx_HAL_Driver/Src/stm32f1xx_hal_rcc.c ****     /* Require to disable power clock if necessary */
 589:Drivers/STM32F1xx_HAL_Driver/Src/stm32f1xx_hal_rcc.c ****     if (pwrclkchanged == SET)
 590:Drivers/STM32F1xx_HAL_Driver/Src/stm32f1xx_hal_rcc.c ****     {
 591:Drivers/STM32F1xx_HAL_Driver/Src/stm32f1xx_hal_rcc.c ****       __HAL_RCC_PWR_CLK_DISABLE();
 592:Drivers/STM32F1xx_HAL_Driver/Src/stm32f1xx_hal_rcc.c ****     }
 593:Drivers/STM32F1xx_HAL_Driver/Src/stm32f1xx_hal_rcc.c ****   }
 594:Drivers/STM32F1xx_HAL_Driver/Src/stm32f1xx_hal_rcc.c **** 
 595:Drivers/STM32F1xx_HAL_Driver/Src/stm32f1xx_hal_rcc.c **** #if defined(RCC_CR_PLL2ON)
 596:Drivers/STM32F1xx_HAL_Driver/Src/stm32f1xx_hal_rcc.c ****   /*-------------------------------- PLL2 Configuration -----------------------*/
 597:Drivers/STM32F1xx_HAL_Driver/Src/stm32f1xx_hal_rcc.c ****   /* Check the parameters */
 598:Drivers/STM32F1xx_HAL_Driver/Src/stm32f1xx_hal_rcc.c ****   assert_param(IS_RCC_PLL2(RCC_OscInitStruct->PLL2.PLL2State));
 599:Drivers/STM32F1xx_HAL_Driver/Src/stm32f1xx_hal_rcc.c ****   if ((RCC_OscInitStruct->PLL2.PLL2State) != RCC_PLL2_NONE)
 600:Drivers/STM32F1xx_HAL_Driver/Src/stm32f1xx_hal_rcc.c ****   {
 601:Drivers/STM32F1xx_HAL_Driver/Src/stm32f1xx_hal_rcc.c ****     /* This bit can not be cleared if the PLL2 clock is used indirectly as system
 602:Drivers/STM32F1xx_HAL_Driver/Src/stm32f1xx_hal_rcc.c ****       clock (i.e. it is used as PLL clock entry that is used as system clock). */
ARM GAS  /tmp/ccNSEcI1.s 			page 12


 603:Drivers/STM32F1xx_HAL_Driver/Src/stm32f1xx_hal_rcc.c ****     if ((__HAL_RCC_GET_PLL_OSCSOURCE() == RCC_PLLSOURCE_HSE) && \
 604:Drivers/STM32F1xx_HAL_Driver/Src/stm32f1xx_hal_rcc.c ****         (__HAL_RCC_GET_SYSCLK_SOURCE() == RCC_SYSCLKSOURCE_STATUS_PLLCLK) && \
 605:Drivers/STM32F1xx_HAL_Driver/Src/stm32f1xx_hal_rcc.c ****         ((READ_BIT(RCC->CFGR2, RCC_CFGR2_PREDIV1SRC)) == RCC_CFGR2_PREDIV1SRC_PLL2))
 606:Drivers/STM32F1xx_HAL_Driver/Src/stm32f1xx_hal_rcc.c ****     {
 607:Drivers/STM32F1xx_HAL_Driver/Src/stm32f1xx_hal_rcc.c ****       return HAL_ERROR;
 608:Drivers/STM32F1xx_HAL_Driver/Src/stm32f1xx_hal_rcc.c ****     }
 609:Drivers/STM32F1xx_HAL_Driver/Src/stm32f1xx_hal_rcc.c ****     else
 610:Drivers/STM32F1xx_HAL_Driver/Src/stm32f1xx_hal_rcc.c ****     {
 611:Drivers/STM32F1xx_HAL_Driver/Src/stm32f1xx_hal_rcc.c ****       if ((RCC_OscInitStruct->PLL2.PLL2State) == RCC_PLL2_ON)
 612:Drivers/STM32F1xx_HAL_Driver/Src/stm32f1xx_hal_rcc.c ****       {
 613:Drivers/STM32F1xx_HAL_Driver/Src/stm32f1xx_hal_rcc.c ****         /* Check the parameters */
 614:Drivers/STM32F1xx_HAL_Driver/Src/stm32f1xx_hal_rcc.c ****         assert_param(IS_RCC_PLL2_MUL(RCC_OscInitStruct->PLL2.PLL2MUL));
 615:Drivers/STM32F1xx_HAL_Driver/Src/stm32f1xx_hal_rcc.c ****         assert_param(IS_RCC_HSE_PREDIV2(RCC_OscInitStruct->PLL2.HSEPrediv2Value));
 616:Drivers/STM32F1xx_HAL_Driver/Src/stm32f1xx_hal_rcc.c **** 
 617:Drivers/STM32F1xx_HAL_Driver/Src/stm32f1xx_hal_rcc.c ****         /* Prediv2 can be written only when the PLLI2S is disabled. */
 618:Drivers/STM32F1xx_HAL_Driver/Src/stm32f1xx_hal_rcc.c ****         /* Return an error only if new value is different from the programmed value */
 619:Drivers/STM32F1xx_HAL_Driver/Src/stm32f1xx_hal_rcc.c ****         if (HAL_IS_BIT_SET(RCC->CR, RCC_CR_PLL3ON) && \
 620:Drivers/STM32F1xx_HAL_Driver/Src/stm32f1xx_hal_rcc.c ****             (__HAL_RCC_HSE_GET_PREDIV2() != RCC_OscInitStruct->PLL2.HSEPrediv2Value))
 621:Drivers/STM32F1xx_HAL_Driver/Src/stm32f1xx_hal_rcc.c ****         {
 622:Drivers/STM32F1xx_HAL_Driver/Src/stm32f1xx_hal_rcc.c ****           return HAL_ERROR;
 623:Drivers/STM32F1xx_HAL_Driver/Src/stm32f1xx_hal_rcc.c ****         }
 624:Drivers/STM32F1xx_HAL_Driver/Src/stm32f1xx_hal_rcc.c **** 
 625:Drivers/STM32F1xx_HAL_Driver/Src/stm32f1xx_hal_rcc.c ****         /* Disable the main PLL2. */
 626:Drivers/STM32F1xx_HAL_Driver/Src/stm32f1xx_hal_rcc.c ****         __HAL_RCC_PLL2_DISABLE();
 627:Drivers/STM32F1xx_HAL_Driver/Src/stm32f1xx_hal_rcc.c **** 
 628:Drivers/STM32F1xx_HAL_Driver/Src/stm32f1xx_hal_rcc.c ****         /* Get Start Tick */
 629:Drivers/STM32F1xx_HAL_Driver/Src/stm32f1xx_hal_rcc.c ****         tickstart = HAL_GetTick();
 630:Drivers/STM32F1xx_HAL_Driver/Src/stm32f1xx_hal_rcc.c **** 
 631:Drivers/STM32F1xx_HAL_Driver/Src/stm32f1xx_hal_rcc.c ****         /* Wait till PLL2 is disabled */
 632:Drivers/STM32F1xx_HAL_Driver/Src/stm32f1xx_hal_rcc.c ****         while (__HAL_RCC_GET_FLAG(RCC_FLAG_PLL2RDY) != RESET)
 633:Drivers/STM32F1xx_HAL_Driver/Src/stm32f1xx_hal_rcc.c ****         {
 634:Drivers/STM32F1xx_HAL_Driver/Src/stm32f1xx_hal_rcc.c ****           if ((HAL_GetTick() - tickstart) > PLL2_TIMEOUT_VALUE)
 635:Drivers/STM32F1xx_HAL_Driver/Src/stm32f1xx_hal_rcc.c ****           {
 636:Drivers/STM32F1xx_HAL_Driver/Src/stm32f1xx_hal_rcc.c ****             return HAL_TIMEOUT;
 637:Drivers/STM32F1xx_HAL_Driver/Src/stm32f1xx_hal_rcc.c ****           }
 638:Drivers/STM32F1xx_HAL_Driver/Src/stm32f1xx_hal_rcc.c ****         }
 639:Drivers/STM32F1xx_HAL_Driver/Src/stm32f1xx_hal_rcc.c **** 
 640:Drivers/STM32F1xx_HAL_Driver/Src/stm32f1xx_hal_rcc.c ****         /* Configure the HSE prediv2 factor --------------------------------*/
 641:Drivers/STM32F1xx_HAL_Driver/Src/stm32f1xx_hal_rcc.c ****         __HAL_RCC_HSE_PREDIV2_CONFIG(RCC_OscInitStruct->PLL2.HSEPrediv2Value);
 642:Drivers/STM32F1xx_HAL_Driver/Src/stm32f1xx_hal_rcc.c **** 
 643:Drivers/STM32F1xx_HAL_Driver/Src/stm32f1xx_hal_rcc.c ****         /* Configure the main PLL2 multiplication factors. */
 644:Drivers/STM32F1xx_HAL_Driver/Src/stm32f1xx_hal_rcc.c ****         __HAL_RCC_PLL2_CONFIG(RCC_OscInitStruct->PLL2.PLL2MUL);
 645:Drivers/STM32F1xx_HAL_Driver/Src/stm32f1xx_hal_rcc.c **** 
 646:Drivers/STM32F1xx_HAL_Driver/Src/stm32f1xx_hal_rcc.c ****         /* Enable the main PLL2. */
 647:Drivers/STM32F1xx_HAL_Driver/Src/stm32f1xx_hal_rcc.c ****         __HAL_RCC_PLL2_ENABLE();
 648:Drivers/STM32F1xx_HAL_Driver/Src/stm32f1xx_hal_rcc.c **** 
 649:Drivers/STM32F1xx_HAL_Driver/Src/stm32f1xx_hal_rcc.c ****         /* Get Start Tick */
 650:Drivers/STM32F1xx_HAL_Driver/Src/stm32f1xx_hal_rcc.c ****         tickstart = HAL_GetTick();
 651:Drivers/STM32F1xx_HAL_Driver/Src/stm32f1xx_hal_rcc.c **** 
 652:Drivers/STM32F1xx_HAL_Driver/Src/stm32f1xx_hal_rcc.c ****         /* Wait till PLL2 is ready */
 653:Drivers/STM32F1xx_HAL_Driver/Src/stm32f1xx_hal_rcc.c ****         while (__HAL_RCC_GET_FLAG(RCC_FLAG_PLL2RDY)  == RESET)
 654:Drivers/STM32F1xx_HAL_Driver/Src/stm32f1xx_hal_rcc.c ****         {
 655:Drivers/STM32F1xx_HAL_Driver/Src/stm32f1xx_hal_rcc.c ****           if ((HAL_GetTick() - tickstart) > PLL2_TIMEOUT_VALUE)
 656:Drivers/STM32F1xx_HAL_Driver/Src/stm32f1xx_hal_rcc.c ****           {
 657:Drivers/STM32F1xx_HAL_Driver/Src/stm32f1xx_hal_rcc.c ****             return HAL_TIMEOUT;
 658:Drivers/STM32F1xx_HAL_Driver/Src/stm32f1xx_hal_rcc.c ****           }
 659:Drivers/STM32F1xx_HAL_Driver/Src/stm32f1xx_hal_rcc.c ****         }
ARM GAS  /tmp/ccNSEcI1.s 			page 13


 660:Drivers/STM32F1xx_HAL_Driver/Src/stm32f1xx_hal_rcc.c ****       }
 661:Drivers/STM32F1xx_HAL_Driver/Src/stm32f1xx_hal_rcc.c ****       else
 662:Drivers/STM32F1xx_HAL_Driver/Src/stm32f1xx_hal_rcc.c ****       {
 663:Drivers/STM32F1xx_HAL_Driver/Src/stm32f1xx_hal_rcc.c ****         /* Set PREDIV1 source to HSE */
 664:Drivers/STM32F1xx_HAL_Driver/Src/stm32f1xx_hal_rcc.c ****         CLEAR_BIT(RCC->CFGR2, RCC_CFGR2_PREDIV1SRC);
 665:Drivers/STM32F1xx_HAL_Driver/Src/stm32f1xx_hal_rcc.c **** 
 666:Drivers/STM32F1xx_HAL_Driver/Src/stm32f1xx_hal_rcc.c ****         /* Disable the main PLL2. */
 667:Drivers/STM32F1xx_HAL_Driver/Src/stm32f1xx_hal_rcc.c ****         __HAL_RCC_PLL2_DISABLE();
 668:Drivers/STM32F1xx_HAL_Driver/Src/stm32f1xx_hal_rcc.c **** 
 669:Drivers/STM32F1xx_HAL_Driver/Src/stm32f1xx_hal_rcc.c ****         /* Get Start Tick */
 670:Drivers/STM32F1xx_HAL_Driver/Src/stm32f1xx_hal_rcc.c ****         tickstart = HAL_GetTick();
 671:Drivers/STM32F1xx_HAL_Driver/Src/stm32f1xx_hal_rcc.c **** 
 672:Drivers/STM32F1xx_HAL_Driver/Src/stm32f1xx_hal_rcc.c ****         /* Wait till PLL2 is disabled */
 673:Drivers/STM32F1xx_HAL_Driver/Src/stm32f1xx_hal_rcc.c ****         while (__HAL_RCC_GET_FLAG(RCC_FLAG_PLL2RDY)  != RESET)
 674:Drivers/STM32F1xx_HAL_Driver/Src/stm32f1xx_hal_rcc.c ****         {
 675:Drivers/STM32F1xx_HAL_Driver/Src/stm32f1xx_hal_rcc.c ****           if ((HAL_GetTick() - tickstart) > PLL2_TIMEOUT_VALUE)
 676:Drivers/STM32F1xx_HAL_Driver/Src/stm32f1xx_hal_rcc.c ****           {
 677:Drivers/STM32F1xx_HAL_Driver/Src/stm32f1xx_hal_rcc.c ****             return HAL_TIMEOUT;
 678:Drivers/STM32F1xx_HAL_Driver/Src/stm32f1xx_hal_rcc.c ****           }
 679:Drivers/STM32F1xx_HAL_Driver/Src/stm32f1xx_hal_rcc.c ****         }
 680:Drivers/STM32F1xx_HAL_Driver/Src/stm32f1xx_hal_rcc.c ****       }
 681:Drivers/STM32F1xx_HAL_Driver/Src/stm32f1xx_hal_rcc.c ****     }
 682:Drivers/STM32F1xx_HAL_Driver/Src/stm32f1xx_hal_rcc.c ****   }
 683:Drivers/STM32F1xx_HAL_Driver/Src/stm32f1xx_hal_rcc.c **** 
 684:Drivers/STM32F1xx_HAL_Driver/Src/stm32f1xx_hal_rcc.c **** #endif /* RCC_CR_PLL2ON */
 685:Drivers/STM32F1xx_HAL_Driver/Src/stm32f1xx_hal_rcc.c ****   /*-------------------------------- PLL Configuration -----------------------*/
 686:Drivers/STM32F1xx_HAL_Driver/Src/stm32f1xx_hal_rcc.c ****   /* Check the parameters */
 687:Drivers/STM32F1xx_HAL_Driver/Src/stm32f1xx_hal_rcc.c ****   assert_param(IS_RCC_PLL(RCC_OscInitStruct->PLL.PLLState));
 688:Drivers/STM32F1xx_HAL_Driver/Src/stm32f1xx_hal_rcc.c ****   if ((RCC_OscInitStruct->PLL.PLLState) != RCC_PLL_NONE)
 689:Drivers/STM32F1xx_HAL_Driver/Src/stm32f1xx_hal_rcc.c ****   {
 690:Drivers/STM32F1xx_HAL_Driver/Src/stm32f1xx_hal_rcc.c ****     /* Check if the PLL is used as system clock or not */
 691:Drivers/STM32F1xx_HAL_Driver/Src/stm32f1xx_hal_rcc.c ****     if (__HAL_RCC_GET_SYSCLK_SOURCE() != RCC_SYSCLKSOURCE_STATUS_PLLCLK)
 692:Drivers/STM32F1xx_HAL_Driver/Src/stm32f1xx_hal_rcc.c ****     {
 693:Drivers/STM32F1xx_HAL_Driver/Src/stm32f1xx_hal_rcc.c ****       if ((RCC_OscInitStruct->PLL.PLLState) == RCC_PLL_ON)
 694:Drivers/STM32F1xx_HAL_Driver/Src/stm32f1xx_hal_rcc.c ****       {
 695:Drivers/STM32F1xx_HAL_Driver/Src/stm32f1xx_hal_rcc.c ****         /* Check the parameters */
 696:Drivers/STM32F1xx_HAL_Driver/Src/stm32f1xx_hal_rcc.c ****         assert_param(IS_RCC_PLLSOURCE(RCC_OscInitStruct->PLL.PLLSource));
 697:Drivers/STM32F1xx_HAL_Driver/Src/stm32f1xx_hal_rcc.c ****         assert_param(IS_RCC_PLL_MUL(RCC_OscInitStruct->PLL.PLLMUL));
 698:Drivers/STM32F1xx_HAL_Driver/Src/stm32f1xx_hal_rcc.c **** 
 699:Drivers/STM32F1xx_HAL_Driver/Src/stm32f1xx_hal_rcc.c ****         /* Disable the main PLL. */
 700:Drivers/STM32F1xx_HAL_Driver/Src/stm32f1xx_hal_rcc.c ****         __HAL_RCC_PLL_DISABLE();
 701:Drivers/STM32F1xx_HAL_Driver/Src/stm32f1xx_hal_rcc.c **** 
 702:Drivers/STM32F1xx_HAL_Driver/Src/stm32f1xx_hal_rcc.c ****         /* Get Start Tick */
 703:Drivers/STM32F1xx_HAL_Driver/Src/stm32f1xx_hal_rcc.c ****         tickstart = HAL_GetTick();
 704:Drivers/STM32F1xx_HAL_Driver/Src/stm32f1xx_hal_rcc.c **** 
 705:Drivers/STM32F1xx_HAL_Driver/Src/stm32f1xx_hal_rcc.c ****         /* Wait till PLL is disabled */
 706:Drivers/STM32F1xx_HAL_Driver/Src/stm32f1xx_hal_rcc.c ****         while (__HAL_RCC_GET_FLAG(RCC_FLAG_PLLRDY)  != RESET)
 707:Drivers/STM32F1xx_HAL_Driver/Src/stm32f1xx_hal_rcc.c ****         {
 708:Drivers/STM32F1xx_HAL_Driver/Src/stm32f1xx_hal_rcc.c ****           if ((HAL_GetTick() - tickstart) > PLL_TIMEOUT_VALUE)
 709:Drivers/STM32F1xx_HAL_Driver/Src/stm32f1xx_hal_rcc.c ****           {
 710:Drivers/STM32F1xx_HAL_Driver/Src/stm32f1xx_hal_rcc.c ****             return HAL_TIMEOUT;
 711:Drivers/STM32F1xx_HAL_Driver/Src/stm32f1xx_hal_rcc.c ****           }
 712:Drivers/STM32F1xx_HAL_Driver/Src/stm32f1xx_hal_rcc.c ****         }
 713:Drivers/STM32F1xx_HAL_Driver/Src/stm32f1xx_hal_rcc.c **** 
 714:Drivers/STM32F1xx_HAL_Driver/Src/stm32f1xx_hal_rcc.c ****         /* Configure the HSE prediv factor --------------------------------*/
 715:Drivers/STM32F1xx_HAL_Driver/Src/stm32f1xx_hal_rcc.c ****         /* It can be written only when the PLL is disabled. Not used in PLL source is different tha
 716:Drivers/STM32F1xx_HAL_Driver/Src/stm32f1xx_hal_rcc.c ****         if (RCC_OscInitStruct->PLL.PLLSource == RCC_PLLSOURCE_HSE)
ARM GAS  /tmp/ccNSEcI1.s 			page 14


 717:Drivers/STM32F1xx_HAL_Driver/Src/stm32f1xx_hal_rcc.c ****         {
 718:Drivers/STM32F1xx_HAL_Driver/Src/stm32f1xx_hal_rcc.c ****           /* Check the parameter */
 719:Drivers/STM32F1xx_HAL_Driver/Src/stm32f1xx_hal_rcc.c ****           assert_param(IS_RCC_HSE_PREDIV(RCC_OscInitStruct->HSEPredivValue));
 720:Drivers/STM32F1xx_HAL_Driver/Src/stm32f1xx_hal_rcc.c **** #if defined(RCC_CFGR2_PREDIV1SRC)
 721:Drivers/STM32F1xx_HAL_Driver/Src/stm32f1xx_hal_rcc.c ****           assert_param(IS_RCC_PREDIV1_SOURCE(RCC_OscInitStruct->Prediv1Source));
 722:Drivers/STM32F1xx_HAL_Driver/Src/stm32f1xx_hal_rcc.c **** 
 723:Drivers/STM32F1xx_HAL_Driver/Src/stm32f1xx_hal_rcc.c ****           /* Set PREDIV1 source */
 724:Drivers/STM32F1xx_HAL_Driver/Src/stm32f1xx_hal_rcc.c ****           SET_BIT(RCC->CFGR2, RCC_OscInitStruct->Prediv1Source);
 725:Drivers/STM32F1xx_HAL_Driver/Src/stm32f1xx_hal_rcc.c **** #endif /* RCC_CFGR2_PREDIV1SRC */
 726:Drivers/STM32F1xx_HAL_Driver/Src/stm32f1xx_hal_rcc.c **** 
 727:Drivers/STM32F1xx_HAL_Driver/Src/stm32f1xx_hal_rcc.c ****           /* Set PREDIV1 Value */
 728:Drivers/STM32F1xx_HAL_Driver/Src/stm32f1xx_hal_rcc.c ****           __HAL_RCC_HSE_PREDIV_CONFIG(RCC_OscInitStruct->HSEPredivValue);
 729:Drivers/STM32F1xx_HAL_Driver/Src/stm32f1xx_hal_rcc.c ****         }
 730:Drivers/STM32F1xx_HAL_Driver/Src/stm32f1xx_hal_rcc.c **** 
 731:Drivers/STM32F1xx_HAL_Driver/Src/stm32f1xx_hal_rcc.c ****         /* Configure the main PLL clock source and multiplication factors. */
 732:Drivers/STM32F1xx_HAL_Driver/Src/stm32f1xx_hal_rcc.c ****         __HAL_RCC_PLL_CONFIG(RCC_OscInitStruct->PLL.PLLSource,
 733:Drivers/STM32F1xx_HAL_Driver/Src/stm32f1xx_hal_rcc.c ****                              RCC_OscInitStruct->PLL.PLLMUL);
 734:Drivers/STM32F1xx_HAL_Driver/Src/stm32f1xx_hal_rcc.c ****         /* Enable the main PLL. */
 735:Drivers/STM32F1xx_HAL_Driver/Src/stm32f1xx_hal_rcc.c ****         __HAL_RCC_PLL_ENABLE();
 736:Drivers/STM32F1xx_HAL_Driver/Src/stm32f1xx_hal_rcc.c **** 
 737:Drivers/STM32F1xx_HAL_Driver/Src/stm32f1xx_hal_rcc.c ****         /* Get Start Tick */
 738:Drivers/STM32F1xx_HAL_Driver/Src/stm32f1xx_hal_rcc.c ****         tickstart = HAL_GetTick();
 739:Drivers/STM32F1xx_HAL_Driver/Src/stm32f1xx_hal_rcc.c **** 
 740:Drivers/STM32F1xx_HAL_Driver/Src/stm32f1xx_hal_rcc.c ****         /* Wait till PLL is ready */
 741:Drivers/STM32F1xx_HAL_Driver/Src/stm32f1xx_hal_rcc.c ****         while (__HAL_RCC_GET_FLAG(RCC_FLAG_PLLRDY)  == RESET)
 742:Drivers/STM32F1xx_HAL_Driver/Src/stm32f1xx_hal_rcc.c ****         {
 743:Drivers/STM32F1xx_HAL_Driver/Src/stm32f1xx_hal_rcc.c ****           if ((HAL_GetTick() - tickstart) > PLL_TIMEOUT_VALUE)
 744:Drivers/STM32F1xx_HAL_Driver/Src/stm32f1xx_hal_rcc.c ****           {
 745:Drivers/STM32F1xx_HAL_Driver/Src/stm32f1xx_hal_rcc.c ****             return HAL_TIMEOUT;
 746:Drivers/STM32F1xx_HAL_Driver/Src/stm32f1xx_hal_rcc.c ****           }
 747:Drivers/STM32F1xx_HAL_Driver/Src/stm32f1xx_hal_rcc.c ****         }
 748:Drivers/STM32F1xx_HAL_Driver/Src/stm32f1xx_hal_rcc.c ****       }
 749:Drivers/STM32F1xx_HAL_Driver/Src/stm32f1xx_hal_rcc.c ****       else
 750:Drivers/STM32F1xx_HAL_Driver/Src/stm32f1xx_hal_rcc.c ****       {
 751:Drivers/STM32F1xx_HAL_Driver/Src/stm32f1xx_hal_rcc.c ****         /* Disable the main PLL. */
 752:Drivers/STM32F1xx_HAL_Driver/Src/stm32f1xx_hal_rcc.c ****         __HAL_RCC_PLL_DISABLE();
 753:Drivers/STM32F1xx_HAL_Driver/Src/stm32f1xx_hal_rcc.c **** 
 754:Drivers/STM32F1xx_HAL_Driver/Src/stm32f1xx_hal_rcc.c ****         /* Get Start Tick */
 755:Drivers/STM32F1xx_HAL_Driver/Src/stm32f1xx_hal_rcc.c ****         tickstart = HAL_GetTick();
 756:Drivers/STM32F1xx_HAL_Driver/Src/stm32f1xx_hal_rcc.c **** 
 757:Drivers/STM32F1xx_HAL_Driver/Src/stm32f1xx_hal_rcc.c ****         /* Wait till PLL is disabled */
 758:Drivers/STM32F1xx_HAL_Driver/Src/stm32f1xx_hal_rcc.c ****         while (__HAL_RCC_GET_FLAG(RCC_FLAG_PLLRDY)  != RESET)
 759:Drivers/STM32F1xx_HAL_Driver/Src/stm32f1xx_hal_rcc.c ****         {
 760:Drivers/STM32F1xx_HAL_Driver/Src/stm32f1xx_hal_rcc.c ****           if ((HAL_GetTick() - tickstart) > PLL_TIMEOUT_VALUE)
 761:Drivers/STM32F1xx_HAL_Driver/Src/stm32f1xx_hal_rcc.c ****           {
 762:Drivers/STM32F1xx_HAL_Driver/Src/stm32f1xx_hal_rcc.c ****             return HAL_TIMEOUT;
 763:Drivers/STM32F1xx_HAL_Driver/Src/stm32f1xx_hal_rcc.c ****           }
 764:Drivers/STM32F1xx_HAL_Driver/Src/stm32f1xx_hal_rcc.c ****         }
 765:Drivers/STM32F1xx_HAL_Driver/Src/stm32f1xx_hal_rcc.c ****       }
 766:Drivers/STM32F1xx_HAL_Driver/Src/stm32f1xx_hal_rcc.c ****     }
 767:Drivers/STM32F1xx_HAL_Driver/Src/stm32f1xx_hal_rcc.c ****     else
 768:Drivers/STM32F1xx_HAL_Driver/Src/stm32f1xx_hal_rcc.c ****     {
 769:Drivers/STM32F1xx_HAL_Driver/Src/stm32f1xx_hal_rcc.c ****       /* Check if there is a request to disable the PLL used as System clock source */
 770:Drivers/STM32F1xx_HAL_Driver/Src/stm32f1xx_hal_rcc.c ****       if ((RCC_OscInitStruct->PLL.PLLState) == RCC_PLL_OFF)
 771:Drivers/STM32F1xx_HAL_Driver/Src/stm32f1xx_hal_rcc.c ****       {
 772:Drivers/STM32F1xx_HAL_Driver/Src/stm32f1xx_hal_rcc.c ****         return HAL_ERROR;
 773:Drivers/STM32F1xx_HAL_Driver/Src/stm32f1xx_hal_rcc.c ****       }
ARM GAS  /tmp/ccNSEcI1.s 			page 15


 774:Drivers/STM32F1xx_HAL_Driver/Src/stm32f1xx_hal_rcc.c ****       else
 775:Drivers/STM32F1xx_HAL_Driver/Src/stm32f1xx_hal_rcc.c ****       {
 776:Drivers/STM32F1xx_HAL_Driver/Src/stm32f1xx_hal_rcc.c ****         /* Do not return HAL_ERROR if request repeats the current configuration */
 777:Drivers/STM32F1xx_HAL_Driver/Src/stm32f1xx_hal_rcc.c ****         pll_config = RCC->CFGR;
 778:Drivers/STM32F1xx_HAL_Driver/Src/stm32f1xx_hal_rcc.c ****         if ((READ_BIT(pll_config, RCC_CFGR_PLLSRC) != RCC_OscInitStruct->PLL.PLLSource) ||
 779:Drivers/STM32F1xx_HAL_Driver/Src/stm32f1xx_hal_rcc.c ****             (READ_BIT(pll_config, RCC_CFGR_PLLMULL) != RCC_OscInitStruct->PLL.PLLMUL))
 780:Drivers/STM32F1xx_HAL_Driver/Src/stm32f1xx_hal_rcc.c ****         {
 781:Drivers/STM32F1xx_HAL_Driver/Src/stm32f1xx_hal_rcc.c ****           return HAL_ERROR;
 782:Drivers/STM32F1xx_HAL_Driver/Src/stm32f1xx_hal_rcc.c ****         }
 783:Drivers/STM32F1xx_HAL_Driver/Src/stm32f1xx_hal_rcc.c ****       }
 784:Drivers/STM32F1xx_HAL_Driver/Src/stm32f1xx_hal_rcc.c ****     }
 785:Drivers/STM32F1xx_HAL_Driver/Src/stm32f1xx_hal_rcc.c ****   }
 786:Drivers/STM32F1xx_HAL_Driver/Src/stm32f1xx_hal_rcc.c **** 
 787:Drivers/STM32F1xx_HAL_Driver/Src/stm32f1xx_hal_rcc.c ****   return HAL_OK;
 788:Drivers/STM32F1xx_HAL_Driver/Src/stm32f1xx_hal_rcc.c **** }
 789:Drivers/STM32F1xx_HAL_Driver/Src/stm32f1xx_hal_rcc.c **** 
 790:Drivers/STM32F1xx_HAL_Driver/Src/stm32f1xx_hal_rcc.c **** /**
 791:Drivers/STM32F1xx_HAL_Driver/Src/stm32f1xx_hal_rcc.c ****   * @brief  Initializes the CPU, AHB and APB buses clocks according to the specified
 792:Drivers/STM32F1xx_HAL_Driver/Src/stm32f1xx_hal_rcc.c ****   *         parameters in the RCC_ClkInitStruct.
 793:Drivers/STM32F1xx_HAL_Driver/Src/stm32f1xx_hal_rcc.c ****   * @param  RCC_ClkInitStruct pointer to an RCC_OscInitTypeDef structure that
 794:Drivers/STM32F1xx_HAL_Driver/Src/stm32f1xx_hal_rcc.c ****   *         contains the configuration information for the RCC peripheral.
 795:Drivers/STM32F1xx_HAL_Driver/Src/stm32f1xx_hal_rcc.c ****   * @param  FLatency FLASH Latency
 796:Drivers/STM32F1xx_HAL_Driver/Src/stm32f1xx_hal_rcc.c ****   *          The value of this parameter depend on device used within the same series
 797:Drivers/STM32F1xx_HAL_Driver/Src/stm32f1xx_hal_rcc.c ****   * @note   The SystemCoreClock CMSIS variable is used to store System Clock Frequency
 798:Drivers/STM32F1xx_HAL_Driver/Src/stm32f1xx_hal_rcc.c ****   *         and updated by @ref HAL_RCC_GetHCLKFreq() function called within this function
 799:Drivers/STM32F1xx_HAL_Driver/Src/stm32f1xx_hal_rcc.c ****   *
 800:Drivers/STM32F1xx_HAL_Driver/Src/stm32f1xx_hal_rcc.c ****   * @note   The HSI is used (enabled by hardware) as system clock source after
 801:Drivers/STM32F1xx_HAL_Driver/Src/stm32f1xx_hal_rcc.c ****   *         start-up from Reset, wake-up from STOP and STANDBY mode, or in case
 802:Drivers/STM32F1xx_HAL_Driver/Src/stm32f1xx_hal_rcc.c ****   *         of failure of the HSE used directly or indirectly as system clock
 803:Drivers/STM32F1xx_HAL_Driver/Src/stm32f1xx_hal_rcc.c ****   *         (if the Clock Security System CSS is enabled).
 804:Drivers/STM32F1xx_HAL_Driver/Src/stm32f1xx_hal_rcc.c ****   *
 805:Drivers/STM32F1xx_HAL_Driver/Src/stm32f1xx_hal_rcc.c ****   * @note   A switch from one clock source to another occurs only if the target
 806:Drivers/STM32F1xx_HAL_Driver/Src/stm32f1xx_hal_rcc.c ****   *         clock source is ready (clock stable after start-up delay or PLL locked).
 807:Drivers/STM32F1xx_HAL_Driver/Src/stm32f1xx_hal_rcc.c ****   *         If a clock source which is not yet ready is selected, the switch will
 808:Drivers/STM32F1xx_HAL_Driver/Src/stm32f1xx_hal_rcc.c ****   *         occur when the clock source will be ready.
 809:Drivers/STM32F1xx_HAL_Driver/Src/stm32f1xx_hal_rcc.c ****   *         You can use @ref HAL_RCC_GetClockConfig() function to know which clock is
 810:Drivers/STM32F1xx_HAL_Driver/Src/stm32f1xx_hal_rcc.c ****   *         currently used as system clock source.
 811:Drivers/STM32F1xx_HAL_Driver/Src/stm32f1xx_hal_rcc.c ****   * @retval HAL status
 812:Drivers/STM32F1xx_HAL_Driver/Src/stm32f1xx_hal_rcc.c ****   */
 813:Drivers/STM32F1xx_HAL_Driver/Src/stm32f1xx_hal_rcc.c **** HAL_StatusTypeDef HAL_RCC_ClockConfig(RCC_ClkInitTypeDef  *RCC_ClkInitStruct, uint32_t FLatency)
 814:Drivers/STM32F1xx_HAL_Driver/Src/stm32f1xx_hal_rcc.c **** {
 815:Drivers/STM32F1xx_HAL_Driver/Src/stm32f1xx_hal_rcc.c ****   uint32_t tickstart;
 816:Drivers/STM32F1xx_HAL_Driver/Src/stm32f1xx_hal_rcc.c **** 
 817:Drivers/STM32F1xx_HAL_Driver/Src/stm32f1xx_hal_rcc.c ****   /* Check Null pointer */
 818:Drivers/STM32F1xx_HAL_Driver/Src/stm32f1xx_hal_rcc.c ****   if (RCC_ClkInitStruct == NULL)
 819:Drivers/STM32F1xx_HAL_Driver/Src/stm32f1xx_hal_rcc.c ****   {
 820:Drivers/STM32F1xx_HAL_Driver/Src/stm32f1xx_hal_rcc.c ****     return HAL_ERROR;
 821:Drivers/STM32F1xx_HAL_Driver/Src/stm32f1xx_hal_rcc.c ****   }
 822:Drivers/STM32F1xx_HAL_Driver/Src/stm32f1xx_hal_rcc.c **** 
 823:Drivers/STM32F1xx_HAL_Driver/Src/stm32f1xx_hal_rcc.c ****   /* Check the parameters */
 824:Drivers/STM32F1xx_HAL_Driver/Src/stm32f1xx_hal_rcc.c ****   assert_param(IS_RCC_CLOCKTYPE(RCC_ClkInitStruct->ClockType));
 825:Drivers/STM32F1xx_HAL_Driver/Src/stm32f1xx_hal_rcc.c ****   assert_param(IS_FLASH_LATENCY(FLatency));
 826:Drivers/STM32F1xx_HAL_Driver/Src/stm32f1xx_hal_rcc.c **** 
 827:Drivers/STM32F1xx_HAL_Driver/Src/stm32f1xx_hal_rcc.c ****   /* To correctly read data from FLASH memory, the number of wait states (LATENCY)
 828:Drivers/STM32F1xx_HAL_Driver/Src/stm32f1xx_hal_rcc.c ****   must be correctly programmed according to the frequency of the CPU clock
 829:Drivers/STM32F1xx_HAL_Driver/Src/stm32f1xx_hal_rcc.c ****     (HCLK) of the device. */
 830:Drivers/STM32F1xx_HAL_Driver/Src/stm32f1xx_hal_rcc.c **** 
ARM GAS  /tmp/ccNSEcI1.s 			page 16


 831:Drivers/STM32F1xx_HAL_Driver/Src/stm32f1xx_hal_rcc.c **** #if defined(FLASH_ACR_LATENCY)
 832:Drivers/STM32F1xx_HAL_Driver/Src/stm32f1xx_hal_rcc.c ****   /* Increasing the number of wait states because of higher CPU frequency */
 833:Drivers/STM32F1xx_HAL_Driver/Src/stm32f1xx_hal_rcc.c ****   if (FLatency > __HAL_FLASH_GET_LATENCY())
 834:Drivers/STM32F1xx_HAL_Driver/Src/stm32f1xx_hal_rcc.c ****   {
 835:Drivers/STM32F1xx_HAL_Driver/Src/stm32f1xx_hal_rcc.c ****     /* Program the new number of wait states to the LATENCY bits in the FLASH_ACR register */
 836:Drivers/STM32F1xx_HAL_Driver/Src/stm32f1xx_hal_rcc.c ****     __HAL_FLASH_SET_LATENCY(FLatency);
 837:Drivers/STM32F1xx_HAL_Driver/Src/stm32f1xx_hal_rcc.c **** 
 838:Drivers/STM32F1xx_HAL_Driver/Src/stm32f1xx_hal_rcc.c ****     /* Check that the new number of wait states is taken into account to access the Flash
 839:Drivers/STM32F1xx_HAL_Driver/Src/stm32f1xx_hal_rcc.c ****     memory by reading the FLASH_ACR register */
 840:Drivers/STM32F1xx_HAL_Driver/Src/stm32f1xx_hal_rcc.c ****     if (__HAL_FLASH_GET_LATENCY() != FLatency)
 841:Drivers/STM32F1xx_HAL_Driver/Src/stm32f1xx_hal_rcc.c ****   {
 842:Drivers/STM32F1xx_HAL_Driver/Src/stm32f1xx_hal_rcc.c ****     return HAL_ERROR;
 843:Drivers/STM32F1xx_HAL_Driver/Src/stm32f1xx_hal_rcc.c ****   }
 844:Drivers/STM32F1xx_HAL_Driver/Src/stm32f1xx_hal_rcc.c **** }
 845:Drivers/STM32F1xx_HAL_Driver/Src/stm32f1xx_hal_rcc.c **** 
 846:Drivers/STM32F1xx_HAL_Driver/Src/stm32f1xx_hal_rcc.c **** #endif /* FLASH_ACR_LATENCY */
 847:Drivers/STM32F1xx_HAL_Driver/Src/stm32f1xx_hal_rcc.c **** /*-------------------------- HCLK Configuration --------------------------*/
 848:Drivers/STM32F1xx_HAL_Driver/Src/stm32f1xx_hal_rcc.c **** if (((RCC_ClkInitStruct->ClockType) & RCC_CLOCKTYPE_HCLK) == RCC_CLOCKTYPE_HCLK)
 849:Drivers/STM32F1xx_HAL_Driver/Src/stm32f1xx_hal_rcc.c ****   {
 850:Drivers/STM32F1xx_HAL_Driver/Src/stm32f1xx_hal_rcc.c ****     /* Set the highest APBx dividers in order to ensure that we do not go through
 851:Drivers/STM32F1xx_HAL_Driver/Src/stm32f1xx_hal_rcc.c ****     a non-spec phase whatever we decrease or increase HCLK. */
 852:Drivers/STM32F1xx_HAL_Driver/Src/stm32f1xx_hal_rcc.c ****     if (((RCC_ClkInitStruct->ClockType) & RCC_CLOCKTYPE_PCLK1) == RCC_CLOCKTYPE_PCLK1)
 853:Drivers/STM32F1xx_HAL_Driver/Src/stm32f1xx_hal_rcc.c ****     {
 854:Drivers/STM32F1xx_HAL_Driver/Src/stm32f1xx_hal_rcc.c ****       MODIFY_REG(RCC->CFGR, RCC_CFGR_PPRE1, RCC_HCLK_DIV16);
 855:Drivers/STM32F1xx_HAL_Driver/Src/stm32f1xx_hal_rcc.c ****     }
 856:Drivers/STM32F1xx_HAL_Driver/Src/stm32f1xx_hal_rcc.c **** 
 857:Drivers/STM32F1xx_HAL_Driver/Src/stm32f1xx_hal_rcc.c ****     if (((RCC_ClkInitStruct->ClockType) & RCC_CLOCKTYPE_PCLK2) == RCC_CLOCKTYPE_PCLK2)
 858:Drivers/STM32F1xx_HAL_Driver/Src/stm32f1xx_hal_rcc.c ****     {
 859:Drivers/STM32F1xx_HAL_Driver/Src/stm32f1xx_hal_rcc.c ****       MODIFY_REG(RCC->CFGR, RCC_CFGR_PPRE2, (RCC_HCLK_DIV16 << 3));
 860:Drivers/STM32F1xx_HAL_Driver/Src/stm32f1xx_hal_rcc.c ****     }
 861:Drivers/STM32F1xx_HAL_Driver/Src/stm32f1xx_hal_rcc.c **** 
 862:Drivers/STM32F1xx_HAL_Driver/Src/stm32f1xx_hal_rcc.c ****     /* Set the new HCLK clock divider */
 863:Drivers/STM32F1xx_HAL_Driver/Src/stm32f1xx_hal_rcc.c ****     assert_param(IS_RCC_HCLK(RCC_ClkInitStruct->AHBCLKDivider));
 864:Drivers/STM32F1xx_HAL_Driver/Src/stm32f1xx_hal_rcc.c ****     MODIFY_REG(RCC->CFGR, RCC_CFGR_HPRE, RCC_ClkInitStruct->AHBCLKDivider);
 865:Drivers/STM32F1xx_HAL_Driver/Src/stm32f1xx_hal_rcc.c ****   }
 866:Drivers/STM32F1xx_HAL_Driver/Src/stm32f1xx_hal_rcc.c **** 
 867:Drivers/STM32F1xx_HAL_Driver/Src/stm32f1xx_hal_rcc.c ****   /*------------------------- SYSCLK Configuration ---------------------------*/
 868:Drivers/STM32F1xx_HAL_Driver/Src/stm32f1xx_hal_rcc.c ****   if (((RCC_ClkInitStruct->ClockType) & RCC_CLOCKTYPE_SYSCLK) == RCC_CLOCKTYPE_SYSCLK)
 869:Drivers/STM32F1xx_HAL_Driver/Src/stm32f1xx_hal_rcc.c ****   {
 870:Drivers/STM32F1xx_HAL_Driver/Src/stm32f1xx_hal_rcc.c ****     assert_param(IS_RCC_SYSCLKSOURCE(RCC_ClkInitStruct->SYSCLKSource));
 871:Drivers/STM32F1xx_HAL_Driver/Src/stm32f1xx_hal_rcc.c **** 
 872:Drivers/STM32F1xx_HAL_Driver/Src/stm32f1xx_hal_rcc.c ****     /* HSE is selected as System Clock Source */
 873:Drivers/STM32F1xx_HAL_Driver/Src/stm32f1xx_hal_rcc.c ****     if (RCC_ClkInitStruct->SYSCLKSource == RCC_SYSCLKSOURCE_HSE)
 874:Drivers/STM32F1xx_HAL_Driver/Src/stm32f1xx_hal_rcc.c ****     {
 875:Drivers/STM32F1xx_HAL_Driver/Src/stm32f1xx_hal_rcc.c ****       /* Check the HSE ready flag */
 876:Drivers/STM32F1xx_HAL_Driver/Src/stm32f1xx_hal_rcc.c ****       if (__HAL_RCC_GET_FLAG(RCC_FLAG_HSERDY) == RESET)
 877:Drivers/STM32F1xx_HAL_Driver/Src/stm32f1xx_hal_rcc.c ****       {
 878:Drivers/STM32F1xx_HAL_Driver/Src/stm32f1xx_hal_rcc.c ****         return HAL_ERROR;
 879:Drivers/STM32F1xx_HAL_Driver/Src/stm32f1xx_hal_rcc.c ****       }
 880:Drivers/STM32F1xx_HAL_Driver/Src/stm32f1xx_hal_rcc.c ****     }
 881:Drivers/STM32F1xx_HAL_Driver/Src/stm32f1xx_hal_rcc.c ****     /* PLL is selected as System Clock Source */
 882:Drivers/STM32F1xx_HAL_Driver/Src/stm32f1xx_hal_rcc.c ****     else if (RCC_ClkInitStruct->SYSCLKSource == RCC_SYSCLKSOURCE_PLLCLK)
 883:Drivers/STM32F1xx_HAL_Driver/Src/stm32f1xx_hal_rcc.c ****     {
 884:Drivers/STM32F1xx_HAL_Driver/Src/stm32f1xx_hal_rcc.c ****       /* Check the PLL ready flag */
 885:Drivers/STM32F1xx_HAL_Driver/Src/stm32f1xx_hal_rcc.c ****       if (__HAL_RCC_GET_FLAG(RCC_FLAG_PLLRDY) == RESET)
 886:Drivers/STM32F1xx_HAL_Driver/Src/stm32f1xx_hal_rcc.c ****       {
 887:Drivers/STM32F1xx_HAL_Driver/Src/stm32f1xx_hal_rcc.c ****         return HAL_ERROR;
ARM GAS  /tmp/ccNSEcI1.s 			page 17


 888:Drivers/STM32F1xx_HAL_Driver/Src/stm32f1xx_hal_rcc.c ****       }
 889:Drivers/STM32F1xx_HAL_Driver/Src/stm32f1xx_hal_rcc.c ****     }
 890:Drivers/STM32F1xx_HAL_Driver/Src/stm32f1xx_hal_rcc.c ****     /* HSI is selected as System Clock Source */
 891:Drivers/STM32F1xx_HAL_Driver/Src/stm32f1xx_hal_rcc.c ****     else
 892:Drivers/STM32F1xx_HAL_Driver/Src/stm32f1xx_hal_rcc.c ****     {
 893:Drivers/STM32F1xx_HAL_Driver/Src/stm32f1xx_hal_rcc.c ****       /* Check the HSI ready flag */
 894:Drivers/STM32F1xx_HAL_Driver/Src/stm32f1xx_hal_rcc.c ****       if (__HAL_RCC_GET_FLAG(RCC_FLAG_HSIRDY) == RESET)
 895:Drivers/STM32F1xx_HAL_Driver/Src/stm32f1xx_hal_rcc.c ****       {
 896:Drivers/STM32F1xx_HAL_Driver/Src/stm32f1xx_hal_rcc.c ****         return HAL_ERROR;
 897:Drivers/STM32F1xx_HAL_Driver/Src/stm32f1xx_hal_rcc.c ****       }
 898:Drivers/STM32F1xx_HAL_Driver/Src/stm32f1xx_hal_rcc.c ****     }
 899:Drivers/STM32F1xx_HAL_Driver/Src/stm32f1xx_hal_rcc.c ****     __HAL_RCC_SYSCLK_CONFIG(RCC_ClkInitStruct->SYSCLKSource);
 900:Drivers/STM32F1xx_HAL_Driver/Src/stm32f1xx_hal_rcc.c **** 
 901:Drivers/STM32F1xx_HAL_Driver/Src/stm32f1xx_hal_rcc.c ****     /* Get Start Tick */
 902:Drivers/STM32F1xx_HAL_Driver/Src/stm32f1xx_hal_rcc.c ****     tickstart = HAL_GetTick();
 903:Drivers/STM32F1xx_HAL_Driver/Src/stm32f1xx_hal_rcc.c **** 
 904:Drivers/STM32F1xx_HAL_Driver/Src/stm32f1xx_hal_rcc.c ****     while (__HAL_RCC_GET_SYSCLK_SOURCE() != (RCC_ClkInitStruct->SYSCLKSource << RCC_CFGR_SWS_Pos))
 905:Drivers/STM32F1xx_HAL_Driver/Src/stm32f1xx_hal_rcc.c ****     {
 906:Drivers/STM32F1xx_HAL_Driver/Src/stm32f1xx_hal_rcc.c ****       if ((HAL_GetTick() - tickstart) > CLOCKSWITCH_TIMEOUT_VALUE)
 907:Drivers/STM32F1xx_HAL_Driver/Src/stm32f1xx_hal_rcc.c ****       {
 908:Drivers/STM32F1xx_HAL_Driver/Src/stm32f1xx_hal_rcc.c ****         return HAL_TIMEOUT;
 909:Drivers/STM32F1xx_HAL_Driver/Src/stm32f1xx_hal_rcc.c ****       }
 910:Drivers/STM32F1xx_HAL_Driver/Src/stm32f1xx_hal_rcc.c ****     }
 911:Drivers/STM32F1xx_HAL_Driver/Src/stm32f1xx_hal_rcc.c ****   }
 912:Drivers/STM32F1xx_HAL_Driver/Src/stm32f1xx_hal_rcc.c **** 
 913:Drivers/STM32F1xx_HAL_Driver/Src/stm32f1xx_hal_rcc.c **** #if defined(FLASH_ACR_LATENCY)
 914:Drivers/STM32F1xx_HAL_Driver/Src/stm32f1xx_hal_rcc.c ****   /* Decreasing the number of wait states because of lower CPU frequency */
 915:Drivers/STM32F1xx_HAL_Driver/Src/stm32f1xx_hal_rcc.c ****   if (FLatency < __HAL_FLASH_GET_LATENCY())
 916:Drivers/STM32F1xx_HAL_Driver/Src/stm32f1xx_hal_rcc.c ****   {
 917:Drivers/STM32F1xx_HAL_Driver/Src/stm32f1xx_hal_rcc.c ****     /* Program the new number of wait states to the LATENCY bits in the FLASH_ACR register */
 918:Drivers/STM32F1xx_HAL_Driver/Src/stm32f1xx_hal_rcc.c ****     __HAL_FLASH_SET_LATENCY(FLatency);
 919:Drivers/STM32F1xx_HAL_Driver/Src/stm32f1xx_hal_rcc.c **** 
 920:Drivers/STM32F1xx_HAL_Driver/Src/stm32f1xx_hal_rcc.c ****     /* Check that the new number of wait states is taken into account to access the Flash
 921:Drivers/STM32F1xx_HAL_Driver/Src/stm32f1xx_hal_rcc.c ****     memory by reading the FLASH_ACR register */
 922:Drivers/STM32F1xx_HAL_Driver/Src/stm32f1xx_hal_rcc.c ****     if (__HAL_FLASH_GET_LATENCY() != FLatency)
 923:Drivers/STM32F1xx_HAL_Driver/Src/stm32f1xx_hal_rcc.c ****   {
 924:Drivers/STM32F1xx_HAL_Driver/Src/stm32f1xx_hal_rcc.c ****     return HAL_ERROR;
 925:Drivers/STM32F1xx_HAL_Driver/Src/stm32f1xx_hal_rcc.c ****   }
 926:Drivers/STM32F1xx_HAL_Driver/Src/stm32f1xx_hal_rcc.c **** }
 927:Drivers/STM32F1xx_HAL_Driver/Src/stm32f1xx_hal_rcc.c **** #endif /* FLASH_ACR_LATENCY */
 928:Drivers/STM32F1xx_HAL_Driver/Src/stm32f1xx_hal_rcc.c **** 
 929:Drivers/STM32F1xx_HAL_Driver/Src/stm32f1xx_hal_rcc.c **** /*-------------------------- PCLK1 Configuration ---------------------------*/
 930:Drivers/STM32F1xx_HAL_Driver/Src/stm32f1xx_hal_rcc.c **** if (((RCC_ClkInitStruct->ClockType) & RCC_CLOCKTYPE_PCLK1) == RCC_CLOCKTYPE_PCLK1)
 931:Drivers/STM32F1xx_HAL_Driver/Src/stm32f1xx_hal_rcc.c ****   {
 932:Drivers/STM32F1xx_HAL_Driver/Src/stm32f1xx_hal_rcc.c ****     assert_param(IS_RCC_PCLK(RCC_ClkInitStruct->APB1CLKDivider));
 933:Drivers/STM32F1xx_HAL_Driver/Src/stm32f1xx_hal_rcc.c ****     MODIFY_REG(RCC->CFGR, RCC_CFGR_PPRE1, RCC_ClkInitStruct->APB1CLKDivider);
 934:Drivers/STM32F1xx_HAL_Driver/Src/stm32f1xx_hal_rcc.c ****   }
 935:Drivers/STM32F1xx_HAL_Driver/Src/stm32f1xx_hal_rcc.c **** 
 936:Drivers/STM32F1xx_HAL_Driver/Src/stm32f1xx_hal_rcc.c ****   /*-------------------------- PCLK2 Configuration ---------------------------*/
 937:Drivers/STM32F1xx_HAL_Driver/Src/stm32f1xx_hal_rcc.c ****   if (((RCC_ClkInitStruct->ClockType) & RCC_CLOCKTYPE_PCLK2) == RCC_CLOCKTYPE_PCLK2)
 938:Drivers/STM32F1xx_HAL_Driver/Src/stm32f1xx_hal_rcc.c ****   {
 939:Drivers/STM32F1xx_HAL_Driver/Src/stm32f1xx_hal_rcc.c ****     assert_param(IS_RCC_PCLK(RCC_ClkInitStruct->APB2CLKDivider));
 940:Drivers/STM32F1xx_HAL_Driver/Src/stm32f1xx_hal_rcc.c ****     MODIFY_REG(RCC->CFGR, RCC_CFGR_PPRE2, ((RCC_ClkInitStruct->APB2CLKDivider) << 3));
 941:Drivers/STM32F1xx_HAL_Driver/Src/stm32f1xx_hal_rcc.c ****   }
 942:Drivers/STM32F1xx_HAL_Driver/Src/stm32f1xx_hal_rcc.c **** 
 943:Drivers/STM32F1xx_HAL_Driver/Src/stm32f1xx_hal_rcc.c ****   /* Update the SystemCoreClock global variable */
 944:Drivers/STM32F1xx_HAL_Driver/Src/stm32f1xx_hal_rcc.c ****   SystemCoreClock = HAL_RCC_GetSysClockFreq() >> AHBPrescTable[(RCC->CFGR & RCC_CFGR_HPRE) >> RCC_C
ARM GAS  /tmp/ccNSEcI1.s 			page 18


 945:Drivers/STM32F1xx_HAL_Driver/Src/stm32f1xx_hal_rcc.c **** 
 946:Drivers/STM32F1xx_HAL_Driver/Src/stm32f1xx_hal_rcc.c ****   /* Configure the source of time base considering new system clocks settings*/
 947:Drivers/STM32F1xx_HAL_Driver/Src/stm32f1xx_hal_rcc.c ****   HAL_InitTick(uwTickPrio);
 948:Drivers/STM32F1xx_HAL_Driver/Src/stm32f1xx_hal_rcc.c **** 
 949:Drivers/STM32F1xx_HAL_Driver/Src/stm32f1xx_hal_rcc.c ****   return HAL_OK;
 950:Drivers/STM32F1xx_HAL_Driver/Src/stm32f1xx_hal_rcc.c **** }
 951:Drivers/STM32F1xx_HAL_Driver/Src/stm32f1xx_hal_rcc.c **** 
 952:Drivers/STM32F1xx_HAL_Driver/Src/stm32f1xx_hal_rcc.c **** /**
 953:Drivers/STM32F1xx_HAL_Driver/Src/stm32f1xx_hal_rcc.c ****   * @}
 954:Drivers/STM32F1xx_HAL_Driver/Src/stm32f1xx_hal_rcc.c ****   */
 955:Drivers/STM32F1xx_HAL_Driver/Src/stm32f1xx_hal_rcc.c **** 
 956:Drivers/STM32F1xx_HAL_Driver/Src/stm32f1xx_hal_rcc.c **** /** @defgroup RCC_Exported_Functions_Group2 Peripheral Control functions
 957:Drivers/STM32F1xx_HAL_Driver/Src/stm32f1xx_hal_rcc.c ****   *  @brief   RCC clocks control functions
 958:Drivers/STM32F1xx_HAL_Driver/Src/stm32f1xx_hal_rcc.c ****   *
 959:Drivers/STM32F1xx_HAL_Driver/Src/stm32f1xx_hal_rcc.c ****   @verbatim
 960:Drivers/STM32F1xx_HAL_Driver/Src/stm32f1xx_hal_rcc.c ****   ===============================================================================
 961:Drivers/STM32F1xx_HAL_Driver/Src/stm32f1xx_hal_rcc.c ****                   ##### Peripheral Control functions #####
 962:Drivers/STM32F1xx_HAL_Driver/Src/stm32f1xx_hal_rcc.c ****   ===============================================================================
 963:Drivers/STM32F1xx_HAL_Driver/Src/stm32f1xx_hal_rcc.c ****     [..]
 964:Drivers/STM32F1xx_HAL_Driver/Src/stm32f1xx_hal_rcc.c ****     This subsection provides a set of functions allowing to control the RCC Clocks
 965:Drivers/STM32F1xx_HAL_Driver/Src/stm32f1xx_hal_rcc.c ****     frequencies.
 966:Drivers/STM32F1xx_HAL_Driver/Src/stm32f1xx_hal_rcc.c **** 
 967:Drivers/STM32F1xx_HAL_Driver/Src/stm32f1xx_hal_rcc.c ****   @endverbatim
 968:Drivers/STM32F1xx_HAL_Driver/Src/stm32f1xx_hal_rcc.c ****   * @{
 969:Drivers/STM32F1xx_HAL_Driver/Src/stm32f1xx_hal_rcc.c ****   */
 970:Drivers/STM32F1xx_HAL_Driver/Src/stm32f1xx_hal_rcc.c **** 
 971:Drivers/STM32F1xx_HAL_Driver/Src/stm32f1xx_hal_rcc.c **** /**
 972:Drivers/STM32F1xx_HAL_Driver/Src/stm32f1xx_hal_rcc.c ****   * @brief  Selects the clock source to output on MCO pin.
 973:Drivers/STM32F1xx_HAL_Driver/Src/stm32f1xx_hal_rcc.c ****   * @note   MCO pin should be configured in alternate function mode.
 974:Drivers/STM32F1xx_HAL_Driver/Src/stm32f1xx_hal_rcc.c ****   * @param  RCC_MCOx specifies the output direction for the clock source.
 975:Drivers/STM32F1xx_HAL_Driver/Src/stm32f1xx_hal_rcc.c ****   *          This parameter can be one of the following values:
 976:Drivers/STM32F1xx_HAL_Driver/Src/stm32f1xx_hal_rcc.c ****   *            @arg @ref RCC_MCO1 Clock source to output on MCO1 pin(PA8).
 977:Drivers/STM32F1xx_HAL_Driver/Src/stm32f1xx_hal_rcc.c ****   * @param  RCC_MCOSource specifies the clock source to output.
 978:Drivers/STM32F1xx_HAL_Driver/Src/stm32f1xx_hal_rcc.c ****   *          This parameter can be one of the following values:
 979:Drivers/STM32F1xx_HAL_Driver/Src/stm32f1xx_hal_rcc.c ****   *            @arg @ref RCC_MCO1SOURCE_NOCLOCK     No clock selected as MCO clock
 980:Drivers/STM32F1xx_HAL_Driver/Src/stm32f1xx_hal_rcc.c ****   *            @arg @ref RCC_MCO1SOURCE_SYSCLK      System clock selected as MCO clock
 981:Drivers/STM32F1xx_HAL_Driver/Src/stm32f1xx_hal_rcc.c ****   *            @arg @ref RCC_MCO1SOURCE_HSI         HSI selected as MCO clock
 982:Drivers/STM32F1xx_HAL_Driver/Src/stm32f1xx_hal_rcc.c ****   *            @arg @ref RCC_MCO1SOURCE_HSE         HSE selected as MCO clock
 983:Drivers/STM32F1xx_HAL_Driver/Src/stm32f1xx_hal_rcc.c ****   @if STM32F105xC
 984:Drivers/STM32F1xx_HAL_Driver/Src/stm32f1xx_hal_rcc.c ****   *            @arg @ref RCC_MCO1SOURCE_PLLCLK       PLL clock divided by 2 selected as MCO source
 985:Drivers/STM32F1xx_HAL_Driver/Src/stm32f1xx_hal_rcc.c ****   *            @arg @ref RCC_MCO1SOURCE_PLL2CLK      PLL2 clock selected as MCO source
 986:Drivers/STM32F1xx_HAL_Driver/Src/stm32f1xx_hal_rcc.c ****   *            @arg @ref RCC_MCO1SOURCE_PLL3CLK_DIV2 PLL3 clock divided by 2 selected as MCO source
 987:Drivers/STM32F1xx_HAL_Driver/Src/stm32f1xx_hal_rcc.c ****   *            @arg @ref RCC_MCO1SOURCE_EXT_HSE      XT1 external 3-25 MHz oscillator clock selecte
 988:Drivers/STM32F1xx_HAL_Driver/Src/stm32f1xx_hal_rcc.c ****   *            @arg @ref RCC_MCO1SOURCE_PLL3CLK      PLL3 clock selected as MCO source
 989:Drivers/STM32F1xx_HAL_Driver/Src/stm32f1xx_hal_rcc.c ****   @endif
 990:Drivers/STM32F1xx_HAL_Driver/Src/stm32f1xx_hal_rcc.c ****   @if STM32F107xC
 991:Drivers/STM32F1xx_HAL_Driver/Src/stm32f1xx_hal_rcc.c ****   *            @arg @ref RCC_MCO1SOURCE_PLLCLK       PLL clock divided by 2 selected as MCO source
 992:Drivers/STM32F1xx_HAL_Driver/Src/stm32f1xx_hal_rcc.c ****   *            @arg @ref RCC_MCO1SOURCE_PLL2CLK      PLL2 clock selected as MCO source
 993:Drivers/STM32F1xx_HAL_Driver/Src/stm32f1xx_hal_rcc.c ****   *            @arg @ref RCC_MCO1SOURCE_PLL3CLK_DIV2 PLL3 clock divided by 2 selected as MCO source
 994:Drivers/STM32F1xx_HAL_Driver/Src/stm32f1xx_hal_rcc.c ****   *            @arg @ref RCC_MCO1SOURCE_EXT_HSE XT1  external 3-25 MHz oscillator clock selected as
 995:Drivers/STM32F1xx_HAL_Driver/Src/stm32f1xx_hal_rcc.c ****   *            @arg @ref RCC_MCO1SOURCE_PLL3CLK      PLL3 clock selected as MCO source
 996:Drivers/STM32F1xx_HAL_Driver/Src/stm32f1xx_hal_rcc.c ****   @endif
 997:Drivers/STM32F1xx_HAL_Driver/Src/stm32f1xx_hal_rcc.c ****   * @param  RCC_MCODiv specifies the MCO DIV.
 998:Drivers/STM32F1xx_HAL_Driver/Src/stm32f1xx_hal_rcc.c ****   *          This parameter can be one of the following values:
 999:Drivers/STM32F1xx_HAL_Driver/Src/stm32f1xx_hal_rcc.c ****   *            @arg @ref RCC_MCODIV_1 no division applied to MCO clock
1000:Drivers/STM32F1xx_HAL_Driver/Src/stm32f1xx_hal_rcc.c ****   * @retval None
1001:Drivers/STM32F1xx_HAL_Driver/Src/stm32f1xx_hal_rcc.c ****   */
ARM GAS  /tmp/ccNSEcI1.s 			page 19


1002:Drivers/STM32F1xx_HAL_Driver/Src/stm32f1xx_hal_rcc.c **** void HAL_RCC_MCOConfig(uint32_t RCC_MCOx, uint32_t RCC_MCOSource, uint32_t RCC_MCODiv)
1003:Drivers/STM32F1xx_HAL_Driver/Src/stm32f1xx_hal_rcc.c **** {
1004:Drivers/STM32F1xx_HAL_Driver/Src/stm32f1xx_hal_rcc.c ****   GPIO_InitTypeDef gpio = {0U};
1005:Drivers/STM32F1xx_HAL_Driver/Src/stm32f1xx_hal_rcc.c **** 
1006:Drivers/STM32F1xx_HAL_Driver/Src/stm32f1xx_hal_rcc.c ****   /* Check the parameters */
1007:Drivers/STM32F1xx_HAL_Driver/Src/stm32f1xx_hal_rcc.c ****   assert_param(IS_RCC_MCO(RCC_MCOx));
1008:Drivers/STM32F1xx_HAL_Driver/Src/stm32f1xx_hal_rcc.c ****   assert_param(IS_RCC_MCODIV(RCC_MCODiv));
1009:Drivers/STM32F1xx_HAL_Driver/Src/stm32f1xx_hal_rcc.c ****   assert_param(IS_RCC_MCO1SOURCE(RCC_MCOSource));
1010:Drivers/STM32F1xx_HAL_Driver/Src/stm32f1xx_hal_rcc.c **** 
1011:Drivers/STM32F1xx_HAL_Driver/Src/stm32f1xx_hal_rcc.c ****   /* Prevent unused argument(s) compilation warning */
1012:Drivers/STM32F1xx_HAL_Driver/Src/stm32f1xx_hal_rcc.c ****   UNUSED(RCC_MCOx);
1013:Drivers/STM32F1xx_HAL_Driver/Src/stm32f1xx_hal_rcc.c ****   UNUSED(RCC_MCODiv);
1014:Drivers/STM32F1xx_HAL_Driver/Src/stm32f1xx_hal_rcc.c **** 
1015:Drivers/STM32F1xx_HAL_Driver/Src/stm32f1xx_hal_rcc.c ****   /* Configure the MCO1 pin in alternate function mode */
1016:Drivers/STM32F1xx_HAL_Driver/Src/stm32f1xx_hal_rcc.c ****   gpio.Mode      = GPIO_MODE_AF_PP;
1017:Drivers/STM32F1xx_HAL_Driver/Src/stm32f1xx_hal_rcc.c ****   gpio.Speed     = GPIO_SPEED_FREQ_HIGH;
1018:Drivers/STM32F1xx_HAL_Driver/Src/stm32f1xx_hal_rcc.c ****   gpio.Pull      = GPIO_NOPULL;
1019:Drivers/STM32F1xx_HAL_Driver/Src/stm32f1xx_hal_rcc.c ****   gpio.Pin       = MCO1_PIN;
1020:Drivers/STM32F1xx_HAL_Driver/Src/stm32f1xx_hal_rcc.c **** 
1021:Drivers/STM32F1xx_HAL_Driver/Src/stm32f1xx_hal_rcc.c ****   /* MCO1 Clock Enable */
1022:Drivers/STM32F1xx_HAL_Driver/Src/stm32f1xx_hal_rcc.c ****   MCO1_CLK_ENABLE();
1023:Drivers/STM32F1xx_HAL_Driver/Src/stm32f1xx_hal_rcc.c **** 
1024:Drivers/STM32F1xx_HAL_Driver/Src/stm32f1xx_hal_rcc.c ****   HAL_GPIO_Init(MCO1_GPIO_PORT, &gpio);
1025:Drivers/STM32F1xx_HAL_Driver/Src/stm32f1xx_hal_rcc.c **** 
1026:Drivers/STM32F1xx_HAL_Driver/Src/stm32f1xx_hal_rcc.c ****   /* Configure the MCO clock source */
1027:Drivers/STM32F1xx_HAL_Driver/Src/stm32f1xx_hal_rcc.c ****   __HAL_RCC_MCO1_CONFIG(RCC_MCOSource, RCC_MCODiv);
1028:Drivers/STM32F1xx_HAL_Driver/Src/stm32f1xx_hal_rcc.c **** }
1029:Drivers/STM32F1xx_HAL_Driver/Src/stm32f1xx_hal_rcc.c **** 
1030:Drivers/STM32F1xx_HAL_Driver/Src/stm32f1xx_hal_rcc.c **** /**
1031:Drivers/STM32F1xx_HAL_Driver/Src/stm32f1xx_hal_rcc.c ****   * @brief  Enables the Clock Security System.
1032:Drivers/STM32F1xx_HAL_Driver/Src/stm32f1xx_hal_rcc.c ****   * @note   If a failure is detected on the HSE oscillator clock, this oscillator
1033:Drivers/STM32F1xx_HAL_Driver/Src/stm32f1xx_hal_rcc.c ****   *         is automatically disabled and an interrupt is generated to inform the
1034:Drivers/STM32F1xx_HAL_Driver/Src/stm32f1xx_hal_rcc.c ****   *         software about the failure (Clock Security System Interrupt, CSSI),
1035:Drivers/STM32F1xx_HAL_Driver/Src/stm32f1xx_hal_rcc.c ****   *         allowing the MCU to perform rescue operations. The CSSI is linked to
1036:Drivers/STM32F1xx_HAL_Driver/Src/stm32f1xx_hal_rcc.c ****   *         the Cortex-M3 NMI (Non-Maskable Interrupt) exception vector.
1037:Drivers/STM32F1xx_HAL_Driver/Src/stm32f1xx_hal_rcc.c ****   * @retval None
1038:Drivers/STM32F1xx_HAL_Driver/Src/stm32f1xx_hal_rcc.c ****   */
1039:Drivers/STM32F1xx_HAL_Driver/Src/stm32f1xx_hal_rcc.c **** void HAL_RCC_EnableCSS(void)
1040:Drivers/STM32F1xx_HAL_Driver/Src/stm32f1xx_hal_rcc.c **** {
1041:Drivers/STM32F1xx_HAL_Driver/Src/stm32f1xx_hal_rcc.c ****   *(__IO uint32_t *) RCC_CR_CSSON_BB = (uint32_t)ENABLE;
1042:Drivers/STM32F1xx_HAL_Driver/Src/stm32f1xx_hal_rcc.c **** }
1043:Drivers/STM32F1xx_HAL_Driver/Src/stm32f1xx_hal_rcc.c **** 
1044:Drivers/STM32F1xx_HAL_Driver/Src/stm32f1xx_hal_rcc.c **** /**
1045:Drivers/STM32F1xx_HAL_Driver/Src/stm32f1xx_hal_rcc.c ****   * @brief  Disables the Clock Security System.
1046:Drivers/STM32F1xx_HAL_Driver/Src/stm32f1xx_hal_rcc.c ****   * @retval None
1047:Drivers/STM32F1xx_HAL_Driver/Src/stm32f1xx_hal_rcc.c ****   */
1048:Drivers/STM32F1xx_HAL_Driver/Src/stm32f1xx_hal_rcc.c **** void HAL_RCC_DisableCSS(void)
1049:Drivers/STM32F1xx_HAL_Driver/Src/stm32f1xx_hal_rcc.c **** {
1050:Drivers/STM32F1xx_HAL_Driver/Src/stm32f1xx_hal_rcc.c ****   *(__IO uint32_t *) RCC_CR_CSSON_BB = (uint32_t)DISABLE;
1051:Drivers/STM32F1xx_HAL_Driver/Src/stm32f1xx_hal_rcc.c **** }
1052:Drivers/STM32F1xx_HAL_Driver/Src/stm32f1xx_hal_rcc.c **** 
1053:Drivers/STM32F1xx_HAL_Driver/Src/stm32f1xx_hal_rcc.c **** /**
1054:Drivers/STM32F1xx_HAL_Driver/Src/stm32f1xx_hal_rcc.c ****   * @brief  Returns the SYSCLK frequency
1055:Drivers/STM32F1xx_HAL_Driver/Src/stm32f1xx_hal_rcc.c ****   * @note   The system frequency computed by this function is not the real
1056:Drivers/STM32F1xx_HAL_Driver/Src/stm32f1xx_hal_rcc.c ****   *         frequency in the chip. It is calculated based on the predefined
1057:Drivers/STM32F1xx_HAL_Driver/Src/stm32f1xx_hal_rcc.c ****   *         constant and the selected clock source:
1058:Drivers/STM32F1xx_HAL_Driver/Src/stm32f1xx_hal_rcc.c ****   * @note     If SYSCLK source is HSI, function returns values based on HSI_VALUE(*)
ARM GAS  /tmp/ccNSEcI1.s 			page 20


1059:Drivers/STM32F1xx_HAL_Driver/Src/stm32f1xx_hal_rcc.c ****   * @note     If SYSCLK source is HSE, function returns a value based on HSE_VALUE
1060:Drivers/STM32F1xx_HAL_Driver/Src/stm32f1xx_hal_rcc.c ****   *           divided by PREDIV factor(**)
1061:Drivers/STM32F1xx_HAL_Driver/Src/stm32f1xx_hal_rcc.c ****   * @note     If SYSCLK source is PLL, function returns a value based on HSE_VALUE
1062:Drivers/STM32F1xx_HAL_Driver/Src/stm32f1xx_hal_rcc.c ****   *           divided by PREDIV factor(**) or HSI_VALUE(*) multiplied by the PLL factor.
1063:Drivers/STM32F1xx_HAL_Driver/Src/stm32f1xx_hal_rcc.c ****   * @note     (*) HSI_VALUE is a constant defined in stm32f1xx_hal_conf.h file (default value
1064:Drivers/STM32F1xx_HAL_Driver/Src/stm32f1xx_hal_rcc.c ****   *               8 MHz) but the real value may vary depending on the variations
1065:Drivers/STM32F1xx_HAL_Driver/Src/stm32f1xx_hal_rcc.c ****   *               in voltage and temperature.
1066:Drivers/STM32F1xx_HAL_Driver/Src/stm32f1xx_hal_rcc.c ****   * @note     (**) HSE_VALUE is a constant defined in stm32f1xx_hal_conf.h file (default value
1067:Drivers/STM32F1xx_HAL_Driver/Src/stm32f1xx_hal_rcc.c ****   *                8 MHz), user has to ensure that HSE_VALUE is same as the real
1068:Drivers/STM32F1xx_HAL_Driver/Src/stm32f1xx_hal_rcc.c ****   *                frequency of the crystal used. Otherwise, this function may
1069:Drivers/STM32F1xx_HAL_Driver/Src/stm32f1xx_hal_rcc.c ****   *                have wrong result.
1070:Drivers/STM32F1xx_HAL_Driver/Src/stm32f1xx_hal_rcc.c ****   *
1071:Drivers/STM32F1xx_HAL_Driver/Src/stm32f1xx_hal_rcc.c ****   * @note   The result of this function could be not correct when using fractional
1072:Drivers/STM32F1xx_HAL_Driver/Src/stm32f1xx_hal_rcc.c ****   *         value for HSE crystal.
1073:Drivers/STM32F1xx_HAL_Driver/Src/stm32f1xx_hal_rcc.c ****   *
1074:Drivers/STM32F1xx_HAL_Driver/Src/stm32f1xx_hal_rcc.c ****   * @note   This function can be used by the user application to compute the
1075:Drivers/STM32F1xx_HAL_Driver/Src/stm32f1xx_hal_rcc.c ****   *         baud-rate for the communication peripherals or configure other parameters.
1076:Drivers/STM32F1xx_HAL_Driver/Src/stm32f1xx_hal_rcc.c ****   *
1077:Drivers/STM32F1xx_HAL_Driver/Src/stm32f1xx_hal_rcc.c ****   * @note   Each time SYSCLK changes, this function must be called to update the
1078:Drivers/STM32F1xx_HAL_Driver/Src/stm32f1xx_hal_rcc.c ****   *         right SYSCLK value. Otherwise, any configuration based on this function will be incorre
1079:Drivers/STM32F1xx_HAL_Driver/Src/stm32f1xx_hal_rcc.c ****   *
1080:Drivers/STM32F1xx_HAL_Driver/Src/stm32f1xx_hal_rcc.c ****   * @retval SYSCLK frequency
1081:Drivers/STM32F1xx_HAL_Driver/Src/stm32f1xx_hal_rcc.c ****   */
1082:Drivers/STM32F1xx_HAL_Driver/Src/stm32f1xx_hal_rcc.c **** uint32_t HAL_RCC_GetSysClockFreq(void)
1083:Drivers/STM32F1xx_HAL_Driver/Src/stm32f1xx_hal_rcc.c **** {
1084:Drivers/STM32F1xx_HAL_Driver/Src/stm32f1xx_hal_rcc.c **** #if defined(RCC_CFGR2_PREDIV1SRC)
1085:Drivers/STM32F1xx_HAL_Driver/Src/stm32f1xx_hal_rcc.c ****   const uint8_t aPLLMULFactorTable[14] = {0, 0, 4, 5, 6, 7, 8, 9, 0, 0, 0, 0, 0, 13};
1086:Drivers/STM32F1xx_HAL_Driver/Src/stm32f1xx_hal_rcc.c ****   const uint8_t aPredivFactorTable[16] = {1, 2, 3, 4, 5, 6, 7, 8, 9, 10, 11, 12, 13, 14, 15, 16};
1087:Drivers/STM32F1xx_HAL_Driver/Src/stm32f1xx_hal_rcc.c **** #else
1088:Drivers/STM32F1xx_HAL_Driver/Src/stm32f1xx_hal_rcc.c ****   const uint8_t aPLLMULFactorTable[16] = {2, 3, 4, 5, 6, 7, 8, 9, 10, 11, 12, 13, 14, 15, 16, 16};
1089:Drivers/STM32F1xx_HAL_Driver/Src/stm32f1xx_hal_rcc.c **** #if defined(RCC_CFGR2_PREDIV1)
1090:Drivers/STM32F1xx_HAL_Driver/Src/stm32f1xx_hal_rcc.c ****   const uint8_t aPredivFactorTable[16] = {1, 2, 3, 4, 5, 6, 7, 8, 9, 10, 11, 12, 13, 14, 15, 16};
1091:Drivers/STM32F1xx_HAL_Driver/Src/stm32f1xx_hal_rcc.c **** #else
1092:Drivers/STM32F1xx_HAL_Driver/Src/stm32f1xx_hal_rcc.c ****   const uint8_t aPredivFactorTable[2] = {1, 2};
1093:Drivers/STM32F1xx_HAL_Driver/Src/stm32f1xx_hal_rcc.c **** #endif /*RCC_CFGR2_PREDIV1*/
1094:Drivers/STM32F1xx_HAL_Driver/Src/stm32f1xx_hal_rcc.c **** 
1095:Drivers/STM32F1xx_HAL_Driver/Src/stm32f1xx_hal_rcc.c **** #endif
1096:Drivers/STM32F1xx_HAL_Driver/Src/stm32f1xx_hal_rcc.c ****   uint32_t tmpreg = 0U, prediv = 0U, pllclk = 0U, pllmul = 0U;
1097:Drivers/STM32F1xx_HAL_Driver/Src/stm32f1xx_hal_rcc.c ****   uint32_t sysclockfreq = 0U;
1098:Drivers/STM32F1xx_HAL_Driver/Src/stm32f1xx_hal_rcc.c **** #if defined(RCC_CFGR2_PREDIV1SRC)
1099:Drivers/STM32F1xx_HAL_Driver/Src/stm32f1xx_hal_rcc.c ****   uint32_t prediv2 = 0U, pll2mul = 0U;
1100:Drivers/STM32F1xx_HAL_Driver/Src/stm32f1xx_hal_rcc.c **** #endif /*RCC_CFGR2_PREDIV1SRC*/
1101:Drivers/STM32F1xx_HAL_Driver/Src/stm32f1xx_hal_rcc.c **** 
1102:Drivers/STM32F1xx_HAL_Driver/Src/stm32f1xx_hal_rcc.c ****   tmpreg = RCC->CFGR;
1103:Drivers/STM32F1xx_HAL_Driver/Src/stm32f1xx_hal_rcc.c **** 
1104:Drivers/STM32F1xx_HAL_Driver/Src/stm32f1xx_hal_rcc.c ****   /* Get SYSCLK source -------------------------------------------------------*/
1105:Drivers/STM32F1xx_HAL_Driver/Src/stm32f1xx_hal_rcc.c ****   switch (tmpreg & RCC_CFGR_SWS)
1106:Drivers/STM32F1xx_HAL_Driver/Src/stm32f1xx_hal_rcc.c ****   {
1107:Drivers/STM32F1xx_HAL_Driver/Src/stm32f1xx_hal_rcc.c ****     case RCC_SYSCLKSOURCE_STATUS_HSE:  /* HSE used as system clock */
1108:Drivers/STM32F1xx_HAL_Driver/Src/stm32f1xx_hal_rcc.c ****     {
1109:Drivers/STM32F1xx_HAL_Driver/Src/stm32f1xx_hal_rcc.c ****       sysclockfreq = HSE_VALUE;
1110:Drivers/STM32F1xx_HAL_Driver/Src/stm32f1xx_hal_rcc.c ****       break;
1111:Drivers/STM32F1xx_HAL_Driver/Src/stm32f1xx_hal_rcc.c ****     }
1112:Drivers/STM32F1xx_HAL_Driver/Src/stm32f1xx_hal_rcc.c ****     case RCC_SYSCLKSOURCE_STATUS_PLLCLK:  /* PLL used as system clock */
1113:Drivers/STM32F1xx_HAL_Driver/Src/stm32f1xx_hal_rcc.c ****     {
1114:Drivers/STM32F1xx_HAL_Driver/Src/stm32f1xx_hal_rcc.c ****       pllmul = aPLLMULFactorTable[(uint32_t)(tmpreg & RCC_CFGR_PLLMULL) >> RCC_CFGR_PLLMULL_Pos];
1115:Drivers/STM32F1xx_HAL_Driver/Src/stm32f1xx_hal_rcc.c ****       if ((tmpreg & RCC_CFGR_PLLSRC) != RCC_PLLSOURCE_HSI_DIV2)
ARM GAS  /tmp/ccNSEcI1.s 			page 21


1116:Drivers/STM32F1xx_HAL_Driver/Src/stm32f1xx_hal_rcc.c ****       {
1117:Drivers/STM32F1xx_HAL_Driver/Src/stm32f1xx_hal_rcc.c **** #if defined(RCC_CFGR2_PREDIV1)
1118:Drivers/STM32F1xx_HAL_Driver/Src/stm32f1xx_hal_rcc.c ****         prediv = aPredivFactorTable[(uint32_t)(RCC->CFGR2 & RCC_CFGR2_PREDIV1) >> RCC_CFGR2_PREDIV1
1119:Drivers/STM32F1xx_HAL_Driver/Src/stm32f1xx_hal_rcc.c **** #else
1120:Drivers/STM32F1xx_HAL_Driver/Src/stm32f1xx_hal_rcc.c ****         prediv = aPredivFactorTable[(uint32_t)(RCC->CFGR & RCC_CFGR_PLLXTPRE) >> RCC_CFGR_PLLXTPRE_
1121:Drivers/STM32F1xx_HAL_Driver/Src/stm32f1xx_hal_rcc.c **** #endif /*RCC_CFGR2_PREDIV1*/
1122:Drivers/STM32F1xx_HAL_Driver/Src/stm32f1xx_hal_rcc.c **** #if defined(RCC_CFGR2_PREDIV1SRC)
1123:Drivers/STM32F1xx_HAL_Driver/Src/stm32f1xx_hal_rcc.c **** 
1124:Drivers/STM32F1xx_HAL_Driver/Src/stm32f1xx_hal_rcc.c ****         if (HAL_IS_BIT_SET(RCC->CFGR2, RCC_CFGR2_PREDIV1SRC))
1125:Drivers/STM32F1xx_HAL_Driver/Src/stm32f1xx_hal_rcc.c ****         {
1126:Drivers/STM32F1xx_HAL_Driver/Src/stm32f1xx_hal_rcc.c ****           /* PLL2 selected as Prediv1 source */
1127:Drivers/STM32F1xx_HAL_Driver/Src/stm32f1xx_hal_rcc.c ****           /* PLLCLK = PLL2CLK / PREDIV1 * PLLMUL with PLL2CLK = HSE/PREDIV2 * PLL2MUL */
1128:Drivers/STM32F1xx_HAL_Driver/Src/stm32f1xx_hal_rcc.c ****           prediv2 = ((RCC->CFGR2 & RCC_CFGR2_PREDIV2) >> RCC_CFGR2_PREDIV2_Pos) + 1;
1129:Drivers/STM32F1xx_HAL_Driver/Src/stm32f1xx_hal_rcc.c ****           pll2mul = ((RCC->CFGR2 & RCC_CFGR2_PLL2MUL) >> RCC_CFGR2_PLL2MUL_Pos) + 2;
1130:Drivers/STM32F1xx_HAL_Driver/Src/stm32f1xx_hal_rcc.c ****           pllclk = (uint32_t)(((uint64_t)HSE_VALUE * (uint64_t)pll2mul * (uint64_t)pllmul) / ((uint
1131:Drivers/STM32F1xx_HAL_Driver/Src/stm32f1xx_hal_rcc.c ****         }
1132:Drivers/STM32F1xx_HAL_Driver/Src/stm32f1xx_hal_rcc.c ****         else
1133:Drivers/STM32F1xx_HAL_Driver/Src/stm32f1xx_hal_rcc.c ****         {
1134:Drivers/STM32F1xx_HAL_Driver/Src/stm32f1xx_hal_rcc.c ****           /* HSE used as PLL clock source : PLLCLK = HSE/PREDIV1 * PLLMUL */
1135:Drivers/STM32F1xx_HAL_Driver/Src/stm32f1xx_hal_rcc.c ****           pllclk = (uint32_t)((HSE_VALUE * pllmul) / prediv);
1136:Drivers/STM32F1xx_HAL_Driver/Src/stm32f1xx_hal_rcc.c ****         }
1137:Drivers/STM32F1xx_HAL_Driver/Src/stm32f1xx_hal_rcc.c **** 
1138:Drivers/STM32F1xx_HAL_Driver/Src/stm32f1xx_hal_rcc.c ****         /* If PLLMUL was set to 13 means that it was to cover the case PLLMUL 6.5 (avoid using floa
1139:Drivers/STM32F1xx_HAL_Driver/Src/stm32f1xx_hal_rcc.c ****         /* In this case need to divide pllclk by 2 */
1140:Drivers/STM32F1xx_HAL_Driver/Src/stm32f1xx_hal_rcc.c ****         if (pllmul == aPLLMULFactorTable[(uint32_t)(RCC_CFGR_PLLMULL6_5) >> RCC_CFGR_PLLMULL_Pos])
1141:Drivers/STM32F1xx_HAL_Driver/Src/stm32f1xx_hal_rcc.c ****         {
1142:Drivers/STM32F1xx_HAL_Driver/Src/stm32f1xx_hal_rcc.c ****           pllclk = pllclk / 2;
1143:Drivers/STM32F1xx_HAL_Driver/Src/stm32f1xx_hal_rcc.c ****         }
1144:Drivers/STM32F1xx_HAL_Driver/Src/stm32f1xx_hal_rcc.c **** #else
1145:Drivers/STM32F1xx_HAL_Driver/Src/stm32f1xx_hal_rcc.c ****         /* HSE used as PLL clock source : PLLCLK = HSE/PREDIV1 * PLLMUL */
1146:Drivers/STM32F1xx_HAL_Driver/Src/stm32f1xx_hal_rcc.c ****         pllclk = (uint32_t)((HSE_VALUE  * pllmul) / prediv);
1147:Drivers/STM32F1xx_HAL_Driver/Src/stm32f1xx_hal_rcc.c **** #endif /*RCC_CFGR2_PREDIV1SRC*/
1148:Drivers/STM32F1xx_HAL_Driver/Src/stm32f1xx_hal_rcc.c ****       }
1149:Drivers/STM32F1xx_HAL_Driver/Src/stm32f1xx_hal_rcc.c ****       else
1150:Drivers/STM32F1xx_HAL_Driver/Src/stm32f1xx_hal_rcc.c ****       {
1151:Drivers/STM32F1xx_HAL_Driver/Src/stm32f1xx_hal_rcc.c ****         /* HSI used as PLL clock source : PLLCLK = HSI/2 * PLLMUL */
1152:Drivers/STM32F1xx_HAL_Driver/Src/stm32f1xx_hal_rcc.c ****         pllclk = (uint32_t)((HSI_VALUE >> 1) * pllmul);
1153:Drivers/STM32F1xx_HAL_Driver/Src/stm32f1xx_hal_rcc.c ****       }
1154:Drivers/STM32F1xx_HAL_Driver/Src/stm32f1xx_hal_rcc.c ****       sysclockfreq = pllclk;
1155:Drivers/STM32F1xx_HAL_Driver/Src/stm32f1xx_hal_rcc.c ****       break;
1156:Drivers/STM32F1xx_HAL_Driver/Src/stm32f1xx_hal_rcc.c ****     }
1157:Drivers/STM32F1xx_HAL_Driver/Src/stm32f1xx_hal_rcc.c ****     case RCC_SYSCLKSOURCE_STATUS_HSI:  /* HSI used as system clock source */
1158:Drivers/STM32F1xx_HAL_Driver/Src/stm32f1xx_hal_rcc.c ****     default: /* HSI used as system clock */
1159:Drivers/STM32F1xx_HAL_Driver/Src/stm32f1xx_hal_rcc.c ****     {
1160:Drivers/STM32F1xx_HAL_Driver/Src/stm32f1xx_hal_rcc.c ****       sysclockfreq = HSI_VALUE;
1161:Drivers/STM32F1xx_HAL_Driver/Src/stm32f1xx_hal_rcc.c ****       break;
1162:Drivers/STM32F1xx_HAL_Driver/Src/stm32f1xx_hal_rcc.c ****     }
1163:Drivers/STM32F1xx_HAL_Driver/Src/stm32f1xx_hal_rcc.c ****   }
1164:Drivers/STM32F1xx_HAL_Driver/Src/stm32f1xx_hal_rcc.c ****   return sysclockfreq;
1165:Drivers/STM32F1xx_HAL_Driver/Src/stm32f1xx_hal_rcc.c **** }
1166:Drivers/STM32F1xx_HAL_Driver/Src/stm32f1xx_hal_rcc.c **** 
1167:Drivers/STM32F1xx_HAL_Driver/Src/stm32f1xx_hal_rcc.c **** /**
1168:Drivers/STM32F1xx_HAL_Driver/Src/stm32f1xx_hal_rcc.c ****   * @brief  Returns the HCLK frequency
1169:Drivers/STM32F1xx_HAL_Driver/Src/stm32f1xx_hal_rcc.c ****   * @note   Each time HCLK changes, this function must be called to update the
1170:Drivers/STM32F1xx_HAL_Driver/Src/stm32f1xx_hal_rcc.c ****   *         right HCLK value. Otherwise, any configuration based on this function will be incorrect
1171:Drivers/STM32F1xx_HAL_Driver/Src/stm32f1xx_hal_rcc.c ****   *
1172:Drivers/STM32F1xx_HAL_Driver/Src/stm32f1xx_hal_rcc.c ****   * @note   The SystemCoreClock CMSIS variable is used to store System Clock Frequency
ARM GAS  /tmp/ccNSEcI1.s 			page 22


1173:Drivers/STM32F1xx_HAL_Driver/Src/stm32f1xx_hal_rcc.c ****   *         and updated within this function
1174:Drivers/STM32F1xx_HAL_Driver/Src/stm32f1xx_hal_rcc.c ****   * @retval HCLK frequency
1175:Drivers/STM32F1xx_HAL_Driver/Src/stm32f1xx_hal_rcc.c ****   */
1176:Drivers/STM32F1xx_HAL_Driver/Src/stm32f1xx_hal_rcc.c **** uint32_t HAL_RCC_GetHCLKFreq(void)
1177:Drivers/STM32F1xx_HAL_Driver/Src/stm32f1xx_hal_rcc.c **** {
1178:Drivers/STM32F1xx_HAL_Driver/Src/stm32f1xx_hal_rcc.c ****   return SystemCoreClock;
1179:Drivers/STM32F1xx_HAL_Driver/Src/stm32f1xx_hal_rcc.c **** }
1180:Drivers/STM32F1xx_HAL_Driver/Src/stm32f1xx_hal_rcc.c **** 
1181:Drivers/STM32F1xx_HAL_Driver/Src/stm32f1xx_hal_rcc.c **** /**
1182:Drivers/STM32F1xx_HAL_Driver/Src/stm32f1xx_hal_rcc.c ****   * @brief  Returns the PCLK1 frequency
1183:Drivers/STM32F1xx_HAL_Driver/Src/stm32f1xx_hal_rcc.c ****   * @note   Each time PCLK1 changes, this function must be called to update the
1184:Drivers/STM32F1xx_HAL_Driver/Src/stm32f1xx_hal_rcc.c ****   *         right PCLK1 value. Otherwise, any configuration based on this function will be incorrec
1185:Drivers/STM32F1xx_HAL_Driver/Src/stm32f1xx_hal_rcc.c ****   * @retval PCLK1 frequency
1186:Drivers/STM32F1xx_HAL_Driver/Src/stm32f1xx_hal_rcc.c ****   */
1187:Drivers/STM32F1xx_HAL_Driver/Src/stm32f1xx_hal_rcc.c **** uint32_t HAL_RCC_GetPCLK1Freq(void)
1188:Drivers/STM32F1xx_HAL_Driver/Src/stm32f1xx_hal_rcc.c **** {
1189:Drivers/STM32F1xx_HAL_Driver/Src/stm32f1xx_hal_rcc.c ****   /* Get HCLK source and Compute PCLK1 frequency ---------------------------*/
1190:Drivers/STM32F1xx_HAL_Driver/Src/stm32f1xx_hal_rcc.c ****   return (HAL_RCC_GetHCLKFreq() >> APBPrescTable[(RCC->CFGR & RCC_CFGR_PPRE1) >> RCC_CFGR_PPRE1_Pos
1191:Drivers/STM32F1xx_HAL_Driver/Src/stm32f1xx_hal_rcc.c **** }
1192:Drivers/STM32F1xx_HAL_Driver/Src/stm32f1xx_hal_rcc.c **** 
1193:Drivers/STM32F1xx_HAL_Driver/Src/stm32f1xx_hal_rcc.c **** /**
1194:Drivers/STM32F1xx_HAL_Driver/Src/stm32f1xx_hal_rcc.c ****   * @brief  Returns the PCLK2 frequency
1195:Drivers/STM32F1xx_HAL_Driver/Src/stm32f1xx_hal_rcc.c ****   * @note   Each time PCLK2 changes, this function must be called to update the
1196:Drivers/STM32F1xx_HAL_Driver/Src/stm32f1xx_hal_rcc.c ****   *         right PCLK2 value. Otherwise, any configuration based on this function will be incorrec
1197:Drivers/STM32F1xx_HAL_Driver/Src/stm32f1xx_hal_rcc.c ****   * @retval PCLK2 frequency
1198:Drivers/STM32F1xx_HAL_Driver/Src/stm32f1xx_hal_rcc.c ****   */
1199:Drivers/STM32F1xx_HAL_Driver/Src/stm32f1xx_hal_rcc.c **** uint32_t HAL_RCC_GetPCLK2Freq(void)
1200:Drivers/STM32F1xx_HAL_Driver/Src/stm32f1xx_hal_rcc.c **** {
1201:Drivers/STM32F1xx_HAL_Driver/Src/stm32f1xx_hal_rcc.c ****   /* Get HCLK source and Compute PCLK2 frequency ---------------------------*/
1202:Drivers/STM32F1xx_HAL_Driver/Src/stm32f1xx_hal_rcc.c ****   return (HAL_RCC_GetHCLKFreq() >> APBPrescTable[(RCC->CFGR & RCC_CFGR_PPRE2) >> RCC_CFGR_PPRE2_Pos
1203:Drivers/STM32F1xx_HAL_Driver/Src/stm32f1xx_hal_rcc.c **** }
1204:Drivers/STM32F1xx_HAL_Driver/Src/stm32f1xx_hal_rcc.c **** 
1205:Drivers/STM32F1xx_HAL_Driver/Src/stm32f1xx_hal_rcc.c **** /**
1206:Drivers/STM32F1xx_HAL_Driver/Src/stm32f1xx_hal_rcc.c ****   * @brief  Configures the RCC_OscInitStruct according to the internal
1207:Drivers/STM32F1xx_HAL_Driver/Src/stm32f1xx_hal_rcc.c ****   * RCC configuration registers.
1208:Drivers/STM32F1xx_HAL_Driver/Src/stm32f1xx_hal_rcc.c ****   * @param  RCC_OscInitStruct pointer to an RCC_OscInitTypeDef structure that
1209:Drivers/STM32F1xx_HAL_Driver/Src/stm32f1xx_hal_rcc.c ****   * will be configured.
1210:Drivers/STM32F1xx_HAL_Driver/Src/stm32f1xx_hal_rcc.c ****   * @retval None
1211:Drivers/STM32F1xx_HAL_Driver/Src/stm32f1xx_hal_rcc.c ****   */
1212:Drivers/STM32F1xx_HAL_Driver/Src/stm32f1xx_hal_rcc.c **** void HAL_RCC_GetOscConfig(RCC_OscInitTypeDef  *RCC_OscInitStruct)
1213:Drivers/STM32F1xx_HAL_Driver/Src/stm32f1xx_hal_rcc.c **** {
1214:Drivers/STM32F1xx_HAL_Driver/Src/stm32f1xx_hal_rcc.c ****   /* Check the parameters */
1215:Drivers/STM32F1xx_HAL_Driver/Src/stm32f1xx_hal_rcc.c ****   assert_param(RCC_OscInitStruct != NULL);
1216:Drivers/STM32F1xx_HAL_Driver/Src/stm32f1xx_hal_rcc.c **** 
1217:Drivers/STM32F1xx_HAL_Driver/Src/stm32f1xx_hal_rcc.c ****   /* Set all possible values for the Oscillator type parameter ---------------*/
1218:Drivers/STM32F1xx_HAL_Driver/Src/stm32f1xx_hal_rcc.c ****   RCC_OscInitStruct->OscillatorType = RCC_OSCILLATORTYPE_HSE | RCC_OSCILLATORTYPE_HSI  \
1219:Drivers/STM32F1xx_HAL_Driver/Src/stm32f1xx_hal_rcc.c ****                                       | RCC_OSCILLATORTYPE_LSE | RCC_OSCILLATORTYPE_LSI;
1220:Drivers/STM32F1xx_HAL_Driver/Src/stm32f1xx_hal_rcc.c **** 
1221:Drivers/STM32F1xx_HAL_Driver/Src/stm32f1xx_hal_rcc.c **** #if defined(RCC_CFGR2_PREDIV1SRC)
1222:Drivers/STM32F1xx_HAL_Driver/Src/stm32f1xx_hal_rcc.c ****   /* Get the Prediv1 source --------------------------------------------------*/
1223:Drivers/STM32F1xx_HAL_Driver/Src/stm32f1xx_hal_rcc.c ****   RCC_OscInitStruct->Prediv1Source = READ_BIT(RCC->CFGR2, RCC_CFGR2_PREDIV1SRC);
1224:Drivers/STM32F1xx_HAL_Driver/Src/stm32f1xx_hal_rcc.c **** #endif /* RCC_CFGR2_PREDIV1SRC */
1225:Drivers/STM32F1xx_HAL_Driver/Src/stm32f1xx_hal_rcc.c **** 
1226:Drivers/STM32F1xx_HAL_Driver/Src/stm32f1xx_hal_rcc.c ****   /* Get the HSE configuration -----------------------------------------------*/
1227:Drivers/STM32F1xx_HAL_Driver/Src/stm32f1xx_hal_rcc.c ****   if ((RCC->CR & RCC_CR_HSEBYP) == RCC_CR_HSEBYP)
1228:Drivers/STM32F1xx_HAL_Driver/Src/stm32f1xx_hal_rcc.c ****   {
1229:Drivers/STM32F1xx_HAL_Driver/Src/stm32f1xx_hal_rcc.c ****     RCC_OscInitStruct->HSEState = RCC_HSE_BYPASS;
ARM GAS  /tmp/ccNSEcI1.s 			page 23


1230:Drivers/STM32F1xx_HAL_Driver/Src/stm32f1xx_hal_rcc.c ****   }
1231:Drivers/STM32F1xx_HAL_Driver/Src/stm32f1xx_hal_rcc.c ****   else if ((RCC->CR & RCC_CR_HSEON) == RCC_CR_HSEON)
1232:Drivers/STM32F1xx_HAL_Driver/Src/stm32f1xx_hal_rcc.c ****   {
1233:Drivers/STM32F1xx_HAL_Driver/Src/stm32f1xx_hal_rcc.c ****     RCC_OscInitStruct->HSEState = RCC_HSE_ON;
1234:Drivers/STM32F1xx_HAL_Driver/Src/stm32f1xx_hal_rcc.c ****   }
1235:Drivers/STM32F1xx_HAL_Driver/Src/stm32f1xx_hal_rcc.c ****   else
1236:Drivers/STM32F1xx_HAL_Driver/Src/stm32f1xx_hal_rcc.c ****   {
1237:Drivers/STM32F1xx_HAL_Driver/Src/stm32f1xx_hal_rcc.c ****     RCC_OscInitStruct->HSEState = RCC_HSE_OFF;
1238:Drivers/STM32F1xx_HAL_Driver/Src/stm32f1xx_hal_rcc.c ****   }
1239:Drivers/STM32F1xx_HAL_Driver/Src/stm32f1xx_hal_rcc.c ****   RCC_OscInitStruct->HSEPredivValue = __HAL_RCC_HSE_GET_PREDIV();
1240:Drivers/STM32F1xx_HAL_Driver/Src/stm32f1xx_hal_rcc.c **** 
1241:Drivers/STM32F1xx_HAL_Driver/Src/stm32f1xx_hal_rcc.c ****   /* Get the HSI configuration -----------------------------------------------*/
1242:Drivers/STM32F1xx_HAL_Driver/Src/stm32f1xx_hal_rcc.c ****   if ((RCC->CR & RCC_CR_HSION) == RCC_CR_HSION)
1243:Drivers/STM32F1xx_HAL_Driver/Src/stm32f1xx_hal_rcc.c ****   {
1244:Drivers/STM32F1xx_HAL_Driver/Src/stm32f1xx_hal_rcc.c ****     RCC_OscInitStruct->HSIState = RCC_HSI_ON;
1245:Drivers/STM32F1xx_HAL_Driver/Src/stm32f1xx_hal_rcc.c ****   }
1246:Drivers/STM32F1xx_HAL_Driver/Src/stm32f1xx_hal_rcc.c ****   else
1247:Drivers/STM32F1xx_HAL_Driver/Src/stm32f1xx_hal_rcc.c ****   {
1248:Drivers/STM32F1xx_HAL_Driver/Src/stm32f1xx_hal_rcc.c ****     RCC_OscInitStruct->HSIState = RCC_HSI_OFF;
1249:Drivers/STM32F1xx_HAL_Driver/Src/stm32f1xx_hal_rcc.c ****   }
1250:Drivers/STM32F1xx_HAL_Driver/Src/stm32f1xx_hal_rcc.c **** 
1251:Drivers/STM32F1xx_HAL_Driver/Src/stm32f1xx_hal_rcc.c ****   RCC_OscInitStruct->HSICalibrationValue = (uint32_t)((RCC->CR & RCC_CR_HSITRIM) >> RCC_CR_HSITRIM_
1252:Drivers/STM32F1xx_HAL_Driver/Src/stm32f1xx_hal_rcc.c **** 
1253:Drivers/STM32F1xx_HAL_Driver/Src/stm32f1xx_hal_rcc.c ****   /* Get the LSE configuration -----------------------------------------------*/
1254:Drivers/STM32F1xx_HAL_Driver/Src/stm32f1xx_hal_rcc.c ****   if ((RCC->BDCR & RCC_BDCR_LSEBYP) == RCC_BDCR_LSEBYP)
1255:Drivers/STM32F1xx_HAL_Driver/Src/stm32f1xx_hal_rcc.c ****   {
1256:Drivers/STM32F1xx_HAL_Driver/Src/stm32f1xx_hal_rcc.c ****     RCC_OscInitStruct->LSEState = RCC_LSE_BYPASS;
1257:Drivers/STM32F1xx_HAL_Driver/Src/stm32f1xx_hal_rcc.c ****   }
1258:Drivers/STM32F1xx_HAL_Driver/Src/stm32f1xx_hal_rcc.c ****   else if ((RCC->BDCR & RCC_BDCR_LSEON) == RCC_BDCR_LSEON)
1259:Drivers/STM32F1xx_HAL_Driver/Src/stm32f1xx_hal_rcc.c ****   {
1260:Drivers/STM32F1xx_HAL_Driver/Src/stm32f1xx_hal_rcc.c ****     RCC_OscInitStruct->LSEState = RCC_LSE_ON;
1261:Drivers/STM32F1xx_HAL_Driver/Src/stm32f1xx_hal_rcc.c ****   }
1262:Drivers/STM32F1xx_HAL_Driver/Src/stm32f1xx_hal_rcc.c ****   else
1263:Drivers/STM32F1xx_HAL_Driver/Src/stm32f1xx_hal_rcc.c ****   {
1264:Drivers/STM32F1xx_HAL_Driver/Src/stm32f1xx_hal_rcc.c ****     RCC_OscInitStruct->LSEState = RCC_LSE_OFF;
1265:Drivers/STM32F1xx_HAL_Driver/Src/stm32f1xx_hal_rcc.c ****   }
1266:Drivers/STM32F1xx_HAL_Driver/Src/stm32f1xx_hal_rcc.c **** 
1267:Drivers/STM32F1xx_HAL_Driver/Src/stm32f1xx_hal_rcc.c ****   /* Get the LSI configuration -----------------------------------------------*/
1268:Drivers/STM32F1xx_HAL_Driver/Src/stm32f1xx_hal_rcc.c ****   if ((RCC->CSR & RCC_CSR_LSION) == RCC_CSR_LSION)
1269:Drivers/STM32F1xx_HAL_Driver/Src/stm32f1xx_hal_rcc.c ****   {
1270:Drivers/STM32F1xx_HAL_Driver/Src/stm32f1xx_hal_rcc.c ****     RCC_OscInitStruct->LSIState = RCC_LSI_ON;
1271:Drivers/STM32F1xx_HAL_Driver/Src/stm32f1xx_hal_rcc.c ****   }
1272:Drivers/STM32F1xx_HAL_Driver/Src/stm32f1xx_hal_rcc.c ****   else
1273:Drivers/STM32F1xx_HAL_Driver/Src/stm32f1xx_hal_rcc.c ****   {
1274:Drivers/STM32F1xx_HAL_Driver/Src/stm32f1xx_hal_rcc.c ****     RCC_OscInitStruct->LSIState = RCC_LSI_OFF;
1275:Drivers/STM32F1xx_HAL_Driver/Src/stm32f1xx_hal_rcc.c ****   }
1276:Drivers/STM32F1xx_HAL_Driver/Src/stm32f1xx_hal_rcc.c **** 
1277:Drivers/STM32F1xx_HAL_Driver/Src/stm32f1xx_hal_rcc.c **** 
1278:Drivers/STM32F1xx_HAL_Driver/Src/stm32f1xx_hal_rcc.c ****   /* Get the PLL configuration -----------------------------------------------*/
1279:Drivers/STM32F1xx_HAL_Driver/Src/stm32f1xx_hal_rcc.c ****   if ((RCC->CR & RCC_CR_PLLON) == RCC_CR_PLLON)
1280:Drivers/STM32F1xx_HAL_Driver/Src/stm32f1xx_hal_rcc.c ****   {
1281:Drivers/STM32F1xx_HAL_Driver/Src/stm32f1xx_hal_rcc.c ****     RCC_OscInitStruct->PLL.PLLState = RCC_PLL_ON;
1282:Drivers/STM32F1xx_HAL_Driver/Src/stm32f1xx_hal_rcc.c ****   }
1283:Drivers/STM32F1xx_HAL_Driver/Src/stm32f1xx_hal_rcc.c ****   else
1284:Drivers/STM32F1xx_HAL_Driver/Src/stm32f1xx_hal_rcc.c ****   {
1285:Drivers/STM32F1xx_HAL_Driver/Src/stm32f1xx_hal_rcc.c ****     RCC_OscInitStruct->PLL.PLLState = RCC_PLL_OFF;
1286:Drivers/STM32F1xx_HAL_Driver/Src/stm32f1xx_hal_rcc.c ****   }
ARM GAS  /tmp/ccNSEcI1.s 			page 24


1287:Drivers/STM32F1xx_HAL_Driver/Src/stm32f1xx_hal_rcc.c ****   RCC_OscInitStruct->PLL.PLLSource = (uint32_t)(RCC->CFGR & RCC_CFGR_PLLSRC);
1288:Drivers/STM32F1xx_HAL_Driver/Src/stm32f1xx_hal_rcc.c ****   RCC_OscInitStruct->PLL.PLLMUL = (uint32_t)(RCC->CFGR & RCC_CFGR_PLLMULL);
1289:Drivers/STM32F1xx_HAL_Driver/Src/stm32f1xx_hal_rcc.c **** #if defined(RCC_CR_PLL2ON)
1290:Drivers/STM32F1xx_HAL_Driver/Src/stm32f1xx_hal_rcc.c ****   /* Get the PLL2 configuration -----------------------------------------------*/
1291:Drivers/STM32F1xx_HAL_Driver/Src/stm32f1xx_hal_rcc.c ****   if ((RCC->CR & RCC_CR_PLL2ON) == RCC_CR_PLL2ON)
1292:Drivers/STM32F1xx_HAL_Driver/Src/stm32f1xx_hal_rcc.c ****   {
1293:Drivers/STM32F1xx_HAL_Driver/Src/stm32f1xx_hal_rcc.c ****     RCC_OscInitStruct->PLL2.PLL2State = RCC_PLL2_ON;
1294:Drivers/STM32F1xx_HAL_Driver/Src/stm32f1xx_hal_rcc.c ****   }
1295:Drivers/STM32F1xx_HAL_Driver/Src/stm32f1xx_hal_rcc.c ****   else
1296:Drivers/STM32F1xx_HAL_Driver/Src/stm32f1xx_hal_rcc.c ****   {
1297:Drivers/STM32F1xx_HAL_Driver/Src/stm32f1xx_hal_rcc.c ****     RCC_OscInitStruct->PLL2.PLL2State = RCC_PLL2_OFF;
1298:Drivers/STM32F1xx_HAL_Driver/Src/stm32f1xx_hal_rcc.c ****   }
1299:Drivers/STM32F1xx_HAL_Driver/Src/stm32f1xx_hal_rcc.c ****   RCC_OscInitStruct->PLL2.HSEPrediv2Value = __HAL_RCC_HSE_GET_PREDIV2();
1300:Drivers/STM32F1xx_HAL_Driver/Src/stm32f1xx_hal_rcc.c ****   RCC_OscInitStruct->PLL2.PLL2MUL = (uint32_t)(RCC->CFGR2 & RCC_CFGR2_PLL2MUL);
1301:Drivers/STM32F1xx_HAL_Driver/Src/stm32f1xx_hal_rcc.c **** #endif /* RCC_CR_PLL2ON */
1302:Drivers/STM32F1xx_HAL_Driver/Src/stm32f1xx_hal_rcc.c **** }
1303:Drivers/STM32F1xx_HAL_Driver/Src/stm32f1xx_hal_rcc.c **** 
1304:Drivers/STM32F1xx_HAL_Driver/Src/stm32f1xx_hal_rcc.c **** /**
1305:Drivers/STM32F1xx_HAL_Driver/Src/stm32f1xx_hal_rcc.c ****   * @brief  Get the RCC_ClkInitStruct according to the internal
1306:Drivers/STM32F1xx_HAL_Driver/Src/stm32f1xx_hal_rcc.c ****   * RCC configuration registers.
1307:Drivers/STM32F1xx_HAL_Driver/Src/stm32f1xx_hal_rcc.c ****   * @param  RCC_ClkInitStruct pointer to an RCC_ClkInitTypeDef structure that
1308:Drivers/STM32F1xx_HAL_Driver/Src/stm32f1xx_hal_rcc.c ****   * contains the current clock configuration.
1309:Drivers/STM32F1xx_HAL_Driver/Src/stm32f1xx_hal_rcc.c ****   * @param  pFLatency Pointer on the Flash Latency.
1310:Drivers/STM32F1xx_HAL_Driver/Src/stm32f1xx_hal_rcc.c ****   * @retval None
1311:Drivers/STM32F1xx_HAL_Driver/Src/stm32f1xx_hal_rcc.c ****   */
1312:Drivers/STM32F1xx_HAL_Driver/Src/stm32f1xx_hal_rcc.c **** void HAL_RCC_GetClockConfig(RCC_ClkInitTypeDef  *RCC_ClkInitStruct, uint32_t *pFLatency)
1313:Drivers/STM32F1xx_HAL_Driver/Src/stm32f1xx_hal_rcc.c **** {
1314:Drivers/STM32F1xx_HAL_Driver/Src/stm32f1xx_hal_rcc.c ****   /* Check the parameters */
1315:Drivers/STM32F1xx_HAL_Driver/Src/stm32f1xx_hal_rcc.c ****   assert_param(RCC_ClkInitStruct != NULL);
1316:Drivers/STM32F1xx_HAL_Driver/Src/stm32f1xx_hal_rcc.c ****   assert_param(pFLatency != NULL);
1317:Drivers/STM32F1xx_HAL_Driver/Src/stm32f1xx_hal_rcc.c **** 
1318:Drivers/STM32F1xx_HAL_Driver/Src/stm32f1xx_hal_rcc.c ****   /* Set all possible values for the Clock type parameter --------------------*/
1319:Drivers/STM32F1xx_HAL_Driver/Src/stm32f1xx_hal_rcc.c ****   RCC_ClkInitStruct->ClockType = RCC_CLOCKTYPE_SYSCLK | RCC_CLOCKTYPE_HCLK | RCC_CLOCKTYPE_PCLK1 | 
1320:Drivers/STM32F1xx_HAL_Driver/Src/stm32f1xx_hal_rcc.c **** 
1321:Drivers/STM32F1xx_HAL_Driver/Src/stm32f1xx_hal_rcc.c ****   /* Get the SYSCLK configuration --------------------------------------------*/
1322:Drivers/STM32F1xx_HAL_Driver/Src/stm32f1xx_hal_rcc.c ****   RCC_ClkInitStruct->SYSCLKSource = (uint32_t)(RCC->CFGR & RCC_CFGR_SW);
1323:Drivers/STM32F1xx_HAL_Driver/Src/stm32f1xx_hal_rcc.c **** 
1324:Drivers/STM32F1xx_HAL_Driver/Src/stm32f1xx_hal_rcc.c ****   /* Get the HCLK configuration ----------------------------------------------*/
1325:Drivers/STM32F1xx_HAL_Driver/Src/stm32f1xx_hal_rcc.c ****   RCC_ClkInitStruct->AHBCLKDivider = (uint32_t)(RCC->CFGR & RCC_CFGR_HPRE);
1326:Drivers/STM32F1xx_HAL_Driver/Src/stm32f1xx_hal_rcc.c **** 
1327:Drivers/STM32F1xx_HAL_Driver/Src/stm32f1xx_hal_rcc.c ****   /* Get the APB1 configuration ----------------------------------------------*/
1328:Drivers/STM32F1xx_HAL_Driver/Src/stm32f1xx_hal_rcc.c ****   RCC_ClkInitStruct->APB1CLKDivider = (uint32_t)(RCC->CFGR & RCC_CFGR_PPRE1);
1329:Drivers/STM32F1xx_HAL_Driver/Src/stm32f1xx_hal_rcc.c **** 
1330:Drivers/STM32F1xx_HAL_Driver/Src/stm32f1xx_hal_rcc.c ****   /* Get the APB2 configuration ----------------------------------------------*/
1331:Drivers/STM32F1xx_HAL_Driver/Src/stm32f1xx_hal_rcc.c ****   RCC_ClkInitStruct->APB2CLKDivider = (uint32_t)((RCC->CFGR & RCC_CFGR_PPRE2) >> 3);
1332:Drivers/STM32F1xx_HAL_Driver/Src/stm32f1xx_hal_rcc.c **** 
1333:Drivers/STM32F1xx_HAL_Driver/Src/stm32f1xx_hal_rcc.c **** #if   defined(FLASH_ACR_LATENCY)
1334:Drivers/STM32F1xx_HAL_Driver/Src/stm32f1xx_hal_rcc.c ****   /* Get the Flash Wait State (Latency) configuration ------------------------*/
1335:Drivers/STM32F1xx_HAL_Driver/Src/stm32f1xx_hal_rcc.c ****   *pFLatency = (uint32_t)(FLASH->ACR & FLASH_ACR_LATENCY);
1336:Drivers/STM32F1xx_HAL_Driver/Src/stm32f1xx_hal_rcc.c **** #else
1337:Drivers/STM32F1xx_HAL_Driver/Src/stm32f1xx_hal_rcc.c ****   /* For VALUE lines devices, only LATENCY_0 can be set*/
1338:Drivers/STM32F1xx_HAL_Driver/Src/stm32f1xx_hal_rcc.c ****   *pFLatency = (uint32_t)FLASH_LATENCY_0;
1339:Drivers/STM32F1xx_HAL_Driver/Src/stm32f1xx_hal_rcc.c **** #endif
1340:Drivers/STM32F1xx_HAL_Driver/Src/stm32f1xx_hal_rcc.c **** }
1341:Drivers/STM32F1xx_HAL_Driver/Src/stm32f1xx_hal_rcc.c **** 
1342:Drivers/STM32F1xx_HAL_Driver/Src/stm32f1xx_hal_rcc.c **** /**
1343:Drivers/STM32F1xx_HAL_Driver/Src/stm32f1xx_hal_rcc.c ****   * @brief This function handles the RCC CSS interrupt request.
ARM GAS  /tmp/ccNSEcI1.s 			page 25


1344:Drivers/STM32F1xx_HAL_Driver/Src/stm32f1xx_hal_rcc.c ****   * @note This API should be called under the NMI_Handler().
1345:Drivers/STM32F1xx_HAL_Driver/Src/stm32f1xx_hal_rcc.c ****   * @retval None
1346:Drivers/STM32F1xx_HAL_Driver/Src/stm32f1xx_hal_rcc.c ****   */
1347:Drivers/STM32F1xx_HAL_Driver/Src/stm32f1xx_hal_rcc.c **** void HAL_RCC_NMI_IRQHandler(void)
1348:Drivers/STM32F1xx_HAL_Driver/Src/stm32f1xx_hal_rcc.c **** {
1349:Drivers/STM32F1xx_HAL_Driver/Src/stm32f1xx_hal_rcc.c ****   /* Check RCC CSSF flag  */
1350:Drivers/STM32F1xx_HAL_Driver/Src/stm32f1xx_hal_rcc.c ****   if (__HAL_RCC_GET_IT(RCC_IT_CSS))
1351:Drivers/STM32F1xx_HAL_Driver/Src/stm32f1xx_hal_rcc.c ****   {
1352:Drivers/STM32F1xx_HAL_Driver/Src/stm32f1xx_hal_rcc.c ****     /* RCC Clock Security System interrupt user callback */
1353:Drivers/STM32F1xx_HAL_Driver/Src/stm32f1xx_hal_rcc.c ****     HAL_RCC_CSSCallback();
1354:Drivers/STM32F1xx_HAL_Driver/Src/stm32f1xx_hal_rcc.c **** 
1355:Drivers/STM32F1xx_HAL_Driver/Src/stm32f1xx_hal_rcc.c ****     /* Clear RCC CSS pending bit */
1356:Drivers/STM32F1xx_HAL_Driver/Src/stm32f1xx_hal_rcc.c ****     __HAL_RCC_CLEAR_IT(RCC_IT_CSS);
1357:Drivers/STM32F1xx_HAL_Driver/Src/stm32f1xx_hal_rcc.c ****   }
1358:Drivers/STM32F1xx_HAL_Driver/Src/stm32f1xx_hal_rcc.c **** }
1359:Drivers/STM32F1xx_HAL_Driver/Src/stm32f1xx_hal_rcc.c **** 
1360:Drivers/STM32F1xx_HAL_Driver/Src/stm32f1xx_hal_rcc.c **** /**
1361:Drivers/STM32F1xx_HAL_Driver/Src/stm32f1xx_hal_rcc.c ****   * @brief  This function provides delay (in milliseconds) based on CPU cycles method.
1362:Drivers/STM32F1xx_HAL_Driver/Src/stm32f1xx_hal_rcc.c ****   * @param  mdelay: specifies the delay time length, in milliseconds.
1363:Drivers/STM32F1xx_HAL_Driver/Src/stm32f1xx_hal_rcc.c ****   * @retval None
1364:Drivers/STM32F1xx_HAL_Driver/Src/stm32f1xx_hal_rcc.c ****   */
1365:Drivers/STM32F1xx_HAL_Driver/Src/stm32f1xx_hal_rcc.c **** static void RCC_Delay(uint32_t mdelay)
1366:Drivers/STM32F1xx_HAL_Driver/Src/stm32f1xx_hal_rcc.c **** {
  27              		.loc 1 1366 1 view -0
  28              		.cfi_startproc
  29              		@ args = 0, pretend = 0, frame = 8
  30              		@ frame_needed = 0, uses_anonymous_args = 0
  31              		@ link register save eliminated.
  32              		.loc 1 1366 1 is_stmt 0 view .LVU1
  33 0000 82B0     		sub	sp, sp, #8
  34              	.LCFI0:
  35              		.cfi_def_cfa_offset 8
1367:Drivers/STM32F1xx_HAL_Driver/Src/stm32f1xx_hal_rcc.c ****   __IO uint32_t Delay = mdelay * (SystemCoreClock / 8U / 1000U);
  36              		.loc 1 1367 3 is_stmt 1 view .LVU2
  37              		.loc 1 1367 56 is_stmt 0 view .LVU3
  38 0002 084B     		ldr	r3, .L4
  39 0004 1B68     		ldr	r3, [r3]
  40 0006 084A     		ldr	r2, .L4+4
  41 0008 A2FB0323 		umull	r2, r3, r2, r3
  42 000c 5B0A     		lsrs	r3, r3, #9
  43              		.loc 1 1367 32 view .LVU4
  44 000e 00FB03F3 		mul	r3, r0, r3
  45              		.loc 1 1367 17 view .LVU5
  46 0012 0193     		str	r3, [sp, #4]
  47              	.L2:
1368:Drivers/STM32F1xx_HAL_Driver/Src/stm32f1xx_hal_rcc.c ****   do
  48              		.loc 1 1368 3 is_stmt 1 view .LVU6
1369:Drivers/STM32F1xx_HAL_Driver/Src/stm32f1xx_hal_rcc.c ****   {
1370:Drivers/STM32F1xx_HAL_Driver/Src/stm32f1xx_hal_rcc.c ****     __NOP();
  49              		.loc 1 1370 5 view .LVU7
  50              		.syntax unified
  51              	@ 1370 "Drivers/STM32F1xx_HAL_Driver/Src/stm32f1xx_hal_rcc.c" 1
  52 0014 00BF     		nop
  53              	@ 0 "" 2
1371:Drivers/STM32F1xx_HAL_Driver/Src/stm32f1xx_hal_rcc.c ****   }
1372:Drivers/STM32F1xx_HAL_Driver/Src/stm32f1xx_hal_rcc.c ****   while (Delay --);
  54              		.loc 1 1372 10 discriminator 1 view .LVU8
ARM GAS  /tmp/ccNSEcI1.s 			page 26


  55              		.loc 1 1372 16 is_stmt 0 discriminator 1 view .LVU9
  56              		.thumb
  57              		.syntax unified
  58 0016 019B     		ldr	r3, [sp, #4]
  59 0018 5A1E     		subs	r2, r3, #1
  60 001a 0192     		str	r2, [sp, #4]
  61              		.loc 1 1372 10 discriminator 1 view .LVU10
  62 001c 002B     		cmp	r3, #0
  63 001e F9D1     		bne	.L2
1373:Drivers/STM32F1xx_HAL_Driver/Src/stm32f1xx_hal_rcc.c **** }
  64              		.loc 1 1373 1 view .LVU11
  65 0020 02B0     		add	sp, sp, #8
  66              	.LCFI1:
  67              		.cfi_def_cfa_offset 0
  68              		@ sp needed
  69 0022 7047     		bx	lr
  70              	.L5:
  71              		.align	2
  72              	.L4:
  73 0024 00000000 		.word	SystemCoreClock
  74 0028 D34D6210 		.word	274877907
  75              		.cfi_endproc
  76              	.LFE78:
  78              		.section	.text.HAL_RCC_DeInit,"ax",%progbits
  79              		.align	1
  80              		.global	HAL_RCC_DeInit
  81              		.syntax unified
  82              		.thumb
  83              		.thumb_func
  85              	HAL_RCC_DeInit:
  86              	.LFB65:
 203:Drivers/STM32F1xx_HAL_Driver/Src/stm32f1xx_hal_rcc.c ****   uint32_t tickstart;
  87              		.loc 1 203 1 is_stmt 1 view -0
  88              		.cfi_startproc
  89              		@ args = 0, pretend = 0, frame = 0
  90              		@ frame_needed = 0, uses_anonymous_args = 0
  91 0000 70B5     		push	{r4, r5, r6, lr}
  92              	.LCFI2:
  93              		.cfi_def_cfa_offset 16
  94              		.cfi_offset 4, -16
  95              		.cfi_offset 5, -12
  96              		.cfi_offset 6, -8
  97              		.cfi_offset 14, -4
 204:Drivers/STM32F1xx_HAL_Driver/Src/stm32f1xx_hal_rcc.c **** 
  98              		.loc 1 204 3 view .LVU13
 207:Drivers/STM32F1xx_HAL_Driver/Src/stm32f1xx_hal_rcc.c **** 
  99              		.loc 1 207 3 view .LVU14
 207:Drivers/STM32F1xx_HAL_Driver/Src/stm32f1xx_hal_rcc.c **** 
 100              		.loc 1 207 15 is_stmt 0 view .LVU15
 101 0002 FFF7FEFF 		bl	HAL_GetTick
 102              	.LVL1:
 103 0006 0446     		mov	r4, r0
 104              	.LVL2:
 210:Drivers/STM32F1xx_HAL_Driver/Src/stm32f1xx_hal_rcc.c **** 
 105              		.loc 1 210 3 is_stmt 1 view .LVU16
 106 0008 364A     		ldr	r2, .L27
 107 000a 1368     		ldr	r3, [r2]
ARM GAS  /tmp/ccNSEcI1.s 			page 27


 108 000c 43F00103 		orr	r3, r3, #1
 109 0010 1360     		str	r3, [r2]
 213:Drivers/STM32F1xx_HAL_Driver/Src/stm32f1xx_hal_rcc.c ****   {
 110              		.loc 1 213 3 view .LVU17
 111              	.LVL3:
 112              	.L7:
 213:Drivers/STM32F1xx_HAL_Driver/Src/stm32f1xx_hal_rcc.c ****   {
 113              		.loc 1 213 43 view .LVU18
 213:Drivers/STM32F1xx_HAL_Driver/Src/stm32f1xx_hal_rcc.c ****   {
 114              		.loc 1 213 10 is_stmt 0 view .LVU19
 115 0012 344B     		ldr	r3, .L27
 116 0014 1B68     		ldr	r3, [r3]
 213:Drivers/STM32F1xx_HAL_Driver/Src/stm32f1xx_hal_rcc.c ****   {
 117              		.loc 1 213 43 view .LVU20
 118 0016 13F0020F 		tst	r3, #2
 119 001a 07D1     		bne	.L22
 215:Drivers/STM32F1xx_HAL_Driver/Src/stm32f1xx_hal_rcc.c ****     {
 120              		.loc 1 215 5 is_stmt 1 view .LVU21
 215:Drivers/STM32F1xx_HAL_Driver/Src/stm32f1xx_hal_rcc.c ****     {
 121              		.loc 1 215 10 is_stmt 0 view .LVU22
 122 001c FFF7FEFF 		bl	HAL_GetTick
 123              	.LVL4:
 215:Drivers/STM32F1xx_HAL_Driver/Src/stm32f1xx_hal_rcc.c ****     {
 124              		.loc 1 215 24 discriminator 1 view .LVU23
 125 0020 001B     		subs	r0, r0, r4
 215:Drivers/STM32F1xx_HAL_Driver/Src/stm32f1xx_hal_rcc.c ****     {
 126              		.loc 1 215 8 discriminator 1 view .LVU24
 127 0022 0228     		cmp	r0, #2
 128 0024 F5D9     		bls	.L7
 217:Drivers/STM32F1xx_HAL_Driver/Src/stm32f1xx_hal_rcc.c ****     }
 129              		.loc 1 217 14 view .LVU25
 130 0026 0324     		movs	r4, #3
 131              	.LVL5:
 132              	.L8:
 330:Drivers/STM32F1xx_HAL_Driver/Src/stm32f1xx_hal_rcc.c **** 
 133              		.loc 1 330 1 view .LVU26
 134 0028 2046     		mov	r0, r4
 135 002a 70BD     		pop	{r4, r5, r6, pc}
 136              	.LVL6:
 137              	.L22:
 222:Drivers/STM32F1xx_HAL_Driver/Src/stm32f1xx_hal_rcc.c **** 
 138              		.loc 1 222 3 is_stmt 1 view .LVU27
 139 002c 2D4D     		ldr	r5, .L27
 140 002e 2B68     		ldr	r3, [r5]
 141 0030 23F0F803 		bic	r3, r3, #248
 142 0034 43F08003 		orr	r3, r3, #128
 143 0038 2B60     		str	r3, [r5]
 225:Drivers/STM32F1xx_HAL_Driver/Src/stm32f1xx_hal_rcc.c **** 
 144              		.loc 1 225 3 view .LVU28
 225:Drivers/STM32F1xx_HAL_Driver/Src/stm32f1xx_hal_rcc.c **** 
 145              		.loc 1 225 15 is_stmt 0 view .LVU29
 146 003a FFF7FEFF 		bl	HAL_GetTick
 147              	.LVL7:
 148 003e 0446     		mov	r4, r0
 149              	.LVL8:
 228:Drivers/STM32F1xx_HAL_Driver/Src/stm32f1xx_hal_rcc.c **** 
 150              		.loc 1 228 3 is_stmt 1 view .LVU30
ARM GAS  /tmp/ccNSEcI1.s 			page 28


 151 0040 0023     		movs	r3, #0
 152 0042 6B60     		str	r3, [r5, #4]
 231:Drivers/STM32F1xx_HAL_Driver/Src/stm32f1xx_hal_rcc.c ****   {
 153              		.loc 1 231 3 view .LVU31
 154              	.LVL9:
 155              	.L10:
 231:Drivers/STM32F1xx_HAL_Driver/Src/stm32f1xx_hal_rcc.c ****   {
 156              		.loc 1 231 44 view .LVU32
 231:Drivers/STM32F1xx_HAL_Driver/Src/stm32f1xx_hal_rcc.c ****   {
 157              		.loc 1 231 10 is_stmt 0 view .LVU33
 158 0044 274B     		ldr	r3, .L27
 159 0046 5B68     		ldr	r3, [r3, #4]
 231:Drivers/STM32F1xx_HAL_Driver/Src/stm32f1xx_hal_rcc.c ****   {
 160              		.loc 1 231 44 view .LVU34
 161 0048 13F00C0F 		tst	r3, #12
 162 004c 08D0     		beq	.L23
 233:Drivers/STM32F1xx_HAL_Driver/Src/stm32f1xx_hal_rcc.c ****     {
 163              		.loc 1 233 5 is_stmt 1 view .LVU35
 233:Drivers/STM32F1xx_HAL_Driver/Src/stm32f1xx_hal_rcc.c ****     {
 164              		.loc 1 233 10 is_stmt 0 view .LVU36
 165 004e FFF7FEFF 		bl	HAL_GetTick
 166              	.LVL10:
 233:Drivers/STM32F1xx_HAL_Driver/Src/stm32f1xx_hal_rcc.c ****     {
 167              		.loc 1 233 24 discriminator 1 view .LVU37
 168 0052 001B     		subs	r0, r0, r4
 233:Drivers/STM32F1xx_HAL_Driver/Src/stm32f1xx_hal_rcc.c ****     {
 169              		.loc 1 233 8 discriminator 1 view .LVU38
 170 0054 41F28833 		movw	r3, #5000
 171 0058 9842     		cmp	r0, r3
 172 005a F3D9     		bls	.L10
 235:Drivers/STM32F1xx_HAL_Driver/Src/stm32f1xx_hal_rcc.c ****     }
 173              		.loc 1 235 14 view .LVU39
 174 005c 0324     		movs	r4, #3
 175              	.LVL11:
 235:Drivers/STM32F1xx_HAL_Driver/Src/stm32f1xx_hal_rcc.c ****     }
 176              		.loc 1 235 14 view .LVU40
 177 005e E3E7     		b	.L8
 178              	.LVL12:
 179              	.L23:
 240:Drivers/STM32F1xx_HAL_Driver/Src/stm32f1xx_hal_rcc.c **** 
 180              		.loc 1 240 3 is_stmt 1 view .LVU41
 240:Drivers/STM32F1xx_HAL_Driver/Src/stm32f1xx_hal_rcc.c **** 
 181              		.loc 1 240 19 is_stmt 0 view .LVU42
 182 0060 214B     		ldr	r3, .L27+4
 183 0062 224A     		ldr	r2, .L27+8
 184 0064 1A60     		str	r2, [r3]
 243:Drivers/STM32F1xx_HAL_Driver/Src/stm32f1xx_hal_rcc.c ****   {
 185              		.loc 1 243 3 is_stmt 1 view .LVU43
 243:Drivers/STM32F1xx_HAL_Driver/Src/stm32f1xx_hal_rcc.c ****   {
 186              		.loc 1 243 7 is_stmt 0 view .LVU44
 187 0066 224B     		ldr	r3, .L27+12
 188 0068 1868     		ldr	r0, [r3]
 189 006a FFF7FEFF 		bl	HAL_InitTick
 190              	.LVL13:
 243:Drivers/STM32F1xx_HAL_Driver/Src/stm32f1xx_hal_rcc.c ****   {
 191              		.loc 1 243 6 discriminator 1 view .LVU45
 192 006e 0446     		mov	r4, r0
ARM GAS  /tmp/ccNSEcI1.s 			page 29


 193              	.LVL14:
 243:Drivers/STM32F1xx_HAL_Driver/Src/stm32f1xx_hal_rcc.c ****   {
 194              		.loc 1 243 6 discriminator 1 view .LVU46
 195 0070 08B1     		cbz	r0, .L24
 245:Drivers/STM32F1xx_HAL_Driver/Src/stm32f1xx_hal_rcc.c ****   }
 196              		.loc 1 245 12 view .LVU47
 197 0072 0124     		movs	r4, #1
 198 0074 D8E7     		b	.L8
 199              	.L24:
 249:Drivers/STM32F1xx_HAL_Driver/Src/stm32f1xx_hal_rcc.c **** 
 200              		.loc 1 249 3 is_stmt 1 view .LVU48
 249:Drivers/STM32F1xx_HAL_Driver/Src/stm32f1xx_hal_rcc.c **** 
 201              		.loc 1 249 15 is_stmt 0 view .LVU49
 202 0076 FFF7FEFF 		bl	HAL_GetTick
 203              	.LVL15:
 204 007a 0546     		mov	r5, r0
 205              	.LVL16:
 252:Drivers/STM32F1xx_HAL_Driver/Src/stm32f1xx_hal_rcc.c **** 
 206              		.loc 1 252 3 is_stmt 1 view .LVU50
 207 007c 194A     		ldr	r2, .L27
 208 007e 1368     		ldr	r3, [r2]
 209 0080 23F08073 		bic	r3, r3, #16777216
 210 0084 1360     		str	r3, [r2]
 255:Drivers/STM32F1xx_HAL_Driver/Src/stm32f1xx_hal_rcc.c ****   {
 211              		.loc 1 255 3 view .LVU51
 212              	.LVL17:
 213              	.L12:
 255:Drivers/STM32F1xx_HAL_Driver/Src/stm32f1xx_hal_rcc.c ****   {
 214              		.loc 1 255 43 view .LVU52
 255:Drivers/STM32F1xx_HAL_Driver/Src/stm32f1xx_hal_rcc.c ****   {
 215              		.loc 1 255 10 is_stmt 0 view .LVU53
 216 0086 174B     		ldr	r3, .L27
 217 0088 1B68     		ldr	r3, [r3]
 255:Drivers/STM32F1xx_HAL_Driver/Src/stm32f1xx_hal_rcc.c ****   {
 218              		.loc 1 255 43 view .LVU54
 219 008a 13F0007F 		tst	r3, #33554432
 220 008e 06D0     		beq	.L25
 257:Drivers/STM32F1xx_HAL_Driver/Src/stm32f1xx_hal_rcc.c ****     {
 221              		.loc 1 257 5 is_stmt 1 view .LVU55
 257:Drivers/STM32F1xx_HAL_Driver/Src/stm32f1xx_hal_rcc.c ****     {
 222              		.loc 1 257 10 is_stmt 0 view .LVU56
 223 0090 FFF7FEFF 		bl	HAL_GetTick
 224              	.LVL18:
 257:Drivers/STM32F1xx_HAL_Driver/Src/stm32f1xx_hal_rcc.c ****     {
 225              		.loc 1 257 24 discriminator 1 view .LVU57
 226 0094 401B     		subs	r0, r0, r5
 257:Drivers/STM32F1xx_HAL_Driver/Src/stm32f1xx_hal_rcc.c ****     {
 227              		.loc 1 257 8 discriminator 1 view .LVU58
 228 0096 0228     		cmp	r0, #2
 229 0098 F5D9     		bls	.L12
 259:Drivers/STM32F1xx_HAL_Driver/Src/stm32f1xx_hal_rcc.c ****     }
 230              		.loc 1 259 14 view .LVU59
 231 009a 0324     		movs	r4, #3
 232 009c C4E7     		b	.L8
 233              	.L25:
 264:Drivers/STM32F1xx_HAL_Driver/Src/stm32f1xx_hal_rcc.c **** 
 234              		.loc 1 264 3 is_stmt 1 view .LVU60
ARM GAS  /tmp/ccNSEcI1.s 			page 30


 235 009e 114E     		ldr	r6, .L27
 236 00a0 0023     		movs	r3, #0
 237 00a2 7360     		str	r3, [r6, #4]
 267:Drivers/STM32F1xx_HAL_Driver/Src/stm32f1xx_hal_rcc.c **** 
 238              		.loc 1 267 3 view .LVU61
 267:Drivers/STM32F1xx_HAL_Driver/Src/stm32f1xx_hal_rcc.c **** 
 239              		.loc 1 267 15 is_stmt 0 view .LVU62
 240 00a4 FFF7FEFF 		bl	HAL_GetTick
 241              	.LVL19:
 242 00a8 0546     		mov	r5, r0
 243              	.LVL20:
 270:Drivers/STM32F1xx_HAL_Driver/Src/stm32f1xx_hal_rcc.c **** 
 244              		.loc 1 270 3 is_stmt 1 view .LVU63
 245 00aa 3368     		ldr	r3, [r6]
 246 00ac 23F41023 		bic	r3, r3, #589824
 247 00b0 3360     		str	r3, [r6]
 273:Drivers/STM32F1xx_HAL_Driver/Src/stm32f1xx_hal_rcc.c ****   {
 248              		.loc 1 273 3 view .LVU64
 249              	.LVL21:
 250              	.L14:
 273:Drivers/STM32F1xx_HAL_Driver/Src/stm32f1xx_hal_rcc.c ****   {
 251              		.loc 1 273 43 view .LVU65
 273:Drivers/STM32F1xx_HAL_Driver/Src/stm32f1xx_hal_rcc.c ****   {
 252              		.loc 1 273 10 is_stmt 0 view .LVU66
 253 00b2 0C4B     		ldr	r3, .L27
 254 00b4 1B68     		ldr	r3, [r3]
 273:Drivers/STM32F1xx_HAL_Driver/Src/stm32f1xx_hal_rcc.c ****   {
 255              		.loc 1 273 43 view .LVU67
 256 00b6 13F4003F 		tst	r3, #131072
 257 00ba 06D0     		beq	.L26
 275:Drivers/STM32F1xx_HAL_Driver/Src/stm32f1xx_hal_rcc.c ****     {
 258              		.loc 1 275 5 is_stmt 1 view .LVU68
 275:Drivers/STM32F1xx_HAL_Driver/Src/stm32f1xx_hal_rcc.c ****     {
 259              		.loc 1 275 10 is_stmt 0 view .LVU69
 260 00bc FFF7FEFF 		bl	HAL_GetTick
 261              	.LVL22:
 275:Drivers/STM32F1xx_HAL_Driver/Src/stm32f1xx_hal_rcc.c ****     {
 262              		.loc 1 275 24 discriminator 1 view .LVU70
 263 00c0 401B     		subs	r0, r0, r5
 275:Drivers/STM32F1xx_HAL_Driver/Src/stm32f1xx_hal_rcc.c ****     {
 264              		.loc 1 275 8 discriminator 1 view .LVU71
 265 00c2 6428     		cmp	r0, #100
 266 00c4 F5D9     		bls	.L14
 277:Drivers/STM32F1xx_HAL_Driver/Src/stm32f1xx_hal_rcc.c ****     }
 267              		.loc 1 277 14 view .LVU72
 268 00c6 0324     		movs	r4, #3
 269 00c8 AEE7     		b	.L8
 270              	.L26:
 282:Drivers/STM32F1xx_HAL_Driver/Src/stm32f1xx_hal_rcc.c **** 
 271              		.loc 1 282 3 is_stmt 1 view .LVU73
 272 00ca 064B     		ldr	r3, .L27
 273 00cc 1A68     		ldr	r2, [r3]
 274 00ce 22F48022 		bic	r2, r2, #262144
 275 00d2 1A60     		str	r2, [r3]
 324:Drivers/STM32F1xx_HAL_Driver/Src/stm32f1xx_hal_rcc.c **** 
 276              		.loc 1 324 3 view .LVU74
 277 00d4 5A6A     		ldr	r2, [r3, #36]
ARM GAS  /tmp/ccNSEcI1.s 			page 31


 278 00d6 42F08072 		orr	r2, r2, #16777216
 279 00da 5A62     		str	r2, [r3, #36]
 327:Drivers/STM32F1xx_HAL_Driver/Src/stm32f1xx_hal_rcc.c **** 
 280              		.loc 1 327 3 view .LVU75
 281 00dc 0022     		movs	r2, #0
 282 00de 9A60     		str	r2, [r3, #8]
 329:Drivers/STM32F1xx_HAL_Driver/Src/stm32f1xx_hal_rcc.c **** }
 283              		.loc 1 329 3 view .LVU76
 329:Drivers/STM32F1xx_HAL_Driver/Src/stm32f1xx_hal_rcc.c **** }
 284              		.loc 1 329 10 is_stmt 0 view .LVU77
 285 00e0 A2E7     		b	.L8
 286              	.L28:
 287 00e2 00BF     		.align	2
 288              	.L27:
 289 00e4 00100240 		.word	1073876992
 290 00e8 00000000 		.word	SystemCoreClock
 291 00ec 00127A00 		.word	8000000
 292 00f0 00000000 		.word	uwTickPrio
 293              		.cfi_endproc
 294              	.LFE65:
 296              		.section	.text.HAL_RCC_OscConfig,"ax",%progbits
 297              		.align	1
 298              		.global	HAL_RCC_OscConfig
 299              		.syntax unified
 300              		.thumb
 301              		.thumb_func
 303              	HAL_RCC_OscConfig:
 304              	.LVL23:
 305              	.LFB66:
 348:Drivers/STM32F1xx_HAL_Driver/Src/stm32f1xx_hal_rcc.c ****   uint32_t tickstart;
 306              		.loc 1 348 1 is_stmt 1 view -0
 307              		.cfi_startproc
 308              		@ args = 0, pretend = 0, frame = 8
 309              		@ frame_needed = 0, uses_anonymous_args = 0
 349:Drivers/STM32F1xx_HAL_Driver/Src/stm32f1xx_hal_rcc.c ****   uint32_t pll_config;
 310              		.loc 1 349 3 view .LVU79
 350:Drivers/STM32F1xx_HAL_Driver/Src/stm32f1xx_hal_rcc.c **** 
 311              		.loc 1 350 3 view .LVU80
 353:Drivers/STM32F1xx_HAL_Driver/Src/stm32f1xx_hal_rcc.c ****   {
 312              		.loc 1 353 3 view .LVU81
 353:Drivers/STM32F1xx_HAL_Driver/Src/stm32f1xx_hal_rcc.c ****   {
 313              		.loc 1 353 6 is_stmt 0 view .LVU82
 314 0000 0028     		cmp	r0, #0
 315 0002 00F0F181 		beq	.L82
 348:Drivers/STM32F1xx_HAL_Driver/Src/stm32f1xx_hal_rcc.c ****   uint32_t tickstart;
 316              		.loc 1 348 1 view .LVU83
 317 0006 70B5     		push	{r4, r5, r6, lr}
 318              	.LCFI3:
 319              		.cfi_def_cfa_offset 16
 320              		.cfi_offset 4, -16
 321              		.cfi_offset 5, -12
 322              		.cfi_offset 6, -8
 323              		.cfi_offset 14, -4
 324 0008 82B0     		sub	sp, sp, #8
 325              	.LCFI4:
 326              		.cfi_def_cfa_offset 24
 327 000a 0446     		mov	r4, r0
ARM GAS  /tmp/ccNSEcI1.s 			page 32


 359:Drivers/STM32F1xx_HAL_Driver/Src/stm32f1xx_hal_rcc.c **** 
 328              		.loc 1 359 3 is_stmt 1 view .LVU84
 362:Drivers/STM32F1xx_HAL_Driver/Src/stm32f1xx_hal_rcc.c ****   {
 329              		.loc 1 362 3 view .LVU85
 362:Drivers/STM32F1xx_HAL_Driver/Src/stm32f1xx_hal_rcc.c ****   {
 330              		.loc 1 362 26 is_stmt 0 view .LVU86
 331 000c 0368     		ldr	r3, [r0]
 362:Drivers/STM32F1xx_HAL_Driver/Src/stm32f1xx_hal_rcc.c ****   {
 332              		.loc 1 362 6 view .LVU87
 333 000e 13F0010F 		tst	r3, #1
 334 0012 2CD0     		beq	.L31
 365:Drivers/STM32F1xx_HAL_Driver/Src/stm32f1xx_hal_rcc.c **** 
 335              		.loc 1 365 5 is_stmt 1 view .LVU88
 368:Drivers/STM32F1xx_HAL_Driver/Src/stm32f1xx_hal_rcc.c ****         || ((__HAL_RCC_GET_SYSCLK_SOURCE() == RCC_SYSCLKSOURCE_STATUS_PLLCLK) && (__HAL_RCC_GET_PLL
 336              		.loc 1 368 5 view .LVU89
 368:Drivers/STM32F1xx_HAL_Driver/Src/stm32f1xx_hal_rcc.c ****         || ((__HAL_RCC_GET_SYSCLK_SOURCE() == RCC_SYSCLKSOURCE_STATUS_PLLCLK) && (__HAL_RCC_GET_PLL
 337              		.loc 1 368 10 is_stmt 0 view .LVU90
 338 0014 994B     		ldr	r3, .L122
 339 0016 5B68     		ldr	r3, [r3, #4]
 340 0018 03F00C03 		and	r3, r3, #12
 368:Drivers/STM32F1xx_HAL_Driver/Src/stm32f1xx_hal_rcc.c ****         || ((__HAL_RCC_GET_SYSCLK_SOURCE() == RCC_SYSCLKSOURCE_STATUS_PLLCLK) && (__HAL_RCC_GET_PLL
 341              		.loc 1 368 8 view .LVU91
 342 001c 042B     		cmp	r3, #4
 343 001e 1DD0     		beq	.L32
 369:Drivers/STM32F1xx_HAL_Driver/Src/stm32f1xx_hal_rcc.c ****     {
 344              		.loc 1 369 14 view .LVU92
 345 0020 964B     		ldr	r3, .L122
 346 0022 5B68     		ldr	r3, [r3, #4]
 347 0024 03F00C03 		and	r3, r3, #12
 369:Drivers/STM32F1xx_HAL_Driver/Src/stm32f1xx_hal_rcc.c ****     {
 348              		.loc 1 369 9 view .LVU93
 349 0028 082B     		cmp	r3, #8
 350 002a 12D0     		beq	.L106
 351              	.L33:
 379:Drivers/STM32F1xx_HAL_Driver/Src/stm32f1xx_hal_rcc.c **** 
 352              		.loc 1 379 7 is_stmt 1 view .LVU94
 379:Drivers/STM32F1xx_HAL_Driver/Src/stm32f1xx_hal_rcc.c **** 
 353              		.loc 1 379 7 view .LVU95
 354 002c 6368     		ldr	r3, [r4, #4]
 355 002e B3F5803F 		cmp	r3, #65536
 356 0032 41D0     		beq	.L107
 379:Drivers/STM32F1xx_HAL_Driver/Src/stm32f1xx_hal_rcc.c **** 
 357              		.loc 1 379 7 discriminator 2 view .LVU96
 358 0034 002B     		cmp	r3, #0
 359 0036 55D1     		bne	.L36
 379:Drivers/STM32F1xx_HAL_Driver/Src/stm32f1xx_hal_rcc.c **** 
 360              		.loc 1 379 7 discriminator 4 view .LVU97
 361 0038 03F18043 		add	r3, r3, #1073741824
 362 003c 03F50433 		add	r3, r3, #135168
 363 0040 1A68     		ldr	r2, [r3]
 364 0042 22F48032 		bic	r2, r2, #65536
 365 0046 1A60     		str	r2, [r3]
 379:Drivers/STM32F1xx_HAL_Driver/Src/stm32f1xx_hal_rcc.c **** 
 366              		.loc 1 379 7 view .LVU98
 379:Drivers/STM32F1xx_HAL_Driver/Src/stm32f1xx_hal_rcc.c **** 
 367              		.loc 1 379 7 is_stmt 0 discriminator 4 view .LVU99
 368 0048 1A68     		ldr	r2, [r3]
ARM GAS  /tmp/ccNSEcI1.s 			page 33


 369 004a 22F48022 		bic	r2, r2, #262144
 370 004e 1A60     		str	r2, [r3]
 371 0050 37E0     		b	.L35
 372              	.L106:
 369:Drivers/STM32F1xx_HAL_Driver/Src/stm32f1xx_hal_rcc.c ****     {
 373              		.loc 1 369 83 discriminator 1 view .LVU100
 374 0052 8A4B     		ldr	r3, .L122
 375 0054 5B68     		ldr	r3, [r3, #4]
 369:Drivers/STM32F1xx_HAL_Driver/Src/stm32f1xx_hal_rcc.c ****     {
 376              		.loc 1 369 79 discriminator 1 view .LVU101
 377 0056 13F4803F 		tst	r3, #65536
 378 005a E7D0     		beq	.L33
 379              	.L32:
 371:Drivers/STM32F1xx_HAL_Driver/Src/stm32f1xx_hal_rcc.c ****       {
 380              		.loc 1 371 7 is_stmt 1 view .LVU102
 371:Drivers/STM32F1xx_HAL_Driver/Src/stm32f1xx_hal_rcc.c ****       {
 381              		.loc 1 371 12 is_stmt 0 view .LVU103
 382 005c 874B     		ldr	r3, .L122
 383 005e 1B68     		ldr	r3, [r3]
 371:Drivers/STM32F1xx_HAL_Driver/Src/stm32f1xx_hal_rcc.c ****       {
 384              		.loc 1 371 10 view .LVU104
 385 0060 13F4003F 		tst	r3, #131072
 386 0064 03D0     		beq	.L31
 371:Drivers/STM32F1xx_HAL_Driver/Src/stm32f1xx_hal_rcc.c ****       {
 387              		.loc 1 371 79 discriminator 1 view .LVU105
 388 0066 6368     		ldr	r3, [r4, #4]
 371:Drivers/STM32F1xx_HAL_Driver/Src/stm32f1xx_hal_rcc.c ****       {
 389              		.loc 1 371 58 discriminator 1 view .LVU106
 390 0068 002B     		cmp	r3, #0
 391 006a 00F0BF81 		beq	.L108
 392              	.LVL24:
 393              	.L31:
 414:Drivers/STM32F1xx_HAL_Driver/Src/stm32f1xx_hal_rcc.c ****   {
 394              		.loc 1 414 3 is_stmt 1 view .LVU107
 414:Drivers/STM32F1xx_HAL_Driver/Src/stm32f1xx_hal_rcc.c ****   {
 395              		.loc 1 414 26 is_stmt 0 view .LVU108
 396 006e 2368     		ldr	r3, [r4]
 414:Drivers/STM32F1xx_HAL_Driver/Src/stm32f1xx_hal_rcc.c ****   {
 397              		.loc 1 414 6 view .LVU109
 398 0070 13F0020F 		tst	r3, #2
 399 0074 75D0     		beq	.L43
 417:Drivers/STM32F1xx_HAL_Driver/Src/stm32f1xx_hal_rcc.c ****     assert_param(IS_RCC_CALIBRATION_VALUE(RCC_OscInitStruct->HSICalibrationValue));
 400              		.loc 1 417 5 is_stmt 1 view .LVU110
 418:Drivers/STM32F1xx_HAL_Driver/Src/stm32f1xx_hal_rcc.c **** 
 401              		.loc 1 418 5 view .LVU111
 421:Drivers/STM32F1xx_HAL_Driver/Src/stm32f1xx_hal_rcc.c ****         || ((__HAL_RCC_GET_SYSCLK_SOURCE() == RCC_SYSCLKSOURCE_STATUS_PLLCLK) && (__HAL_RCC_GET_PLL
 402              		.loc 1 421 5 view .LVU112
 421:Drivers/STM32F1xx_HAL_Driver/Src/stm32f1xx_hal_rcc.c ****         || ((__HAL_RCC_GET_SYSCLK_SOURCE() == RCC_SYSCLKSOURCE_STATUS_PLLCLK) && (__HAL_RCC_GET_PLL
 403              		.loc 1 421 10 is_stmt 0 view .LVU113
 404 0076 814B     		ldr	r3, .L122
 405 0078 5B68     		ldr	r3, [r3, #4]
 421:Drivers/STM32F1xx_HAL_Driver/Src/stm32f1xx_hal_rcc.c ****         || ((__HAL_RCC_GET_SYSCLK_SOURCE() == RCC_SYSCLKSOURCE_STATUS_PLLCLK) && (__HAL_RCC_GET_PLL
 406              		.loc 1 421 8 view .LVU114
 407 007a 13F00C0F 		tst	r3, #12
 408 007e 5FD0     		beq	.L44
 422:Drivers/STM32F1xx_HAL_Driver/Src/stm32f1xx_hal_rcc.c ****     {
 409              		.loc 1 422 14 view .LVU115
ARM GAS  /tmp/ccNSEcI1.s 			page 34


 410 0080 7E4B     		ldr	r3, .L122
 411 0082 5B68     		ldr	r3, [r3, #4]
 412 0084 03F00C03 		and	r3, r3, #12
 422:Drivers/STM32F1xx_HAL_Driver/Src/stm32f1xx_hal_rcc.c ****     {
 413              		.loc 1 422 9 view .LVU116
 414 0088 082B     		cmp	r3, #8
 415 008a 54D0     		beq	.L109
 416              	.L45:
 439:Drivers/STM32F1xx_HAL_Driver/Src/stm32f1xx_hal_rcc.c ****       {
 417              		.loc 1 439 7 is_stmt 1 view .LVU117
 439:Drivers/STM32F1xx_HAL_Driver/Src/stm32f1xx_hal_rcc.c ****       {
 418              		.loc 1 439 28 is_stmt 0 view .LVU118
 419 008c 2369     		ldr	r3, [r4, #16]
 439:Drivers/STM32F1xx_HAL_Driver/Src/stm32f1xx_hal_rcc.c ****       {
 420              		.loc 1 439 10 view .LVU119
 421 008e 002B     		cmp	r3, #0
 422 0090 00F08A80 		beq	.L47
 442:Drivers/STM32F1xx_HAL_Driver/Src/stm32f1xx_hal_rcc.c **** 
 423              		.loc 1 442 9 is_stmt 1 view .LVU120
 424 0094 7A4B     		ldr	r3, .L122+4
 425 0096 0122     		movs	r2, #1
 426 0098 1A60     		str	r2, [r3]
 445:Drivers/STM32F1xx_HAL_Driver/Src/stm32f1xx_hal_rcc.c **** 
 427              		.loc 1 445 9 view .LVU121
 445:Drivers/STM32F1xx_HAL_Driver/Src/stm32f1xx_hal_rcc.c **** 
 428              		.loc 1 445 21 is_stmt 0 view .LVU122
 429 009a FFF7FEFF 		bl	HAL_GetTick
 430              	.LVL25:
 431 009e 0546     		mov	r5, r0
 432              	.LVL26:
 448:Drivers/STM32F1xx_HAL_Driver/Src/stm32f1xx_hal_rcc.c ****         {
 433              		.loc 1 448 9 is_stmt 1 view .LVU123
 434              	.L48:
 448:Drivers/STM32F1xx_HAL_Driver/Src/stm32f1xx_hal_rcc.c ****         {
 435              		.loc 1 448 52 view .LVU124
 448:Drivers/STM32F1xx_HAL_Driver/Src/stm32f1xx_hal_rcc.c ****         {
 436              		.loc 1 448 16 is_stmt 0 view .LVU125
 437 00a0 764B     		ldr	r3, .L122
 438 00a2 1B68     		ldr	r3, [r3]
 448:Drivers/STM32F1xx_HAL_Driver/Src/stm32f1xx_hal_rcc.c ****         {
 439              		.loc 1 448 52 view .LVU126
 440 00a4 13F0020F 		tst	r3, #2
 441 00a8 75D1     		bne	.L110
 450:Drivers/STM32F1xx_HAL_Driver/Src/stm32f1xx_hal_rcc.c ****           {
 442              		.loc 1 450 11 is_stmt 1 view .LVU127
 450:Drivers/STM32F1xx_HAL_Driver/Src/stm32f1xx_hal_rcc.c ****           {
 443              		.loc 1 450 16 is_stmt 0 view .LVU128
 444 00aa FFF7FEFF 		bl	HAL_GetTick
 445              	.LVL27:
 450:Drivers/STM32F1xx_HAL_Driver/Src/stm32f1xx_hal_rcc.c ****           {
 446              		.loc 1 450 30 discriminator 1 view .LVU129
 447 00ae 401B     		subs	r0, r0, r5
 450:Drivers/STM32F1xx_HAL_Driver/Src/stm32f1xx_hal_rcc.c ****           {
 448              		.loc 1 450 14 discriminator 1 view .LVU130
 449 00b0 0228     		cmp	r0, #2
 450 00b2 F5D9     		bls	.L48
 452:Drivers/STM32F1xx_HAL_Driver/Src/stm32f1xx_hal_rcc.c ****           }
ARM GAS  /tmp/ccNSEcI1.s 			page 35


 451              		.loc 1 452 20 view .LVU131
 452 00b4 0320     		movs	r0, #3
 453 00b6 9EE1     		b	.L30
 454              	.LVL28:
 455              	.L107:
 379:Drivers/STM32F1xx_HAL_Driver/Src/stm32f1xx_hal_rcc.c **** 
 456              		.loc 1 379 7 is_stmt 1 discriminator 1 view .LVU132
 457 00b8 704A     		ldr	r2, .L122
 458 00ba 1368     		ldr	r3, [r2]
 459 00bc 43F48033 		orr	r3, r3, #65536
 460 00c0 1360     		str	r3, [r2]
 461              	.L35:
 379:Drivers/STM32F1xx_HAL_Driver/Src/stm32f1xx_hal_rcc.c **** 
 462              		.loc 1 379 7 discriminator 10 view .LVU133
 383:Drivers/STM32F1xx_HAL_Driver/Src/stm32f1xx_hal_rcc.c ****       {
 463              		.loc 1 383 7 view .LVU134
 383:Drivers/STM32F1xx_HAL_Driver/Src/stm32f1xx_hal_rcc.c ****       {
 464              		.loc 1 383 28 is_stmt 0 view .LVU135
 465 00c2 6368     		ldr	r3, [r4, #4]
 383:Drivers/STM32F1xx_HAL_Driver/Src/stm32f1xx_hal_rcc.c ****       {
 466              		.loc 1 383 10 view .LVU136
 467 00c4 43B3     		cbz	r3, .L38
 386:Drivers/STM32F1xx_HAL_Driver/Src/stm32f1xx_hal_rcc.c **** 
 468              		.loc 1 386 9 is_stmt 1 view .LVU137
 386:Drivers/STM32F1xx_HAL_Driver/Src/stm32f1xx_hal_rcc.c **** 
 469              		.loc 1 386 21 is_stmt 0 view .LVU138
 470 00c6 FFF7FEFF 		bl	HAL_GetTick
 471              	.LVL29:
 386:Drivers/STM32F1xx_HAL_Driver/Src/stm32f1xx_hal_rcc.c **** 
 472              		.loc 1 386 21 view .LVU139
 473 00ca 0546     		mov	r5, r0
 474              	.LVL30:
 389:Drivers/STM32F1xx_HAL_Driver/Src/stm32f1xx_hal_rcc.c ****         {
 475              		.loc 1 389 9 is_stmt 1 view .LVU140
 476              	.L39:
 389:Drivers/STM32F1xx_HAL_Driver/Src/stm32f1xx_hal_rcc.c ****         {
 477              		.loc 1 389 52 view .LVU141
 389:Drivers/STM32F1xx_HAL_Driver/Src/stm32f1xx_hal_rcc.c ****         {
 478              		.loc 1 389 16 is_stmt 0 view .LVU142
 479 00cc 6B4B     		ldr	r3, .L122
 480 00ce 1B68     		ldr	r3, [r3]
 389:Drivers/STM32F1xx_HAL_Driver/Src/stm32f1xx_hal_rcc.c ****         {
 481              		.loc 1 389 52 view .LVU143
 482 00d0 13F4003F 		tst	r3, #131072
 483 00d4 CBD1     		bne	.L31
 391:Drivers/STM32F1xx_HAL_Driver/Src/stm32f1xx_hal_rcc.c ****           {
 484              		.loc 1 391 11 is_stmt 1 view .LVU144
 391:Drivers/STM32F1xx_HAL_Driver/Src/stm32f1xx_hal_rcc.c ****           {
 485              		.loc 1 391 16 is_stmt 0 view .LVU145
 486 00d6 FFF7FEFF 		bl	HAL_GetTick
 487              	.LVL31:
 391:Drivers/STM32F1xx_HAL_Driver/Src/stm32f1xx_hal_rcc.c ****           {
 488              		.loc 1 391 30 discriminator 1 view .LVU146
 489 00da 401B     		subs	r0, r0, r5
 391:Drivers/STM32F1xx_HAL_Driver/Src/stm32f1xx_hal_rcc.c ****           {
 490              		.loc 1 391 14 discriminator 1 view .LVU147
 491 00dc 6428     		cmp	r0, #100
ARM GAS  /tmp/ccNSEcI1.s 			page 36


 492 00de F5D9     		bls	.L39
 393:Drivers/STM32F1xx_HAL_Driver/Src/stm32f1xx_hal_rcc.c ****           }
 493              		.loc 1 393 20 view .LVU148
 494 00e0 0320     		movs	r0, #3
 495 00e2 88E1     		b	.L30
 496              	.LVL32:
 497              	.L36:
 379:Drivers/STM32F1xx_HAL_Driver/Src/stm32f1xx_hal_rcc.c **** 
 498              		.loc 1 379 7 is_stmt 1 discriminator 5 view .LVU149
 499 00e4 B3F5A02F 		cmp	r3, #327680
 500 00e8 09D0     		beq	.L111
 379:Drivers/STM32F1xx_HAL_Driver/Src/stm32f1xx_hal_rcc.c **** 
 501              		.loc 1 379 7 discriminator 8 view .LVU150
 502 00ea 644B     		ldr	r3, .L122
 503 00ec 1A68     		ldr	r2, [r3]
 504 00ee 22F48032 		bic	r2, r2, #65536
 505 00f2 1A60     		str	r2, [r3]
 379:Drivers/STM32F1xx_HAL_Driver/Src/stm32f1xx_hal_rcc.c **** 
 506              		.loc 1 379 7 view .LVU151
 379:Drivers/STM32F1xx_HAL_Driver/Src/stm32f1xx_hal_rcc.c **** 
 507              		.loc 1 379 7 is_stmt 0 discriminator 8 view .LVU152
 508 00f4 1A68     		ldr	r2, [r3]
 509 00f6 22F48022 		bic	r2, r2, #262144
 510 00fa 1A60     		str	r2, [r3]
 511 00fc E1E7     		b	.L35
 512              	.L111:
 379:Drivers/STM32F1xx_HAL_Driver/Src/stm32f1xx_hal_rcc.c **** 
 513              		.loc 1 379 7 is_stmt 1 discriminator 7 view .LVU153
 514 00fe 03F18043 		add	r3, r3, #1073741824
 515 0102 A3F53C33 		sub	r3, r3, #192512
 516 0106 1A68     		ldr	r2, [r3]
 517 0108 42F48022 		orr	r2, r2, #262144
 518 010c 1A60     		str	r2, [r3]
 379:Drivers/STM32F1xx_HAL_Driver/Src/stm32f1xx_hal_rcc.c **** 
 519              		.loc 1 379 7 view .LVU154
 379:Drivers/STM32F1xx_HAL_Driver/Src/stm32f1xx_hal_rcc.c **** 
 520              		.loc 1 379 7 is_stmt 0 discriminator 7 view .LVU155
 521 010e 1A68     		ldr	r2, [r3]
 522 0110 42F48032 		orr	r2, r2, #65536
 523 0114 1A60     		str	r2, [r3]
 524 0116 D4E7     		b	.L35
 525              	.L38:
 400:Drivers/STM32F1xx_HAL_Driver/Src/stm32f1xx_hal_rcc.c **** 
 526              		.loc 1 400 9 is_stmt 1 view .LVU156
 400:Drivers/STM32F1xx_HAL_Driver/Src/stm32f1xx_hal_rcc.c **** 
 527              		.loc 1 400 21 is_stmt 0 view .LVU157
 528 0118 FFF7FEFF 		bl	HAL_GetTick
 529              	.LVL33:
 400:Drivers/STM32F1xx_HAL_Driver/Src/stm32f1xx_hal_rcc.c **** 
 530              		.loc 1 400 21 view .LVU158
 531 011c 0546     		mov	r5, r0
 532              	.LVL34:
 403:Drivers/STM32F1xx_HAL_Driver/Src/stm32f1xx_hal_rcc.c ****         {
 533              		.loc 1 403 9 is_stmt 1 view .LVU159
 534              	.L41:
 403:Drivers/STM32F1xx_HAL_Driver/Src/stm32f1xx_hal_rcc.c ****         {
 535              		.loc 1 403 52 view .LVU160
ARM GAS  /tmp/ccNSEcI1.s 			page 37


 403:Drivers/STM32F1xx_HAL_Driver/Src/stm32f1xx_hal_rcc.c ****         {
 536              		.loc 1 403 16 is_stmt 0 view .LVU161
 537 011e 574B     		ldr	r3, .L122
 538 0120 1B68     		ldr	r3, [r3]
 403:Drivers/STM32F1xx_HAL_Driver/Src/stm32f1xx_hal_rcc.c ****         {
 539              		.loc 1 403 52 view .LVU162
 540 0122 13F4003F 		tst	r3, #131072
 541 0126 A2D0     		beq	.L31
 405:Drivers/STM32F1xx_HAL_Driver/Src/stm32f1xx_hal_rcc.c ****           {
 542              		.loc 1 405 11 is_stmt 1 view .LVU163
 405:Drivers/STM32F1xx_HAL_Driver/Src/stm32f1xx_hal_rcc.c ****           {
 543              		.loc 1 405 16 is_stmt 0 view .LVU164
 544 0128 FFF7FEFF 		bl	HAL_GetTick
 545              	.LVL35:
 405:Drivers/STM32F1xx_HAL_Driver/Src/stm32f1xx_hal_rcc.c ****           {
 546              		.loc 1 405 30 discriminator 1 view .LVU165
 547 012c 401B     		subs	r0, r0, r5
 405:Drivers/STM32F1xx_HAL_Driver/Src/stm32f1xx_hal_rcc.c ****           {
 548              		.loc 1 405 14 discriminator 1 view .LVU166
 549 012e 6428     		cmp	r0, #100
 550 0130 F5D9     		bls	.L41
 407:Drivers/STM32F1xx_HAL_Driver/Src/stm32f1xx_hal_rcc.c ****           }
 551              		.loc 1 407 20 view .LVU167
 552 0132 0320     		movs	r0, #3
 553 0134 5FE1     		b	.L30
 554              	.LVL36:
 555              	.L109:
 422:Drivers/STM32F1xx_HAL_Driver/Src/stm32f1xx_hal_rcc.c ****     {
 556              		.loc 1 422 83 discriminator 1 view .LVU168
 557 0136 514B     		ldr	r3, .L122
 558 0138 5B68     		ldr	r3, [r3, #4]
 422:Drivers/STM32F1xx_HAL_Driver/Src/stm32f1xx_hal_rcc.c ****     {
 559              		.loc 1 422 79 discriminator 1 view .LVU169
 560 013a 13F4803F 		tst	r3, #65536
 561 013e A5D1     		bne	.L45
 562              	.L44:
 425:Drivers/STM32F1xx_HAL_Driver/Src/stm32f1xx_hal_rcc.c ****       {
 563              		.loc 1 425 7 is_stmt 1 view .LVU170
 425:Drivers/STM32F1xx_HAL_Driver/Src/stm32f1xx_hal_rcc.c ****       {
 564              		.loc 1 425 12 is_stmt 0 view .LVU171
 565 0140 4E4B     		ldr	r3, .L122
 566 0142 1B68     		ldr	r3, [r3]
 425:Drivers/STM32F1xx_HAL_Driver/Src/stm32f1xx_hal_rcc.c ****       {
 567              		.loc 1 425 10 view .LVU172
 568 0144 13F0020F 		tst	r3, #2
 569 0148 03D0     		beq	.L46
 425:Drivers/STM32F1xx_HAL_Driver/Src/stm32f1xx_hal_rcc.c ****       {
 570              		.loc 1 425 79 discriminator 1 view .LVU173
 571 014a 2369     		ldr	r3, [r4, #16]
 425:Drivers/STM32F1xx_HAL_Driver/Src/stm32f1xx_hal_rcc.c ****       {
 572              		.loc 1 425 58 discriminator 1 view .LVU174
 573 014c 012B     		cmp	r3, #1
 574 014e 40F04F81 		bne	.L86
 575              	.L46:
 433:Drivers/STM32F1xx_HAL_Driver/Src/stm32f1xx_hal_rcc.c ****       }
 576              		.loc 1 433 9 is_stmt 1 view .LVU175
 577 0152 4A4A     		ldr	r2, .L122
ARM GAS  /tmp/ccNSEcI1.s 			page 38


 578 0154 1368     		ldr	r3, [r2]
 579 0156 23F0F803 		bic	r3, r3, #248
 580 015a 6169     		ldr	r1, [r4, #20]
 581 015c 43EAC103 		orr	r3, r3, r1, lsl #3
 582 0160 1360     		str	r3, [r2]
 583              	.L43:
 479:Drivers/STM32F1xx_HAL_Driver/Src/stm32f1xx_hal_rcc.c ****   {
 584              		.loc 1 479 3 view .LVU176
 479:Drivers/STM32F1xx_HAL_Driver/Src/stm32f1xx_hal_rcc.c ****   {
 585              		.loc 1 479 26 is_stmt 0 view .LVU177
 586 0162 2368     		ldr	r3, [r4]
 479:Drivers/STM32F1xx_HAL_Driver/Src/stm32f1xx_hal_rcc.c ****   {
 587              		.loc 1 479 6 view .LVU178
 588 0164 13F0080F 		tst	r3, #8
 589 0168 33D0     		beq	.L52
 482:Drivers/STM32F1xx_HAL_Driver/Src/stm32f1xx_hal_rcc.c **** 
 590              		.loc 1 482 5 is_stmt 1 view .LVU179
 485:Drivers/STM32F1xx_HAL_Driver/Src/stm32f1xx_hal_rcc.c ****     {
 591              		.loc 1 485 5 view .LVU180
 485:Drivers/STM32F1xx_HAL_Driver/Src/stm32f1xx_hal_rcc.c ****     {
 592              		.loc 1 485 26 is_stmt 0 view .LVU181
 593 016a A369     		ldr	r3, [r4, #24]
 485:Drivers/STM32F1xx_HAL_Driver/Src/stm32f1xx_hal_rcc.c ****     {
 594              		.loc 1 485 8 view .LVU182
 595 016c 002B     		cmp	r3, #0
 596 016e 5CD0     		beq	.L53
 488:Drivers/STM32F1xx_HAL_Driver/Src/stm32f1xx_hal_rcc.c **** 
 597              		.loc 1 488 7 is_stmt 1 view .LVU183
 598 0170 434B     		ldr	r3, .L122+4
 599 0172 0122     		movs	r2, #1
 600 0174 C3F88024 		str	r2, [r3, #1152]
 491:Drivers/STM32F1xx_HAL_Driver/Src/stm32f1xx_hal_rcc.c **** 
 601              		.loc 1 491 7 view .LVU184
 491:Drivers/STM32F1xx_HAL_Driver/Src/stm32f1xx_hal_rcc.c **** 
 602              		.loc 1 491 19 is_stmt 0 view .LVU185
 603 0178 FFF7FEFF 		bl	HAL_GetTick
 604              	.LVL37:
 605 017c 0546     		mov	r5, r0
 606              	.LVL38:
 494:Drivers/STM32F1xx_HAL_Driver/Src/stm32f1xx_hal_rcc.c ****       {
 607              		.loc 1 494 7 is_stmt 1 view .LVU186
 608              	.L54:
 494:Drivers/STM32F1xx_HAL_Driver/Src/stm32f1xx_hal_rcc.c ****       {
 609              		.loc 1 494 50 view .LVU187
 494:Drivers/STM32F1xx_HAL_Driver/Src/stm32f1xx_hal_rcc.c ****       {
 610              		.loc 1 494 14 is_stmt 0 view .LVU188
 611 017e 3F4B     		ldr	r3, .L122
 612 0180 5B6A     		ldr	r3, [r3, #36]
 494:Drivers/STM32F1xx_HAL_Driver/Src/stm32f1xx_hal_rcc.c ****       {
 613              		.loc 1 494 50 view .LVU189
 614 0182 13F0020F 		tst	r3, #2
 615 0186 21D1     		bne	.L112
 496:Drivers/STM32F1xx_HAL_Driver/Src/stm32f1xx_hal_rcc.c ****         {
 616              		.loc 1 496 9 is_stmt 1 view .LVU190
 496:Drivers/STM32F1xx_HAL_Driver/Src/stm32f1xx_hal_rcc.c ****         {
 617              		.loc 1 496 14 is_stmt 0 view .LVU191
 618 0188 FFF7FEFF 		bl	HAL_GetTick
ARM GAS  /tmp/ccNSEcI1.s 			page 39


 619              	.LVL39:
 496:Drivers/STM32F1xx_HAL_Driver/Src/stm32f1xx_hal_rcc.c ****         {
 620              		.loc 1 496 28 discriminator 1 view .LVU192
 621 018c 401B     		subs	r0, r0, r5
 496:Drivers/STM32F1xx_HAL_Driver/Src/stm32f1xx_hal_rcc.c ****         {
 622              		.loc 1 496 12 discriminator 1 view .LVU193
 623 018e 0228     		cmp	r0, #2
 624 0190 F5D9     		bls	.L54
 498:Drivers/STM32F1xx_HAL_Driver/Src/stm32f1xx_hal_rcc.c ****         }
 625              		.loc 1 498 18 view .LVU194
 626 0192 0320     		movs	r0, #3
 627 0194 2FE1     		b	.L30
 628              	.L110:
 457:Drivers/STM32F1xx_HAL_Driver/Src/stm32f1xx_hal_rcc.c ****       }
 629              		.loc 1 457 9 is_stmt 1 view .LVU195
 630 0196 394A     		ldr	r2, .L122
 631 0198 1368     		ldr	r3, [r2]
 632 019a 23F0F803 		bic	r3, r3, #248
 633 019e 6169     		ldr	r1, [r4, #20]
 634 01a0 43EAC103 		orr	r3, r3, r1, lsl #3
 635 01a4 1360     		str	r3, [r2]
 636 01a6 DCE7     		b	.L43
 637              	.LVL40:
 638              	.L47:
 462:Drivers/STM32F1xx_HAL_Driver/Src/stm32f1xx_hal_rcc.c **** 
 639              		.loc 1 462 9 view .LVU196
 640 01a8 354B     		ldr	r3, .L122+4
 641 01aa 0022     		movs	r2, #0
 642 01ac 1A60     		str	r2, [r3]
 465:Drivers/STM32F1xx_HAL_Driver/Src/stm32f1xx_hal_rcc.c **** 
 643              		.loc 1 465 9 view .LVU197
 465:Drivers/STM32F1xx_HAL_Driver/Src/stm32f1xx_hal_rcc.c **** 
 644              		.loc 1 465 21 is_stmt 0 view .LVU198
 645 01ae FFF7FEFF 		bl	HAL_GetTick
 646              	.LVL41:
 647 01b2 0546     		mov	r5, r0
 648              	.LVL42:
 468:Drivers/STM32F1xx_HAL_Driver/Src/stm32f1xx_hal_rcc.c ****         {
 649              		.loc 1 468 9 is_stmt 1 view .LVU199
 650              	.L50:
 468:Drivers/STM32F1xx_HAL_Driver/Src/stm32f1xx_hal_rcc.c ****         {
 651              		.loc 1 468 52 view .LVU200
 468:Drivers/STM32F1xx_HAL_Driver/Src/stm32f1xx_hal_rcc.c ****         {
 652              		.loc 1 468 16 is_stmt 0 view .LVU201
 653 01b4 314B     		ldr	r3, .L122
 654 01b6 1B68     		ldr	r3, [r3]
 468:Drivers/STM32F1xx_HAL_Driver/Src/stm32f1xx_hal_rcc.c ****         {
 655              		.loc 1 468 52 view .LVU202
 656 01b8 13F0020F 		tst	r3, #2
 657 01bc D1D0     		beq	.L43
 470:Drivers/STM32F1xx_HAL_Driver/Src/stm32f1xx_hal_rcc.c ****           {
 658              		.loc 1 470 11 is_stmt 1 view .LVU203
 470:Drivers/STM32F1xx_HAL_Driver/Src/stm32f1xx_hal_rcc.c ****           {
 659              		.loc 1 470 16 is_stmt 0 view .LVU204
 660 01be FFF7FEFF 		bl	HAL_GetTick
 661              	.LVL43:
 470:Drivers/STM32F1xx_HAL_Driver/Src/stm32f1xx_hal_rcc.c ****           {
ARM GAS  /tmp/ccNSEcI1.s 			page 40


 662              		.loc 1 470 30 discriminator 1 view .LVU205
 663 01c2 401B     		subs	r0, r0, r5
 470:Drivers/STM32F1xx_HAL_Driver/Src/stm32f1xx_hal_rcc.c ****           {
 664              		.loc 1 470 14 discriminator 1 view .LVU206
 665 01c4 0228     		cmp	r0, #2
 666 01c6 F5D9     		bls	.L50
 472:Drivers/STM32F1xx_HAL_Driver/Src/stm32f1xx_hal_rcc.c ****           }
 667              		.loc 1 472 20 view .LVU207
 668 01c8 0320     		movs	r0, #3
 669 01ca 14E1     		b	.L30
 670              	.L112:
 503:Drivers/STM32F1xx_HAL_Driver/Src/stm32f1xx_hal_rcc.c ****     }
 671              		.loc 1 503 7 is_stmt 1 view .LVU208
 672 01cc 0120     		movs	r0, #1
 673 01ce FFF7FEFF 		bl	RCC_Delay
 674              	.LVL44:
 675              	.L52:
 524:Drivers/STM32F1xx_HAL_Driver/Src/stm32f1xx_hal_rcc.c ****   {
 676              		.loc 1 524 3 view .LVU209
 524:Drivers/STM32F1xx_HAL_Driver/Src/stm32f1xx_hal_rcc.c ****   {
 677              		.loc 1 524 26 is_stmt 0 view .LVU210
 678 01d2 2368     		ldr	r3, [r4]
 524:Drivers/STM32F1xx_HAL_Driver/Src/stm32f1xx_hal_rcc.c ****   {
 679              		.loc 1 524 6 view .LVU211
 680 01d4 13F0040F 		tst	r3, #4
 681 01d8 00F09680 		beq	.L58
 682              	.LBB2:
 526:Drivers/STM32F1xx_HAL_Driver/Src/stm32f1xx_hal_rcc.c **** 
 683              		.loc 1 526 5 is_stmt 1 view .LVU212
 684              	.LVL45:
 529:Drivers/STM32F1xx_HAL_Driver/Src/stm32f1xx_hal_rcc.c **** 
 685              		.loc 1 529 5 view .LVU213
 533:Drivers/STM32F1xx_HAL_Driver/Src/stm32f1xx_hal_rcc.c ****     {
 686              		.loc 1 533 5 view .LVU214
 533:Drivers/STM32F1xx_HAL_Driver/Src/stm32f1xx_hal_rcc.c ****     {
 687              		.loc 1 533 9 is_stmt 0 view .LVU215
 688 01dc 274B     		ldr	r3, .L122
 689 01de DB69     		ldr	r3, [r3, #28]
 533:Drivers/STM32F1xx_HAL_Driver/Src/stm32f1xx_hal_rcc.c ****     {
 690              		.loc 1 533 8 view .LVU216
 691 01e0 13F0805F 		tst	r3, #268435456
 692 01e4 34D1     		bne	.L91
 535:Drivers/STM32F1xx_HAL_Driver/Src/stm32f1xx_hal_rcc.c ****       pwrclkchanged = SET;
 693              		.loc 1 535 7 is_stmt 1 view .LVU217
 694              	.LBB3:
 535:Drivers/STM32F1xx_HAL_Driver/Src/stm32f1xx_hal_rcc.c ****       pwrclkchanged = SET;
 695              		.loc 1 535 7 view .LVU218
 535:Drivers/STM32F1xx_HAL_Driver/Src/stm32f1xx_hal_rcc.c ****       pwrclkchanged = SET;
 696              		.loc 1 535 7 view .LVU219
 697 01e6 254B     		ldr	r3, .L122
 698 01e8 DA69     		ldr	r2, [r3, #28]
 699 01ea 42F08052 		orr	r2, r2, #268435456
 700 01ee DA61     		str	r2, [r3, #28]
 535:Drivers/STM32F1xx_HAL_Driver/Src/stm32f1xx_hal_rcc.c ****       pwrclkchanged = SET;
 701              		.loc 1 535 7 view .LVU220
 702 01f0 DB69     		ldr	r3, [r3, #28]
 703 01f2 03F08053 		and	r3, r3, #268435456
ARM GAS  /tmp/ccNSEcI1.s 			page 41


 704 01f6 0193     		str	r3, [sp, #4]
 535:Drivers/STM32F1xx_HAL_Driver/Src/stm32f1xx_hal_rcc.c ****       pwrclkchanged = SET;
 705              		.loc 1 535 7 view .LVU221
 706 01f8 019B     		ldr	r3, [sp, #4]
 707              	.LBE3:
 535:Drivers/STM32F1xx_HAL_Driver/Src/stm32f1xx_hal_rcc.c ****       pwrclkchanged = SET;
 708              		.loc 1 535 7 view .LVU222
 536:Drivers/STM32F1xx_HAL_Driver/Src/stm32f1xx_hal_rcc.c ****     }
 709              		.loc 1 536 7 view .LVU223
 710              	.LVL46:
 536:Drivers/STM32F1xx_HAL_Driver/Src/stm32f1xx_hal_rcc.c ****     }
 711              		.loc 1 536 21 is_stmt 0 view .LVU224
 712 01fa 0125     		movs	r5, #1
 713              	.LVL47:
 714              	.L59:
 539:Drivers/STM32F1xx_HAL_Driver/Src/stm32f1xx_hal_rcc.c ****     {
 715              		.loc 1 539 5 is_stmt 1 view .LVU225
 539:Drivers/STM32F1xx_HAL_Driver/Src/stm32f1xx_hal_rcc.c ****     {
 716              		.loc 1 539 9 is_stmt 0 view .LVU226
 717 01fc 214B     		ldr	r3, .L122+8
 718 01fe 1B68     		ldr	r3, [r3]
 539:Drivers/STM32F1xx_HAL_Driver/Src/stm32f1xx_hal_rcc.c ****     {
 719              		.loc 1 539 8 view .LVU227
 720 0200 13F4807F 		tst	r3, #256
 721 0204 26D0     		beq	.L113
 722              	.L60:
 557:Drivers/STM32F1xx_HAL_Driver/Src/stm32f1xx_hal_rcc.c ****     /* Check the LSE State */
 723              		.loc 1 557 5 is_stmt 1 view .LVU228
 557:Drivers/STM32F1xx_HAL_Driver/Src/stm32f1xx_hal_rcc.c ****     /* Check the LSE State */
 724              		.loc 1 557 5 view .LVU229
 725 0206 E368     		ldr	r3, [r4, #12]
 726 0208 012B     		cmp	r3, #1
 727 020a 3DD0     		beq	.L114
 557:Drivers/STM32F1xx_HAL_Driver/Src/stm32f1xx_hal_rcc.c ****     /* Check the LSE State */
 728              		.loc 1 557 5 discriminator 2 view .LVU230
 729 020c 002B     		cmp	r3, #0
 730 020e 53D1     		bne	.L65
 557:Drivers/STM32F1xx_HAL_Driver/Src/stm32f1xx_hal_rcc.c ****     /* Check the LSE State */
 731              		.loc 1 557 5 discriminator 4 view .LVU231
 732 0210 03F18043 		add	r3, r3, #1073741824
 733 0214 03F50433 		add	r3, r3, #135168
 734 0218 1A6A     		ldr	r2, [r3, #32]
 735 021a 22F00102 		bic	r2, r2, #1
 736 021e 1A62     		str	r2, [r3, #32]
 557:Drivers/STM32F1xx_HAL_Driver/Src/stm32f1xx_hal_rcc.c ****     /* Check the LSE State */
 737              		.loc 1 557 5 view .LVU232
 557:Drivers/STM32F1xx_HAL_Driver/Src/stm32f1xx_hal_rcc.c ****     /* Check the LSE State */
 738              		.loc 1 557 5 is_stmt 0 discriminator 4 view .LVU233
 739 0220 1A6A     		ldr	r2, [r3, #32]
 740 0222 22F00402 		bic	r2, r2, #4
 741 0226 1A62     		str	r2, [r3, #32]
 742 0228 33E0     		b	.L64
 743              	.LVL48:
 744              	.L53:
 557:Drivers/STM32F1xx_HAL_Driver/Src/stm32f1xx_hal_rcc.c ****     /* Check the LSE State */
 745              		.loc 1 557 5 discriminator 4 view .LVU234
 746              	.LBE2:
ARM GAS  /tmp/ccNSEcI1.s 			page 42


 508:Drivers/STM32F1xx_HAL_Driver/Src/stm32f1xx_hal_rcc.c **** 
 747              		.loc 1 508 7 is_stmt 1 view .LVU235
 748 022a 154B     		ldr	r3, .L122+4
 749 022c 0022     		movs	r2, #0
 750 022e C3F88024 		str	r2, [r3, #1152]
 511:Drivers/STM32F1xx_HAL_Driver/Src/stm32f1xx_hal_rcc.c **** 
 751              		.loc 1 511 7 view .LVU236
 511:Drivers/STM32F1xx_HAL_Driver/Src/stm32f1xx_hal_rcc.c **** 
 752              		.loc 1 511 19 is_stmt 0 view .LVU237
 753 0232 FFF7FEFF 		bl	HAL_GetTick
 754              	.LVL49:
 755 0236 0546     		mov	r5, r0
 756              	.LVL50:
 514:Drivers/STM32F1xx_HAL_Driver/Src/stm32f1xx_hal_rcc.c ****       {
 757              		.loc 1 514 7 is_stmt 1 view .LVU238
 758              	.L56:
 514:Drivers/STM32F1xx_HAL_Driver/Src/stm32f1xx_hal_rcc.c ****       {
 759              		.loc 1 514 50 view .LVU239
 514:Drivers/STM32F1xx_HAL_Driver/Src/stm32f1xx_hal_rcc.c ****       {
 760              		.loc 1 514 14 is_stmt 0 view .LVU240
 761 0238 104B     		ldr	r3, .L122
 762 023a 5B6A     		ldr	r3, [r3, #36]
 514:Drivers/STM32F1xx_HAL_Driver/Src/stm32f1xx_hal_rcc.c ****       {
 763              		.loc 1 514 50 view .LVU241
 764 023c 13F0020F 		tst	r3, #2
 765 0240 C7D0     		beq	.L52
 516:Drivers/STM32F1xx_HAL_Driver/Src/stm32f1xx_hal_rcc.c ****         {
 766              		.loc 1 516 9 is_stmt 1 view .LVU242
 516:Drivers/STM32F1xx_HAL_Driver/Src/stm32f1xx_hal_rcc.c ****         {
 767              		.loc 1 516 14 is_stmt 0 view .LVU243
 768 0242 FFF7FEFF 		bl	HAL_GetTick
 769              	.LVL51:
 516:Drivers/STM32F1xx_HAL_Driver/Src/stm32f1xx_hal_rcc.c ****         {
 770              		.loc 1 516 28 discriminator 1 view .LVU244
 771 0246 401B     		subs	r0, r0, r5
 516:Drivers/STM32F1xx_HAL_Driver/Src/stm32f1xx_hal_rcc.c ****         {
 772              		.loc 1 516 12 discriminator 1 view .LVU245
 773 0248 0228     		cmp	r0, #2
 774 024a F5D9     		bls	.L56
 518:Drivers/STM32F1xx_HAL_Driver/Src/stm32f1xx_hal_rcc.c ****         }
 775              		.loc 1 518 18 view .LVU246
 776 024c 0320     		movs	r0, #3
 777 024e D2E0     		b	.L30
 778              	.LVL52:
 779              	.L91:
 780              	.LBB4:
 526:Drivers/STM32F1xx_HAL_Driver/Src/stm32f1xx_hal_rcc.c **** 
 781              		.loc 1 526 22 view .LVU247
 782 0250 0025     		movs	r5, #0
 783 0252 D3E7     		b	.L59
 784              	.LVL53:
 785              	.L113:
 542:Drivers/STM32F1xx_HAL_Driver/Src/stm32f1xx_hal_rcc.c **** 
 786              		.loc 1 542 7 is_stmt 1 view .LVU248
 787 0254 0B4A     		ldr	r2, .L122+8
 788 0256 1368     		ldr	r3, [r2]
 789 0258 43F48073 		orr	r3, r3, #256
ARM GAS  /tmp/ccNSEcI1.s 			page 43


 790 025c 1360     		str	r3, [r2]
 545:Drivers/STM32F1xx_HAL_Driver/Src/stm32f1xx_hal_rcc.c **** 
 791              		.loc 1 545 7 view .LVU249
 545:Drivers/STM32F1xx_HAL_Driver/Src/stm32f1xx_hal_rcc.c **** 
 792              		.loc 1 545 19 is_stmt 0 view .LVU250
 793 025e FFF7FEFF 		bl	HAL_GetTick
 794              	.LVL54:
 795 0262 0646     		mov	r6, r0
 796              	.LVL55:
 547:Drivers/STM32F1xx_HAL_Driver/Src/stm32f1xx_hal_rcc.c ****       {
 797              		.loc 1 547 7 is_stmt 1 view .LVU251
 798              	.L61:
 547:Drivers/STM32F1xx_HAL_Driver/Src/stm32f1xx_hal_rcc.c ****       {
 799              		.loc 1 547 14 view .LVU252
 800 0264 074B     		ldr	r3, .L122+8
 801 0266 1B68     		ldr	r3, [r3]
 802 0268 13F4807F 		tst	r3, #256
 803 026c CBD1     		bne	.L60
 549:Drivers/STM32F1xx_HAL_Driver/Src/stm32f1xx_hal_rcc.c ****         {
 804              		.loc 1 549 9 view .LVU253
 549:Drivers/STM32F1xx_HAL_Driver/Src/stm32f1xx_hal_rcc.c ****         {
 805              		.loc 1 549 14 is_stmt 0 view .LVU254
 806 026e FFF7FEFF 		bl	HAL_GetTick
 807              	.LVL56:
 549:Drivers/STM32F1xx_HAL_Driver/Src/stm32f1xx_hal_rcc.c ****         {
 808              		.loc 1 549 28 discriminator 1 view .LVU255
 809 0272 801B     		subs	r0, r0, r6
 549:Drivers/STM32F1xx_HAL_Driver/Src/stm32f1xx_hal_rcc.c ****         {
 810              		.loc 1 549 12 discriminator 1 view .LVU256
 811 0274 6428     		cmp	r0, #100
 812 0276 F5D9     		bls	.L61
 551:Drivers/STM32F1xx_HAL_Driver/Src/stm32f1xx_hal_rcc.c ****         }
 813              		.loc 1 551 18 view .LVU257
 814 0278 0320     		movs	r0, #3
 815 027a BCE0     		b	.L30
 816              	.L123:
 817              		.align	2
 818              	.L122:
 819 027c 00100240 		.word	1073876992
 820 0280 00004242 		.word	1111621632
 821 0284 00700040 		.word	1073770496
 822              	.LVL57:
 823              	.L114:
 557:Drivers/STM32F1xx_HAL_Driver/Src/stm32f1xx_hal_rcc.c ****     /* Check the LSE State */
 824              		.loc 1 557 5 is_stmt 1 discriminator 1 view .LVU258
 825 0288 5F4A     		ldr	r2, .L124
 826 028a 136A     		ldr	r3, [r2, #32]
 827 028c 43F00103 		orr	r3, r3, #1
 828 0290 1362     		str	r3, [r2, #32]
 829              	.L64:
 557:Drivers/STM32F1xx_HAL_Driver/Src/stm32f1xx_hal_rcc.c ****     /* Check the LSE State */
 830              		.loc 1 557 5 discriminator 10 view .LVU259
 559:Drivers/STM32F1xx_HAL_Driver/Src/stm32f1xx_hal_rcc.c ****     {
 831              		.loc 1 559 5 view .LVU260
 559:Drivers/STM32F1xx_HAL_Driver/Src/stm32f1xx_hal_rcc.c ****     {
 832              		.loc 1 559 26 is_stmt 0 view .LVU261
 833 0292 E368     		ldr	r3, [r4, #12]
ARM GAS  /tmp/ccNSEcI1.s 			page 44


 559:Drivers/STM32F1xx_HAL_Driver/Src/stm32f1xx_hal_rcc.c ****     {
 834              		.loc 1 559 8 view .LVU262
 835 0294 33B3     		cbz	r3, .L67
 562:Drivers/STM32F1xx_HAL_Driver/Src/stm32f1xx_hal_rcc.c **** 
 836              		.loc 1 562 7 is_stmt 1 view .LVU263
 562:Drivers/STM32F1xx_HAL_Driver/Src/stm32f1xx_hal_rcc.c **** 
 837              		.loc 1 562 19 is_stmt 0 view .LVU264
 838 0296 FFF7FEFF 		bl	HAL_GetTick
 839              	.LVL58:
 840 029a 0646     		mov	r6, r0
 841              	.LVL59:
 565:Drivers/STM32F1xx_HAL_Driver/Src/stm32f1xx_hal_rcc.c ****       {
 842              		.loc 1 565 7 is_stmt 1 view .LVU265
 843              	.L68:
 565:Drivers/STM32F1xx_HAL_Driver/Src/stm32f1xx_hal_rcc.c ****       {
 844              		.loc 1 565 50 view .LVU266
 565:Drivers/STM32F1xx_HAL_Driver/Src/stm32f1xx_hal_rcc.c ****       {
 845              		.loc 1 565 14 is_stmt 0 view .LVU267
 846 029c 5A4B     		ldr	r3, .L124
 847 029e 1B6A     		ldr	r3, [r3, #32]
 565:Drivers/STM32F1xx_HAL_Driver/Src/stm32f1xx_hal_rcc.c ****       {
 848              		.loc 1 565 50 view .LVU268
 849 02a0 13F0020F 		tst	r3, #2
 850 02a4 2FD1     		bne	.L70
 567:Drivers/STM32F1xx_HAL_Driver/Src/stm32f1xx_hal_rcc.c ****         {
 851              		.loc 1 567 9 is_stmt 1 view .LVU269
 567:Drivers/STM32F1xx_HAL_Driver/Src/stm32f1xx_hal_rcc.c ****         {
 852              		.loc 1 567 14 is_stmt 0 view .LVU270
 853 02a6 FFF7FEFF 		bl	HAL_GetTick
 854              	.LVL60:
 567:Drivers/STM32F1xx_HAL_Driver/Src/stm32f1xx_hal_rcc.c ****         {
 855              		.loc 1 567 28 discriminator 1 view .LVU271
 856 02aa 801B     		subs	r0, r0, r6
 567:Drivers/STM32F1xx_HAL_Driver/Src/stm32f1xx_hal_rcc.c ****         {
 857              		.loc 1 567 12 discriminator 1 view .LVU272
 858 02ac 41F28833 		movw	r3, #5000
 859 02b0 9842     		cmp	r0, r3
 860 02b2 F3D9     		bls	.L68
 569:Drivers/STM32F1xx_HAL_Driver/Src/stm32f1xx_hal_rcc.c ****         }
 861              		.loc 1 569 18 view .LVU273
 862 02b4 0320     		movs	r0, #3
 863 02b6 9EE0     		b	.L30
 864              	.LVL61:
 865              	.L65:
 557:Drivers/STM32F1xx_HAL_Driver/Src/stm32f1xx_hal_rcc.c ****     /* Check the LSE State */
 866              		.loc 1 557 5 is_stmt 1 discriminator 5 view .LVU274
 867 02b8 052B     		cmp	r3, #5
 868 02ba 09D0     		beq	.L115
 557:Drivers/STM32F1xx_HAL_Driver/Src/stm32f1xx_hal_rcc.c ****     /* Check the LSE State */
 869              		.loc 1 557 5 discriminator 8 view .LVU275
 870 02bc 524B     		ldr	r3, .L124
 871 02be 1A6A     		ldr	r2, [r3, #32]
 872 02c0 22F00102 		bic	r2, r2, #1
 873 02c4 1A62     		str	r2, [r3, #32]
 557:Drivers/STM32F1xx_HAL_Driver/Src/stm32f1xx_hal_rcc.c ****     /* Check the LSE State */
 874              		.loc 1 557 5 view .LVU276
 557:Drivers/STM32F1xx_HAL_Driver/Src/stm32f1xx_hal_rcc.c ****     /* Check the LSE State */
ARM GAS  /tmp/ccNSEcI1.s 			page 45


 875              		.loc 1 557 5 is_stmt 0 discriminator 8 view .LVU277
 876 02c6 1A6A     		ldr	r2, [r3, #32]
 877 02c8 22F00402 		bic	r2, r2, #4
 878 02cc 1A62     		str	r2, [r3, #32]
 879 02ce E0E7     		b	.L64
 880              	.L115:
 557:Drivers/STM32F1xx_HAL_Driver/Src/stm32f1xx_hal_rcc.c ****     /* Check the LSE State */
 881              		.loc 1 557 5 is_stmt 1 discriminator 7 view .LVU278
 882 02d0 4D4B     		ldr	r3, .L124
 883 02d2 1A6A     		ldr	r2, [r3, #32]
 884 02d4 42F00402 		orr	r2, r2, #4
 885 02d8 1A62     		str	r2, [r3, #32]
 557:Drivers/STM32F1xx_HAL_Driver/Src/stm32f1xx_hal_rcc.c ****     /* Check the LSE State */
 886              		.loc 1 557 5 view .LVU279
 557:Drivers/STM32F1xx_HAL_Driver/Src/stm32f1xx_hal_rcc.c ****     /* Check the LSE State */
 887              		.loc 1 557 5 is_stmt 0 discriminator 7 view .LVU280
 888 02da 1A6A     		ldr	r2, [r3, #32]
 889 02dc 42F00102 		orr	r2, r2, #1
 890 02e0 1A62     		str	r2, [r3, #32]
 891 02e2 D6E7     		b	.L64
 892              	.L67:
 576:Drivers/STM32F1xx_HAL_Driver/Src/stm32f1xx_hal_rcc.c **** 
 893              		.loc 1 576 7 is_stmt 1 view .LVU281
 576:Drivers/STM32F1xx_HAL_Driver/Src/stm32f1xx_hal_rcc.c **** 
 894              		.loc 1 576 19 is_stmt 0 view .LVU282
 895 02e4 FFF7FEFF 		bl	HAL_GetTick
 896              	.LVL62:
 897 02e8 0646     		mov	r6, r0
 898              	.LVL63:
 579:Drivers/STM32F1xx_HAL_Driver/Src/stm32f1xx_hal_rcc.c ****       {
 899              		.loc 1 579 7 is_stmt 1 view .LVU283
 900              	.L71:
 579:Drivers/STM32F1xx_HAL_Driver/Src/stm32f1xx_hal_rcc.c ****       {
 901              		.loc 1 579 50 view .LVU284
 579:Drivers/STM32F1xx_HAL_Driver/Src/stm32f1xx_hal_rcc.c ****       {
 902              		.loc 1 579 14 is_stmt 0 view .LVU285
 903 02ea 474B     		ldr	r3, .L124
 904 02ec 1B6A     		ldr	r3, [r3, #32]
 579:Drivers/STM32F1xx_HAL_Driver/Src/stm32f1xx_hal_rcc.c ****       {
 905              		.loc 1 579 50 view .LVU286
 906 02ee 13F0020F 		tst	r3, #2
 907 02f2 08D0     		beq	.L70
 581:Drivers/STM32F1xx_HAL_Driver/Src/stm32f1xx_hal_rcc.c ****         {
 908              		.loc 1 581 9 is_stmt 1 view .LVU287
 581:Drivers/STM32F1xx_HAL_Driver/Src/stm32f1xx_hal_rcc.c ****         {
 909              		.loc 1 581 14 is_stmt 0 view .LVU288
 910 02f4 FFF7FEFF 		bl	HAL_GetTick
 911              	.LVL64:
 581:Drivers/STM32F1xx_HAL_Driver/Src/stm32f1xx_hal_rcc.c ****         {
 912              		.loc 1 581 28 discriminator 1 view .LVU289
 913 02f8 801B     		subs	r0, r0, r6
 581:Drivers/STM32F1xx_HAL_Driver/Src/stm32f1xx_hal_rcc.c ****         {
 914              		.loc 1 581 12 discriminator 1 view .LVU290
 915 02fa 41F28833 		movw	r3, #5000
 916 02fe 9842     		cmp	r0, r3
 917 0300 F3D9     		bls	.L71
 583:Drivers/STM32F1xx_HAL_Driver/Src/stm32f1xx_hal_rcc.c ****         }
ARM GAS  /tmp/ccNSEcI1.s 			page 46


 918              		.loc 1 583 18 view .LVU291
 919 0302 0320     		movs	r0, #3
 920 0304 77E0     		b	.L30
 921              	.L70:
 589:Drivers/STM32F1xx_HAL_Driver/Src/stm32f1xx_hal_rcc.c ****     {
 922              		.loc 1 589 5 is_stmt 1 view .LVU292
 589:Drivers/STM32F1xx_HAL_Driver/Src/stm32f1xx_hal_rcc.c ****     {
 923              		.loc 1 589 8 is_stmt 0 view .LVU293
 924 0306 E5B9     		cbnz	r5, .L116
 925              	.LVL65:
 926              	.L58:
 589:Drivers/STM32F1xx_HAL_Driver/Src/stm32f1xx_hal_rcc.c ****     {
 927              		.loc 1 589 8 view .LVU294
 928              	.LBE4:
 687:Drivers/STM32F1xx_HAL_Driver/Src/stm32f1xx_hal_rcc.c ****   if ((RCC_OscInitStruct->PLL.PLLState) != RCC_PLL_NONE)
 929              		.loc 1 687 3 is_stmt 1 view .LVU295
 688:Drivers/STM32F1xx_HAL_Driver/Src/stm32f1xx_hal_rcc.c ****   {
 930              		.loc 1 688 3 view .LVU296
 688:Drivers/STM32F1xx_HAL_Driver/Src/stm32f1xx_hal_rcc.c ****   {
 931              		.loc 1 688 30 is_stmt 0 view .LVU297
 932 0308 E369     		ldr	r3, [r4, #28]
 688:Drivers/STM32F1xx_HAL_Driver/Src/stm32f1xx_hal_rcc.c ****   {
 933              		.loc 1 688 6 view .LVU298
 934 030a 002B     		cmp	r3, #0
 935 030c 72D0     		beq	.L95
 691:Drivers/STM32F1xx_HAL_Driver/Src/stm32f1xx_hal_rcc.c ****     {
 936              		.loc 1 691 5 is_stmt 1 view .LVU299
 691:Drivers/STM32F1xx_HAL_Driver/Src/stm32f1xx_hal_rcc.c ****     {
 937              		.loc 1 691 9 is_stmt 0 view .LVU300
 938 030e 3E4A     		ldr	r2, .L124
 939 0310 5268     		ldr	r2, [r2, #4]
 940 0312 02F00C02 		and	r2, r2, #12
 691:Drivers/STM32F1xx_HAL_Driver/Src/stm32f1xx_hal_rcc.c ****     {
 941              		.loc 1 691 8 view .LVU301
 942 0316 082A     		cmp	r2, #8
 943 0318 56D0     		beq	.L73
 693:Drivers/STM32F1xx_HAL_Driver/Src/stm32f1xx_hal_rcc.c ****       {
 944              		.loc 1 693 7 is_stmt 1 view .LVU302
 693:Drivers/STM32F1xx_HAL_Driver/Src/stm32f1xx_hal_rcc.c ****       {
 945              		.loc 1 693 10 is_stmt 0 view .LVU303
 946 031a 022B     		cmp	r3, #2
 947 031c 17D0     		beq	.L117
 752:Drivers/STM32F1xx_HAL_Driver/Src/stm32f1xx_hal_rcc.c **** 
 948              		.loc 1 752 9 is_stmt 1 view .LVU304
 949 031e 3B4B     		ldr	r3, .L124+4
 950 0320 0022     		movs	r2, #0
 951 0322 1A66     		str	r2, [r3, #96]
 755:Drivers/STM32F1xx_HAL_Driver/Src/stm32f1xx_hal_rcc.c **** 
 952              		.loc 1 755 9 view .LVU305
 755:Drivers/STM32F1xx_HAL_Driver/Src/stm32f1xx_hal_rcc.c **** 
 953              		.loc 1 755 21 is_stmt 0 view .LVU306
 954 0324 FFF7FEFF 		bl	HAL_GetTick
 955              	.LVL66:
 956 0328 0446     		mov	r4, r0
 957              	.LVL67:
 758:Drivers/STM32F1xx_HAL_Driver/Src/stm32f1xx_hal_rcc.c ****         {
 958              		.loc 1 758 9 is_stmt 1 view .LVU307
ARM GAS  /tmp/ccNSEcI1.s 			page 47


 959              	.L80:
 758:Drivers/STM32F1xx_HAL_Driver/Src/stm32f1xx_hal_rcc.c ****         {
 960              		.loc 1 758 53 view .LVU308
 758:Drivers/STM32F1xx_HAL_Driver/Src/stm32f1xx_hal_rcc.c ****         {
 961              		.loc 1 758 16 is_stmt 0 view .LVU309
 962 032a 374B     		ldr	r3, .L124
 963 032c 1B68     		ldr	r3, [r3]
 758:Drivers/STM32F1xx_HAL_Driver/Src/stm32f1xx_hal_rcc.c ****         {
 964              		.loc 1 758 53 view .LVU310
 965 032e 13F0007F 		tst	r3, #33554432
 966 0332 47D0     		beq	.L118
 760:Drivers/STM32F1xx_HAL_Driver/Src/stm32f1xx_hal_rcc.c ****           {
 967              		.loc 1 760 11 is_stmt 1 view .LVU311
 760:Drivers/STM32F1xx_HAL_Driver/Src/stm32f1xx_hal_rcc.c ****           {
 968              		.loc 1 760 16 is_stmt 0 view .LVU312
 969 0334 FFF7FEFF 		bl	HAL_GetTick
 970              	.LVL68:
 760:Drivers/STM32F1xx_HAL_Driver/Src/stm32f1xx_hal_rcc.c ****           {
 971              		.loc 1 760 30 discriminator 1 view .LVU313
 972 0338 001B     		subs	r0, r0, r4
 760:Drivers/STM32F1xx_HAL_Driver/Src/stm32f1xx_hal_rcc.c ****           {
 973              		.loc 1 760 14 discriminator 1 view .LVU314
 974 033a 0228     		cmp	r0, #2
 975 033c F5D9     		bls	.L80
 762:Drivers/STM32F1xx_HAL_Driver/Src/stm32f1xx_hal_rcc.c ****           }
 976              		.loc 1 762 20 view .LVU315
 977 033e 0320     		movs	r0, #3
 978 0340 59E0     		b	.L30
 979              	.LVL69:
 980              	.L116:
 981              	.LBB5:
 591:Drivers/STM32F1xx_HAL_Driver/Src/stm32f1xx_hal_rcc.c ****     }
 982              		.loc 1 591 7 is_stmt 1 view .LVU316
 983 0342 314A     		ldr	r2, .L124
 984 0344 D369     		ldr	r3, [r2, #28]
 985 0346 23F08053 		bic	r3, r3, #268435456
 986 034a D361     		str	r3, [r2, #28]
 987 034c DCE7     		b	.L58
 988              	.LVL70:
 989              	.L117:
 591:Drivers/STM32F1xx_HAL_Driver/Src/stm32f1xx_hal_rcc.c ****     }
 990              		.loc 1 591 7 is_stmt 0 view .LVU317
 991              	.LBE5:
 696:Drivers/STM32F1xx_HAL_Driver/Src/stm32f1xx_hal_rcc.c ****         assert_param(IS_RCC_PLL_MUL(RCC_OscInitStruct->PLL.PLLMUL));
 992              		.loc 1 696 9 is_stmt 1 view .LVU318
 697:Drivers/STM32F1xx_HAL_Driver/Src/stm32f1xx_hal_rcc.c **** 
 993              		.loc 1 697 9 view .LVU319
 700:Drivers/STM32F1xx_HAL_Driver/Src/stm32f1xx_hal_rcc.c **** 
 994              		.loc 1 700 9 view .LVU320
 995 034e 2F4B     		ldr	r3, .L124+4
 996 0350 0022     		movs	r2, #0
 997 0352 1A66     		str	r2, [r3, #96]
 703:Drivers/STM32F1xx_HAL_Driver/Src/stm32f1xx_hal_rcc.c **** 
 998              		.loc 1 703 9 view .LVU321
 703:Drivers/STM32F1xx_HAL_Driver/Src/stm32f1xx_hal_rcc.c **** 
 999              		.loc 1 703 21 is_stmt 0 view .LVU322
 1000 0354 FFF7FEFF 		bl	HAL_GetTick
ARM GAS  /tmp/ccNSEcI1.s 			page 48


 1001              	.LVL71:
 1002 0358 0546     		mov	r5, r0
 1003              	.LVL72:
 706:Drivers/STM32F1xx_HAL_Driver/Src/stm32f1xx_hal_rcc.c ****         {
 1004              		.loc 1 706 9 is_stmt 1 view .LVU323
 1005              	.L75:
 706:Drivers/STM32F1xx_HAL_Driver/Src/stm32f1xx_hal_rcc.c ****         {
 1006              		.loc 1 706 53 view .LVU324
 706:Drivers/STM32F1xx_HAL_Driver/Src/stm32f1xx_hal_rcc.c ****         {
 1007              		.loc 1 706 16 is_stmt 0 view .LVU325
 1008 035a 2B4B     		ldr	r3, .L124
 1009 035c 1B68     		ldr	r3, [r3]
 706:Drivers/STM32F1xx_HAL_Driver/Src/stm32f1xx_hal_rcc.c ****         {
 1010              		.loc 1 706 53 view .LVU326
 1011 035e 13F0007F 		tst	r3, #33554432
 1012 0362 06D0     		beq	.L119
 708:Drivers/STM32F1xx_HAL_Driver/Src/stm32f1xx_hal_rcc.c ****           {
 1013              		.loc 1 708 11 is_stmt 1 view .LVU327
 708:Drivers/STM32F1xx_HAL_Driver/Src/stm32f1xx_hal_rcc.c ****           {
 1014              		.loc 1 708 16 is_stmt 0 view .LVU328
 1015 0364 FFF7FEFF 		bl	HAL_GetTick
 1016              	.LVL73:
 708:Drivers/STM32F1xx_HAL_Driver/Src/stm32f1xx_hal_rcc.c ****           {
 1017              		.loc 1 708 30 discriminator 1 view .LVU329
 1018 0368 401B     		subs	r0, r0, r5
 708:Drivers/STM32F1xx_HAL_Driver/Src/stm32f1xx_hal_rcc.c ****           {
 1019              		.loc 1 708 14 discriminator 1 view .LVU330
 1020 036a 0228     		cmp	r0, #2
 1021 036c F5D9     		bls	.L75
 710:Drivers/STM32F1xx_HAL_Driver/Src/stm32f1xx_hal_rcc.c ****           }
 1022              		.loc 1 710 20 view .LVU331
 1023 036e 0320     		movs	r0, #3
 1024 0370 41E0     		b	.L30
 1025              	.L119:
 716:Drivers/STM32F1xx_HAL_Driver/Src/stm32f1xx_hal_rcc.c ****         {
 1026              		.loc 1 716 9 is_stmt 1 view .LVU332
 716:Drivers/STM32F1xx_HAL_Driver/Src/stm32f1xx_hal_rcc.c ****         {
 1027              		.loc 1 716 35 is_stmt 0 view .LVU333
 1028 0372 236A     		ldr	r3, [r4, #32]
 716:Drivers/STM32F1xx_HAL_Driver/Src/stm32f1xx_hal_rcc.c ****         {
 1029              		.loc 1 716 12 view .LVU334
 1030 0374 B3F5803F 		cmp	r3, #65536
 1031 0378 1AD0     		beq	.L120
 1032              	.L77:
 732:Drivers/STM32F1xx_HAL_Driver/Src/stm32f1xx_hal_rcc.c ****                              RCC_OscInitStruct->PLL.PLLMUL);
 1033              		.loc 1 732 9 is_stmt 1 view .LVU335
 1034 037a 2349     		ldr	r1, .L124
 1035 037c 4B68     		ldr	r3, [r1, #4]
 1036 037e 23F47413 		bic	r3, r3, #3997696
 1037 0382 226A     		ldr	r2, [r4, #32]
 1038 0384 606A     		ldr	r0, [r4, #36]
 1039 0386 0243     		orrs	r2, r2, r0
 1040 0388 1343     		orrs	r3, r3, r2
 1041 038a 4B60     		str	r3, [r1, #4]
 735:Drivers/STM32F1xx_HAL_Driver/Src/stm32f1xx_hal_rcc.c **** 
 1042              		.loc 1 735 9 view .LVU336
 1043 038c 1F4B     		ldr	r3, .L124+4
ARM GAS  /tmp/ccNSEcI1.s 			page 49


 1044 038e 0122     		movs	r2, #1
 1045 0390 1A66     		str	r2, [r3, #96]
 738:Drivers/STM32F1xx_HAL_Driver/Src/stm32f1xx_hal_rcc.c **** 
 1046              		.loc 1 738 9 view .LVU337
 738:Drivers/STM32F1xx_HAL_Driver/Src/stm32f1xx_hal_rcc.c **** 
 1047              		.loc 1 738 21 is_stmt 0 view .LVU338
 1048 0392 FFF7FEFF 		bl	HAL_GetTick
 1049              	.LVL74:
 1050 0396 0446     		mov	r4, r0
 1051              	.LVL75:
 741:Drivers/STM32F1xx_HAL_Driver/Src/stm32f1xx_hal_rcc.c ****         {
 1052              		.loc 1 741 9 is_stmt 1 view .LVU339
 1053              	.L78:
 741:Drivers/STM32F1xx_HAL_Driver/Src/stm32f1xx_hal_rcc.c ****         {
 1054              		.loc 1 741 53 view .LVU340
 741:Drivers/STM32F1xx_HAL_Driver/Src/stm32f1xx_hal_rcc.c ****         {
 1055              		.loc 1 741 16 is_stmt 0 view .LVU341
 1056 0398 1B4B     		ldr	r3, .L124
 1057 039a 1B68     		ldr	r3, [r3]
 741:Drivers/STM32F1xx_HAL_Driver/Src/stm32f1xx_hal_rcc.c ****         {
 1058              		.loc 1 741 53 view .LVU342
 1059 039c 13F0007F 		tst	r3, #33554432
 1060 03a0 0ED1     		bne	.L121
 743:Drivers/STM32F1xx_HAL_Driver/Src/stm32f1xx_hal_rcc.c ****           {
 1061              		.loc 1 743 11 is_stmt 1 view .LVU343
 743:Drivers/STM32F1xx_HAL_Driver/Src/stm32f1xx_hal_rcc.c ****           {
 1062              		.loc 1 743 16 is_stmt 0 view .LVU344
 1063 03a2 FFF7FEFF 		bl	HAL_GetTick
 1064              	.LVL76:
 743:Drivers/STM32F1xx_HAL_Driver/Src/stm32f1xx_hal_rcc.c ****           {
 1065              		.loc 1 743 30 discriminator 1 view .LVU345
 1066 03a6 001B     		subs	r0, r0, r4
 743:Drivers/STM32F1xx_HAL_Driver/Src/stm32f1xx_hal_rcc.c ****           {
 1067              		.loc 1 743 14 discriminator 1 view .LVU346
 1068 03a8 0228     		cmp	r0, #2
 1069 03aa F5D9     		bls	.L78
 745:Drivers/STM32F1xx_HAL_Driver/Src/stm32f1xx_hal_rcc.c ****           }
 1070              		.loc 1 745 20 view .LVU347
 1071 03ac 0320     		movs	r0, #3
 1072 03ae 22E0     		b	.L30
 1073              	.LVL77:
 1074              	.L120:
 719:Drivers/STM32F1xx_HAL_Driver/Src/stm32f1xx_hal_rcc.c **** #if defined(RCC_CFGR2_PREDIV1SRC)
 1075              		.loc 1 719 11 is_stmt 1 view .LVU348
 728:Drivers/STM32F1xx_HAL_Driver/Src/stm32f1xx_hal_rcc.c ****         }
 1076              		.loc 1 728 11 view .LVU349
 1077 03b0 154A     		ldr	r2, .L124
 1078 03b2 5368     		ldr	r3, [r2, #4]
 1079 03b4 23F40033 		bic	r3, r3, #131072
 1080 03b8 A168     		ldr	r1, [r4, #8]
 1081 03ba 0B43     		orrs	r3, r3, r1
 1082 03bc 5360     		str	r3, [r2, #4]
 1083 03be DCE7     		b	.L77
 1084              	.LVL78:
 1085              	.L121:
 787:Drivers/STM32F1xx_HAL_Driver/Src/stm32f1xx_hal_rcc.c **** }
 1086              		.loc 1 787 10 is_stmt 0 view .LVU350
ARM GAS  /tmp/ccNSEcI1.s 			page 50


 1087 03c0 0020     		movs	r0, #0
 1088 03c2 18E0     		b	.L30
 1089              	.L118:
 787:Drivers/STM32F1xx_HAL_Driver/Src/stm32f1xx_hal_rcc.c **** }
 1090              		.loc 1 787 10 view .LVU351
 1091 03c4 0020     		movs	r0, #0
 1092 03c6 16E0     		b	.L30
 1093              	.LVL79:
 1094              	.L73:
 770:Drivers/STM32F1xx_HAL_Driver/Src/stm32f1xx_hal_rcc.c ****       {
 1095              		.loc 1 770 7 is_stmt 1 view .LVU352
 770:Drivers/STM32F1xx_HAL_Driver/Src/stm32f1xx_hal_rcc.c ****       {
 1096              		.loc 1 770 10 is_stmt 0 view .LVU353
 1097 03c8 012B     		cmp	r3, #1
 1098 03ca 16D0     		beq	.L99
 777:Drivers/STM32F1xx_HAL_Driver/Src/stm32f1xx_hal_rcc.c ****         if ((READ_BIT(pll_config, RCC_CFGR_PLLSRC) != RCC_OscInitStruct->PLL.PLLSource) ||
 1099              		.loc 1 777 9 is_stmt 1 view .LVU354
 777:Drivers/STM32F1xx_HAL_Driver/Src/stm32f1xx_hal_rcc.c ****         if ((READ_BIT(pll_config, RCC_CFGR_PLLSRC) != RCC_OscInitStruct->PLL.PLLSource) ||
 1100              		.loc 1 777 20 is_stmt 0 view .LVU355
 1101 03cc 0E4B     		ldr	r3, .L124
 1102 03ce 5B68     		ldr	r3, [r3, #4]
 1103              	.LVL80:
 778:Drivers/STM32F1xx_HAL_Driver/Src/stm32f1xx_hal_rcc.c ****             (READ_BIT(pll_config, RCC_CFGR_PLLMULL) != RCC_OscInitStruct->PLL.PLLMUL))
 1104              		.loc 1 778 9 is_stmt 1 view .LVU356
 778:Drivers/STM32F1xx_HAL_Driver/Src/stm32f1xx_hal_rcc.c ****             (READ_BIT(pll_config, RCC_CFGR_PLLMULL) != RCC_OscInitStruct->PLL.PLLMUL))
 1105              		.loc 1 778 14 is_stmt 0 view .LVU357
 1106 03d0 03F48031 		and	r1, r3, #65536
 778:Drivers/STM32F1xx_HAL_Driver/Src/stm32f1xx_hal_rcc.c ****             (READ_BIT(pll_config, RCC_CFGR_PLLMULL) != RCC_OscInitStruct->PLL.PLLMUL))
 1107              		.loc 1 778 77 view .LVU358
 1108 03d4 226A     		ldr	r2, [r4, #32]
 778:Drivers/STM32F1xx_HAL_Driver/Src/stm32f1xx_hal_rcc.c ****             (READ_BIT(pll_config, RCC_CFGR_PLLMULL) != RCC_OscInitStruct->PLL.PLLMUL))
 1109              		.loc 1 778 12 view .LVU359
 1110 03d6 9142     		cmp	r1, r2
 1111 03d8 11D1     		bne	.L100
 779:Drivers/STM32F1xx_HAL_Driver/Src/stm32f1xx_hal_rcc.c ****         {
 1112              		.loc 1 779 14 view .LVU360
 1113 03da 03F47013 		and	r3, r3, #3932160
 1114              	.LVL81:
 779:Drivers/STM32F1xx_HAL_Driver/Src/stm32f1xx_hal_rcc.c ****         {
 1115              		.loc 1 779 78 view .LVU361
 1116 03de 626A     		ldr	r2, [r4, #36]
 778:Drivers/STM32F1xx_HAL_Driver/Src/stm32f1xx_hal_rcc.c ****             (READ_BIT(pll_config, RCC_CFGR_PLLMULL) != RCC_OscInitStruct->PLL.PLLMUL))
 1117              		.loc 1 778 89 discriminator 1 view .LVU362
 1118 03e0 9342     		cmp	r3, r2
 1119 03e2 0ED1     		bne	.L101
 787:Drivers/STM32F1xx_HAL_Driver/Src/stm32f1xx_hal_rcc.c **** }
 1120              		.loc 1 787 10 view .LVU363
 1121 03e4 0020     		movs	r0, #0
 1122 03e6 06E0     		b	.L30
 1123              	.LVL82:
 1124              	.L82:
 1125              	.LCFI5:
 1126              		.cfi_def_cfa_offset 0
 1127              		.cfi_restore 4
 1128              		.cfi_restore 5
 1129              		.cfi_restore 6
 1130              		.cfi_restore 14
ARM GAS  /tmp/ccNSEcI1.s 			page 51


 355:Drivers/STM32F1xx_HAL_Driver/Src/stm32f1xx_hal_rcc.c ****   }
 1131              		.loc 1 355 12 view .LVU364
 1132 03e8 0120     		movs	r0, #1
 1133              	.LVL83:
 788:Drivers/STM32F1xx_HAL_Driver/Src/stm32f1xx_hal_rcc.c **** 
 1134              		.loc 1 788 1 view .LVU365
 1135 03ea 7047     		bx	lr
 1136              	.LVL84:
 1137              	.L108:
 1138              	.LCFI6:
 1139              		.cfi_def_cfa_offset 24
 1140              		.cfi_offset 4, -16
 1141              		.cfi_offset 5, -12
 1142              		.cfi_offset 6, -8
 1143              		.cfi_offset 14, -4
 373:Drivers/STM32F1xx_HAL_Driver/Src/stm32f1xx_hal_rcc.c ****       }
 1144              		.loc 1 373 16 view .LVU366
 1145 03ec 0120     		movs	r0, #1
 1146              	.LVL85:
 373:Drivers/STM32F1xx_HAL_Driver/Src/stm32f1xx_hal_rcc.c ****       }
 1147              		.loc 1 373 16 view .LVU367
 1148 03ee 02E0     		b	.L30
 1149              	.L86:
 427:Drivers/STM32F1xx_HAL_Driver/Src/stm32f1xx_hal_rcc.c ****       }
 1150              		.loc 1 427 16 view .LVU368
 1151 03f0 0120     		movs	r0, #1
 1152 03f2 00E0     		b	.L30
 1153              	.L95:
 787:Drivers/STM32F1xx_HAL_Driver/Src/stm32f1xx_hal_rcc.c **** }
 1154              		.loc 1 787 10 view .LVU369
 1155 03f4 0020     		movs	r0, #0
 1156              	.LVL86:
 1157              	.L30:
 788:Drivers/STM32F1xx_HAL_Driver/Src/stm32f1xx_hal_rcc.c **** 
 1158              		.loc 1 788 1 view .LVU370
 1159 03f6 02B0     		add	sp, sp, #8
 1160              	.LCFI7:
 1161              		.cfi_remember_state
 1162              		.cfi_def_cfa_offset 16
 1163              		@ sp needed
 1164 03f8 70BD     		pop	{r4, r5, r6, pc}
 1165              	.LVL87:
 1166              	.L99:
 1167              	.LCFI8:
 1168              		.cfi_restore_state
 772:Drivers/STM32F1xx_HAL_Driver/Src/stm32f1xx_hal_rcc.c ****       }
 1169              		.loc 1 772 16 view .LVU371
 1170 03fa 0120     		movs	r0, #1
 1171 03fc FBE7     		b	.L30
 1172              	.LVL88:
 1173              	.L100:
 781:Drivers/STM32F1xx_HAL_Driver/Src/stm32f1xx_hal_rcc.c ****         }
 1174              		.loc 1 781 18 view .LVU372
 1175 03fe 0120     		movs	r0, #1
 1176 0400 F9E7     		b	.L30
 1177              	.LVL89:
 1178              	.L101:
ARM GAS  /tmp/ccNSEcI1.s 			page 52


 781:Drivers/STM32F1xx_HAL_Driver/Src/stm32f1xx_hal_rcc.c ****         }
 1179              		.loc 1 781 18 view .LVU373
 1180 0402 0120     		movs	r0, #1
 1181 0404 F7E7     		b	.L30
 1182              	.L125:
 1183 0406 00BF     		.align	2
 1184              	.L124:
 1185 0408 00100240 		.word	1073876992
 1186 040c 00004242 		.word	1111621632
 1187              		.cfi_endproc
 1188              	.LFE66:
 1190              		.section	.text.HAL_RCC_MCOConfig,"ax",%progbits
 1191              		.align	1
 1192              		.global	HAL_RCC_MCOConfig
 1193              		.syntax unified
 1194              		.thumb
 1195              		.thumb_func
 1197              	HAL_RCC_MCOConfig:
 1198              	.LVL90:
 1199              	.LFB68:
1003:Drivers/STM32F1xx_HAL_Driver/Src/stm32f1xx_hal_rcc.c ****   GPIO_InitTypeDef gpio = {0U};
 1200              		.loc 1 1003 1 is_stmt 1 view -0
 1201              		.cfi_startproc
 1202              		@ args = 0, pretend = 0, frame = 24
 1203              		@ frame_needed = 0, uses_anonymous_args = 0
1003:Drivers/STM32F1xx_HAL_Driver/Src/stm32f1xx_hal_rcc.c ****   GPIO_InitTypeDef gpio = {0U};
 1204              		.loc 1 1003 1 is_stmt 0 view .LVU375
 1205 0000 30B5     		push	{r4, r5, lr}
 1206              	.LCFI9:
 1207              		.cfi_def_cfa_offset 12
 1208              		.cfi_offset 4, -12
 1209              		.cfi_offset 5, -8
 1210              		.cfi_offset 14, -4
 1211 0002 87B0     		sub	sp, sp, #28
 1212              	.LCFI10:
 1213              		.cfi_def_cfa_offset 40
 1214 0004 0D46     		mov	r5, r1
1004:Drivers/STM32F1xx_HAL_Driver/Src/stm32f1xx_hal_rcc.c **** 
 1215              		.loc 1 1004 3 is_stmt 1 view .LVU376
1004:Drivers/STM32F1xx_HAL_Driver/Src/stm32f1xx_hal_rcc.c **** 
 1216              		.loc 1 1004 20 is_stmt 0 view .LVU377
 1217 0006 02A9     		add	r1, sp, #8
 1218              	.LVL91:
1004:Drivers/STM32F1xx_HAL_Driver/Src/stm32f1xx_hal_rcc.c **** 
 1219              		.loc 1 1004 20 view .LVU378
 1220 0008 0023     		movs	r3, #0
 1221 000a 0293     		str	r3, [sp, #8]
 1222 000c 4B60     		str	r3, [r1, #4]
 1223 000e 8B60     		str	r3, [r1, #8]
 1224 0010 CB60     		str	r3, [r1, #12]
1007:Drivers/STM32F1xx_HAL_Driver/Src/stm32f1xx_hal_rcc.c ****   assert_param(IS_RCC_MCODIV(RCC_MCODiv));
 1225              		.loc 1 1007 3 is_stmt 1 view .LVU379
1008:Drivers/STM32F1xx_HAL_Driver/Src/stm32f1xx_hal_rcc.c ****   assert_param(IS_RCC_MCO1SOURCE(RCC_MCOSource));
 1226              		.loc 1 1008 3 view .LVU380
1009:Drivers/STM32F1xx_HAL_Driver/Src/stm32f1xx_hal_rcc.c **** 
 1227              		.loc 1 1009 3 view .LVU381
1012:Drivers/STM32F1xx_HAL_Driver/Src/stm32f1xx_hal_rcc.c ****   UNUSED(RCC_MCODiv);
ARM GAS  /tmp/ccNSEcI1.s 			page 53


 1228              		.loc 1 1012 3 view .LVU382
1013:Drivers/STM32F1xx_HAL_Driver/Src/stm32f1xx_hal_rcc.c **** 
 1229              		.loc 1 1013 3 view .LVU383
1016:Drivers/STM32F1xx_HAL_Driver/Src/stm32f1xx_hal_rcc.c ****   gpio.Speed     = GPIO_SPEED_FREQ_HIGH;
 1230              		.loc 1 1016 3 view .LVU384
1016:Drivers/STM32F1xx_HAL_Driver/Src/stm32f1xx_hal_rcc.c ****   gpio.Speed     = GPIO_SPEED_FREQ_HIGH;
 1231              		.loc 1 1016 18 is_stmt 0 view .LVU385
 1232 0012 0223     		movs	r3, #2
 1233 0014 0393     		str	r3, [sp, #12]
1017:Drivers/STM32F1xx_HAL_Driver/Src/stm32f1xx_hal_rcc.c ****   gpio.Pull      = GPIO_NOPULL;
 1234              		.loc 1 1017 3 is_stmt 1 view .LVU386
1017:Drivers/STM32F1xx_HAL_Driver/Src/stm32f1xx_hal_rcc.c ****   gpio.Pull      = GPIO_NOPULL;
 1235              		.loc 1 1017 18 is_stmt 0 view .LVU387
 1236 0016 0323     		movs	r3, #3
 1237 0018 0593     		str	r3, [sp, #20]
1018:Drivers/STM32F1xx_HAL_Driver/Src/stm32f1xx_hal_rcc.c ****   gpio.Pin       = MCO1_PIN;
 1238              		.loc 1 1018 3 is_stmt 1 view .LVU388
1019:Drivers/STM32F1xx_HAL_Driver/Src/stm32f1xx_hal_rcc.c **** 
 1239              		.loc 1 1019 3 view .LVU389
1019:Drivers/STM32F1xx_HAL_Driver/Src/stm32f1xx_hal_rcc.c **** 
 1240              		.loc 1 1019 18 is_stmt 0 view .LVU390
 1241 001a 4FF48073 		mov	r3, #256
 1242 001e 0293     		str	r3, [sp, #8]
1022:Drivers/STM32F1xx_HAL_Driver/Src/stm32f1xx_hal_rcc.c **** 
 1243              		.loc 1 1022 3 is_stmt 1 view .LVU391
 1244              	.LBB6:
1022:Drivers/STM32F1xx_HAL_Driver/Src/stm32f1xx_hal_rcc.c **** 
 1245              		.loc 1 1022 3 view .LVU392
1022:Drivers/STM32F1xx_HAL_Driver/Src/stm32f1xx_hal_rcc.c **** 
 1246              		.loc 1 1022 3 view .LVU393
 1247 0020 094C     		ldr	r4, .L128
 1248 0022 A369     		ldr	r3, [r4, #24]
 1249 0024 43F00403 		orr	r3, r3, #4
 1250 0028 A361     		str	r3, [r4, #24]
1022:Drivers/STM32F1xx_HAL_Driver/Src/stm32f1xx_hal_rcc.c **** 
 1251              		.loc 1 1022 3 view .LVU394
 1252 002a A369     		ldr	r3, [r4, #24]
 1253 002c 03F00403 		and	r3, r3, #4
 1254 0030 0193     		str	r3, [sp, #4]
1022:Drivers/STM32F1xx_HAL_Driver/Src/stm32f1xx_hal_rcc.c **** 
 1255              		.loc 1 1022 3 view .LVU395
 1256 0032 019B     		ldr	r3, [sp, #4]
 1257              	.LBE6:
1022:Drivers/STM32F1xx_HAL_Driver/Src/stm32f1xx_hal_rcc.c **** 
 1258              		.loc 1 1022 3 view .LVU396
1024:Drivers/STM32F1xx_HAL_Driver/Src/stm32f1xx_hal_rcc.c **** 
 1259              		.loc 1 1024 3 view .LVU397
 1260 0034 0548     		ldr	r0, .L128+4
 1261              	.LVL92:
1024:Drivers/STM32F1xx_HAL_Driver/Src/stm32f1xx_hal_rcc.c **** 
 1262              		.loc 1 1024 3 is_stmt 0 view .LVU398
 1263 0036 FFF7FEFF 		bl	HAL_GPIO_Init
 1264              	.LVL93:
1027:Drivers/STM32F1xx_HAL_Driver/Src/stm32f1xx_hal_rcc.c **** }
 1265              		.loc 1 1027 3 is_stmt 1 view .LVU399
 1266 003a 6368     		ldr	r3, [r4, #4]
 1267 003c 23F0E063 		bic	r3, r3, #117440512
ARM GAS  /tmp/ccNSEcI1.s 			page 54


 1268 0040 2B43     		orrs	r3, r3, r5
 1269 0042 6360     		str	r3, [r4, #4]
1028:Drivers/STM32F1xx_HAL_Driver/Src/stm32f1xx_hal_rcc.c **** 
 1270              		.loc 1 1028 1 is_stmt 0 view .LVU400
 1271 0044 07B0     		add	sp, sp, #28
 1272              	.LCFI11:
 1273              		.cfi_def_cfa_offset 12
 1274              		@ sp needed
 1275 0046 30BD     		pop	{r4, r5, pc}
 1276              	.LVL94:
 1277              	.L129:
1028:Drivers/STM32F1xx_HAL_Driver/Src/stm32f1xx_hal_rcc.c **** 
 1278              		.loc 1 1028 1 view .LVU401
 1279              		.align	2
 1280              	.L128:
 1281 0048 00100240 		.word	1073876992
 1282 004c 00080140 		.word	1073809408
 1283              		.cfi_endproc
 1284              	.LFE68:
 1286              		.section	.text.HAL_RCC_EnableCSS,"ax",%progbits
 1287              		.align	1
 1288              		.global	HAL_RCC_EnableCSS
 1289              		.syntax unified
 1290              		.thumb
 1291              		.thumb_func
 1293              	HAL_RCC_EnableCSS:
 1294              	.LFB69:
1040:Drivers/STM32F1xx_HAL_Driver/Src/stm32f1xx_hal_rcc.c ****   *(__IO uint32_t *) RCC_CR_CSSON_BB = (uint32_t)ENABLE;
 1295              		.loc 1 1040 1 is_stmt 1 view -0
 1296              		.cfi_startproc
 1297              		@ args = 0, pretend = 0, frame = 0
 1298              		@ frame_needed = 0, uses_anonymous_args = 0
 1299              		@ link register save eliminated.
1041:Drivers/STM32F1xx_HAL_Driver/Src/stm32f1xx_hal_rcc.c **** }
 1300              		.loc 1 1041 3 view .LVU403
1041:Drivers/STM32F1xx_HAL_Driver/Src/stm32f1xx_hal_rcc.c **** }
 1301              		.loc 1 1041 38 is_stmt 0 view .LVU404
 1302 0000 014B     		ldr	r3, .L131
 1303 0002 0122     		movs	r2, #1
 1304 0004 DA64     		str	r2, [r3, #76]
1042:Drivers/STM32F1xx_HAL_Driver/Src/stm32f1xx_hal_rcc.c **** 
 1305              		.loc 1 1042 1 view .LVU405
 1306 0006 7047     		bx	lr
 1307              	.L132:
 1308              		.align	2
 1309              	.L131:
 1310 0008 00004242 		.word	1111621632
 1311              		.cfi_endproc
 1312              	.LFE69:
 1314              		.section	.text.HAL_RCC_DisableCSS,"ax",%progbits
 1315              		.align	1
 1316              		.global	HAL_RCC_DisableCSS
 1317              		.syntax unified
 1318              		.thumb
 1319              		.thumb_func
 1321              	HAL_RCC_DisableCSS:
 1322              	.LFB70:
ARM GAS  /tmp/ccNSEcI1.s 			page 55


1049:Drivers/STM32F1xx_HAL_Driver/Src/stm32f1xx_hal_rcc.c ****   *(__IO uint32_t *) RCC_CR_CSSON_BB = (uint32_t)DISABLE;
 1323              		.loc 1 1049 1 is_stmt 1 view -0
 1324              		.cfi_startproc
 1325              		@ args = 0, pretend = 0, frame = 0
 1326              		@ frame_needed = 0, uses_anonymous_args = 0
 1327              		@ link register save eliminated.
1050:Drivers/STM32F1xx_HAL_Driver/Src/stm32f1xx_hal_rcc.c **** }
 1328              		.loc 1 1050 3 view .LVU407
1050:Drivers/STM32F1xx_HAL_Driver/Src/stm32f1xx_hal_rcc.c **** }
 1329              		.loc 1 1050 38 is_stmt 0 view .LVU408
 1330 0000 014B     		ldr	r3, .L134
 1331 0002 0022     		movs	r2, #0
 1332 0004 DA64     		str	r2, [r3, #76]
1051:Drivers/STM32F1xx_HAL_Driver/Src/stm32f1xx_hal_rcc.c **** 
 1333              		.loc 1 1051 1 view .LVU409
 1334 0006 7047     		bx	lr
 1335              	.L135:
 1336              		.align	2
 1337              	.L134:
 1338 0008 00004242 		.word	1111621632
 1339              		.cfi_endproc
 1340              	.LFE70:
 1342              		.section	.rodata.HAL_RCC_GetSysClockFreq.str1.4,"aMS",%progbits,1
 1343              		.align	2
 1344              	.LC0:
 1345 0000 02030405 		.ascii	"\002\003\004\005\006\007\010\011\012\013\014\015\016"
 1345      06070809 
 1345      0A0B0C0D 
 1345      0E
 1346 000d 0F101000 		.ascii	"\017\020\020\000"
 1347              		.section	.text.HAL_RCC_GetSysClockFreq,"ax",%progbits
 1348              		.align	1
 1349              		.global	HAL_RCC_GetSysClockFreq
 1350              		.syntax unified
 1351              		.thumb
 1352              		.thumb_func
 1354              	HAL_RCC_GetSysClockFreq:
 1355              	.LFB71:
1083:Drivers/STM32F1xx_HAL_Driver/Src/stm32f1xx_hal_rcc.c **** #if defined(RCC_CFGR2_PREDIV1SRC)
 1356              		.loc 1 1083 1 is_stmt 1 view -0
 1357              		.cfi_startproc
 1358              		@ args = 0, pretend = 0, frame = 24
 1359              		@ frame_needed = 0, uses_anonymous_args = 0
 1360              		@ link register save eliminated.
 1361 0000 86B0     		sub	sp, sp, #24
 1362              	.LCFI12:
 1363              		.cfi_def_cfa_offset 24
1088:Drivers/STM32F1xx_HAL_Driver/Src/stm32f1xx_hal_rcc.c **** #if defined(RCC_CFGR2_PREDIV1)
 1364              		.loc 1 1088 3 view .LVU411
1088:Drivers/STM32F1xx_HAL_Driver/Src/stm32f1xx_hal_rcc.c **** #if defined(RCC_CFGR2_PREDIV1)
 1365              		.loc 1 1088 17 is_stmt 0 view .LVU412
 1366 0002 174B     		ldr	r3, .L142
 1367 0004 0FCB     		ldm	r3, {r0, r1, r2, r3}
 1368 0006 0DF1180C 		add	ip, sp, #24
 1369 000a 0CE90F00 		stmdb	ip, {r0, r1, r2, r3}
1092:Drivers/STM32F1xx_HAL_Driver/Src/stm32f1xx_hal_rcc.c **** #endif /*RCC_CFGR2_PREDIV1*/
 1370              		.loc 1 1092 3 is_stmt 1 view .LVU413
ARM GAS  /tmp/ccNSEcI1.s 			page 56


1092:Drivers/STM32F1xx_HAL_Driver/Src/stm32f1xx_hal_rcc.c **** #endif /*RCC_CFGR2_PREDIV1*/
 1371              		.loc 1 1092 17 is_stmt 0 view .LVU414
 1372 000e 40F20123 		movw	r3, #513
 1373 0012 ADF80430 		strh	r3, [sp, #4]	@ movhi
1096:Drivers/STM32F1xx_HAL_Driver/Src/stm32f1xx_hal_rcc.c ****   uint32_t sysclockfreq = 0U;
 1374              		.loc 1 1096 3 is_stmt 1 view .LVU415
 1375              	.LVL95:
1097:Drivers/STM32F1xx_HAL_Driver/Src/stm32f1xx_hal_rcc.c **** #if defined(RCC_CFGR2_PREDIV1SRC)
 1376              		.loc 1 1097 3 view .LVU416
1102:Drivers/STM32F1xx_HAL_Driver/Src/stm32f1xx_hal_rcc.c **** 
 1377              		.loc 1 1102 3 view .LVU417
1102:Drivers/STM32F1xx_HAL_Driver/Src/stm32f1xx_hal_rcc.c **** 
 1378              		.loc 1 1102 10 is_stmt 0 view .LVU418
 1379 0016 134B     		ldr	r3, .L142+4
 1380 0018 5B68     		ldr	r3, [r3, #4]
 1381              	.LVL96:
1105:Drivers/STM32F1xx_HAL_Driver/Src/stm32f1xx_hal_rcc.c ****   {
 1382              		.loc 1 1105 3 is_stmt 1 view .LVU419
1105:Drivers/STM32F1xx_HAL_Driver/Src/stm32f1xx_hal_rcc.c ****   {
 1383              		.loc 1 1105 18 is_stmt 0 view .LVU420
 1384 001a 03F00C02 		and	r2, r3, #12
1105:Drivers/STM32F1xx_HAL_Driver/Src/stm32f1xx_hal_rcc.c ****   {
 1385              		.loc 1 1105 3 view .LVU421
 1386 001e 082A     		cmp	r2, #8
 1387 0020 02D0     		beq	.L141
1109:Drivers/STM32F1xx_HAL_Driver/Src/stm32f1xx_hal_rcc.c ****       break;
 1388              		.loc 1 1109 20 view .LVU422
 1389 0022 1148     		ldr	r0, .L142+8
 1390              	.LVL97:
1164:Drivers/STM32F1xx_HAL_Driver/Src/stm32f1xx_hal_rcc.c **** }
 1391              		.loc 1 1164 3 is_stmt 1 view .LVU423
 1392              	.L136:
1165:Drivers/STM32F1xx_HAL_Driver/Src/stm32f1xx_hal_rcc.c **** 
 1393              		.loc 1 1165 1 is_stmt 0 view .LVU424
 1394 0024 06B0     		add	sp, sp, #24
 1395              	.LCFI13:
 1396              		.cfi_remember_state
 1397              		.cfi_def_cfa_offset 0
 1398              		@ sp needed
 1399 0026 7047     		bx	lr
 1400              	.LVL98:
 1401              	.L141:
 1402              	.LCFI14:
 1403              		.cfi_restore_state
1114:Drivers/STM32F1xx_HAL_Driver/Src/stm32f1xx_hal_rcc.c ****       if ((tmpreg & RCC_CFGR_PLLSRC) != RCC_PLLSOURCE_HSI_DIV2)
 1404              		.loc 1 1114 7 is_stmt 1 view .LVU425
1114:Drivers/STM32F1xx_HAL_Driver/Src/stm32f1xx_hal_rcc.c ****       if ((tmpreg & RCC_CFGR_PLLSRC) != RCC_PLLSOURCE_HSI_DIV2)
 1405              		.loc 1 1114 73 is_stmt 0 view .LVU426
 1406 0028 C3F38342 		ubfx	r2, r3, #18, #4
1114:Drivers/STM32F1xx_HAL_Driver/Src/stm32f1xx_hal_rcc.c ****       if ((tmpreg & RCC_CFGR_PLLSRC) != RCC_PLLSOURCE_HSI_DIV2)
 1407              		.loc 1 1114 34 view .LVU427
 1408 002c 1832     		adds	r2, r2, #24
 1409 002e 6A44     		add	r2, sp, r2
 1410 0030 12F8100C 		ldrb	r0, [r2, #-16]	@ zero_extendqisi2
 1411              	.LVL99:
1115:Drivers/STM32F1xx_HAL_Driver/Src/stm32f1xx_hal_rcc.c ****       {
 1412              		.loc 1 1115 7 is_stmt 1 view .LVU428
ARM GAS  /tmp/ccNSEcI1.s 			page 57


1115:Drivers/STM32F1xx_HAL_Driver/Src/stm32f1xx_hal_rcc.c ****       {
 1413              		.loc 1 1115 10 is_stmt 0 view .LVU429
 1414 0034 13F4803F 		tst	r3, #65536
 1415 0038 0DD0     		beq	.L138
1120:Drivers/STM32F1xx_HAL_Driver/Src/stm32f1xx_hal_rcc.c **** #endif /*RCC_CFGR2_PREDIV1*/
 1416              		.loc 1 1120 9 is_stmt 1 view .LVU430
1120:Drivers/STM32F1xx_HAL_Driver/Src/stm32f1xx_hal_rcc.c **** #endif /*RCC_CFGR2_PREDIV1*/
 1417              		.loc 1 1120 51 is_stmt 0 view .LVU431
 1418 003a 0A4B     		ldr	r3, .L142+4
 1419              	.LVL100:
1120:Drivers/STM32F1xx_HAL_Driver/Src/stm32f1xx_hal_rcc.c **** #endif /*RCC_CFGR2_PREDIV1*/
 1420              		.loc 1 1120 51 view .LVU432
 1421 003c 5B68     		ldr	r3, [r3, #4]
1120:Drivers/STM32F1xx_HAL_Driver/Src/stm32f1xx_hal_rcc.c **** #endif /*RCC_CFGR2_PREDIV1*/
 1422              		.loc 1 1120 79 view .LVU433
 1423 003e C3F34043 		ubfx	r3, r3, #17, #1
1120:Drivers/STM32F1xx_HAL_Driver/Src/stm32f1xx_hal_rcc.c **** #endif /*RCC_CFGR2_PREDIV1*/
 1424              		.loc 1 1120 36 view .LVU434
 1425 0042 1833     		adds	r3, r3, #24
 1426 0044 6B44     		add	r3, sp, r3
 1427 0046 13F8143C 		ldrb	r3, [r3, #-20]	@ zero_extendqisi2
 1428              	.LVL101:
1146:Drivers/STM32F1xx_HAL_Driver/Src/stm32f1xx_hal_rcc.c **** #endif /*RCC_CFGR2_PREDIV1SRC*/
 1429              		.loc 1 1146 9 is_stmt 1 view .LVU435
1146:Drivers/STM32F1xx_HAL_Driver/Src/stm32f1xx_hal_rcc.c **** #endif /*RCC_CFGR2_PREDIV1SRC*/
 1430              		.loc 1 1146 41 is_stmt 0 view .LVU436
 1431 004a 074A     		ldr	r2, .L142+8
 1432 004c 02FB00F0 		mul	r0, r2, r0
 1433              	.LVL102:
1146:Drivers/STM32F1xx_HAL_Driver/Src/stm32f1xx_hal_rcc.c **** #endif /*RCC_CFGR2_PREDIV1SRC*/
 1434              		.loc 1 1146 16 view .LVU437
 1435 0050 B0FBF3F0 		udiv	r0, r0, r3
 1436              	.LVL103:
1146:Drivers/STM32F1xx_HAL_Driver/Src/stm32f1xx_hal_rcc.c **** #endif /*RCC_CFGR2_PREDIV1SRC*/
 1437              		.loc 1 1146 16 view .LVU438
 1438 0054 E6E7     		b	.L136
 1439              	.LVL104:
 1440              	.L138:
1152:Drivers/STM32F1xx_HAL_Driver/Src/stm32f1xx_hal_rcc.c ****       }
 1441              		.loc 1 1152 9 is_stmt 1 view .LVU439
1152:Drivers/STM32F1xx_HAL_Driver/Src/stm32f1xx_hal_rcc.c ****       }
 1442              		.loc 1 1152 16 is_stmt 0 view .LVU440
 1443 0056 054B     		ldr	r3, .L142+12
 1444              	.LVL105:
1152:Drivers/STM32F1xx_HAL_Driver/Src/stm32f1xx_hal_rcc.c ****       }
 1445              		.loc 1 1152 16 view .LVU441
 1446 0058 03FB00F0 		mul	r0, r3, r0
 1447              	.LVL106:
1152:Drivers/STM32F1xx_HAL_Driver/Src/stm32f1xx_hal_rcc.c ****       }
 1448              		.loc 1 1152 16 view .LVU442
 1449 005c E2E7     		b	.L136
 1450              	.L143:
 1451 005e 00BF     		.align	2
 1452              	.L142:
 1453 0060 00000000 		.word	.LC0
 1454 0064 00100240 		.word	1073876992
 1455 0068 00127A00 		.word	8000000
ARM GAS  /tmp/ccNSEcI1.s 			page 58


 1456 006c 00093D00 		.word	4000000
 1457              		.cfi_endproc
 1458              	.LFE71:
 1460              		.section	.text.HAL_RCC_ClockConfig,"ax",%progbits
 1461              		.align	1
 1462              		.global	HAL_RCC_ClockConfig
 1463              		.syntax unified
 1464              		.thumb
 1465              		.thumb_func
 1467              	HAL_RCC_ClockConfig:
 1468              	.LVL107:
 1469              	.LFB67:
 814:Drivers/STM32F1xx_HAL_Driver/Src/stm32f1xx_hal_rcc.c ****   uint32_t tickstart;
 1470              		.loc 1 814 1 is_stmt 1 view -0
 1471              		.cfi_startproc
 1472              		@ args = 0, pretend = 0, frame = 0
 1473              		@ frame_needed = 0, uses_anonymous_args = 0
 815:Drivers/STM32F1xx_HAL_Driver/Src/stm32f1xx_hal_rcc.c **** 
 1474              		.loc 1 815 3 view .LVU444
 818:Drivers/STM32F1xx_HAL_Driver/Src/stm32f1xx_hal_rcc.c ****   {
 1475              		.loc 1 818 3 view .LVU445
 818:Drivers/STM32F1xx_HAL_Driver/Src/stm32f1xx_hal_rcc.c ****   {
 1476              		.loc 1 818 6 is_stmt 0 view .LVU446
 1477 0000 0028     		cmp	r0, #0
 1478 0002 00F0A080 		beq	.L159
 814:Drivers/STM32F1xx_HAL_Driver/Src/stm32f1xx_hal_rcc.c ****   uint32_t tickstart;
 1479              		.loc 1 814 1 view .LVU447
 1480 0006 70B5     		push	{r4, r5, r6, lr}
 1481              	.LCFI15:
 1482              		.cfi_def_cfa_offset 16
 1483              		.cfi_offset 4, -16
 1484              		.cfi_offset 5, -12
 1485              		.cfi_offset 6, -8
 1486              		.cfi_offset 14, -4
 1487 0008 0D46     		mov	r5, r1
 1488 000a 0446     		mov	r4, r0
 824:Drivers/STM32F1xx_HAL_Driver/Src/stm32f1xx_hal_rcc.c ****   assert_param(IS_FLASH_LATENCY(FLatency));
 1489              		.loc 1 824 3 is_stmt 1 view .LVU448
 825:Drivers/STM32F1xx_HAL_Driver/Src/stm32f1xx_hal_rcc.c **** 
 1490              		.loc 1 825 3 view .LVU449
 833:Drivers/STM32F1xx_HAL_Driver/Src/stm32f1xx_hal_rcc.c ****   {
 1491              		.loc 1 833 3 view .LVU450
 833:Drivers/STM32F1xx_HAL_Driver/Src/stm32f1xx_hal_rcc.c ****   {
 1492              		.loc 1 833 18 is_stmt 0 view .LVU451
 1493 000c 524B     		ldr	r3, .L172
 1494 000e 1B68     		ldr	r3, [r3]
 1495 0010 03F00703 		and	r3, r3, #7
 833:Drivers/STM32F1xx_HAL_Driver/Src/stm32f1xx_hal_rcc.c ****   {
 1496              		.loc 1 833 6 view .LVU452
 1497 0014 8B42     		cmp	r3, r1
 1498 0016 0BD2     		bcs	.L146
 836:Drivers/STM32F1xx_HAL_Driver/Src/stm32f1xx_hal_rcc.c **** 
 1499              		.loc 1 836 5 is_stmt 1 view .LVU453
 1500 0018 4F4A     		ldr	r2, .L172
 1501 001a 1368     		ldr	r3, [r2]
 1502 001c 23F00703 		bic	r3, r3, #7
 1503 0020 0B43     		orrs	r3, r3, r1
ARM GAS  /tmp/ccNSEcI1.s 			page 59


 1504 0022 1360     		str	r3, [r2]
 840:Drivers/STM32F1xx_HAL_Driver/Src/stm32f1xx_hal_rcc.c ****   {
 1505              		.loc 1 840 5 view .LVU454
 840:Drivers/STM32F1xx_HAL_Driver/Src/stm32f1xx_hal_rcc.c ****   {
 1506              		.loc 1 840 9 is_stmt 0 view .LVU455
 1507 0024 1368     		ldr	r3, [r2]
 1508 0026 03F00703 		and	r3, r3, #7
 840:Drivers/STM32F1xx_HAL_Driver/Src/stm32f1xx_hal_rcc.c ****   {
 1509              		.loc 1 840 8 view .LVU456
 1510 002a 8B42     		cmp	r3, r1
 1511 002c 40F08D80 		bne	.L160
 1512              	.L146:
 848:Drivers/STM32F1xx_HAL_Driver/Src/stm32f1xx_hal_rcc.c ****   {
 1513              		.loc 1 848 1 is_stmt 1 view .LVU457
 848:Drivers/STM32F1xx_HAL_Driver/Src/stm32f1xx_hal_rcc.c ****   {
 1514              		.loc 1 848 24 is_stmt 0 view .LVU458
 1515 0030 2368     		ldr	r3, [r4]
 848:Drivers/STM32F1xx_HAL_Driver/Src/stm32f1xx_hal_rcc.c ****   {
 1516              		.loc 1 848 4 view .LVU459
 1517 0032 13F0020F 		tst	r3, #2
 1518 0036 17D0     		beq	.L147
 852:Drivers/STM32F1xx_HAL_Driver/Src/stm32f1xx_hal_rcc.c ****     {
 1519              		.loc 1 852 5 is_stmt 1 view .LVU460
 852:Drivers/STM32F1xx_HAL_Driver/Src/stm32f1xx_hal_rcc.c ****     {
 1520              		.loc 1 852 8 is_stmt 0 view .LVU461
 1521 0038 13F0040F 		tst	r3, #4
 1522 003c 04D0     		beq	.L148
 854:Drivers/STM32F1xx_HAL_Driver/Src/stm32f1xx_hal_rcc.c ****     }
 1523              		.loc 1 854 7 is_stmt 1 view .LVU462
 1524 003e 474A     		ldr	r2, .L172+4
 1525 0040 5368     		ldr	r3, [r2, #4]
 1526 0042 43F4E063 		orr	r3, r3, #1792
 1527 0046 5360     		str	r3, [r2, #4]
 1528              	.L148:
 857:Drivers/STM32F1xx_HAL_Driver/Src/stm32f1xx_hal_rcc.c ****     {
 1529              		.loc 1 857 5 view .LVU463
 857:Drivers/STM32F1xx_HAL_Driver/Src/stm32f1xx_hal_rcc.c ****     {
 1530              		.loc 1 857 28 is_stmt 0 view .LVU464
 1531 0048 2368     		ldr	r3, [r4]
 857:Drivers/STM32F1xx_HAL_Driver/Src/stm32f1xx_hal_rcc.c ****     {
 1532              		.loc 1 857 8 view .LVU465
 1533 004a 13F0080F 		tst	r3, #8
 1534 004e 04D0     		beq	.L149
 859:Drivers/STM32F1xx_HAL_Driver/Src/stm32f1xx_hal_rcc.c ****     }
 1535              		.loc 1 859 7 is_stmt 1 view .LVU466
 1536 0050 424A     		ldr	r2, .L172+4
 1537 0052 5368     		ldr	r3, [r2, #4]
 1538 0054 43F46053 		orr	r3, r3, #14336
 1539 0058 5360     		str	r3, [r2, #4]
 1540              	.L149:
 863:Drivers/STM32F1xx_HAL_Driver/Src/stm32f1xx_hal_rcc.c ****     MODIFY_REG(RCC->CFGR, RCC_CFGR_HPRE, RCC_ClkInitStruct->AHBCLKDivider);
 1541              		.loc 1 863 5 view .LVU467
 864:Drivers/STM32F1xx_HAL_Driver/Src/stm32f1xx_hal_rcc.c ****   }
 1542              		.loc 1 864 5 view .LVU468
 1543 005a 404A     		ldr	r2, .L172+4
 1544 005c 5368     		ldr	r3, [r2, #4]
 1545 005e 23F0F003 		bic	r3, r3, #240
ARM GAS  /tmp/ccNSEcI1.s 			page 60


 1546 0062 A168     		ldr	r1, [r4, #8]
 1547              	.LVL108:
 864:Drivers/STM32F1xx_HAL_Driver/Src/stm32f1xx_hal_rcc.c ****   }
 1548              		.loc 1 864 5 is_stmt 0 view .LVU469
 1549 0064 0B43     		orrs	r3, r3, r1
 1550 0066 5360     		str	r3, [r2, #4]
 1551              	.L147:
 868:Drivers/STM32F1xx_HAL_Driver/Src/stm32f1xx_hal_rcc.c ****   {
 1552              		.loc 1 868 3 is_stmt 1 view .LVU470
 868:Drivers/STM32F1xx_HAL_Driver/Src/stm32f1xx_hal_rcc.c ****   {
 1553              		.loc 1 868 26 is_stmt 0 view .LVU471
 1554 0068 2368     		ldr	r3, [r4]
 868:Drivers/STM32F1xx_HAL_Driver/Src/stm32f1xx_hal_rcc.c ****   {
 1555              		.loc 1 868 6 view .LVU472
 1556 006a 13F0010F 		tst	r3, #1
 1557 006e 31D0     		beq	.L150
 870:Drivers/STM32F1xx_HAL_Driver/Src/stm32f1xx_hal_rcc.c **** 
 1558              		.loc 1 870 5 is_stmt 1 view .LVU473
 873:Drivers/STM32F1xx_HAL_Driver/Src/stm32f1xx_hal_rcc.c ****     {
 1559              		.loc 1 873 5 view .LVU474
 873:Drivers/STM32F1xx_HAL_Driver/Src/stm32f1xx_hal_rcc.c ****     {
 1560              		.loc 1 873 26 is_stmt 0 view .LVU475
 1561 0070 6368     		ldr	r3, [r4, #4]
 873:Drivers/STM32F1xx_HAL_Driver/Src/stm32f1xx_hal_rcc.c ****     {
 1562              		.loc 1 873 8 view .LVU476
 1563 0072 012B     		cmp	r3, #1
 1564 0074 20D0     		beq	.L170
 882:Drivers/STM32F1xx_HAL_Driver/Src/stm32f1xx_hal_rcc.c ****     {
 1565              		.loc 1 882 10 is_stmt 1 view .LVU477
 882:Drivers/STM32F1xx_HAL_Driver/Src/stm32f1xx_hal_rcc.c ****     {
 1566              		.loc 1 882 13 is_stmt 0 view .LVU478
 1567 0076 022B     		cmp	r3, #2
 1568 0078 25D0     		beq	.L171
 894:Drivers/STM32F1xx_HAL_Driver/Src/stm32f1xx_hal_rcc.c ****       {
 1569              		.loc 1 894 7 is_stmt 1 view .LVU479
 894:Drivers/STM32F1xx_HAL_Driver/Src/stm32f1xx_hal_rcc.c ****       {
 1570              		.loc 1 894 11 is_stmt 0 view .LVU480
 1571 007a 384A     		ldr	r2, .L172+4
 1572 007c 1268     		ldr	r2, [r2]
 894:Drivers/STM32F1xx_HAL_Driver/Src/stm32f1xx_hal_rcc.c ****       {
 1573              		.loc 1 894 10 view .LVU481
 1574 007e 12F0020F 		tst	r2, #2
 1575 0082 64D0     		beq	.L163
 1576              	.L152:
 899:Drivers/STM32F1xx_HAL_Driver/Src/stm32f1xx_hal_rcc.c **** 
 1577              		.loc 1 899 5 is_stmt 1 view .LVU482
 1578 0084 3549     		ldr	r1, .L172+4
 1579 0086 4A68     		ldr	r2, [r1, #4]
 1580 0088 22F00302 		bic	r2, r2, #3
 1581 008c 1343     		orrs	r3, r3, r2
 1582 008e 4B60     		str	r3, [r1, #4]
 902:Drivers/STM32F1xx_HAL_Driver/Src/stm32f1xx_hal_rcc.c **** 
 1583              		.loc 1 902 5 view .LVU483
 902:Drivers/STM32F1xx_HAL_Driver/Src/stm32f1xx_hal_rcc.c **** 
 1584              		.loc 1 902 17 is_stmt 0 view .LVU484
 1585 0090 FFF7FEFF 		bl	HAL_GetTick
 1586              	.LVL109:
ARM GAS  /tmp/ccNSEcI1.s 			page 61


 902:Drivers/STM32F1xx_HAL_Driver/Src/stm32f1xx_hal_rcc.c **** 
 1587              		.loc 1 902 17 view .LVU485
 1588 0094 0646     		mov	r6, r0
 1589              	.LVL110:
 904:Drivers/STM32F1xx_HAL_Driver/Src/stm32f1xx_hal_rcc.c ****     {
 1590              		.loc 1 904 5 is_stmt 1 view .LVU486
 1591              	.L154:
 904:Drivers/STM32F1xx_HAL_Driver/Src/stm32f1xx_hal_rcc.c ****     {
 1592              		.loc 1 904 42 view .LVU487
 904:Drivers/STM32F1xx_HAL_Driver/Src/stm32f1xx_hal_rcc.c ****     {
 1593              		.loc 1 904 12 is_stmt 0 view .LVU488
 1594 0096 314B     		ldr	r3, .L172+4
 1595 0098 5B68     		ldr	r3, [r3, #4]
 1596 009a 03F00C03 		and	r3, r3, #12
 904:Drivers/STM32F1xx_HAL_Driver/Src/stm32f1xx_hal_rcc.c ****     {
 1597              		.loc 1 904 63 view .LVU489
 1598 009e 6268     		ldr	r2, [r4, #4]
 904:Drivers/STM32F1xx_HAL_Driver/Src/stm32f1xx_hal_rcc.c ****     {
 1599              		.loc 1 904 42 view .LVU490
 1600 00a0 B3EB820F 		cmp	r3, r2, lsl #2
 1601 00a4 16D0     		beq	.L150
 906:Drivers/STM32F1xx_HAL_Driver/Src/stm32f1xx_hal_rcc.c ****       {
 1602              		.loc 1 906 7 is_stmt 1 view .LVU491
 906:Drivers/STM32F1xx_HAL_Driver/Src/stm32f1xx_hal_rcc.c ****       {
 1603              		.loc 1 906 12 is_stmt 0 view .LVU492
 1604 00a6 FFF7FEFF 		bl	HAL_GetTick
 1605              	.LVL111:
 906:Drivers/STM32F1xx_HAL_Driver/Src/stm32f1xx_hal_rcc.c ****       {
 1606              		.loc 1 906 26 discriminator 1 view .LVU493
 1607 00aa 801B     		subs	r0, r0, r6
 906:Drivers/STM32F1xx_HAL_Driver/Src/stm32f1xx_hal_rcc.c ****       {
 1608              		.loc 1 906 10 discriminator 1 view .LVU494
 1609 00ac 41F28833 		movw	r3, #5000
 1610 00b0 9842     		cmp	r0, r3
 1611 00b2 F0D9     		bls	.L154
 908:Drivers/STM32F1xx_HAL_Driver/Src/stm32f1xx_hal_rcc.c ****       }
 1612              		.loc 1 908 16 view .LVU495
 1613 00b4 0320     		movs	r0, #3
 1614 00b6 45E0     		b	.L145
 1615              	.LVL112:
 1616              	.L170:
 876:Drivers/STM32F1xx_HAL_Driver/Src/stm32f1xx_hal_rcc.c ****       {
 1617              		.loc 1 876 7 is_stmt 1 view .LVU496
 876:Drivers/STM32F1xx_HAL_Driver/Src/stm32f1xx_hal_rcc.c ****       {
 1618              		.loc 1 876 11 is_stmt 0 view .LVU497
 1619 00b8 284A     		ldr	r2, .L172+4
 1620 00ba 1268     		ldr	r2, [r2]
 876:Drivers/STM32F1xx_HAL_Driver/Src/stm32f1xx_hal_rcc.c ****       {
 1621              		.loc 1 876 10 view .LVU498
 1622 00bc 12F4003F 		tst	r2, #131072
 1623 00c0 E0D1     		bne	.L152
 878:Drivers/STM32F1xx_HAL_Driver/Src/stm32f1xx_hal_rcc.c ****       }
 1624              		.loc 1 878 16 view .LVU499
 1625 00c2 0120     		movs	r0, #1
 1626              	.LVL113:
 878:Drivers/STM32F1xx_HAL_Driver/Src/stm32f1xx_hal_rcc.c ****       }
 1627              		.loc 1 878 16 view .LVU500
ARM GAS  /tmp/ccNSEcI1.s 			page 62


 1628 00c4 3EE0     		b	.L145
 1629              	.LVL114:
 1630              	.L171:
 885:Drivers/STM32F1xx_HAL_Driver/Src/stm32f1xx_hal_rcc.c ****       {
 1631              		.loc 1 885 7 is_stmt 1 view .LVU501
 885:Drivers/STM32F1xx_HAL_Driver/Src/stm32f1xx_hal_rcc.c ****       {
 1632              		.loc 1 885 11 is_stmt 0 view .LVU502
 1633 00c6 254A     		ldr	r2, .L172+4
 1634 00c8 1268     		ldr	r2, [r2]
 885:Drivers/STM32F1xx_HAL_Driver/Src/stm32f1xx_hal_rcc.c ****       {
 1635              		.loc 1 885 10 view .LVU503
 1636 00ca 12F0007F 		tst	r2, #33554432
 1637 00ce D9D1     		bne	.L152
 887:Drivers/STM32F1xx_HAL_Driver/Src/stm32f1xx_hal_rcc.c ****       }
 1638              		.loc 1 887 16 view .LVU504
 1639 00d0 0120     		movs	r0, #1
 1640              	.LVL115:
 887:Drivers/STM32F1xx_HAL_Driver/Src/stm32f1xx_hal_rcc.c ****       }
 1641              		.loc 1 887 16 view .LVU505
 1642 00d2 37E0     		b	.L145
 1643              	.L150:
 915:Drivers/STM32F1xx_HAL_Driver/Src/stm32f1xx_hal_rcc.c ****   {
 1644              		.loc 1 915 3 is_stmt 1 view .LVU506
 915:Drivers/STM32F1xx_HAL_Driver/Src/stm32f1xx_hal_rcc.c ****   {
 1645              		.loc 1 915 18 is_stmt 0 view .LVU507
 1646 00d4 204B     		ldr	r3, .L172
 1647 00d6 1B68     		ldr	r3, [r3]
 1648 00d8 03F00703 		and	r3, r3, #7
 915:Drivers/STM32F1xx_HAL_Driver/Src/stm32f1xx_hal_rcc.c ****   {
 1649              		.loc 1 915 6 view .LVU508
 1650 00dc AB42     		cmp	r3, r5
 1651 00de 0AD9     		bls	.L156
 918:Drivers/STM32F1xx_HAL_Driver/Src/stm32f1xx_hal_rcc.c **** 
 1652              		.loc 1 918 5 is_stmt 1 view .LVU509
 1653 00e0 1D4A     		ldr	r2, .L172
 1654 00e2 1368     		ldr	r3, [r2]
 1655 00e4 23F00703 		bic	r3, r3, #7
 1656 00e8 2B43     		orrs	r3, r3, r5
 1657 00ea 1360     		str	r3, [r2]
 922:Drivers/STM32F1xx_HAL_Driver/Src/stm32f1xx_hal_rcc.c ****   {
 1658              		.loc 1 922 5 view .LVU510
 922:Drivers/STM32F1xx_HAL_Driver/Src/stm32f1xx_hal_rcc.c ****   {
 1659              		.loc 1 922 9 is_stmt 0 view .LVU511
 1660 00ec 1368     		ldr	r3, [r2]
 1661 00ee 03F00703 		and	r3, r3, #7
 922:Drivers/STM32F1xx_HAL_Driver/Src/stm32f1xx_hal_rcc.c ****   {
 1662              		.loc 1 922 8 view .LVU512
 1663 00f2 AB42     		cmp	r3, r5
 1664 00f4 2DD1     		bne	.L165
 1665              	.L156:
 930:Drivers/STM32F1xx_HAL_Driver/Src/stm32f1xx_hal_rcc.c ****   {
 1666              		.loc 1 930 1 is_stmt 1 view .LVU513
 930:Drivers/STM32F1xx_HAL_Driver/Src/stm32f1xx_hal_rcc.c ****   {
 1667              		.loc 1 930 24 is_stmt 0 view .LVU514
 1668 00f6 2368     		ldr	r3, [r4]
 930:Drivers/STM32F1xx_HAL_Driver/Src/stm32f1xx_hal_rcc.c ****   {
 1669              		.loc 1 930 4 view .LVU515
ARM GAS  /tmp/ccNSEcI1.s 			page 63


 1670 00f8 13F0040F 		tst	r3, #4
 1671 00fc 06D0     		beq	.L157
 932:Drivers/STM32F1xx_HAL_Driver/Src/stm32f1xx_hal_rcc.c ****     MODIFY_REG(RCC->CFGR, RCC_CFGR_PPRE1, RCC_ClkInitStruct->APB1CLKDivider);
 1672              		.loc 1 932 5 is_stmt 1 view .LVU516
 933:Drivers/STM32F1xx_HAL_Driver/Src/stm32f1xx_hal_rcc.c ****   }
 1673              		.loc 1 933 5 view .LVU517
 1674 00fe 174A     		ldr	r2, .L172+4
 1675 0100 5368     		ldr	r3, [r2, #4]
 1676 0102 23F4E063 		bic	r3, r3, #1792
 1677 0106 E168     		ldr	r1, [r4, #12]
 1678 0108 0B43     		orrs	r3, r3, r1
 1679 010a 5360     		str	r3, [r2, #4]
 1680              	.L157:
 937:Drivers/STM32F1xx_HAL_Driver/Src/stm32f1xx_hal_rcc.c ****   {
 1681              		.loc 1 937 3 view .LVU518
 937:Drivers/STM32F1xx_HAL_Driver/Src/stm32f1xx_hal_rcc.c ****   {
 1682              		.loc 1 937 26 is_stmt 0 view .LVU519
 1683 010c 2368     		ldr	r3, [r4]
 937:Drivers/STM32F1xx_HAL_Driver/Src/stm32f1xx_hal_rcc.c ****   {
 1684              		.loc 1 937 6 view .LVU520
 1685 010e 13F0080F 		tst	r3, #8
 1686 0112 07D0     		beq	.L158
 939:Drivers/STM32F1xx_HAL_Driver/Src/stm32f1xx_hal_rcc.c ****     MODIFY_REG(RCC->CFGR, RCC_CFGR_PPRE2, ((RCC_ClkInitStruct->APB2CLKDivider) << 3));
 1687              		.loc 1 939 5 is_stmt 1 view .LVU521
 940:Drivers/STM32F1xx_HAL_Driver/Src/stm32f1xx_hal_rcc.c ****   }
 1688              		.loc 1 940 5 view .LVU522
 1689 0114 114A     		ldr	r2, .L172+4
 1690 0116 5368     		ldr	r3, [r2, #4]
 1691 0118 23F46053 		bic	r3, r3, #14336
 1692 011c 2169     		ldr	r1, [r4, #16]
 1693 011e 43EAC103 		orr	r3, r3, r1, lsl #3
 1694 0122 5360     		str	r3, [r2, #4]
 1695              	.L158:
 944:Drivers/STM32F1xx_HAL_Driver/Src/stm32f1xx_hal_rcc.c **** 
 1696              		.loc 1 944 3 view .LVU523
 944:Drivers/STM32F1xx_HAL_Driver/Src/stm32f1xx_hal_rcc.c **** 
 1697              		.loc 1 944 21 is_stmt 0 view .LVU524
 1698 0124 FFF7FEFF 		bl	HAL_RCC_GetSysClockFreq
 1699              	.LVL116:
 944:Drivers/STM32F1xx_HAL_Driver/Src/stm32f1xx_hal_rcc.c **** 
 1700              		.loc 1 944 68 discriminator 1 view .LVU525
 1701 0128 0C4B     		ldr	r3, .L172+4
 1702 012a 5B68     		ldr	r3, [r3, #4]
 944:Drivers/STM32F1xx_HAL_Driver/Src/stm32f1xx_hal_rcc.c **** 
 1703              		.loc 1 944 92 discriminator 1 view .LVU526
 1704 012c C3F30313 		ubfx	r3, r3, #4, #4
 944:Drivers/STM32F1xx_HAL_Driver/Src/stm32f1xx_hal_rcc.c **** 
 1705              		.loc 1 944 63 discriminator 1 view .LVU527
 1706 0130 0B4A     		ldr	r2, .L172+8
 1707 0132 D35C     		ldrb	r3, [r2, r3]	@ zero_extendqisi2
 944:Drivers/STM32F1xx_HAL_Driver/Src/stm32f1xx_hal_rcc.c **** 
 1708              		.loc 1 944 47 discriminator 1 view .LVU528
 1709 0134 D840     		lsrs	r0, r0, r3
 944:Drivers/STM32F1xx_HAL_Driver/Src/stm32f1xx_hal_rcc.c **** 
 1710              		.loc 1 944 19 discriminator 1 view .LVU529
 1711 0136 0B4B     		ldr	r3, .L172+12
 1712 0138 1860     		str	r0, [r3]
ARM GAS  /tmp/ccNSEcI1.s 			page 64


 947:Drivers/STM32F1xx_HAL_Driver/Src/stm32f1xx_hal_rcc.c **** 
 1713              		.loc 1 947 3 is_stmt 1 view .LVU530
 1714 013a 0B4B     		ldr	r3, .L172+16
 1715 013c 1868     		ldr	r0, [r3]
 1716 013e FFF7FEFF 		bl	HAL_InitTick
 1717              	.LVL117:
 949:Drivers/STM32F1xx_HAL_Driver/Src/stm32f1xx_hal_rcc.c **** }
 1718              		.loc 1 949 3 view .LVU531
 949:Drivers/STM32F1xx_HAL_Driver/Src/stm32f1xx_hal_rcc.c **** }
 1719              		.loc 1 949 10 is_stmt 0 view .LVU532
 1720 0142 0020     		movs	r0, #0
 1721              	.L145:
 950:Drivers/STM32F1xx_HAL_Driver/Src/stm32f1xx_hal_rcc.c **** 
 1722              		.loc 1 950 1 view .LVU533
 1723 0144 70BD     		pop	{r4, r5, r6, pc}
 1724              	.LVL118:
 1725              	.L159:
 1726              	.LCFI16:
 1727              		.cfi_def_cfa_offset 0
 1728              		.cfi_restore 4
 1729              		.cfi_restore 5
 1730              		.cfi_restore 6
 1731              		.cfi_restore 14
 820:Drivers/STM32F1xx_HAL_Driver/Src/stm32f1xx_hal_rcc.c ****   }
 1732              		.loc 1 820 12 view .LVU534
 1733 0146 0120     		movs	r0, #1
 1734              	.LVL119:
 950:Drivers/STM32F1xx_HAL_Driver/Src/stm32f1xx_hal_rcc.c **** 
 1735              		.loc 1 950 1 view .LVU535
 1736 0148 7047     		bx	lr
 1737              	.LVL120:
 1738              	.L160:
 1739              	.LCFI17:
 1740              		.cfi_def_cfa_offset 16
 1741              		.cfi_offset 4, -16
 1742              		.cfi_offset 5, -12
 1743              		.cfi_offset 6, -8
 1744              		.cfi_offset 14, -4
 842:Drivers/STM32F1xx_HAL_Driver/Src/stm32f1xx_hal_rcc.c ****   }
 1745              		.loc 1 842 12 view .LVU536
 1746 014a 0120     		movs	r0, #1
 1747              	.LVL121:
 842:Drivers/STM32F1xx_HAL_Driver/Src/stm32f1xx_hal_rcc.c ****   }
 1748              		.loc 1 842 12 view .LVU537
 1749 014c FAE7     		b	.L145
 1750              	.LVL122:
 1751              	.L163:
 896:Drivers/STM32F1xx_HAL_Driver/Src/stm32f1xx_hal_rcc.c ****       }
 1752              		.loc 1 896 16 view .LVU538
 1753 014e 0120     		movs	r0, #1
 1754              	.LVL123:
 896:Drivers/STM32F1xx_HAL_Driver/Src/stm32f1xx_hal_rcc.c ****       }
 1755              		.loc 1 896 16 view .LVU539
 1756 0150 F8E7     		b	.L145
 1757              	.L165:
 924:Drivers/STM32F1xx_HAL_Driver/Src/stm32f1xx_hal_rcc.c ****   }
 1758              		.loc 1 924 12 view .LVU540
ARM GAS  /tmp/ccNSEcI1.s 			page 65


 1759 0152 0120     		movs	r0, #1
 1760 0154 F6E7     		b	.L145
 1761              	.L173:
 1762 0156 00BF     		.align	2
 1763              	.L172:
 1764 0158 00200240 		.word	1073881088
 1765 015c 00100240 		.word	1073876992
 1766 0160 00000000 		.word	AHBPrescTable
 1767 0164 00000000 		.word	SystemCoreClock
 1768 0168 00000000 		.word	uwTickPrio
 1769              		.cfi_endproc
 1770              	.LFE67:
 1772              		.section	.text.HAL_RCC_GetHCLKFreq,"ax",%progbits
 1773              		.align	1
 1774              		.global	HAL_RCC_GetHCLKFreq
 1775              		.syntax unified
 1776              		.thumb
 1777              		.thumb_func
 1779              	HAL_RCC_GetHCLKFreq:
 1780              	.LFB72:
1177:Drivers/STM32F1xx_HAL_Driver/Src/stm32f1xx_hal_rcc.c ****   return SystemCoreClock;
 1781              		.loc 1 1177 1 is_stmt 1 view -0
 1782              		.cfi_startproc
 1783              		@ args = 0, pretend = 0, frame = 0
 1784              		@ frame_needed = 0, uses_anonymous_args = 0
 1785              		@ link register save eliminated.
1178:Drivers/STM32F1xx_HAL_Driver/Src/stm32f1xx_hal_rcc.c **** }
 1786              		.loc 1 1178 3 view .LVU542
1179:Drivers/STM32F1xx_HAL_Driver/Src/stm32f1xx_hal_rcc.c **** 
 1787              		.loc 1 1179 1 is_stmt 0 view .LVU543
 1788 0000 014B     		ldr	r3, .L175
 1789 0002 1868     		ldr	r0, [r3]
 1790 0004 7047     		bx	lr
 1791              	.L176:
 1792 0006 00BF     		.align	2
 1793              	.L175:
 1794 0008 00000000 		.word	SystemCoreClock
 1795              		.cfi_endproc
 1796              	.LFE72:
 1798              		.section	.text.HAL_RCC_GetPCLK1Freq,"ax",%progbits
 1799              		.align	1
 1800              		.global	HAL_RCC_GetPCLK1Freq
 1801              		.syntax unified
 1802              		.thumb
 1803              		.thumb_func
 1805              	HAL_RCC_GetPCLK1Freq:
 1806              	.LFB73:
1188:Drivers/STM32F1xx_HAL_Driver/Src/stm32f1xx_hal_rcc.c ****   /* Get HCLK source and Compute PCLK1 frequency ---------------------------*/
 1807              		.loc 1 1188 1 is_stmt 1 view -0
 1808              		.cfi_startproc
 1809              		@ args = 0, pretend = 0, frame = 0
 1810              		@ frame_needed = 0, uses_anonymous_args = 0
 1811 0000 08B5     		push	{r3, lr}
 1812              	.LCFI18:
 1813              		.cfi_def_cfa_offset 8
 1814              		.cfi_offset 3, -8
 1815              		.cfi_offset 14, -4
ARM GAS  /tmp/ccNSEcI1.s 			page 66


1190:Drivers/STM32F1xx_HAL_Driver/Src/stm32f1xx_hal_rcc.c **** }
 1816              		.loc 1 1190 3 view .LVU545
1190:Drivers/STM32F1xx_HAL_Driver/Src/stm32f1xx_hal_rcc.c **** }
 1817              		.loc 1 1190 11 is_stmt 0 view .LVU546
 1818 0002 FFF7FEFF 		bl	HAL_RCC_GetHCLKFreq
 1819              	.LVL124:
1190:Drivers/STM32F1xx_HAL_Driver/Src/stm32f1xx_hal_rcc.c **** }
 1820              		.loc 1 1190 54 discriminator 1 view .LVU547
 1821 0006 044B     		ldr	r3, .L179
 1822 0008 5B68     		ldr	r3, [r3, #4]
1190:Drivers/STM32F1xx_HAL_Driver/Src/stm32f1xx_hal_rcc.c **** }
 1823              		.loc 1 1190 79 discriminator 1 view .LVU548
 1824 000a C3F30223 		ubfx	r3, r3, #8, #3
1190:Drivers/STM32F1xx_HAL_Driver/Src/stm32f1xx_hal_rcc.c **** }
 1825              		.loc 1 1190 49 discriminator 1 view .LVU549
 1826 000e 034A     		ldr	r2, .L179+4
 1827 0010 D35C     		ldrb	r3, [r2, r3]	@ zero_extendqisi2
1191:Drivers/STM32F1xx_HAL_Driver/Src/stm32f1xx_hal_rcc.c **** 
 1828              		.loc 1 1191 1 view .LVU550
 1829 0012 D840     		lsrs	r0, r0, r3
 1830 0014 08BD     		pop	{r3, pc}
 1831              	.L180:
 1832 0016 00BF     		.align	2
 1833              	.L179:
 1834 0018 00100240 		.word	1073876992
 1835 001c 00000000 		.word	APBPrescTable
 1836              		.cfi_endproc
 1837              	.LFE73:
 1839              		.section	.text.HAL_RCC_GetPCLK2Freq,"ax",%progbits
 1840              		.align	1
 1841              		.global	HAL_RCC_GetPCLK2Freq
 1842              		.syntax unified
 1843              		.thumb
 1844              		.thumb_func
 1846              	HAL_RCC_GetPCLK2Freq:
 1847              	.LFB74:
1200:Drivers/STM32F1xx_HAL_Driver/Src/stm32f1xx_hal_rcc.c ****   /* Get HCLK source and Compute PCLK2 frequency ---------------------------*/
 1848              		.loc 1 1200 1 is_stmt 1 view -0
 1849              		.cfi_startproc
 1850              		@ args = 0, pretend = 0, frame = 0
 1851              		@ frame_needed = 0, uses_anonymous_args = 0
 1852 0000 08B5     		push	{r3, lr}
 1853              	.LCFI19:
 1854              		.cfi_def_cfa_offset 8
 1855              		.cfi_offset 3, -8
 1856              		.cfi_offset 14, -4
1202:Drivers/STM32F1xx_HAL_Driver/Src/stm32f1xx_hal_rcc.c **** }
 1857              		.loc 1 1202 3 view .LVU552
1202:Drivers/STM32F1xx_HAL_Driver/Src/stm32f1xx_hal_rcc.c **** }
 1858              		.loc 1 1202 11 is_stmt 0 view .LVU553
 1859 0002 FFF7FEFF 		bl	HAL_RCC_GetHCLKFreq
 1860              	.LVL125:
1202:Drivers/STM32F1xx_HAL_Driver/Src/stm32f1xx_hal_rcc.c **** }
 1861              		.loc 1 1202 54 discriminator 1 view .LVU554
 1862 0006 044B     		ldr	r3, .L183
 1863 0008 5B68     		ldr	r3, [r3, #4]
1202:Drivers/STM32F1xx_HAL_Driver/Src/stm32f1xx_hal_rcc.c **** }
ARM GAS  /tmp/ccNSEcI1.s 			page 67


 1864              		.loc 1 1202 79 discriminator 1 view .LVU555
 1865 000a C3F3C223 		ubfx	r3, r3, #11, #3
1202:Drivers/STM32F1xx_HAL_Driver/Src/stm32f1xx_hal_rcc.c **** }
 1866              		.loc 1 1202 49 discriminator 1 view .LVU556
 1867 000e 034A     		ldr	r2, .L183+4
 1868 0010 D35C     		ldrb	r3, [r2, r3]	@ zero_extendqisi2
1203:Drivers/STM32F1xx_HAL_Driver/Src/stm32f1xx_hal_rcc.c **** 
 1869              		.loc 1 1203 1 view .LVU557
 1870 0012 D840     		lsrs	r0, r0, r3
 1871 0014 08BD     		pop	{r3, pc}
 1872              	.L184:
 1873 0016 00BF     		.align	2
 1874              	.L183:
 1875 0018 00100240 		.word	1073876992
 1876 001c 00000000 		.word	APBPrescTable
 1877              		.cfi_endproc
 1878              	.LFE74:
 1880              		.section	.text.HAL_RCC_GetOscConfig,"ax",%progbits
 1881              		.align	1
 1882              		.global	HAL_RCC_GetOscConfig
 1883              		.syntax unified
 1884              		.thumb
 1885              		.thumb_func
 1887              	HAL_RCC_GetOscConfig:
 1888              	.LVL126:
 1889              	.LFB75:
1213:Drivers/STM32F1xx_HAL_Driver/Src/stm32f1xx_hal_rcc.c ****   /* Check the parameters */
 1890              		.loc 1 1213 1 is_stmt 1 view -0
 1891              		.cfi_startproc
 1892              		@ args = 0, pretend = 0, frame = 0
 1893              		@ frame_needed = 0, uses_anonymous_args = 0
 1894              		@ link register save eliminated.
1215:Drivers/STM32F1xx_HAL_Driver/Src/stm32f1xx_hal_rcc.c **** 
 1895              		.loc 1 1215 3 view .LVU559
1218:Drivers/STM32F1xx_HAL_Driver/Src/stm32f1xx_hal_rcc.c ****                                       | RCC_OSCILLATORTYPE_LSE | RCC_OSCILLATORTYPE_LSI;
 1896              		.loc 1 1218 3 view .LVU560
1218:Drivers/STM32F1xx_HAL_Driver/Src/stm32f1xx_hal_rcc.c ****                                       | RCC_OSCILLATORTYPE_LSE | RCC_OSCILLATORTYPE_LSI;
 1897              		.loc 1 1218 37 is_stmt 0 view .LVU561
 1898 0000 0F23     		movs	r3, #15
 1899 0002 0360     		str	r3, [r0]
1227:Drivers/STM32F1xx_HAL_Driver/Src/stm32f1xx_hal_rcc.c ****   {
 1900              		.loc 1 1227 3 is_stmt 1 view .LVU562
1227:Drivers/STM32F1xx_HAL_Driver/Src/stm32f1xx_hal_rcc.c ****   {
 1901              		.loc 1 1227 11 is_stmt 0 view .LVU563
 1902 0004 2A4B     		ldr	r3, .L198
 1903 0006 1B68     		ldr	r3, [r3]
1227:Drivers/STM32F1xx_HAL_Driver/Src/stm32f1xx_hal_rcc.c ****   {
 1904              		.loc 1 1227 6 view .LVU564
 1905 0008 13F4802F 		tst	r3, #262144
 1906 000c 30D0     		beq	.L186
1229:Drivers/STM32F1xx_HAL_Driver/Src/stm32f1xx_hal_rcc.c ****   }
 1907              		.loc 1 1229 5 is_stmt 1 view .LVU565
1229:Drivers/STM32F1xx_HAL_Driver/Src/stm32f1xx_hal_rcc.c ****   }
 1908              		.loc 1 1229 33 is_stmt 0 view .LVU566
 1909 000e 4FF4A023 		mov	r3, #327680
 1910 0012 4360     		str	r3, [r0, #4]
 1911              	.L187:
ARM GAS  /tmp/ccNSEcI1.s 			page 68


1239:Drivers/STM32F1xx_HAL_Driver/Src/stm32f1xx_hal_rcc.c **** 
 1912              		.loc 1 1239 3 is_stmt 1 view .LVU567
1239:Drivers/STM32F1xx_HAL_Driver/Src/stm32f1xx_hal_rcc.c **** 
 1913              		.loc 1 1239 39 is_stmt 0 view .LVU568
 1914 0014 264A     		ldr	r2, .L198
 1915 0016 5368     		ldr	r3, [r2, #4]
 1916 0018 03F40033 		and	r3, r3, #131072
1239:Drivers/STM32F1xx_HAL_Driver/Src/stm32f1xx_hal_rcc.c **** 
 1917              		.loc 1 1239 37 view .LVU569
 1918 001c 8360     		str	r3, [r0, #8]
1242:Drivers/STM32F1xx_HAL_Driver/Src/stm32f1xx_hal_rcc.c ****   {
 1919              		.loc 1 1242 3 is_stmt 1 view .LVU570
1242:Drivers/STM32F1xx_HAL_Driver/Src/stm32f1xx_hal_rcc.c ****   {
 1920              		.loc 1 1242 11 is_stmt 0 view .LVU571
 1921 001e 1368     		ldr	r3, [r2]
1242:Drivers/STM32F1xx_HAL_Driver/Src/stm32f1xx_hal_rcc.c ****   {
 1922              		.loc 1 1242 6 view .LVU572
 1923 0020 13F0010F 		tst	r3, #1
 1924 0024 30D0     		beq	.L189
1244:Drivers/STM32F1xx_HAL_Driver/Src/stm32f1xx_hal_rcc.c ****   }
 1925              		.loc 1 1244 5 is_stmt 1 view .LVU573
1244:Drivers/STM32F1xx_HAL_Driver/Src/stm32f1xx_hal_rcc.c ****   }
 1926              		.loc 1 1244 33 is_stmt 0 view .LVU574
 1927 0026 0123     		movs	r3, #1
 1928 0028 0361     		str	r3, [r0, #16]
 1929              	.L190:
1251:Drivers/STM32F1xx_HAL_Driver/Src/stm32f1xx_hal_rcc.c **** 
 1930              		.loc 1 1251 3 is_stmt 1 view .LVU575
1251:Drivers/STM32F1xx_HAL_Driver/Src/stm32f1xx_hal_rcc.c **** 
 1931              		.loc 1 1251 59 is_stmt 0 view .LVU576
 1932 002a 214A     		ldr	r2, .L198
 1933 002c 1368     		ldr	r3, [r2]
1251:Drivers/STM32F1xx_HAL_Driver/Src/stm32f1xx_hal_rcc.c **** 
 1934              		.loc 1 1251 44 view .LVU577
 1935 002e C3F3C403 		ubfx	r3, r3, #3, #5
1251:Drivers/STM32F1xx_HAL_Driver/Src/stm32f1xx_hal_rcc.c **** 
 1936              		.loc 1 1251 42 view .LVU578
 1937 0032 4361     		str	r3, [r0, #20]
1254:Drivers/STM32F1xx_HAL_Driver/Src/stm32f1xx_hal_rcc.c ****   {
 1938              		.loc 1 1254 3 is_stmt 1 view .LVU579
1254:Drivers/STM32F1xx_HAL_Driver/Src/stm32f1xx_hal_rcc.c ****   {
 1939              		.loc 1 1254 11 is_stmt 0 view .LVU580
 1940 0034 136A     		ldr	r3, [r2, #32]
1254:Drivers/STM32F1xx_HAL_Driver/Src/stm32f1xx_hal_rcc.c ****   {
 1941              		.loc 1 1254 6 view .LVU581
 1942 0036 13F0040F 		tst	r3, #4
 1943 003a 28D0     		beq	.L191
1256:Drivers/STM32F1xx_HAL_Driver/Src/stm32f1xx_hal_rcc.c ****   }
 1944              		.loc 1 1256 5 is_stmt 1 view .LVU582
1256:Drivers/STM32F1xx_HAL_Driver/Src/stm32f1xx_hal_rcc.c ****   }
 1945              		.loc 1 1256 33 is_stmt 0 view .LVU583
 1946 003c 0523     		movs	r3, #5
 1947 003e C360     		str	r3, [r0, #12]
 1948              	.L192:
1268:Drivers/STM32F1xx_HAL_Driver/Src/stm32f1xx_hal_rcc.c ****   {
 1949              		.loc 1 1268 3 is_stmt 1 view .LVU584
1268:Drivers/STM32F1xx_HAL_Driver/Src/stm32f1xx_hal_rcc.c ****   {
ARM GAS  /tmp/ccNSEcI1.s 			page 69


 1950              		.loc 1 1268 11 is_stmt 0 view .LVU585
 1951 0040 1B4B     		ldr	r3, .L198
 1952 0042 5B6A     		ldr	r3, [r3, #36]
1268:Drivers/STM32F1xx_HAL_Driver/Src/stm32f1xx_hal_rcc.c ****   {
 1953              		.loc 1 1268 6 view .LVU586
 1954 0044 13F0010F 		tst	r3, #1
 1955 0048 2CD0     		beq	.L194
1270:Drivers/STM32F1xx_HAL_Driver/Src/stm32f1xx_hal_rcc.c ****   }
 1956              		.loc 1 1270 5 is_stmt 1 view .LVU587
1270:Drivers/STM32F1xx_HAL_Driver/Src/stm32f1xx_hal_rcc.c ****   }
 1957              		.loc 1 1270 33 is_stmt 0 view .LVU588
 1958 004a 0123     		movs	r3, #1
 1959 004c 8361     		str	r3, [r0, #24]
 1960              	.L195:
1279:Drivers/STM32F1xx_HAL_Driver/Src/stm32f1xx_hal_rcc.c ****   {
 1961              		.loc 1 1279 3 is_stmt 1 view .LVU589
1279:Drivers/STM32F1xx_HAL_Driver/Src/stm32f1xx_hal_rcc.c ****   {
 1962              		.loc 1 1279 11 is_stmt 0 view .LVU590
 1963 004e 184B     		ldr	r3, .L198
 1964 0050 1B68     		ldr	r3, [r3]
1279:Drivers/STM32F1xx_HAL_Driver/Src/stm32f1xx_hal_rcc.c ****   {
 1965              		.loc 1 1279 6 view .LVU591
 1966 0052 13F0807F 		tst	r3, #16777216
 1967 0056 28D0     		beq	.L196
1281:Drivers/STM32F1xx_HAL_Driver/Src/stm32f1xx_hal_rcc.c ****   }
 1968              		.loc 1 1281 5 is_stmt 1 view .LVU592
1281:Drivers/STM32F1xx_HAL_Driver/Src/stm32f1xx_hal_rcc.c ****   }
 1969              		.loc 1 1281 37 is_stmt 0 view .LVU593
 1970 0058 0223     		movs	r3, #2
 1971 005a C361     		str	r3, [r0, #28]
 1972              	.L197:
1287:Drivers/STM32F1xx_HAL_Driver/Src/stm32f1xx_hal_rcc.c ****   RCC_OscInitStruct->PLL.PLLMUL = (uint32_t)(RCC->CFGR & RCC_CFGR_PLLMULL);
 1973              		.loc 1 1287 3 is_stmt 1 view .LVU594
1287:Drivers/STM32F1xx_HAL_Driver/Src/stm32f1xx_hal_rcc.c ****   RCC_OscInitStruct->PLL.PLLMUL = (uint32_t)(RCC->CFGR & RCC_CFGR_PLLMULL);
 1974              		.loc 1 1287 52 is_stmt 0 view .LVU595
 1975 005c 144A     		ldr	r2, .L198
 1976 005e 5368     		ldr	r3, [r2, #4]
1287:Drivers/STM32F1xx_HAL_Driver/Src/stm32f1xx_hal_rcc.c ****   RCC_OscInitStruct->PLL.PLLMUL = (uint32_t)(RCC->CFGR & RCC_CFGR_PLLMULL);
 1977              		.loc 1 1287 38 view .LVU596
 1978 0060 03F48033 		and	r3, r3, #65536
1287:Drivers/STM32F1xx_HAL_Driver/Src/stm32f1xx_hal_rcc.c ****   RCC_OscInitStruct->PLL.PLLMUL = (uint32_t)(RCC->CFGR & RCC_CFGR_PLLMULL);
 1979              		.loc 1 1287 36 view .LVU597
 1980 0064 0362     		str	r3, [r0, #32]
1288:Drivers/STM32F1xx_HAL_Driver/Src/stm32f1xx_hal_rcc.c **** #if defined(RCC_CR_PLL2ON)
 1981              		.loc 1 1288 3 is_stmt 1 view .LVU598
1288:Drivers/STM32F1xx_HAL_Driver/Src/stm32f1xx_hal_rcc.c **** #if defined(RCC_CR_PLL2ON)
 1982              		.loc 1 1288 49 is_stmt 0 view .LVU599
 1983 0066 5368     		ldr	r3, [r2, #4]
1288:Drivers/STM32F1xx_HAL_Driver/Src/stm32f1xx_hal_rcc.c **** #if defined(RCC_CR_PLL2ON)
 1984              		.loc 1 1288 35 view .LVU600
 1985 0068 03F47013 		and	r3, r3, #3932160
1288:Drivers/STM32F1xx_HAL_Driver/Src/stm32f1xx_hal_rcc.c **** #if defined(RCC_CR_PLL2ON)
 1986              		.loc 1 1288 33 view .LVU601
 1987 006c 4362     		str	r3, [r0, #36]
1302:Drivers/STM32F1xx_HAL_Driver/Src/stm32f1xx_hal_rcc.c **** 
 1988              		.loc 1 1302 1 view .LVU602
 1989 006e 7047     		bx	lr
ARM GAS  /tmp/ccNSEcI1.s 			page 70


 1990              	.L186:
1231:Drivers/STM32F1xx_HAL_Driver/Src/stm32f1xx_hal_rcc.c ****   {
 1991              		.loc 1 1231 8 is_stmt 1 view .LVU603
1231:Drivers/STM32F1xx_HAL_Driver/Src/stm32f1xx_hal_rcc.c ****   {
 1992              		.loc 1 1231 16 is_stmt 0 view .LVU604
 1993 0070 0F4B     		ldr	r3, .L198
 1994 0072 1B68     		ldr	r3, [r3]
1231:Drivers/STM32F1xx_HAL_Driver/Src/stm32f1xx_hal_rcc.c ****   {
 1995              		.loc 1 1231 11 view .LVU605
 1996 0074 13F4803F 		tst	r3, #65536
 1997 0078 03D0     		beq	.L188
1233:Drivers/STM32F1xx_HAL_Driver/Src/stm32f1xx_hal_rcc.c ****   }
 1998              		.loc 1 1233 5 is_stmt 1 view .LVU606
1233:Drivers/STM32F1xx_HAL_Driver/Src/stm32f1xx_hal_rcc.c ****   }
 1999              		.loc 1 1233 33 is_stmt 0 view .LVU607
 2000 007a 4FF48033 		mov	r3, #65536
 2001 007e 4360     		str	r3, [r0, #4]
 2002 0080 C8E7     		b	.L187
 2003              	.L188:
1237:Drivers/STM32F1xx_HAL_Driver/Src/stm32f1xx_hal_rcc.c ****   }
 2004              		.loc 1 1237 5 is_stmt 1 view .LVU608
1237:Drivers/STM32F1xx_HAL_Driver/Src/stm32f1xx_hal_rcc.c ****   }
 2005              		.loc 1 1237 33 is_stmt 0 view .LVU609
 2006 0082 0023     		movs	r3, #0
 2007 0084 4360     		str	r3, [r0, #4]
 2008 0086 C5E7     		b	.L187
 2009              	.L189:
1248:Drivers/STM32F1xx_HAL_Driver/Src/stm32f1xx_hal_rcc.c ****   }
 2010              		.loc 1 1248 5 is_stmt 1 view .LVU610
1248:Drivers/STM32F1xx_HAL_Driver/Src/stm32f1xx_hal_rcc.c ****   }
 2011              		.loc 1 1248 33 is_stmt 0 view .LVU611
 2012 0088 0023     		movs	r3, #0
 2013 008a 0361     		str	r3, [r0, #16]
 2014 008c CDE7     		b	.L190
 2015              	.L191:
1258:Drivers/STM32F1xx_HAL_Driver/Src/stm32f1xx_hal_rcc.c ****   {
 2016              		.loc 1 1258 8 is_stmt 1 view .LVU612
1258:Drivers/STM32F1xx_HAL_Driver/Src/stm32f1xx_hal_rcc.c ****   {
 2017              		.loc 1 1258 16 is_stmt 0 view .LVU613
 2018 008e 084B     		ldr	r3, .L198
 2019 0090 1B6A     		ldr	r3, [r3, #32]
1258:Drivers/STM32F1xx_HAL_Driver/Src/stm32f1xx_hal_rcc.c ****   {
 2020              		.loc 1 1258 11 view .LVU614
 2021 0092 13F0010F 		tst	r3, #1
 2022 0096 02D0     		beq	.L193
1260:Drivers/STM32F1xx_HAL_Driver/Src/stm32f1xx_hal_rcc.c ****   }
 2023              		.loc 1 1260 5 is_stmt 1 view .LVU615
1260:Drivers/STM32F1xx_HAL_Driver/Src/stm32f1xx_hal_rcc.c ****   }
 2024              		.loc 1 1260 33 is_stmt 0 view .LVU616
 2025 0098 0123     		movs	r3, #1
 2026 009a C360     		str	r3, [r0, #12]
 2027 009c D0E7     		b	.L192
 2028              	.L193:
1264:Drivers/STM32F1xx_HAL_Driver/Src/stm32f1xx_hal_rcc.c ****   }
 2029              		.loc 1 1264 5 is_stmt 1 view .LVU617
1264:Drivers/STM32F1xx_HAL_Driver/Src/stm32f1xx_hal_rcc.c ****   }
 2030              		.loc 1 1264 33 is_stmt 0 view .LVU618
ARM GAS  /tmp/ccNSEcI1.s 			page 71


 2031 009e 0023     		movs	r3, #0
 2032 00a0 C360     		str	r3, [r0, #12]
 2033 00a2 CDE7     		b	.L192
 2034              	.L194:
1274:Drivers/STM32F1xx_HAL_Driver/Src/stm32f1xx_hal_rcc.c ****   }
 2035              		.loc 1 1274 5 is_stmt 1 view .LVU619
1274:Drivers/STM32F1xx_HAL_Driver/Src/stm32f1xx_hal_rcc.c ****   }
 2036              		.loc 1 1274 33 is_stmt 0 view .LVU620
 2037 00a4 0023     		movs	r3, #0
 2038 00a6 8361     		str	r3, [r0, #24]
 2039 00a8 D1E7     		b	.L195
 2040              	.L196:
1285:Drivers/STM32F1xx_HAL_Driver/Src/stm32f1xx_hal_rcc.c ****   }
 2041              		.loc 1 1285 5 is_stmt 1 view .LVU621
1285:Drivers/STM32F1xx_HAL_Driver/Src/stm32f1xx_hal_rcc.c ****   }
 2042              		.loc 1 1285 37 is_stmt 0 view .LVU622
 2043 00aa 0123     		movs	r3, #1
 2044 00ac C361     		str	r3, [r0, #28]
 2045 00ae D5E7     		b	.L197
 2046              	.L199:
 2047              		.align	2
 2048              	.L198:
 2049 00b0 00100240 		.word	1073876992
 2050              		.cfi_endproc
 2051              	.LFE75:
 2053              		.section	.text.HAL_RCC_GetClockConfig,"ax",%progbits
 2054              		.align	1
 2055              		.global	HAL_RCC_GetClockConfig
 2056              		.syntax unified
 2057              		.thumb
 2058              		.thumb_func
 2060              	HAL_RCC_GetClockConfig:
 2061              	.LVL127:
 2062              	.LFB76:
1313:Drivers/STM32F1xx_HAL_Driver/Src/stm32f1xx_hal_rcc.c ****   /* Check the parameters */
 2063              		.loc 1 1313 1 is_stmt 1 view -0
 2064              		.cfi_startproc
 2065              		@ args = 0, pretend = 0, frame = 0
 2066              		@ frame_needed = 0, uses_anonymous_args = 0
 2067              		@ link register save eliminated.
1315:Drivers/STM32F1xx_HAL_Driver/Src/stm32f1xx_hal_rcc.c ****   assert_param(pFLatency != NULL);
 2068              		.loc 1 1315 3 view .LVU624
1316:Drivers/STM32F1xx_HAL_Driver/Src/stm32f1xx_hal_rcc.c **** 
 2069              		.loc 1 1316 3 view .LVU625
1319:Drivers/STM32F1xx_HAL_Driver/Src/stm32f1xx_hal_rcc.c **** 
 2070              		.loc 1 1319 3 view .LVU626
1319:Drivers/STM32F1xx_HAL_Driver/Src/stm32f1xx_hal_rcc.c **** 
 2071              		.loc 1 1319 32 is_stmt 0 view .LVU627
 2072 0000 0F23     		movs	r3, #15
 2073 0002 0360     		str	r3, [r0]
1322:Drivers/STM32F1xx_HAL_Driver/Src/stm32f1xx_hal_rcc.c **** 
 2074              		.loc 1 1322 3 is_stmt 1 view .LVU628
1322:Drivers/STM32F1xx_HAL_Driver/Src/stm32f1xx_hal_rcc.c **** 
 2075              		.loc 1 1322 51 is_stmt 0 view .LVU629
 2076 0004 0B4B     		ldr	r3, .L201
 2077 0006 5A68     		ldr	r2, [r3, #4]
1322:Drivers/STM32F1xx_HAL_Driver/Src/stm32f1xx_hal_rcc.c **** 
ARM GAS  /tmp/ccNSEcI1.s 			page 72


 2078              		.loc 1 1322 37 view .LVU630
 2079 0008 02F00302 		and	r2, r2, #3
1322:Drivers/STM32F1xx_HAL_Driver/Src/stm32f1xx_hal_rcc.c **** 
 2080              		.loc 1 1322 35 view .LVU631
 2081 000c 4260     		str	r2, [r0, #4]
1325:Drivers/STM32F1xx_HAL_Driver/Src/stm32f1xx_hal_rcc.c **** 
 2082              		.loc 1 1325 3 is_stmt 1 view .LVU632
1325:Drivers/STM32F1xx_HAL_Driver/Src/stm32f1xx_hal_rcc.c **** 
 2083              		.loc 1 1325 52 is_stmt 0 view .LVU633
 2084 000e 5A68     		ldr	r2, [r3, #4]
1325:Drivers/STM32F1xx_HAL_Driver/Src/stm32f1xx_hal_rcc.c **** 
 2085              		.loc 1 1325 38 view .LVU634
 2086 0010 02F0F002 		and	r2, r2, #240
1325:Drivers/STM32F1xx_HAL_Driver/Src/stm32f1xx_hal_rcc.c **** 
 2087              		.loc 1 1325 36 view .LVU635
 2088 0014 8260     		str	r2, [r0, #8]
1328:Drivers/STM32F1xx_HAL_Driver/Src/stm32f1xx_hal_rcc.c **** 
 2089              		.loc 1 1328 3 is_stmt 1 view .LVU636
1328:Drivers/STM32F1xx_HAL_Driver/Src/stm32f1xx_hal_rcc.c **** 
 2090              		.loc 1 1328 53 is_stmt 0 view .LVU637
 2091 0016 5A68     		ldr	r2, [r3, #4]
1328:Drivers/STM32F1xx_HAL_Driver/Src/stm32f1xx_hal_rcc.c **** 
 2092              		.loc 1 1328 39 view .LVU638
 2093 0018 02F4E062 		and	r2, r2, #1792
1328:Drivers/STM32F1xx_HAL_Driver/Src/stm32f1xx_hal_rcc.c **** 
 2094              		.loc 1 1328 37 view .LVU639
 2095 001c C260     		str	r2, [r0, #12]
1331:Drivers/STM32F1xx_HAL_Driver/Src/stm32f1xx_hal_rcc.c **** 
 2096              		.loc 1 1331 3 is_stmt 1 view .LVU640
1331:Drivers/STM32F1xx_HAL_Driver/Src/stm32f1xx_hal_rcc.c **** 
 2097              		.loc 1 1331 54 is_stmt 0 view .LVU641
 2098 001e 5B68     		ldr	r3, [r3, #4]
1331:Drivers/STM32F1xx_HAL_Driver/Src/stm32f1xx_hal_rcc.c **** 
 2099              		.loc 1 1331 39 view .LVU642
 2100 0020 DB08     		lsrs	r3, r3, #3
 2101 0022 03F4E063 		and	r3, r3, #1792
1331:Drivers/STM32F1xx_HAL_Driver/Src/stm32f1xx_hal_rcc.c **** 
 2102              		.loc 1 1331 37 view .LVU643
 2103 0026 0361     		str	r3, [r0, #16]
1335:Drivers/STM32F1xx_HAL_Driver/Src/stm32f1xx_hal_rcc.c **** #else
 2104              		.loc 1 1335 3 is_stmt 1 view .LVU644
1335:Drivers/STM32F1xx_HAL_Driver/Src/stm32f1xx_hal_rcc.c **** #else
 2105              		.loc 1 1335 32 is_stmt 0 view .LVU645
 2106 0028 034B     		ldr	r3, .L201+4
 2107 002a 1B68     		ldr	r3, [r3]
1335:Drivers/STM32F1xx_HAL_Driver/Src/stm32f1xx_hal_rcc.c **** #else
 2108              		.loc 1 1335 16 view .LVU646
 2109 002c 03F00703 		and	r3, r3, #7
1335:Drivers/STM32F1xx_HAL_Driver/Src/stm32f1xx_hal_rcc.c **** #else
 2110              		.loc 1 1335 14 view .LVU647
 2111 0030 0B60     		str	r3, [r1]
1340:Drivers/STM32F1xx_HAL_Driver/Src/stm32f1xx_hal_rcc.c **** 
 2112              		.loc 1 1340 1 view .LVU648
 2113 0032 7047     		bx	lr
 2114              	.L202:
 2115              		.align	2
 2116              	.L201:
ARM GAS  /tmp/ccNSEcI1.s 			page 73


 2117 0034 00100240 		.word	1073876992
 2118 0038 00200240 		.word	1073881088
 2119              		.cfi_endproc
 2120              	.LFE76:
 2122              		.section	.text.HAL_RCC_CSSCallback,"ax",%progbits
 2123              		.align	1
 2124              		.weak	HAL_RCC_CSSCallback
 2125              		.syntax unified
 2126              		.thumb
 2127              		.thumb_func
 2129              	HAL_RCC_CSSCallback:
 2130              	.LFB79:
1374:Drivers/STM32F1xx_HAL_Driver/Src/stm32f1xx_hal_rcc.c **** 
1375:Drivers/STM32F1xx_HAL_Driver/Src/stm32f1xx_hal_rcc.c **** /**
1376:Drivers/STM32F1xx_HAL_Driver/Src/stm32f1xx_hal_rcc.c ****   * @brief  RCC Clock Security System interrupt callback
1377:Drivers/STM32F1xx_HAL_Driver/Src/stm32f1xx_hal_rcc.c ****   * @retval none
1378:Drivers/STM32F1xx_HAL_Driver/Src/stm32f1xx_hal_rcc.c ****   */
1379:Drivers/STM32F1xx_HAL_Driver/Src/stm32f1xx_hal_rcc.c **** __weak void HAL_RCC_CSSCallback(void)
1380:Drivers/STM32F1xx_HAL_Driver/Src/stm32f1xx_hal_rcc.c **** {
 2131              		.loc 1 1380 1 is_stmt 1 view -0
 2132              		.cfi_startproc
 2133              		@ args = 0, pretend = 0, frame = 0
 2134              		@ frame_needed = 0, uses_anonymous_args = 0
 2135              		@ link register save eliminated.
1381:Drivers/STM32F1xx_HAL_Driver/Src/stm32f1xx_hal_rcc.c ****   /* NOTE : This function Should not be modified, when the callback is needed,
1382:Drivers/STM32F1xx_HAL_Driver/Src/stm32f1xx_hal_rcc.c ****     the HAL_RCC_CSSCallback could be implemented in the user file
1383:Drivers/STM32F1xx_HAL_Driver/Src/stm32f1xx_hal_rcc.c ****     */
1384:Drivers/STM32F1xx_HAL_Driver/Src/stm32f1xx_hal_rcc.c **** }
 2136              		.loc 1 1384 1 view .LVU650
 2137 0000 7047     		bx	lr
 2138              		.cfi_endproc
 2139              	.LFE79:
 2141              		.section	.text.HAL_RCC_NMI_IRQHandler,"ax",%progbits
 2142              		.align	1
 2143              		.global	HAL_RCC_NMI_IRQHandler
 2144              		.syntax unified
 2145              		.thumb
 2146              		.thumb_func
 2148              	HAL_RCC_NMI_IRQHandler:
 2149              	.LFB77:
1348:Drivers/STM32F1xx_HAL_Driver/Src/stm32f1xx_hal_rcc.c ****   /* Check RCC CSSF flag  */
 2150              		.loc 1 1348 1 view -0
 2151              		.cfi_startproc
 2152              		@ args = 0, pretend = 0, frame = 0
 2153              		@ frame_needed = 0, uses_anonymous_args = 0
 2154 0000 08B5     		push	{r3, lr}
 2155              	.LCFI20:
 2156              		.cfi_def_cfa_offset 8
 2157              		.cfi_offset 3, -8
 2158              		.cfi_offset 14, -4
1350:Drivers/STM32F1xx_HAL_Driver/Src/stm32f1xx_hal_rcc.c ****   {
 2159              		.loc 1 1350 3 view .LVU652
1350:Drivers/STM32F1xx_HAL_Driver/Src/stm32f1xx_hal_rcc.c ****   {
 2160              		.loc 1 1350 7 is_stmt 0 view .LVU653
 2161 0002 064B     		ldr	r3, .L208
 2162 0004 9B68     		ldr	r3, [r3, #8]
1350:Drivers/STM32F1xx_HAL_Driver/Src/stm32f1xx_hal_rcc.c ****   {
ARM GAS  /tmp/ccNSEcI1.s 			page 74


 2163              		.loc 1 1350 6 view .LVU654
 2164 0006 13F0800F 		tst	r3, #128
 2165 000a 00D1     		bne	.L207
 2166              	.L204:
1358:Drivers/STM32F1xx_HAL_Driver/Src/stm32f1xx_hal_rcc.c **** 
 2167              		.loc 1 1358 1 view .LVU655
 2168 000c 08BD     		pop	{r3, pc}
 2169              	.L207:
1353:Drivers/STM32F1xx_HAL_Driver/Src/stm32f1xx_hal_rcc.c **** 
 2170              		.loc 1 1353 5 is_stmt 1 view .LVU656
 2171 000e FFF7FEFF 		bl	HAL_RCC_CSSCallback
 2172              	.LVL128:
1356:Drivers/STM32F1xx_HAL_Driver/Src/stm32f1xx_hal_rcc.c ****   }
 2173              		.loc 1 1356 5 view .LVU657
 2174 0012 024B     		ldr	r3, .L208
 2175 0014 8022     		movs	r2, #128
 2176 0016 9A72     		strb	r2, [r3, #10]
1358:Drivers/STM32F1xx_HAL_Driver/Src/stm32f1xx_hal_rcc.c **** 
 2177              		.loc 1 1358 1 is_stmt 0 view .LVU658
 2178 0018 F8E7     		b	.L204
 2179              	.L209:
 2180 001a 00BF     		.align	2
 2181              	.L208:
 2182 001c 00100240 		.word	1073876992
 2183              		.cfi_endproc
 2184              	.LFE77:
 2186              		.text
 2187              	.Letext0:
 2188              		.file 2 "/usr/lib/gcc/arm-none-eabi/14.2.1/include/stdint.h"
 2189              		.file 3 "Drivers/CMSIS/Device/ST/STM32F1xx/Include/system_stm32f1xx.h"
 2190              		.file 4 "Drivers/CMSIS/Device/ST/STM32F1xx/Include/stm32f103xb.h"
 2191              		.file 5 "Drivers/CMSIS/Device/ST/STM32F1xx/Include/stm32f1xx.h"
 2192              		.file 6 "Drivers/STM32F1xx_HAL_Driver/Inc/stm32f1xx_hal_def.h"
 2193              		.file 7 "Drivers/STM32F1xx_HAL_Driver/Inc/stm32f1xx_hal_rcc.h"
 2194              		.file 8 "Drivers/STM32F1xx_HAL_Driver/Inc/stm32f1xx_hal_rcc_ex.h"
 2195              		.file 9 "Drivers/STM32F1xx_HAL_Driver/Inc/stm32f1xx_hal_gpio.h"
 2196              		.file 10 "Drivers/STM32F1xx_HAL_Driver/Inc/stm32f1xx_hal.h"
ARM GAS  /tmp/ccNSEcI1.s 			page 75


DEFINED SYMBOLS
                            *ABS*:00000000 stm32f1xx_hal_rcc.c
     /tmp/ccNSEcI1.s:19     .text.RCC_Delay:00000000 $t
     /tmp/ccNSEcI1.s:24     .text.RCC_Delay:00000000 RCC_Delay
     /tmp/ccNSEcI1.s:73     .text.RCC_Delay:00000024 $d
     /tmp/ccNSEcI1.s:79     .text.HAL_RCC_DeInit:00000000 $t
     /tmp/ccNSEcI1.s:85     .text.HAL_RCC_DeInit:00000000 HAL_RCC_DeInit
     /tmp/ccNSEcI1.s:289    .text.HAL_RCC_DeInit:000000e4 $d
     /tmp/ccNSEcI1.s:297    .text.HAL_RCC_OscConfig:00000000 $t
     /tmp/ccNSEcI1.s:303    .text.HAL_RCC_OscConfig:00000000 HAL_RCC_OscConfig
     /tmp/ccNSEcI1.s:819    .text.HAL_RCC_OscConfig:0000027c $d
     /tmp/ccNSEcI1.s:825    .text.HAL_RCC_OscConfig:00000288 $t
     /tmp/ccNSEcI1.s:1185   .text.HAL_RCC_OscConfig:00000408 $d
     /tmp/ccNSEcI1.s:1191   .text.HAL_RCC_MCOConfig:00000000 $t
     /tmp/ccNSEcI1.s:1197   .text.HAL_RCC_MCOConfig:00000000 HAL_RCC_MCOConfig
     /tmp/ccNSEcI1.s:1281   .text.HAL_RCC_MCOConfig:00000048 $d
     /tmp/ccNSEcI1.s:1287   .text.HAL_RCC_EnableCSS:00000000 $t
     /tmp/ccNSEcI1.s:1293   .text.HAL_RCC_EnableCSS:00000000 HAL_RCC_EnableCSS
     /tmp/ccNSEcI1.s:1310   .text.HAL_RCC_EnableCSS:00000008 $d
     /tmp/ccNSEcI1.s:1315   .text.HAL_RCC_DisableCSS:00000000 $t
     /tmp/ccNSEcI1.s:1321   .text.HAL_RCC_DisableCSS:00000000 HAL_RCC_DisableCSS
     /tmp/ccNSEcI1.s:1338   .text.HAL_RCC_DisableCSS:00000008 $d
     /tmp/ccNSEcI1.s:1343   .rodata.HAL_RCC_GetSysClockFreq.str1.4:00000000 $d
     /tmp/ccNSEcI1.s:1348   .text.HAL_RCC_GetSysClockFreq:00000000 $t
     /tmp/ccNSEcI1.s:1354   .text.HAL_RCC_GetSysClockFreq:00000000 HAL_RCC_GetSysClockFreq
     /tmp/ccNSEcI1.s:1453   .text.HAL_RCC_GetSysClockFreq:00000060 $d
     /tmp/ccNSEcI1.s:1461   .text.HAL_RCC_ClockConfig:00000000 $t
     /tmp/ccNSEcI1.s:1467   .text.HAL_RCC_ClockConfig:00000000 HAL_RCC_ClockConfig
     /tmp/ccNSEcI1.s:1764   .text.HAL_RCC_ClockConfig:00000158 $d
     /tmp/ccNSEcI1.s:1773   .text.HAL_RCC_GetHCLKFreq:00000000 $t
     /tmp/ccNSEcI1.s:1779   .text.HAL_RCC_GetHCLKFreq:00000000 HAL_RCC_GetHCLKFreq
     /tmp/ccNSEcI1.s:1794   .text.HAL_RCC_GetHCLKFreq:00000008 $d
     /tmp/ccNSEcI1.s:1799   .text.HAL_RCC_GetPCLK1Freq:00000000 $t
     /tmp/ccNSEcI1.s:1805   .text.HAL_RCC_GetPCLK1Freq:00000000 HAL_RCC_GetPCLK1Freq
     /tmp/ccNSEcI1.s:1834   .text.HAL_RCC_GetPCLK1Freq:00000018 $d
     /tmp/ccNSEcI1.s:1840   .text.HAL_RCC_GetPCLK2Freq:00000000 $t
     /tmp/ccNSEcI1.s:1846   .text.HAL_RCC_GetPCLK2Freq:00000000 HAL_RCC_GetPCLK2Freq
     /tmp/ccNSEcI1.s:1875   .text.HAL_RCC_GetPCLK2Freq:00000018 $d
     /tmp/ccNSEcI1.s:1881   .text.HAL_RCC_GetOscConfig:00000000 $t
     /tmp/ccNSEcI1.s:1887   .text.HAL_RCC_GetOscConfig:00000000 HAL_RCC_GetOscConfig
     /tmp/ccNSEcI1.s:2049   .text.HAL_RCC_GetOscConfig:000000b0 $d
     /tmp/ccNSEcI1.s:2054   .text.HAL_RCC_GetClockConfig:00000000 $t
     /tmp/ccNSEcI1.s:2060   .text.HAL_RCC_GetClockConfig:00000000 HAL_RCC_GetClockConfig
     /tmp/ccNSEcI1.s:2117   .text.HAL_RCC_GetClockConfig:00000034 $d
     /tmp/ccNSEcI1.s:2123   .text.HAL_RCC_CSSCallback:00000000 $t
     /tmp/ccNSEcI1.s:2129   .text.HAL_RCC_CSSCallback:00000000 HAL_RCC_CSSCallback
     /tmp/ccNSEcI1.s:2142   .text.HAL_RCC_NMI_IRQHandler:00000000 $t
     /tmp/ccNSEcI1.s:2148   .text.HAL_RCC_NMI_IRQHandler:00000000 HAL_RCC_NMI_IRQHandler
     /tmp/ccNSEcI1.s:2182   .text.HAL_RCC_NMI_IRQHandler:0000001c $d

UNDEFINED SYMBOLS
SystemCoreClock
HAL_GetTick
HAL_InitTick
uwTickPrio
HAL_GPIO_Init
AHBPrescTable
ARM GAS  /tmp/ccNSEcI1.s 			page 76


APBPrescTable
